"KO","counts_25_CT_Ext_C1_2020","counts_26_CT_Ext_C2_2020","counts_27_CT_Ext_C3_2020","counts_28_CT_Ext_C4_2020","counts_41_CT_Ext_I1_2020","counts_42_CT_Ext_I2_2020","counts_43_CT_Ext_I3_2020","counts_44_CT_Ext_I4_2020","counts_M09_CT_Ext_C1_2021","counts_M10_CT_Ext_C2_2021","counts_M11_CT_Ext_C3_2021","counts_M12_CT_Ext_C4_2021","counts_M25_CT_Ext_I1_2021","counts_M26_CT_Ext_I2_2021","counts_M27_CT_Ext_I3_2021","counts_M28_CT_Ext_I4_2021","counts_M33_CT_Ext_C1_2022","counts_M34_CT_Ext_C2_2022","counts_M35_CT_Ext_C3_2022","counts_M36_CT_Ext_C4_2022","counts_M37_CT_Ext_I1_2022","counts_M38_CT_Ext_I2_2022","counts_M39_CT_Ext_I3_2022","counts_M40_CT_Ext_I4_2022"
"ko:K00001",835,754,647,595,1036,907,811,834,772,945,722,687,730,641,814,776,651,614,853,851,916,850,872,955
"ko:K00001,ko:K00008",15,14,18,23,20,25,21,16,24,24,24,20,14,10,18,26,22,11,16,28,36,22,24,20
"ko:K00001,ko:K00043",155,194,125,157,288,204,179,205,230,225,191,189,247,184,186,160,178,176,210,263,246,189,238,228
"ko:K00001,ko:K00068,ko:K01629",703,618,531,579,812,730,759,764,515,676,609,558,566,590,613,594,601,441,761,705,668,691,711,778
"ko:K00001,ko:K00121",72,81,46,58,79,92,74,105,86,71,73,61,77,88,69,42,60,60,79,90,78,70,93,73
"ko:K00001,ko:K00344",38,40,36,49,58,54,64,54,74,61,42,48,49,32,38,54,52,37,60,37,61,48,72,36
"ko:K00001,ko:K01629",34,32,26,32,62,44,52,32,38,30,47,40,32,46,58,32,34,24,26,42,20,34,44,46
"ko:K00001,ko:K07119",54,44,40,36,78,50,47,47,46,50,42,37,34,38,49,40,39,36,50,53,54,53,46,56
"ko:K00001,ko:K13953",114,83,72,76,129,104,108,138,95,102,105,91,63,82,94,71,76,83,102,115,92,136,99,129
"ko:K00001,ko:K13954",28,16,10,10,18,14,26,18,14,20,10,12,24,18,16,12,33,35,34,54,46,16,34,28
"ko:K00001,ko:K14446",443,399,307,385,557,494,506,466,415,493,393,389,429,385,372,408,346,307,526,430,522,458,448,515
"ko:K00001,ko:K18369",76,42,45,38,92,66,61,93,58,64,52,47,78,50,61,48,34,33,59,46,53,54,34,70
"ko:K00001,ko:K19745",31,30,14,26,27,40,46,40,29,32,22,24,28,22,20,51,20,24,23,30,38,38,32,41
"ko:K00003",881,850,703,703,1221,966,917,1002,971,1067,984,852,927,857,928,851,667,687,956,942,925,963,994,1042
"ko:K00003,ko:K00982,ko:K00990,ko:K06950,ko:K15371",28,30,21,10,24,26,24,20,24,26,12,26,17,18,32,28,27,10,28,22,24,12,21,38
"ko:K00003,ko:K12524",715,746,666,694,1095,1089,929,957,715,853,751,734,726,666,680,763,623,848,1055,912,723,972,966,891
"ko:K00004",66,50,48,39,121,84,93,78,43,74,65,50,67,58,67,67,50,58,77,74,82,63,76,88
"ko:K00004,ko:K00008",0,2,4,0,14,10,2,6,2,6,4,4,8,2,12,4,0,2,2,0,2,10,2,0
"ko:K00004,ko:K00060",32,36,26,28,44,68,47,74,40,37,28,46,35,42,64,52,36,18,45,52,40,40,36,47
"ko:K00004,ko:K00102",236,253,187,231,364,283,256,305,214,326,243,246,214,261,249,291,215,218,246,328,311,267,317,332
"ko:K00007",14,23,7,14,22,16,12,14,19,16,24,14,20,18,19,16,22,22,14,22,26,27,26,12
"ko:K00008",391,377,279,314,476,463,422,446,334,432,296,331,342,354,378,424,332,304,473,394,433,428,462,479
"ko:K00008,ko:K05351",27,24,26,26,54,33,42,33,33,55,26,31,22,27,34,50,33,28,43,22,28,44,26,37
"ko:K00009",50,45,57,48,83,63,83,68,71,73,56,52,81,52,81,52,49,49,57,52,52,57,66,65
"ko:K00010",481,387,338,359,569,552,511,508,413,482,412,379,443,389,427,403,340,354,399,483,499,452,554,574
"ko:K00012",1068,1020,891,878,1497,1220,1126,1315,1085,1199,1048,942,964,1077,1135,1028,968,1362,1201,1207,1219,1240,1177,1392
"ko:K00013",1439,1246,961,1054,1832,1552,1507,1640,1333,1520,1390,1232,1316,1237,1327,1337,1138,1528,1448,1478,1612,1347,1513,1589
"ko:K00013,ko:K15509",18,21,24,20,28,36,20,22,13,22,16,10,30,20,14,24,10,22,28,30,35,30,26,25
"ko:K00014",368,335,238,267,545,461,464,423,338,434,319,366,349,338,369,338,342,582,496,416,418,459,392,465
"ko:K00015",633,677,420,493,712,635,584,597,552,665,637,634,568,511,619,530,490,478,556,536,703,592,710,685
"ko:K00015,ko:K00050,ko:K00090",12,12,8,8,18,12,10,18,9,8,18,8,12,6,14,14,6,4,10,8,6,20,18,10
"ko:K00015,ko:K00058",6,12,3,2,8,6,10,2,6,2,7,3,2,4,0,6,5,0,4,9,4,8,6,12
"ko:K00015,ko:K00090",38,20,22,21,34,29,32,54,51,65,68,45,37,36,41,48,36,29,54,47,42,29,50,49
"ko:K00016",22,18,17,16,53,32,28,56,30,33,36,33,35,22,28,30,22,16,20,40,16,26,32,39
"ko:K00016,ko:K00024",217,242,183,192,342,271,266,286,241,308,211,223,224,204,198,214,183,154,322,229,231,282,299,216
"ko:K00018",8,4,9,8,17,8,5,6,8,6,5,9,6,12,2,14,8,2,4,12,6,12,4,6
"ko:K00018,ko:K00058",44,51,45,42,70,68,58,55,65,54,53,35,40,44,47,40,45,44,72,54,61,56,66,50
"ko:K00019",675,606,487,516,923,703,696,691,669,736,550,648,694,572,616,680,556,769,790,704,722,674,814,728
"ko:K00019,ko:K18335",146,145,107,136,194,133,161,147,173,161,139,148,122,130,127,127,107,99,150,157,123,125,183,167
"ko:K00020",497,485,370,423,769,654,566,578,543,552,494,469,555,499,575,504,460,939,641,594,640,549,548,714
"ko:K00020,ko:K00042",408,310,303,281,538,431,384,445,378,404,404,350,396,367,339,389,334,267,441,379,407,403,399,451
"ko:K00020,ko:K01692",24,22,18,11,25,10,30,20,9,14,19,23,12,13,27,18,19,15,14,25,15,30,25,24
"ko:K00020,ko:K08319",122,66,68,79,115,89,79,101,88,103,127,83,108,67,104,86,75,63,84,90,101,95,106,78
"ko:K00023",891,754,624,617,987,803,856,766,755,888,730,756,759,703,796,629,612,1238,821,765,836,758,859,880
"ko:K00023,ko:K00059",0,16,4,6,14,10,9,7,6,4,4,4,0,2,4,3,3,1,11,4,8,2,6,4
"ko:K00024",1566,1520,1145,1151,1849,1621,1557,1735,1467,1673,1488,1325,1444,1363,1458,1379,1288,1300,1545,1583,1677,1468,1466,1654
"ko:K00027",1075,1003,799,878,1482,1222,1214,1340,886,983,913,893,946,887,960,1003,864,811,1036,1080,1072,1110,1040,1093
"ko:K00027,ko:K22212",52,47,35,66,79,57,48,78,33,67,54,39,34,52,54,56,42,35,48,52,66,72,52,40
"ko:K00029",2301,2000,1553,1634,3014,2334,2299,2362,2267,2699,2283,1982,2167,2024,2198,2122,1924,2711,2268,2391,2616,2394,2418,2528
"ko:K00030",275,221,173,155,321,261,237,266,274,248,177,186,192,198,209,188,169,544,236,214,260,213,244,285
"ko:K00031",3498,3237,2443,2640,4026,3582,3345,3555,3210,3553,3374,2988,2868,2995,3036,2889,2664,2989,3158,3281,3257,3220,3183,3488
"ko:K00031,ko:K00052,ko:K07246",67,61,67,40,102,75,88,90,81,64,74,58,76,84,56,76,67,61,90,74,81,102,74,89
"ko:K00033",1577,1425,1156,1251,1977,1678,1598,1717,1548,1597,1392,1300,1418,1407,1424,1327,1291,1372,1754,1708,1738,1600,1694,1848
"ko:K00034",149,120,141,118,163,153,173,142,140,171,124,125,141,149,149,109,93,119,136,199,193,189,155,137
"ko:K00035",114,91,75,44,130,82,76,99,100,103,109,70,76,96,101,72,83,80,68,126,124,108,104,124
"ko:K00036",1744,1541,1322,1294,2322,1926,1870,1859,1508,1795,1570,1439,1522,1444,1516,1510,1469,2260,1667,1823,1793,1797,1880,1870
"ko:K00038",101,74,59,75,109,86,86,75,59,102,71,64,88,85,86,71,80,68,94,74,106,79,97,104
"ko:K00039",45,55,29,39,62,44,48,64,65,58,68,40,50,53,77,60,56,51,66,68,62,49,54,43
"ko:K00040",164,109,103,101,146,111,139,193,118,149,124,106,157,119,130,125,112,120,151,131,180,167,157,176
"ko:K00040,ko:K00045",96,97,77,83,134,103,68,106,83,76,83,73,83,94,138,87,70,89,109,105,130,94,128,139
"ko:K00041",22,20,11,20,34,20,18,14,16,27,44,18,34,18,10,26,18,11,12,16,38,18,22,30
"ko:K00042",239,200,160,147,272,215,245,232,226,264,227,198,205,178,245,203,195,194,226,182,242,243,220,225
"ko:K00043",66,84,39,45,83,55,62,66,69,78,35,46,82,50,63,74,42,57,66,72,56,52,54,82
"ko:K00043,ko:K13954",54,45,35,31,62,60,40,48,76,68,79,59,40,40,68,55,48,58,48,53,63,52,45,72
"ko:K00045",50,40,33,36,52,62,55,47,38,56,61,46,36,33,48,49,31,26,31,43,50,42,52,64
"ko:K00046",555,427,350,397,724,598,529,550,448,540,485,452,435,481,552,439,377,370,585,538,576,519,496,603
"ko:K00046,ko:K00059",48,45,60,24,79,50,58,50,42,64,57,32,46,42,47,46,39,44,44,44,62,36,47,67
"ko:K00046,ko:K00065",16,19,14,14,20,5,18,22,18,24,19,14,14,16,12,12,16,18,14,24,20,30,18,20
"ko:K00052",1546,1431,1161,1249,1970,1791,1787,1739,1480,1763,1328,1438,1573,1367,1530,1395,1355,1503,1539,1556,1790,1617,1583,1755
"ko:K00053",1706,1532,1219,1274,1945,1687,1652,1738,1539,1877,1620,1471,1374,1427,1600,1477,1313,1541,1621,1719,1680,1614,1684,1852
"ko:K00054",2,2,4,3,0,2,0,0,6,6,0,4,2,3,3,4,3,2,6,0,3,6,7,3
"ko:K00055",92,72,63,60,111,97,101,90,69,88,78,76,78,76,101,76,89,85,102,85,84,117,99,132
"ko:K00055,ko:K06898",28,14,18,22,28,30,16,28,24,20,26,14,24,22,22,24,16,8,27,34,26,31,20,31
"ko:K00057",707,645,544,512,908,773,759,787,629,785,622,592,659,627,653,642,566,815,794,756,775,762,860,878
"ko:K00058",2415,2285,1707,1880,3332,2632,2564,2703,2184,2684,2149,2098,2165,2137,2267,2090,1895,2268,2681,2468,2730,2364,2327,2728
"ko:K00059",4949,4682,3626,3745,6387,5391,5242,5535,4436,5346,4637,4369,4520,4537,4676,4388,3826,4755,5186,5022,5264,5295,5514,5613
"ko:K00059,ko:K00076",42,59,27,53,66,77,52,60,70,71,75,61,66,62,60,50,40,73,68,73,78,78,66,61
"ko:K00059,ko:K03366",10,6,12,6,13,17,10,12,11,13,13,6,14,6,25,18,6,19,31,12,24,18,16,8
"ko:K00059,ko:K03793",12,12,10,5,18,10,14,10,12,10,8,7,12,8,10,0,12,10,6,2,14,12,12,8
"ko:K00059,ko:K07124",0,0,0,0,2,2,6,2,0,0,0,0,2,2,2,0,0,0,8,4,2,0,3,4
"ko:K00059,ko:K11610",28,28,14,24,30,22,26,33,18,26,9,26,27,30,26,28,23,21,27,39,29,34,26,32
"ko:K00059,ko:K21883",1,2,0,3,5,4,2,2,0,2,0,0,0,2,2,2,0,0,0,2,0,0,2,1
"ko:K00060",282,238,178,182,322,267,243,267,272,300,285,216,248,218,291,227,254,530,250,265,325,310,285,323
"ko:K00060,ko:K07777",30,31,13,28,54,40,37,35,33,32,34,39,46,41,38,22,25,20,22,22,31,34,34,32
"ko:K00060,ko:K08322",137,111,107,109,200,156,124,152,134,152,128,132,127,153,107,122,113,81,154,147,109,178,183,174
"ko:K00064",200,147,146,145,306,198,239,218,181,184,175,174,146,180,179,153,141,183,261,254,238,294,291,252
"ko:K00065",314,297,208,240,336,270,314,323,256,365,264,241,295,249,267,248,265,249,315,308,313,337,324,357
"ko:K00066",42,38,45,42,100,50,64,81,47,42,62,49,41,52,53,53,54,48,81,57,61,61,53,69
"ko:K00067",107,116,64,82,131,160,132,116,99,134,82,115,91,85,115,68,76,304,115,99,117,104,94,104
"ko:K00067,ko:K01790",58,57,55,41,64,59,63,78,42,58,59,40,65,51,38,62,47,39,74,62,43,60,45,81
"ko:K00068",23,24,7,21,30,38,21,33,16,18,19,24,11,26,36,22,18,20,18,26,32,28,28,40
"ko:K00068,ko:K03366,ko:K08261",32,21,18,18,38,31,12,25,19,26,20,18,24,24,20,14,23,17,24,30,38,38,30,37
"ko:K00074",1352,1276,946,992,1733,1482,1343,1577,1209,1304,1130,1036,1133,1024,1232,1072,1295,1188,2797,2425,2816,2589,2594,2842
"ko:K00075",425,411,270,359,555,425,425,521,382,552,387,381,376,367,489,394,396,697,447,447,488,519,444,573
"ko:K00075,ko:K01921",168,195,111,144,209,143,142,172,149,179,133,137,151,141,171,142,147,115,151,191,193,167,162,229
"ko:K00076",32,42,28,16,56,46,31,44,22,28,33,34,46,35,40,37,24,46,22,45,42,41,44,46
"ko:K00077",448,415,308,361,602,531,551,510,398,486,448,417,375,408,501,400,343,312,470,459,474,468,437,455
"ko:K00077,ko:K01092,ko:K03574",72,54,30,23,67,64,49,80,41,40,48,52,43,56,61,48,43,23,55,36,51,38,66,40
"ko:K00082",99,53,58,64,96,99,87,72,113,85,64,62,79,60,82,64,74,74,78,90,103,102,63,106
"ko:K00082,ko:K11752",13,17,18,15,25,22,18,25,13,23,34,14,22,17,12,24,23,14,41,27,35,38,22,26
"ko:K00086,ko:K11440",93,130,60,88,172,135,93,132,109,118,86,94,90,83,114,96,74,59,89,110,105,91,83,112
"ko:K00087,ko:K04108",9,2,3,4,4,0,6,4,0,2,1,3,2,2,2,2,4,2,2,2,4,0,3,2
"ko:K00088",3217,3098,2575,2417,4492,3710,3671,3904,3114,3460,3236,2923,2986,3034,3220,3064,2653,2714,3337,3474,3488,3151,3256,3645
"ko:K00088,ko:K00364",947,775,703,650,1114,967,907,875,781,988,823,842,801,743,841,721,753,756,904,840,907,802,890,934
"ko:K00090",94,80,52,62,115,112,111,104,95,107,105,78,72,79,91,89,79,270,101,80,96,88,85,117
"ko:K00091",99,91,78,63,113,121,94,105,82,119,97,85,105,82,131,71,73,63,106,86,106,119,83,123
"ko:K00096",69,62,38,56,92,86,86,90,62,66,67,77,56,68,56,43,64,58,84,94,63,100,71,80
"ko:K00097",215,162,131,140,259,239,205,178,165,219,206,162,206,178,181,157,155,468,185,245,222,219,235,232
"ko:K00097,ko:K22024",147,137,142,110,225,179,149,219,138,192,143,120,161,156,135,170,140,123,132,170,200,138,172,216
"ko:K00098",127,135,95,119,170,157,160,163,145,176,159,139,116,117,166,138,101,148,167,130,163,125,178,194
"ko:K00099",812,794,558,614,1090,948,914,978,802,860,739,733,786,741,823,774,596,1031,945,883,849,823,845,965
"ko:K00101",404,328,270,267,455,368,391,360,308,373,385,315,307,320,330,328,319,316,432,380,389,372,443,457
"ko:K00101,ko:K00104",725,648,431,523,1051,836,810,794,736,782,656,603,669,638,643,733,535,482,834,762,734,797,763,816
"ko:K00101,ko:K15054",8,10,4,4,17,18,10,8,20,8,18,10,4,6,11,14,11,27,22,30,20,24,15,16
"ko:K00102",161,136,113,135,204,173,184,194,142,177,129,133,130,139,138,147,120,155,162,154,187,185,127,138
"ko:K00102,ko:K00104",39,59,35,25,54,52,50,51,68,58,52,45,34,41,37,60,43,36,47,42,70,58,41,69
"ko:K00102,ko:K00104,ko:K03777",211,143,93,167,221,189,218,178,215,322,267,234,186,196,204,217,159,127,233,135,193,187,190,181
"ko:K00102,ko:K03777",182,137,95,109,192,188,167,165,203,230,199,141,165,180,161,122,141,553,145,189,147,191,160,182
"ko:K00102,ko:K11472",61,33,37,40,84,75,58,55,46,70,42,51,42,49,53,52,34,26,55,49,68,50,76,47
"ko:K00103",197,163,112,127,201,182,164,215,163,203,175,149,146,150,169,174,164,135,245,245,181,231,216,248
"ko:K00103,ko:K16653",2,2,4,4,4,4,2,2,8,2,2,2,0,0,0,0,3,0,6,4,4,5,2,8
"ko:K00104",1367,1349,1020,1094,1834,1603,1492,1583,1414,1524,1290,1236,1298,1356,1391,1281,1049,1034,1520,1395,1439,1344,1317,1469
"ko:K00104,ko:K05797",28,16,20,14,22,29,38,26,22,37,30,22,30,15,30,21,25,15,34,22,27,36,22,28
"ko:K00104,ko:K16422",20,8,18,4,20,6,14,14,8,19,20,18,6,8,14,16,14,3,14,14,14,18,20,10
"ko:K00108",1435,1293,1063,1081,1866,1639,1511,1495,1395,1583,1339,1300,1274,1271,1362,1204,1241,1694,1563,1407,1588,1644,1416,1634
"ko:K00108,ko:K00128,ko:K00140,ko:K04072",6,4,0,4,1,8,2,0,2,2,0,2,12,4,4,6,0,40,4,6,8,6,4,6
"ko:K00108,ko:K17755",51,42,38,42,56,54,50,54,31,58,23,38,26,40,46,58,29,39,42,36,62,53,38,66
"ko:K00109",9,11,6,13,12,12,9,12,7,6,3,12,6,4,6,6,10,5,2,12,9,8,8,8
"ko:K00111",1457,1281,1067,1099,1835,1625,1480,1573,1261,1432,1296,1278,1385,1243,1323,1269,1203,1602,1552,1515,1531,1595,1575,1713
"ko:K00113,ko:K18930",29,39,29,26,46,53,36,45,36,28,39,30,27,32,41,33,21,23,35,27,18,31,28,41
"ko:K00114",1039,902,762,752,1227,1114,966,1040,899,1062,943,826,894,931,907,906,726,721,943,933,1033,926,934,1007
"ko:K00116",186,186,131,162,299,173,212,217,177,216,180,246,180,165,174,176,132,152,195,215,191,205,212,214
"ko:K00116,ko:K15736",67,36,27,42,68,44,37,62,36,57,44,46,42,49,45,40,31,26,63,34,42,54,64,35
"ko:K00117",78,61,59,58,87,64,37,76,69,62,56,51,58,78,76,53,75,76,94,90,96,125,87,129
"ko:K00117,ko:K21430",176,209,142,189,260,250,229,245,247,254,187,196,217,220,203,201,145,128,216,231,328,201,200,251
"ko:K00121",1912,1640,1272,1466,2377,1900,1886,1987,1818,2126,1671,1592,1588,1634,1757,1672,1480,1739,1875,1848,2056,1835,1909,2034
"ko:K00121,ko:K00148",12,10,6,16,59,36,27,30,2,10,14,16,38,18,16,8,6,8,22,18,32,24,26,24
"ko:K00122",803,743,511,605,955,829,731,735,708,834,750,650,683,702,717,708,571,560,676,651,841,686,681,866
"ko:K00123",2673,2515,1842,1932,3350,2741,2793,2723,2452,2820,2506,2411,2386,2396,2539,2525,2203,1980,2629,2635,2832,2604,2763,2980
"ko:K00123,ko:K02567",8,16,3,4,15,14,12,12,12,6,1,4,6,10,6,8,2,0,10,4,8,0,2,10
"ko:K00123,ko:K22015",75,74,47,70,117,81,74,75,95,113,104,75,72,97,84,94,69,54,106,66,88,92,109,97
"ko:K00124",592,518,435,477,809,731,645,651,514,707,580,521,566,585,577,565,495,420,700,565,585,592,683,638
"ko:K00124,ko:K00335",134,132,83,93,144,157,131,118,112,135,105,95,130,106,149,138,131,121,122,147,151,106,127,153
"ko:K00126",3,2,6,0,16,6,8,6,8,10,2,2,14,8,8,8,2,9,16,20,8,6,19,12
"ko:K00127",53,47,39,47,85,40,34,57,52,53,65,32,49,54,47,52,51,52,72,63,77,84,77,61
"ko:K00128",2916,2698,2119,2145,3803,3186,3150,3217,2794,3038,2841,2496,2623,2601,2821,2524,2453,2824,3113,3124,3215,3163,3071,3346
"ko:K00128,ko:K00130",385,387,330,298,469,445,468,464,330,432,355,330,363,350,361,396,405,354,471,474,493,466,433,517
"ko:K00128,ko:K00130,ko:K00146",536,481,384,308,655,592,521,575,408,495,453,396,447,431,423,453,413,361,539,495,528,527,494,558
"ko:K00128,ko:K00131",16,18,18,25,27,35,28,24,28,18,27,25,26,13,21,28,34,19,20,28,31,31,43,34
"ko:K00128,ko:K00135",84,77,52,95,117,87,108,84,75,106,86,83,95,65,89,56,95,84,70,87,74,69,107,89
"ko:K00128,ko:K00135,ko:K22187",7,4,4,0,5,8,1,4,6,1,5,5,4,3,2,2,9,2,6,2,6,2,2,6
"ko:K00128,ko:K00138",2,5,2,6,0,0,0,2,0,2,4,1,4,4,4,2,2,0,6,0,6,8,0,0
"ko:K00128,ko:K00146",118,114,83,99,177,162,149,155,113,127,147,127,140,136,123,98,92,107,191,114,141,147,129,147
"ko:K00128,ko:K09472",22,30,6,32,24,38,32,28,34,29,16,21,30,12,18,22,30,22,22,24,32,32,36,32
"ko:K00128,ko:K22187",149,108,64,85,152,138,131,127,152,127,128,123,120,124,109,114,107,123,122,90,136,124,124,134
"ko:K00128,ko:K22445",22,25,24,18,35,21,22,12,38,29,24,22,32,26,16,24,25,24,28,31,20,20,32,28
"ko:K00130",1620,1407,1107,1146,2066,1649,1630,1908,1420,1615,1264,1185,1321,1317,1495,1252,1111,1126,1613,1506,1614,1597,1585,1735
"ko:K00130,ko:K00137",17,15,9,9,26,14,16,16,19,14,10,14,22,12,14,25,8,6,16,10,9,19,17,20
"ko:K00130,ko:K00146",45,41,45,42,75,80,75,81,41,77,47,56,54,64,42,34,62,59,88,80,87,91,51,78
"ko:K00130,ko:K00151",70,70,59,63,87,100,70,98,72,76,76,51,64,63,68,61,47,75,105,74,146,102,88,91
"ko:K00130,ko:K00151,ko:K10217",255,190,168,155,222,242,222,228,210,263,185,195,197,184,210,146,173,549,191,184,273,217,294,252
"ko:K00131",82,97,59,80,78,71,64,59,64,74,60,69,65,75,69,70,71,55,78,64,86,70,58,64
"ko:K00133",1926,1730,1426,1398,2467,2053,1888,2016,1809,2031,1745,1561,1757,1681,1691,1651,1498,1699,1827,1938,1803,1845,1907,2093
"ko:K00134",2059,2013,1634,1593,2532,2201,2113,2392,1930,2475,1992,1907,1862,1773,1981,1829,1577,1828,2033,2007,2196,2056,1943,2207
"ko:K00135",2770,2602,1840,2059,3374,3040,2876,2995,2533,2870,2556,2421,2709,2441,2507,2449,2173,2071,2767,2890,2969,2914,2852,3222
"ko:K00135,ko:K00146",4,1,3,8,7,3,8,5,2,0,6,2,2,2,4,3,5,3,12,5,6,2,5,7
"ko:K00135,ko:K15786",46,41,31,32,71,36,38,44,30,38,43,36,29,38,42,42,39,11,34,44,44,51,41,51
"ko:K00137",140,157,144,156,247,196,160,159,207,187,203,165,196,192,162,182,186,175,187,226,249,215,216,207
"ko:K00138",572,472,353,406,616,510,516,590,491,604,547,415,490,488,559,491,508,499,606,560,573,571,500,594
"ko:K00138,ko:K18370",150,203,154,150,245,197,193,197,191,192,191,150,158,167,157,177,201,190,232,193,180,222,183,257
"ko:K00140",2446,2262,1787,1874,3088,2673,2546,2676,2234,2674,2212,2091,2139,2027,2399,2241,1862,2284,2379,2251,2407,2407,2432,2575
"ko:K00141",62,47,39,46,102,72,60,86,55,64,92,45,72,60,67,72,57,46,78,48,58,86,56,76
"ko:K00141,ko:K00152",0,0,0,1,4,2,0,0,0,0,2,0,2,0,1,0,2,0,2,0,2,2,0,0
"ko:K00141,ko:K21802",66,63,33,50,106,52,63,78,71,91,95,65,56,57,77,69,50,62,54,82,105,92,78,76
"ko:K00145",725,684,484,539,895,757,735,823,643,775,675,630,634,640,703,640,591,772,707,757,742,750,757,909
"ko:K00146,ko:K09472",126,142,90,85,192,163,146,155,134,193,121,114,109,110,131,120,106,557,127,163,181,183,208,191
"ko:K00146,ko:K11947",122,121,93,103,168,141,126,124,111,122,139,113,108,113,118,90,89,104,147,110,146,151,119,114
"ko:K00147",968,975,757,819,1408,1089,1123,1246,963,1145,1127,829,1006,923,1034,1043,865,1104,1121,1089,1130,1176,1124,1181
"ko:K00147,ko:K15515",29,24,18,27,31,36,44,36,25,43,19,20,26,21,22,21,12,14,28,26,30,41,18,32
"ko:K00148",707,656,563,559,902,725,713,753,617,713,639,587,612,637,721,634,571,464,669,573,672,665,687,704
"ko:K00150",16,8,9,4,22,28,16,22,12,23,18,10,12,16,22,14,15,6,16,18,16,24,14,22
"ko:K00151",269,225,153,167,265,218,212,262,176,231,192,200,244,205,200,231,215,159,274,246,268,282,211,307
"ko:K00153",773,751,632,563,1067,981,948,950,728,762,707,688,695,648,670,674,577,584,866,856,802,884,759,989
"ko:K00154",87,66,71,70,102,82,69,109,92,71,57,57,80,84,79,81,65,496,112,84,110,76,86,92
"ko:K00154,ko:K22445",30,32,24,38,54,54,40,55,40,36,33,41,52,34,42,20,39,20,41,46,62,50,44,34
"ko:K00156",23,36,19,33,31,38,31,37,22,38,43,28,31,18,19,24,18,6,23,24,26,28,14,34
"ko:K00156,ko:K00158",225,241,161,232,319,313,240,260,246,251,200,223,194,180,231,247,198,195,297,245,300,297,283,299
"ko:K00156,ko:K01652",69,54,30,48,95,72,68,96,48,52,52,60,46,57,47,63,47,48,78,60,62,68,58,76
"ko:K00158",46,44,40,51,88,70,79,90,42,49,58,43,49,56,62,38,53,37,35,56,51,34,56,51
"ko:K00161",876,762,556,527,973,764,735,879,809,916,743,768,741,680,690,627,637,944,735,860,894,745,899,805
"ko:K00161,ko:K00166",834,755,576,593,1042,915,820,912,683,875,751,723,732,698,752,727,584,570,896,791,827,838,884,863
"ko:K00161,ko:K00166,ko:K21416",51,46,33,46,54,48,40,63,70,67,41,46,53,39,38,46,43,36,47,53,61,61,61,51
"ko:K00161,ko:K11381",7,3,0,7,10,0,2,0,2,6,3,2,2,2,2,4,3,2,1,0,8,2,0,2
"ko:K00161,ko:K11381,ko:K21416",10,16,12,11,30,22,16,22,8,17,20,12,2,16,6,20,6,8,16,10,22,18,15,22
"ko:K00161,ko:K21416",180,140,99,151,194,186,182,181,141,211,168,125,160,138,157,152,112,85,149,153,187,148,146,155
"ko:K00162",2301,2040,1604,1703,2791,2370,2191,2511,2069,2291,2035,1918,2053,1964,2079,1959,1705,1892,2202,2252,2373,2082,2219,2309
"ko:K00162,ko:K00167",79,72,38,55,70,77,88,84,49,70,60,60,59,47,68,64,40,35,41,73,55,58,49,47
"ko:K00162,ko:K00627",206,222,156,182,275,268,222,213,198,224,240,176,210,189,257,188,194,175,221,276,282,210,288,282
"ko:K00162,ko:K21417",274,198,179,141,272,255,254,249,198,276,204,217,206,186,249,221,172,177,250,263,192,205,269,267
"ko:K00163",2767,2763,2181,2215,3452,3037,2957,3146,2619,3187,2625,2471,2559,2429,2573,2591,2429,3088,2838,2928,3035,2882,3096,3157
"ko:K00164",2492,2008,1668,1714,2879,2435,2464,2471,2362,2574,2302,2083,2162,2021,2263,2138,2008,2883,2517,2515,2522,2414,2573,2531
"ko:K00164,ko:K01616",1927,1817,1451,1491,2462,2085,2067,2219,1616,1754,1555,1536,1661,1548,1716,1643,1508,1384,1964,2065,1830,1816,1963,2096
"ko:K00166",204,133,136,115,232,154,146,173,178,213,164,138,163,192,142,144,129,121,134,136,168,160,152,181
"ko:K00167",515,487,358,330,670,501,474,453,466,509,447,417,431,463,491,430,386,352,458,445,449,457,469,536
"ko:K00167,ko:K11381,ko:K21417",30,40,35,31,64,45,40,32,39,40,27,44,28,37,47,49,21,29,45,38,36,47,26,45
"ko:K00167,ko:K21417",6,4,4,6,22,14,6,8,2,2,2,5,8,10,8,6,4,8,2,4,2,8,2,6
"ko:K00169",163,156,97,96,141,159,138,144,113,187,150,167,150,99,120,115,121,89,142,127,134,127,118,137
"ko:K00169,ko:K03737",24,20,10,10,20,16,10,14,18,14,18,16,16,26,18,8,14,9,14,14,10,10,10,19
"ko:K00169,ko:K19070",90,74,44,91,127,69,65,155,85,115,67,89,50,46,58,64,39,26,50,51,44,39,64,54
"ko:K00170",153,133,111,137,152,146,129,127,127,159,140,152,114,122,117,89,102,70,91,87,99,107,117,132
"ko:K00170,ko:K18356",113,104,93,87,143,147,143,134,89,119,109,134,117,105,108,106,72,79,126,122,141,106,118,127
"ko:K00170,ko:K19071",4,10,9,8,8,10,5,14,4,7,8,5,15,16,2,2,4,4,2,8,14,4,14,8
"ko:K00171,ko:K00172,ko:K19072",14,8,2,13,4,4,6,13,8,11,6,3,2,4,12,6,4,2,6,4,4,4,6,2
"ko:K00172",78,57,53,53,74,73,83,55,68,92,73,73,61,60,70,48,54,57,72,65,55,66,58,56
"ko:K00174",2276,2034,1688,1808,2886,2246,2323,2514,1950,2205,1949,1996,1901,1845,2101,1961,1824,1646,2160,2228,2215,2082,2048,2371
"ko:K00175",1700,1556,1225,1345,2168,1867,1849,1858,1412,1723,1564,1437,1440,1523,1589,1454,1264,1176,1595,1510,1735,1545,1527,1849
"ko:K00179",606,544,362,398,619,620,571,542,476,609,526,439,495,532,546,533,462,440,569,574,573,542,575,641
"ko:K00180",40,47,36,27,59,49,54,33,43,36,43,43,22,39,26,30,29,31,43,46,70,51,54,49
"ko:K00185",170,178,93,128,159,149,160,134,222,275,205,187,146,191,145,135,122,107,156,112,141,99,131,137
"ko:K00200",273,348,188,239,452,395,315,369,324,369,302,297,341,275,256,277,225,201,326,252,307,351,260,326
"ko:K00207,ko:K00219,ko:K00317,ko:K00528,ko:K02293,ko:K02823,ko:K05368,ko:K10797",13,17,13,16,16,18,29,15,18,21,10,6,8,18,14,12,13,19,20,10,8,16,17,14
"ko:K00208",1767,1562,1218,1169,1956,1723,1586,1581,1486,1782,1498,1295,1443,1388,1547,1347,1230,1190,1622,1591,1547,1602,1627,1686
"ko:K00208,ko:K11611",59,65,43,50,77,86,72,63,49,67,66,47,55,54,68,42,35,47,69,77,66,58,60,85
"ko:K00209",134,102,67,64,134,106,115,107,129,126,121,106,100,104,119,109,60,436,132,142,110,98,130,87
"ko:K00210,ko:K00220,ko:K04517",276,270,196,270,341,364,237,317,259,291,285,215,263,226,307,270,209,243,308,278,341,249,260,362
"ko:K00210,ko:K04517",10,14,3,8,8,18,18,14,25,12,12,22,10,6,24,8,8,18,24,6,8,10,20,18
"ko:K00215",608,561,454,441,877,724,641,776,590,682,636,596,627,600,588,562,522,720,653,676,711,651,668,764
"ko:K00216",38,26,28,36,54,50,60,42,28,40,50,32,50,26,52,34,23,279,40,42,46,35,50,26
"ko:K00217",189,168,103,132,181,158,210,155,143,177,157,141,164,112,161,149,147,129,176,128,164,157,176,189
"ko:K00218",26,16,8,7,24,34,27,36,27,21,26,18,16,15,24,20,13,28,46,22,39,33,33,32
"ko:K00219",737,684,599,524,892,834,777,797,669,778,646,627,681,674,694,632,680,1157,766,837,841,833,902,928
"ko:K00219,ko:K09461",241,116,93,117,190,183,166,210,185,220,232,159,172,169,203,182,130,167,160,120,149,117,176,164
"ko:K00220",24,22,11,29,51,24,30,27,36,44,40,32,30,24,25,30,31,34,33,38,23,28,31,35
"ko:K00226",16,20,22,24,26,26,19,23,25,16,23,4,36,26,22,14,17,13,22,18,20,20,20,26
"ko:K00226,ko:K00254",190,223,180,184,358,281,246,255,213,273,217,255,195,215,208,244,188,166,267,287,280,252,296,287
"ko:K00228",361,355,264,258,466,320,281,308,333,385,326,293,319,281,355,283,286,572,287,359,401,343,384,413
"ko:K00230",20,16,13,18,32,13,20,32,18,23,12,16,27,15,20,8,23,23,26,24,30,39,26,26
"ko:K00231",87,96,79,75,105,105,106,110,82,87,97,75,90,98,110,82,82,72,121,112,122,111,114,108
"ko:K00232",281,308,159,222,344,300,253,305,238,238,224,211,301,190,253,228,233,205,280,283,298,289,224,300
"ko:K00239",3001,2683,2148,2283,3603,3167,3082,3331,2676,3098,2887,2550,2784,2661,2796,2739,2315,2832,2809,2894,2982,2754,2937,3233
"ko:K00239,ko:K00244,ko:K00278",145,163,103,126,201,210,178,208,144,162,127,127,129,136,165,145,146,124,186,141,155,141,144,168
"ko:K00239,ko:K00278",2173,1940,1531,1603,2633,2189,2022,2353,1734,1913,1800,1708,1715,1581,1725,1716,1613,1507,2105,2138,1935,1967,2061,2320
"ko:K00240",1997,1818,1344,1362,2293,2013,1897,1922,1570,1908,1693,1590,1554,1629,1747,1560,1421,1651,1832,1848,1841,1765,1815,1999
"ko:K00240,ko:K00245",14,19,13,6,16,16,1,8,6,12,12,9,8,8,6,6,6,11,14,6,8,10,7,6
"ko:K00240,ko:K03886",5,6,6,6,4,4,0,4,4,8,8,4,0,3,4,2,5,5,0,2,4,10,10,2
"ko:K00241",323,280,208,228,395,318,301,359,283,318,273,285,252,273,244,286,251,324,351,278,289,280,292,326
"ko:K00242",76,66,59,59,122,95,87,94,123,100,107,104,82,93,101,87,90,216,100,107,106,115,101,93
"ko:K00243",4,0,0,0,20,14,6,8,6,2,4,0,10,6,4,8,2,0,2,2,0,10,2,2
"ko:K00244",192,213,149,144,269,180,196,176,163,225,172,203,164,134,223,166,156,124,168,139,203,143,164,198
"ko:K00248",488,453,368,359,647,505,503,531,388,496,445,414,396,435,471,467,363,300,442,421,453,466,484,474
"ko:K00248,ko:K00249",84,106,98,72,132,128,89,102,85,104,89,108,97,70,92,100,67,63,93,111,85,80,99,98
"ko:K00248,ko:K00249,ko:K18244",10,6,12,6,6,16,11,0,10,13,7,10,9,10,9,18,7,12,16,8,6,10,8,8
"ko:K00248,ko:K00249,ko:K20035",384,380,272,264,517,427,362,407,392,372,325,322,363,287,413,373,339,334,385,408,381,432,430,397
"ko:K00248,ko:K11410",627,631,482,432,819,698,680,745,530,557,521,472,513,493,560,496,559,440,654,716,668,589,675,674
"ko:K00249",5622,4948,4041,3939,6898,5728,5335,5725,4761,5569,4943,4690,4704,4693,4958,4724,4270,3935,5177,5345,5618,5246,5295,5934
"ko:K00249,ko:K00255",279,286,192,239,416,320,318,344,207,322,237,237,271,237,242,248,218,235,313,340,284,303,333,346
"ko:K00249,ko:K00294,ko:K13821",44,27,29,30,28,21,28,25,38,38,48,32,37,33,34,30,29,24,40,50,45,34,40,44
"ko:K00252",2161,2122,1596,1794,2881,2416,2448,2537,2015,2445,1982,1913,2056,2030,2163,1966,1766,2027,2261,2053,2274,2199,2233,2433
"ko:K00253",1170,1041,813,854,1427,1229,1088,1119,1103,1368,1174,1006,985,1049,1104,1057,880,1213,1135,1096,1122,1126,1136,1197
"ko:K00254",362,263,205,202,412,303,311,322,300,341,282,261,297,313,311,247,278,591,315,374,346,336,373,340
"ko:K00257",379,383,317,268,461,376,375,427,308,350,321,286,356,307,367,294,288,282,402,362,360,359,391,421
"ko:K00259",1489,1201,936,909,1746,1529,1507,1582,1149,1352,1234,1184,1215,1118,1206,1141,1095,1105,1470,1422,1400,1228,1378,1492
"ko:K00260,ko:K00262",10,6,4,4,14,13,10,20,12,12,10,8,14,10,12,16,4,4,2,0,8,20,10,13
"ko:K00261",146,130,74,73,156,175,145,144,125,126,114,106,115,119,115,86,91,129,123,156,156,135,117,164
"ko:K00261,ko:K00262",14,18,10,10,24,18,10,14,14,18,16,8,18,14,6,16,12,14,18,10,20,12,18,19
"ko:K00262",60,53,55,36,84,76,73,55,68,44,53,55,67,54,66,49,54,81,32,53,56,48,51,83
"ko:K00263",369,288,268,293,464,394,371,400,277,429,395,358,335,295,379,379,297,617,362,395,457,414,384,399
"ko:K00265",3276,3116,2260,2530,4031,3378,3287,3436,2959,3325,2949,2805,2859,2964,3099,2855,2743,3938,3183,3320,3573,3044,3352,3518
"ko:K00265,ko:K00284",1937,1745,1349,1386,2422,2031,1943,1989,1774,1970,1723,1639,1704,1703,1828,1669,1596,1468,1866,1888,1873,1836,1990,2017
"ko:K00266",1754,1524,1277,1273,2070,1827,1722,1837,1510,1914,1585,1463,1445,1501,1576,1521,1297,1724,1759,1740,1704,1625,1638,1767
"ko:K00271",248,185,178,182,320,274,221,299,179,193,238,228,193,188,230,184,210,188,257,216,290,260,229,253
"ko:K00273",45,32,37,36,94,47,88,84,40,54,67,66,45,46,62,37,39,39,44,65,62,73,63,71
"ko:K00274",180,176,144,124,286,229,214,243,163,188,185,199,159,152,170,182,117,137,217,199,203,226,189,231
"ko:K00274,ko:K03343",185,172,119,124,226,220,185,190,160,176,164,159,154,147,178,174,118,106,188,207,184,171,172,172
"ko:K00275",259,227,219,170,287,241,273,267,237,307,248,222,214,242,266,197,178,400,263,263,298,274,339,311
"ko:K00276",200,234,161,160,300,255,221,240,214,196,243,221,194,199,202,230,156,150,290,227,206,227,267,248
"ko:K00278",526,430,350,408,727,620,529,548,612,725,646,540,561,521,540,500,414,460,592,535,532,605,576,553
"ko:K00278,ko:K00767",468,490,322,392,680,542,509,592,436,486,388,474,456,427,445,420,350,330,557,533,514,544,532,614
"ko:K00281",30,25,10,22,36,18,19,29,46,30,43,19,31,20,26,28,18,25,25,22,27,25,12,21
"ko:K00281,ko:K00283",2273,2006,1565,1562,2749,2345,2252,2420,2003,2230,1911,1770,1800,1854,2128,1897,1785,2583,2298,2340,2291,2188,2272,2378
"ko:K00282",435,448,358,320,701,524,473,495,363,498,422,420,417,430,444,422,313,295,422,420,437,412,439,489
"ko:K00283",874,805,626,724,1177,1090,966,1097,687,879,826,760,776,730,851,775,658,556,719,819,846,740,811,875
"ko:K00284",333,275,220,275,403,352,311,331,320,382,299,270,299,272,338,303,229,223,309,288,297,297,302,299
"ko:K00285",555,503,407,373,687,558,608,585,537,551,558,484,557,536,535,524,467,777,632,593,595,607,601,677
"ko:K00286",515,485,399,388,732,603,563,669,497,520,499,418,490,435,491,478,439,623,560,537,646,582,538,598
"ko:K00287",94,81,74,64,104,110,93,81,85,100,82,86,87,78,78,53,98,252,98,115,112,101,118,134
"ko:K00290",424,372,322,380,642,427,422,483,356,432,442,348,361,376,385,317,360,444,413,451,424,388,371,452
"ko:K00294",785,698,683,655,1012,825,778,815,630,847,655,640,647,644,685,635,568,548,777,801,657,717,786,806
"ko:K00294,ko:K13821",43,58,27,40,97,36,42,56,39,36,40,44,42,29,43,44,42,32,44,44,46,28,55,49
"ko:K00297",783,719,559,623,1007,851,760,809,734,852,760,731,669,680,789,712,626,844,899,835,865,814,846,943
"ko:K00297,ko:K00547",2,0,0,0,12,2,0,2,0,2,2,2,2,6,0,0,4,0,2,2,0,5,0,4
"ko:K00299",137,145,86,113,181,137,179,160,119,138,150,112,116,105,133,137,71,91,141,141,126,143,136,136
"ko:K00301",93,92,44,65,115,109,99,102,57,85,85,63,74,86,62,67,63,55,90,117,74,91,76,113
"ko:K00302",503,456,356,383,630,537,524,495,437,491,410,397,419,422,400,426,434,478,497,537,595,545,500,573
"ko:K00302,ko:K10814",18,24,4,16,10,14,5,6,6,16,8,10,8,16,14,14,12,4,18,10,18,12,12,16
"ko:K00302,ko:K22086",164,186,150,118,191,211,145,202,190,220,172,161,170,123,196,166,128,164,182,177,226,147,158,217
"ko:K00303",678,611,402,465,888,696,639,703,623,683,611,541,628,618,631,518,520,506,682,715,691,673,657,722
"ko:K00303,ko:K22084",367,323,267,285,490,379,391,354,300,362,342,274,331,337,327,348,306,257,329,339,420,369,372,400
"ko:K00304",17,8,4,6,17,17,10,18,14,14,3,3,18,17,14,7,14,17,8,13,8,16,12,31
"ko:K00304,ko:K22085",10,4,9,6,20,12,6,10,4,6,4,6,8,8,10,2,4,14,12,11,0,8,9,15
"ko:K00305",65,45,42,28,53,61,52,34,32,30,30,24,48,37,50,38,50,45,32,46,39,51,30,72
"ko:K00305,ko:K00605,ko:K06980,ko:K15064,ko:K15066",38,28,9,25,32,44,41,29,14,42,28,16,24,18,28,26,15,21,44,30,16,30,38,46
"ko:K00305,ko:K22087",2,2,3,0,6,6,2,8,8,6,8,8,4,0,6,6,6,8,0,14,6,8,8,6
"ko:K00311",1047,978,741,808,1362,1259,1019,1059,976,1183,965,939,951,955,1036,961,871,1347,1035,1092,1307,1160,1097,1243
"ko:K00314",144,118,98,86,121,131,94,102,139,120,116,106,106,106,119,100,129,140,109,175,164,154,160,182
"ko:K00314,ko:K00315,ko:K19191",8,11,1,7,12,10,12,14,10,13,12,6,8,7,6,10,11,8,12,9,5,10,6,6
"ko:K00315",433,430,253,334,446,483,389,395,402,423,415,372,418,398,441,367,409,371,418,551,517,488,456,556
"ko:K00315,ko:K19191",142,194,136,115,227,177,185,181,139,212,141,178,122,160,192,151,110,86,165,131,179,185,148,177
"ko:K00316",5,6,2,4,10,2,4,11,3,7,4,6,6,6,2,4,5,4,8,10,8,8,2,2
"ko:K00317",40,36,27,39,44,49,38,50,29,54,32,27,37,44,45,40,38,46,29,56,34,26,60,43
"ko:K00318",290,265,180,198,322,319,233,270,210,235,186,191,221,189,213,187,176,180,267,279,257,249,227,311
"ko:K00320",39,46,37,41,71,42,41,60,26,54,41,28,53,34,57,50,38,43,49,51,46,37,58,51
"ko:K00322",254,219,178,163,265,251,256,240,194,228,175,170,241,194,212,190,186,167,222,243,228,225,221,232
"ko:K00322,ko:K00382",12,16,8,14,12,12,14,11,5,8,5,15,12,8,14,12,6,6,10,12,16,16,8,16
"ko:K00324",2407,2290,1819,1789,3251,2740,2598,2775,2345,2699,2246,2196,2172,2325,2359,2109,1825,2391,2408,2608,2502,2562,2473,2687
"ko:K00325",2039,1886,1387,1436,2572,2087,2005,2160,1800,2147,1866,1789,1811,1667,1797,1737,1474,1876,2032,1983,2065,1806,2079,2185
"ko:K00329",48,50,22,33,54,34,43,68,36,47,39,34,49,41,44,45,36,31,32,58,54,72,52,76
"ko:K00329,ko:K00356",194,195,145,139,260,170,176,184,159,218,177,153,185,148,187,175,146,393,212,199,220,218,207,251
"ko:K00330",493,457,378,371,549,487,504,525,445,493,458,395,392,405,423,406,402,488,478,478,541,491,472,496
"ko:K00331",1672,1644,1250,1318,2045,1763,1595,1728,1567,1759,1486,1522,1480,1477,1530,1393,1384,1364,1537,1484,1835,1601,1640,1770
"ko:K00332",473,464,375,368,626,535,506,502,477,464,375,469,434,455,525,444,427,639,543,522,567,530,487,589
"ko:K00333",2739,2542,1977,2016,3217,2832,2774,2802,2396,2835,2460,2439,2346,2265,2475,2305,2280,2350,2520,2516,2762,2680,2722,2776
"ko:K00333,ko:K13378",90,92,60,49,69,79,86,79,71,96,57,80,71,91,117,72,75,28,39,64,64,102,64,80
"ko:K00334",463,346,322,312,484,447,398,458,385,459,382,335,352,371,398,342,361,533,388,430,428,440,464,479
"ko:K00334,ko:K03943",123,97,89,76,137,110,118,126,98,96,101,99,108,98,99,125,84,101,103,113,130,107,130,105
"ko:K00335",1792,1737,1280,1271,2141,1762,1708,1766,1562,1915,1731,1464,1632,1475,1596,1541,1444,1823,1677,1756,1733,1730,1718,1909
"ko:K00336",1652,1546,1136,1114,2062,1723,1612,1693,1480,1557,1451,1540,1324,1507,1470,1488,1271,1926,1550,1623,1651,1642,1676,1790
"ko:K00337",1692,1581,1164,1346,2065,1746,1593,1763,1504,1853,1497,1410,1395,1367,1596,1437,1386,1752,1632,1734,1836,1742,1793,1948
"ko:K00338",644,550,438,473,768,684,650,636,512,686,580,537,520,492,614,546,437,553,550,491,546,555,647,615
"ko:K00338,ko:K03941",334,309,237,240,388,309,321,316,313,374,338,326,338,325,333,307,320,275,317,316,350,323,304,379
"ko:K00338,ko:K12143",254,218,187,223,349,306,233,300,196,230,205,207,208,210,218,226,187,170,239,275,282,274,239,251
"ko:K00339",502,420,359,322,624,513,463,561,432,571,432,394,361,465,404,408,400,535,480,515,545,462,522,590
"ko:K00339,ko:K05578",96,62,55,92,134,86,91,89,79,70,72,64,58,79,83,100,89,57,89,95,108,93,82,105
"ko:K00340",600,542,425,477,753,551,550,625,588,666,540,591,568,566,522,526,419,605,572,596,664,612,589,642
"ko:K00340,ko:K05576",185,183,153,175,277,235,210,259,197,206,191,175,171,182,205,170,170,164,190,237,211,166,207,244
"ko:K00341",1291,1159,906,1014,1571,1443,1321,1383,1146,1293,1157,1064,1113,1089,1172,1130,1069,1564,1296,1298,1399,1287,1296,1425
"ko:K00341,ko:K05568",124,88,80,73,132,118,116,108,88,132,106,104,103,70,104,92,95,79,125,104,108,106,90,129
"ko:K00341,ko:K05568,ko:K12139",26,18,21,28,49,38,22,28,36,23,24,34,34,34,26,34,22,19,20,16,36,30,23,24
"ko:K00342",2216,1970,1572,1699,2843,2309,2204,2323,1831,2044,1931,1801,1825,1938,2059,1818,1737,2066,2180,2127,2331,2157,2104,2344
"ko:K00342,ko:K05575",65,36,23,50,70,51,42,46,42,66,48,50,48,52,40,25,23,25,40,30,39,31,40,48
"ko:K00343",1072,939,756,741,1264,1118,1196,1049,968,1145,991,890,951,878,943,906,927,1234,1087,1039,1193,1131,1081,1238
"ko:K00344",1239,1172,805,903,1681,1312,1339,1356,1141,1380,1212,1105,1214,1105,1281,1164,1033,1229,1288,1359,1359,1225,1293,1403
"ko:K00344,ko:K12442",18,16,14,8,30,26,19,22,18,20,18,10,14,24,23,16,5,20,16,18,14,16,19,14
"ko:K00355",77,62,42,50,94,76,76,74,66,89,74,65,80,72,71,60,88,521,73,80,86,91,108,114
"ko:K00356",79,73,55,63,105,75,73,99,64,99,68,83,51,66,64,68,86,75,81,94,110,114,101,85
"ko:K00360",113,101,99,64,164,108,112,143,86,93,69,99,102,109,93,95,84,92,107,74,134,92,118,171
"ko:K00360,ko:K00362",102,77,67,76,119,129,94,94,66,93,86,76,88,72,70,99,39,40,94,82,81,88,109,100
"ko:K00362",1340,1177,1012,955,1665,1376,1388,1402,1205,1371,1177,1126,1200,1215,1298,1103,1124,1971,1425,1469,1400,1421,1471,1517
"ko:K00362,ko:K00392",0,8,0,5,0,2,2,2,4,4,0,4,2,6,4,1,2,2,2,2,2,0,0,2
"ko:K00362,ko:K05297",300,236,202,250,351,348,274,249,388,444,353,302,376,350,322,277,242,221,374,274,315,292,392,342
"ko:K00362,ko:K18359",30,24,15,22,50,20,28,33,45,26,27,25,30,20,28,21,33,45,40,22,45,18,39,20
"ko:K00363",137,136,86,110,152,154,126,139,125,157,122,127,111,122,136,110,94,275,172,169,153,149,163,152
"ko:K00364",82,56,56,61,88,67,66,61,127,128,83,97,80,99,83,99,56,71,100,85,58,97,92,60
"ko:K00365",217,180,129,140,253,245,228,224,149,146,193,190,156,166,169,163,150,121,211,229,218,206,256,254
"ko:K00365,ko:K01452",111,124,89,92,127,106,106,154,109,104,96,76,108,112,92,97,97,129,117,107,117,116,107,153
"ko:K00366,ko:K00381",61,45,34,30,59,43,42,70,19,32,44,45,39,38,20,39,19,26,41,17,48,51,40,34
"ko:K00366,ko:K00392",861,878,691,673,1190,1082,936,1048,756,769,749,674,743,734,776,738,688,659,888,873,851,854,879,1043
"ko:K00367",6,2,5,8,12,4,4,14,7,23,6,10,13,14,16,10,11,11,12,9,12,7,16,12
"ko:K00368",378,409,227,287,486,375,434,419,347,419,353,367,347,362,410,352,316,298,332,365,444,371,428,431
"ko:K00368,ko:K07233,ko:K22349",521,459,404,351,552,544,465,446,515,595,459,497,431,473,456,405,317,311,470,343,506,411,459,417
"ko:K00368,ko:K08100",20,12,8,16,36,22,32,24,26,36,34,25,23,14,17,18,22,13,12,6,12,16,16,19
"ko:K00368,ko:K22349",22,20,10,22,20,12,14,21,16,18,16,23,20,12,32,16,27,14,18,10,30,8,15,26
"ko:K00370",1201,1056,838,903,1518,1148,1312,1316,1024,1198,987,984,1066,1049,1050,1085,928,910,1273,1200,1080,1212,1148,1310
"ko:K00370,ko:K00374",16,14,6,16,31,12,16,34,18,24,20,19,25,17,23,14,16,23,19,27,20,14,10,20
"ko:K00370,ko:K10700,ko:K16964,ko:K17050",84,61,71,60,95,90,92,63,76,116,77,86,79,113,75,72,57,44,32,44,63,88,49,74
"ko:K00370,ko:K17050",4,0,2,4,0,4,2,2,3,6,1,2,6,2,2,5,2,2,4,2,2,0,2,2
"ko:K00371",512,446,371,353,584,475,483,500,478,454,433,356,406,442,478,449,388,337,455,450,434,423,433,468
"ko:K00371,ko:K16965,ko:K17048,ko:K17051",63,51,34,56,60,48,51,64,33,51,45,52,49,48,37,51,45,36,23,33,44,34,44,71
"ko:K00372",840,783,659,649,1201,919,894,1063,877,926,875,672,809,825,876,763,763,1451,914,982,956,861,955,1044
"ko:K00372,ko:K02567",527,525,341,386,667,600,578,577,553,665,540,527,519,465,515,508,491,457,568,545,523,611,525,632
"ko:K00372,ko:K07307",23,22,6,17,24,21,34,30,31,34,31,12,27,42,32,20,10,18,22,32,26,24,22,28
"ko:K00373",76,58,31,61,71,66,93,66,66,71,65,56,60,92,60,37,41,44,64,81,68,63,66,77
"ko:K00373,ko:K17052",36,34,18,20,48,35,30,18,33,36,38,39,27,20,36,22,14,16,24,18,24,28,26,41
"ko:K00374",160,127,103,102,175,169,172,169,128,133,105,112,165,138,135,96,123,93,146,170,143,141,129,153
"ko:K00375",367,299,266,254,524,407,393,377,379,468,360,361,315,334,354,334,316,1063,401,432,375,386,405,373
"ko:K00375,ko:K05825",109,67,57,53,95,105,92,94,93,82,96,83,70,69,89,80,62,532,84,86,67,100,94,109
"ko:K00376",18,17,18,24,32,29,20,21,15,24,14,26,18,24,35,28,27,18,18,20,24,17,30,14
"ko:K00380",180,184,167,156,204,226,236,202,182,218,165,176,187,172,186,178,165,1159,247,235,236,181,246,237
"ko:K00380,ko:K02567",48,48,32,21,54,44,44,64,50,44,62,59,30,34,68,34,35,23,57,51,73,42,60,70
"ko:K00381",459,394,318,337,485,481,412,456,468,603,493,412,429,448,417,476,507,1027,478,606,599,494,613,595
"ko:K00381,ko:K00392",71,39,36,44,87,61,59,79,92,114,92,82,53,72,80,46,54,38,50,73,62,72,86,80
"ko:K00382",5257,4661,3726,3843,6890,5616,5366,5732,4629,5528,4968,4376,4626,4629,4868,4526,4257,4813,5527,5517,5482,5402,5487,5888
"ko:K00382,ko:K00627",134,95,89,66,165,120,138,120,151,182,147,120,125,133,147,93,99,92,147,112,118,153,118,168
"ko:K00383",652,533,396,470,821,732,636,662,527,687,576,539,582,571,665,607,498,880,625,688,611,688,690,693
"ko:K00384",2457,2273,1651,1806,3281,2625,2513,2487,2115,2676,2209,2091,2363,2114,2288,2227,1925,2241,2417,2469,2659,2457,2623,2594
"ko:K00384,ko:K03671",278,268,180,188,332,332,279,281,261,250,247,189,239,192,267,204,244,211,323,320,291,329,288,320
"ko:K00384,ko:K22345",15,21,8,11,24,15,18,13,16,12,11,18,12,11,12,9,8,9,11,6,20,14,10,19
"ko:K00387",115,121,98,67,144,158,117,143,91,147,93,84,94,86,83,70,78,67,125,125,123,121,108,98
"ko:K00389",89,99,59,61,93,86,129,99,76,84,82,71,74,67,90,79,64,58,87,79,103,101,74,114
"ko:K00390",486,462,380,358,653,555,480,609,423,455,421,444,487,369,457,449,487,601,477,520,519,549,522,569
"ko:K00390,ko:K00860,ko:K00958,ko:K13811",10,8,8,8,12,6,16,24,5,13,17,10,10,8,12,10,8,8,18,9,20,10,21,20
"ko:K00390,ko:K00957",47,55,37,41,71,62,48,54,57,57,43,44,42,57,34,53,46,32,46,25,48,48,44,38
"ko:K00394",314,254,218,234,312,267,279,277,316,390,355,267,256,285,278,308,227,196,366,247,254,322,278,274
"ko:K00395,ko:K02572,ko:K03616",5,8,0,2,2,4,2,2,0,2,4,4,4,4,12,4,5,4,10,2,0,0,6,4
"ko:K00404",722,637,478,531,835,657,709,617,697,860,773,643,641,656,759,689,561,545,729,679,682,784,797,728
"ko:K00405",139,133,94,122,151,120,127,150,129,178,97,103,93,144,144,128,116,106,122,122,143,139,140,133
"ko:K00406",4,4,10,6,6,4,8,4,0,10,10,4,0,2,3,0,2,10,8,4,9,12,6,9
"ko:K00410,ko:K00412",194,276,183,184,287,256,187,223,202,236,210,211,219,194,224,192,215,165,203,269,275,235,255,299
"ko:K00411",279,298,200,186,338,301,235,264,271,360,277,302,303,295,301,244,287,475,278,309,369,267,327,332
"ko:K00412",521,503,362,351,672,556,513,539,547,702,568,474,464,412,537,502,482,857,602,582,592,571,605,625
"ko:K00413",386,341,281,273,483,382,382,358,349,421,343,283,369,405,326,334,365,598,380,381,413,372,436,457
"ko:K00423",84,63,37,42,100,60,98,89,52,70,57,56,80,67,81,86,61,587,74,74,85,76,69,95
"ko:K00425",986,986,833,840,1407,1152,1208,1179,891,1133,1050,923,958,965,973,1008,930,1203,1119,1238,1225,1085,1226,1183
"ko:K00425,ko:K08738",234,269,159,189,317,254,262,258,222,273,246,237,225,225,216,236,190,163,239,215,239,174,199,176
"ko:K00426",543,459,384,371,702,559,528,532,473,496,415,390,439,496,471,406,422,696,557,478,612,484,497,616
"ko:K00427,ko:K03303",8,8,13,6,9,11,8,4,4,5,9,6,9,14,8,10,7,12,4,0,8,4,8,9
"ko:K00428",151,149,114,130,197,161,156,172,144,202,170,149,153,130,130,127,148,96,159,142,165,142,152,184
"ko:K00432",233,176,143,195,229,179,193,227,204,227,197,235,228,236,208,168,153,388,229,212,221,218,205,232
"ko:K00432,ko:K20207",22,4,17,14,26,20,15,16,26,18,19,17,19,24,16,16,20,18,14,8,20,4,17,26
"ko:K00433",1439,1287,872,1106,1583,1483,1241,1277,1175,1403,1166,1124,1255,1278,1264,1128,1171,1428,1470,1365,1474,1316,1433,1472
"ko:K00435",19,9,23,5,22,18,13,26,20,8,6,9,6,11,7,13,9,8,13,14,21,10,14,5
"ko:K00441",133,162,134,109,184,173,131,172,138,142,88,143,113,125,118,110,139,118,149,120,160,110,142,187
"ko:K00446",55,34,30,24,79,57,57,52,55,47,47,50,54,52,38,42,58,23,43,63,64,54,47,48
"ko:K00448",85,62,60,68,112,97,60,77,66,88,77,61,81,73,90,72,72,62,84,85,99,95,102,109
"ko:K00449",512,412,355,333,543,499,469,554,427,466,439,374,384,387,440,469,339,369,470,450,501,474,467,529
"ko:K00450",201,150,141,136,240,180,208,201,148,222,153,153,188,159,158,167,148,145,197,184,199,176,171,221
"ko:K00451",824,859,654,687,1336,995,1000,1060,861,941,832,750,786,802,828,734,789,1100,930,907,970,863,893,1050
"ko:K00452",45,44,36,28,43,60,73,45,34,58,59,40,45,56,43,62,50,232,44,73,81,56,72,46
"ko:K00453",414,374,273,225,498,466,423,393,342,444,354,327,349,336,314,316,369,665,379,423,430,390,422,467
"ko:K00455",85,59,58,49,88,71,81,74,99,97,90,72,66,53,75,65,57,36,61,40,64,58,71,62
"ko:K00457",1377,1352,1020,1054,1711,1487,1519,1503,1216,1505,1265,1147,1265,1172,1287,1214,1192,1477,1454,1456,1535,1439,1443,1599
"ko:K00459",630,637,438,486,848,717,659,615,661,725,647,579,616,623,628,602,540,830,735,643,671,716,751,744
"ko:K00459,ko:K02371",24,26,4,10,22,16,8,35,18,19,14,14,26,16,15,20,11,6,20,14,42,20,26,20
"ko:K00467",93,66,59,63,126,97,75,67,66,108,70,75,69,76,81,56,57,80,81,83,98,74,77,78
"ko:K00469",8,4,16,10,16,17,12,18,18,26,8,12,7,16,19,14,11,22,16,6,10,16,14,14
"ko:K00476,ko:K12979",14,12,17,17,20,20,8,10,10,12,7,10,11,12,10,16,13,9,8,22,10,15,24,16
"ko:K00479",341,280,232,253,428,367,366,407,306,310,259,291,325,294,300,323,276,329,386,388,368,360,394,436
"ko:K00480",30,13,14,12,30,25,28,20,23,19,14,19,31,10,17,24,15,19,20,24,40,32,18,36
"ko:K00480,ko:K14974",82,74,49,66,108,73,84,94,58,58,68,73,68,84,85,73,49,56,76,100,98,86,84,103
"ko:K00480,ko:K22270",26,21,11,10,32,22,25,16,24,24,27,15,18,24,31,34,4,14,29,20,22,26,20,29
"ko:K00481",407,351,312,267,462,405,386,398,324,443,353,351,350,318,384,382,301,319,426,410,429,377,411,496
"ko:K00483",34,37,25,28,41,47,52,38,32,39,42,42,44,39,49,40,34,39,24,40,64,47,49,51
"ko:K00486",74,91,62,54,102,115,92,80,75,101,76,68,63,78,74,80,70,486,119,86,84,90,114,85
"ko:K00493",230,190,134,163,318,263,193,262,173,224,179,184,172,181,194,170,178,206,198,206,251,214,221,225
"ko:K00493,ko:K14338",193,144,104,144,206,173,122,194,158,163,123,144,154,136,142,135,128,200,232,179,191,246,186,220
"ko:K00496",224,252,181,203,340,277,256,320,202,198,217,182,209,231,225,207,172,159,219,303,248,280,238,340
"ko:K00499,ko:K16319",102,71,73,97,117,101,95,111,112,122,110,60,65,109,84,115,76,461,98,110,114,157,106,145
"ko:K00500",268,262,159,181,296,242,248,255,278,322,255,234,236,265,276,239,236,489,284,279,279,253,338,362
"ko:K00505",51,41,33,34,50,42,42,39,60,58,32,36,38,28,42,44,26,603,48,34,39,56,60,36
"ko:K00507",382,322,229,210,427,351,337,341,356,462,347,284,331,339,353,300,356,909,394,382,379,371,418,433
"ko:K00508",356,342,361,311,480,374,395,437,348,365,312,315,299,360,334,328,335,663,415,392,329,380,385,460
"ko:K00518",175,107,139,128,192,121,128,131,115,112,104,118,130,132,154,126,122,103,163,150,151,151,147,173
"ko:K00520",122,108,110,78,143,141,108,133,123,140,119,91,106,116,128,125,84,87,125,113,124,131,109,114
"ko:K00520,ko:K21739",6,1,0,0,6,4,6,2,0,5,8,11,4,2,8,8,2,7,8,0,2,8,7,4
"ko:K00523",12,6,14,6,14,8,10,6,4,20,10,8,19,13,8,12,5,6,21,6,14,10,20,10
"ko:K00523,ko:K14581,ko:K18225",22,28,14,30,22,30,26,18,24,16,15,13,16,17,16,24,16,14,18,22,18,28,26,29
"ko:K00523,ko:K21832",33,35,30,35,40,52,30,54,40,47,28,44,46,37,34,26,39,40,34,47,49,56,40,44
"ko:K00525",4160,4048,3002,3148,5079,4318,3993,4307,3778,4413,4076,3654,3563,3599,3921,3632,3565,4821,4071,3981,4372,3830,4060,4318
"ko:K00526",719,605,450,478,827,622,555,629,667,714,611,590,543,618,611,597,528,883,666,698,658,668,681,654
"ko:K00528",679,594,484,514,828,739,729,749,596,706,663,606,635,565,626,594,596,864,792,723,809,781,816,888
"ko:K00528,ko:K03388",2,0,0,0,0,0,0,2,0,1,0,0,0,2,1,0,0,0,1,0,0,0,0,0
"ko:K00529",260,262,231,192,416,335,303,317,251,319,242,314,273,286,244,298,282,220,365,267,326,346,332,319
"ko:K00529,ko:K18254",44,44,36,33,73,77,42,47,48,50,36,33,30,38,52,39,36,33,49,44,58,49,56,50
"ko:K00537",235,183,128,146,244,159,216,218,203,195,164,153,178,182,226,164,200,381,191,245,239,184,213,234
"ko:K00537,ko:K03741",43,31,24,28,54,46,52,66,19,56,54,36,45,48,37,42,38,31,46,27,41,41,52,42
"ko:K00544,ko:K00548",43,34,21,35,49,44,22,35,35,39,23,27,30,24,50,28,30,49,24,40,34,38,21,42
"ko:K00545",18,24,18,4,32,22,22,38,20,22,13,22,18,24,20,14,20,34,16,26,42,12,18,25
"ko:K00547",75,55,46,85,100,104,89,108,80,77,67,75,95,78,87,64,62,47,71,67,72,81,91,102
"ko:K00547,ko:K21169",55,62,36,30,86,42,56,89,46,51,46,44,44,63,50,49,42,14,76,74,74,64,63,65
"ko:K00548",5827,5335,4320,4604,7470,6296,5926,6271,5272,5888,5231,5033,5305,5256,5289,4979,4512,5386,5465,5520,5807,5418,5574,6123
"ko:K00548,ko:K15023",180,150,131,143,189,157,179,177,186,192,167,157,147,112,207,185,129,98,145,117,133,128,181,169
"ko:K00549",1089,965,745,775,1401,1140,1051,1174,950,1069,957,904,963,918,994,969,885,1451,1098,1071,1096,1076,1078,1178
"ko:K00549,ko:K22363",311,301,243,248,394,387,306,314,296,330,367,290,301,309,331,279,236,243,348,255,332,325,290,353
"ko:K00554",579,491,352,339,656,536,552,484,472,615,495,482,478,428,431,429,433,600,475,569,515,576,572,568
"ko:K00556",236,251,182,188,418,324,345,360,231,238,225,224,193,226,245,246,196,157,263,302,268,306,264,298
"ko:K00557,ko:K03215",99,114,80,104,156,127,151,118,120,112,97,85,108,108,143,108,107,126,142,136,116,130,127,132
"ko:K00558",40,43,24,31,47,50,33,25,28,32,31,31,26,32,40,28,40,24,24,21,38,26,41,27
"ko:K00560",1060,895,762,724,1219,990,1015,1105,966,1074,946,850,820,739,832,854,814,1089,918,998,1084,1065,1077,1080
"ko:K00561",18,14,12,13,28,19,14,14,12,12,9,16,10,7,12,12,15,14,24,10,18,28,8,22
"ko:K00564",263,253,158,169,336,253,263,261,216,281,203,174,213,202,214,230,166,532,318,266,284,246,247,319
"ko:K00564,ko:K11391",56,36,31,11,50,61,32,56,37,50,26,29,46,38,38,45,34,29,83,48,80,58,45,54
"ko:K00566",1046,987,774,825,1421,1188,1077,1195,984,1113,1031,885,960,1069,983,944,876,1170,1081,1150,1180,1148,1103,1223
"ko:K00567",260,221,178,184,345,349,323,310,238,284,200,218,229,247,231,202,221,332,259,286,276,254,268,339
"ko:K00567,ko:K07443",16,18,4,8,23,18,18,14,10,15,24,17,14,8,17,20,10,8,16,12,18,8,10,8
"ko:K00567,ko:K10778",12,6,10,4,24,4,16,10,8,7,10,8,10,13,6,12,10,20,8,18,18,13,4,16
"ko:K00567,ko:K13529",141,128,125,100,189,172,140,182,104,165,132,140,128,150,145,121,101,71,163,157,150,159,159,162
"ko:K00568",788,720,584,529,848,768,717,720,775,813,688,732,736,698,737,668,641,1001,745,661,685,680,723,814
"ko:K00570",134,135,76,96,184,141,127,128,134,155,109,124,114,115,124,132,129,97,127,103,115,130,147,159
"ko:K00571",61,72,65,38,85,77,76,84,71,81,88,60,63,78,74,90,39,62,61,80,70,68,80,80
"ko:K00571,ko:K07319",23,18,12,6,20,14,15,17,8,6,18,6,5,10,14,18,7,16,10,14,3,11,14,13
"ko:K00573",375,354,253,280,400,320,388,386,303,400,329,342,311,323,333,257,288,706,377,342,421,381,403,418
"ko:K00574",1032,981,700,799,1342,1073,1089,1102,854,1105,901,967,891,913,995,961,769,1123,1103,1072,1060,1031,1165,1158
"ko:K00574,ko:K18164",36,34,42,26,68,33,49,61,51,55,40,52,43,34,51,28,47,49,49,71,66,59,62,85
"ko:K00575",217,181,139,140,264,218,197,219,159,214,184,164,196,170,189,206,187,158,254,185,237,189,239,262
"ko:K00590",13,24,6,9,5,14,6,12,8,5,6,9,10,1,7,8,4,5,12,3,16,12,12,16
"ko:K00594",65,75,47,69,104,110,78,94,82,98,69,66,57,84,59,64,56,57,98,92,78,72,81,93
"ko:K00595",274,205,146,181,310,255,278,289,187,243,208,183,193,190,214,234,198,190,298,222,287,294,234,266
"ko:K00596",58,53,39,45,70,50,70,68,61,59,52,42,53,60,36,37,39,34,71,66,62,51,62,84
"ko:K00596,ko:K00823",26,14,19,18,52,38,38,35,25,28,26,20,20,17,30,24,20,29,40,32,34,24,41,46
"ko:K00596,ko:K00836,ko:K15372",51,39,10,32,55,50,47,45,38,51,29,42,38,31,31,37,14,474,32,51,36,41,38,67
"ko:K00598",46,50,38,22,60,31,32,44,42,38,46,21,43,22,42,39,38,253,50,48,40,52,46,54
"ko:K00600",3076,2949,2298,2406,3923,3478,3243,3383,2936,3179,2885,2777,2873,2787,3026,2764,2512,2605,3132,3020,3241,3044,3135,3415
"ko:K00600,ko:K18847",63,72,53,63,85,77,78,78,51,62,62,56,56,59,73,57,49,32,78,68,64,64,55,62
"ko:K00602",2195,2095,1712,1628,2855,2464,2325,2534,2219,2421,2201,1952,2184,2149,2107,1932,1846,2151,2289,2293,2427,2230,2204,2445
"ko:K00604",551,470,404,354,639,614,594,519,493,615,467,570,488,455,481,442,422,664,550,561,536,574,540,579
"ko:K00605",1230,1096,800,810,1496,1261,1243,1294,963,1267,1009,1009,1098,1057,1066,1022,843,1148,1248,1155,1206,1189,1149,1310
"ko:K00606",902,881,628,677,1169,1073,957,963,778,943,809,818,763,791,871,715,796,930,936,940,960,978,887,908
"ko:K00609",1896,1693,1275,1267,2340,2047,1904,1974,1762,2014,1870,1756,1662,1700,1696,1605,1581,1685,1871,1814,1824,1753,1850,1932
"ko:K00611",1170,1209,850,921,1474,1358,1181,1350,1239,1347,1217,1110,1190,1071,1188,1163,985,795,1148,1110,1163,1102,1114,1276
"ko:K00611,ko:K09065",16,18,8,9,22,28,26,15,22,13,14,13,16,27,34,17,13,7,18,12,12,19,25,13
"ko:K00611,ko:K09065,ko:K13252",58,36,40,28,38,30,51,50,48,43,43,43,42,51,28,41,35,25,58,36,34,46,43,50
"ko:K00611,ko:K13252",32,27,26,36,51,36,36,50,35,46,49,48,42,37,31,50,26,20,38,46,38,33,29,32
"ko:K00612",47,55,73,62,76,50,50,71,36,70,55,59,59,43,64,55,36,36,49,31,93,60,62,70
"ko:K00613",52,30,36,38,64,68,72,57,30,59,47,48,32,42,60,48,25,26,54,33,37,36,48,70
"ko:K00615",2942,2647,2051,2239,3608,3174,3048,3108,2684,3090,2686,2362,2632,2524,2832,2383,2354,2840,3122,3056,2901,2916,2969,3122
"ko:K00616",762,705,565,592,957,704,694,801,706,887,734,700,703,614,691,656,611,859,763,724,789,787,768,772
"ko:K00619",82,64,64,65,124,87,88,117,68,94,95,68,96,90,73,75,64,206,92,99,84,90,65,86
"ko:K00620",1252,1114,853,927,1683,1295,1400,1417,1114,1338,1235,1103,1134,1178,1205,1269,1019,1019,1297,1359,1408,1400,1333,1548
"ko:K00625",154,113,84,99,199,160,136,187,148,202,166,135,171,147,142,143,106,89,144,106,121,125,155,162
"ko:K00625,ko:K00634",332,331,270,265,465,387,400,396,324,433,364,336,343,342,360,316,343,244,373,299,366,330,343,385
"ko:K00625,ko:K02028",12,4,0,4,18,13,10,8,6,4,2,0,9,2,6,4,4,3,6,4,2,2,2,2
"ko:K00625,ko:K13788",37,19,17,26,43,27,34,37,26,26,21,19,14,11,26,27,19,7,18,20,34,16,32,28
"ko:K00626",6792,6270,4872,5138,8901,7307,6903,7449,6113,7116,6388,5974,6025,5974,6047,6031,5274,5866,6754,6579,6999,6490,6924,7346
"ko:K00626,ko:K00632",2496,2419,1868,1988,3405,2723,2594,2966,2218,2483,2115,2088,2245,2198,2306,2109,1966,1866,2599,2566,2651,2441,2485,2811
"ko:K00626,ko:K00632,ko:K02615",12,19,6,11,16,28,15,14,17,22,15,14,14,23,21,13,10,8,12,10,9,4,22,15
"ko:K00626,ko:K00632,ko:K02615,ko:K07823",6,10,0,6,0,2,6,5,0,2,0,2,6,6,0,11,0,4,2,2,2,2,4,6
"ko:K00626,ko:K00632,ko:K07823",183,155,121,135,218,219,213,204,180,221,193,157,168,156,181,174,165,160,175,195,239,189,218,206
"ko:K00627",967,909,716,733,1217,1075,938,986,902,1073,985,864,911,918,923,857,815,1585,1036,1061,1056,1098,1127,1146
"ko:K00627,ko:K00645,ko:K01572,ko:K02160",14,15,9,12,24,10,7,6,14,2,13,8,18,10,8,14,11,11,18,12,6,8,15,18
"ko:K00627,ko:K00658",21,12,4,14,24,18,28,24,18,26,12,20,14,18,12,14,3,25,24,22,19,18,36,28
"ko:K00627,ko:K00658,ko:K09699",18,16,4,6,18,23,16,8,15,15,16,16,20,6,12,15,14,6,18,10,18,17,8,7
"ko:K00627,ko:K01607",22,20,10,22,16,27,28,12,12,9,21,7,6,20,15,17,5,4,8,4,22,10,9,16
"ko:K00627,ko:K09699",12,15,12,20,37,24,25,14,10,25,13,7,34,23,34,10,11,6,19,20,22,23,20,26
"ko:K00631",482,374,334,340,586,483,473,498,425,530,408,356,446,443,436,359,392,1302,468,510,558,521,529,570
"ko:K00632",455,403,284,327,605,461,451,475,459,475,435,346,440,418,415,405,338,824,471,449,428,463,469,515
"ko:K00635",304,314,228,217,423,335,343,378,286,274,278,280,288,264,306,315,264,295,256,316,354,295,302,370
"ko:K00638",97,57,47,47,91,98,67,76,63,87,62,49,63,51,62,70,60,75,79,83,84,76,126,103
"ko:K00638,ko:K18234",65,69,51,48,97,80,63,73,60,69,56,64,71,49,52,58,44,56,59,79,112,72,83,61
"ko:K00639",756,725,504,486,937,723,673,696,670,882,708,690,679,594,702,634,600,1028,737,794,768,742,852,917
"ko:K00639,ko:K00652",225,201,161,148,238,180,152,218,178,283,193,187,195,170,185,190,155,178,145,148,229,143,159,210
"ko:K00640",445,376,322,304,476,509,419,469,459,488,474,373,378,314,453,368,298,314,432,437,454,384,479,481
"ko:K00641",1168,998,702,853,1450,1188,1190,1145,1095,1229,1085,961,1016,1073,1121,1036,915,1805,1230,1146,1226,1189,1239,1268
"ko:K00643",612,585,434,370,742,587,539,670,494,625,548,480,480,558,578,471,437,480,584,632,637,562,532,652
"ko:K00645",1077,987,722,752,1364,1072,1133,1219,999,1039,889,933,929,958,1046,892,733,1017,1085,1145,1052,1074,1036,1205
"ko:K00645,ko:K13935,ko:K15355",18,12,15,13,14,14,10,8,21,27,20,18,10,16,14,10,9,13,22,14,10,19,6,15
"ko:K00645,ko:K15327,ko:K15329",8,6,7,6,29,18,14,12,10,8,6,0,13,24,8,8,6,8,10,4,6,8,14,4
"ko:K00645,ko:K15355",82,79,54,60,98,97,71,74,73,120,69,61,83,59,57,63,65,80,81,56,77,88,77,109
"ko:K00646,ko:K09458",87,60,66,61,122,96,91,66,120,150,105,64,88,101,69,103,83,71,95,63,66,75,102,86
"ko:K00647",725,666,514,515,1004,742,751,760,674,819,659,652,662,645,724,674,617,1022,746,837,822,814,759,823
"ko:K00648",1457,1359,976,1194,1943,1617,1492,1610,1389,1599,1356,1312,1356,1353,1409,1259,1179,1930,1590,1479,1638,1593,1570,1703
"ko:K00648,ko:K11608",75,111,92,70,136,138,95,138,97,124,91,88,114,73,83,100,63,86,110,132,117,99,113,147
"ko:K00648,ko:K22317",48,31,18,30,47,25,16,36,30,43,24,27,34,20,23,16,14,21,30,24,30,27,25,34
"ko:K00651",109,64,56,54,84,58,74,70,71,76,74,62,88,49,58,64,78,60,73,102,74,80,100,82
"ko:K00652",268,266,197,176,318,355,292,381,257,260,252,218,257,226,237,259,201,529,216,243,292,305,293,340
"ko:K00652,ko:K00654",78,82,57,73,98,78,79,60,82,97,56,44,54,56,50,62,45,47,86,78,80,72,71,82
"ko:K00652,ko:K01906",87,92,97,90,182,130,135,141,95,95,96,113,133,117,80,107,73,78,154,128,122,101,124,141
"ko:K00655",943,829,670,750,1270,986,957,968,756,918,735,746,750,738,873,757,786,962,1007,975,949,961,1019,1110
"ko:K00655,ko:K15781",93,112,84,88,121,118,115,128,85,138,110,97,94,97,88,91,66,100,106,93,144,115,103,142
"ko:K00656",741,699,495,585,827,696,772,743,751,946,777,745,683,772,813,662,697,621,716,668,834,662,787,831
"ko:K00657",22,53,36,41,52,58,32,40,58,47,24,50,41,26,37,42,15,224,50,30,40,48,48,46
"ko:K00657,ko:K00663",18,18,10,12,30,28,12,22,20,30,9,22,12,20,11,20,6,28,20,12,27,20,34,31
"ko:K00657,ko:K07023",36,29,16,28,44,32,24,41,34,20,20,31,24,13,28,39,30,7,38,43,34,22,28,32
"ko:K00658",1810,1619,1328,1341,2193,1906,1682,1963,1675,1968,1792,1437,1536,1505,1555,1639,1415,1679,1814,1727,1856,1823,1836,2017
"ko:K00658,ko:K09699",70,36,47,48,80,57,60,84,52,62,55,56,52,78,54,42,38,41,70,64,66,67,78,38
"ko:K00661",191,190,122,139,231,230,198,249,166,196,187,183,156,151,164,189,147,157,204,172,211,216,180,263
"ko:K00661,ko:K03818",10,4,20,10,18,7,2,2,6,4,12,4,11,8,10,4,10,9,4,6,6,6,12,6
"ko:K00662",68,66,16,38,55,38,58,46,46,46,45,52,33,58,46,34,45,50,56,28,58,85,60,61
"ko:K00663",20,18,6,12,28,24,16,14,15,32,11,13,28,18,9,19,26,17,26,19,16,19,13,21
"ko:K00666",2327,2126,1602,1674,2962,2483,2432,2494,2011,2236,2006,1969,2073,1978,2061,2146,1737,1756,2415,2357,2491,2250,2286,2465
"ko:K00666,ko:K01897",266,242,181,201,311,287,230,276,238,306,177,223,230,207,225,234,213,236,246,231,280,258,246,281
"ko:K00666,ko:K01909",40,26,35,40,72,43,67,49,61,54,30,43,61,30,49,30,26,28,55,32,34,52,73,43
"ko:K00666,ko:K02182",427,382,311,353,549,466,442,492,380,520,412,390,380,384,444,387,338,337,379,336,500,412,470,455
"ko:K00666,ko:K02182,ko:K20034",164,161,103,133,238,197,190,179,146,205,159,176,166,148,194,179,128,122,128,187,190,201,139,168
"ko:K00666,ko:K04110,ko:K12424",20,12,7,14,24,28,14,25,20,13,16,12,11,2,14,8,13,20,36,18,36,24,28,20
"ko:K00666,ko:K12423,ko:K12426,ko:K12428",28,15,4,8,30,12,14,22,14,20,12,12,6,7,10,20,12,10,20,22,20,20,18,20
"ko:K00666,ko:K16876",22,27,20,16,40,35,33,37,41,40,24,42,30,24,26,23,23,14,20,36,49,18,34,44
"ko:K00666,ko:K18687",60,64,70,51,67,87,75,70,70,67,66,55,60,47,63,60,59,68,69,74,67,86,66,85
"ko:K00666,ko:K18688",4,7,8,4,12,10,4,10,8,8,14,12,10,6,8,8,8,10,10,16,4,18,4,10
"ko:K00666,ko:K20034",60,70,45,48,59,65,61,53,74,57,56,52,77,36,40,47,38,51,43,52,73,73,42,54
"ko:K00666,ko:K21909",27,10,0,2,12,6,11,8,20,21,23,13,12,12,11,16,4,2,10,14,10,8,13,8
"ko:K00672",12,4,2,8,6,11,2,2,6,16,13,4,6,6,14,3,8,6,5,11,4,12,9,9
"ko:K00674",768,736,546,592,1033,700,760,767,709,895,746,669,667,695,739,729,633,905,766,760,847,788,735,856
"ko:K00675",28,21,24,16,20,20,42,26,22,36,28,25,34,19,14,16,20,291,24,16,36,26,16,16
"ko:K00677",234,167,129,186,232,275,207,254,190,244,211,167,154,173,219,206,201,456,316,249,242,333,320,262
"ko:K00681",1286,1187,903,945,1721,1488,1322,1443,1176,1456,1193,1217,1256,1246,1277,1161,1177,2083,1420,1320,1521,1448,1454,1533
"ko:K00683",62,49,46,42,74,73,66,92,37,61,60,48,58,46,48,74,46,314,74,70,66,79,74,75
"ko:K00684",142,163,138,98,269,195,177,220,159,200,174,134,145,166,127,168,154,347,202,152,223,175,204,193
"ko:K00687,ko:K12553,ko:K21465,ko:K21466",8,4,0,4,28,12,14,6,2,4,10,2,16,4,10,7,0,10,4,2,2,8,0,4
"ko:K00688",1426,1269,1039,1048,1855,1516,1484,1611,1366,1363,1253,1159,1185,1215,1364,1160,1109,1032,1361,1381,1441,1315,1315,1629
"ko:K00692",33,30,38,20,42,44,38,40,54,50,42,33,50,26,25,26,20,35,47,18,47,41,42,58
"ko:K00692,ko:K20811",2,2,0,2,4,2,5,4,0,2,0,2,4,8,2,2,0,2,0,2,0,0,0,2
"ko:K00693,ko:K00696,ko:K00754,ko:K03208,ko:K20430,ko:K20444",4,5,10,7,12,4,3,8,2,6,8,5,4,1,0,8,6,5,10,2,12,4,2,1
"ko:K00694",345,301,216,254,418,290,324,363,281,321,320,258,275,300,305,296,274,338,370,345,326,422,379,409
"ko:K00696",14,6,12,14,6,12,22,12,2,10,13,10,10,10,10,16,6,9,4,6,8,12,6,10
"ko:K00697",319,256,271,226,389,346,339,308,272,325,301,280,240,293,308,238,236,274,327,315,358,284,328,363
"ko:K00697,ko:K03692",16,5,8,4,12,12,6,12,17,14,9,9,12,12,14,8,4,7,4,8,9,6,14,16
"ko:K00697,ko:K16055",510,433,307,326,603,502,480,546,386,441,414,366,400,393,391,355,363,298,457,521,457,466,479,535
"ko:K00700",1009,945,710,748,1226,1021,977,1061,901,962,884,832,797,795,986,827,902,804,1054,993,1068,948,999,1181
"ko:K00701",90,53,53,40,58,62,85,84,48,61,79,48,67,74,47,34,59,607,69,76,80,86,62,79
"ko:K00702",2,4,1,8,8,3,3,4,5,10,6,5,3,1,8,4,7,3,6,0,7,1,2,2
"ko:K00703",244,245,188,221,323,289,227,253,251,256,231,218,226,220,264,223,196,161,266,235,289,277,290,347
"ko:K00705",237,205,203,151,310,295,231,301,246,243,194,196,230,200,255,216,167,186,263,206,310,259,227,303
"ko:K00705,ko:K06044",67,48,44,36,98,74,50,52,50,73,50,53,59,74,60,54,37,42,48,66,52,40,58,66
"ko:K00713,ko:K06338",8,4,2,3,6,6,2,5,10,6,4,0,2,12,17,4,6,6,6,8,0,6,4,10
"ko:K00720",23,23,25,8,14,19,16,18,26,18,18,32,28,26,18,16,18,21,18,17,22,16,18,33
"ko:K00721",446,393,302,404,647,495,479,498,418,492,435,417,383,392,458,408,378,601,481,489,554,536,470,576
"ko:K00721,ko:K10012",55,46,35,43,74,50,57,46,38,58,33,42,32,35,43,11,19,37,44,40,48,35,46,50
"ko:K00728",143,117,110,133,165,137,163,196,117,147,124,120,136,119,130,140,100,90,167,162,150,212,147,154
"ko:K00748",135,126,114,108,175,192,152,186,125,208,174,138,153,168,162,174,147,431,190,164,179,219,165,197
"ko:K00756",89,37,40,46,87,26,61,68,62,82,68,68,63,64,69,59,33,30,61,41,44,65,63,50
"ko:K00756,ko:K00758",649,660,430,473,884,791,638,667,570,611,547,465,572,547,511,607,501,483,649,609,685,579,630,706
"ko:K00758",136,118,86,122,198,145,160,155,134,171,146,133,111,136,162,142,92,147,115,126,178,166,187,142
"ko:K00758,ko:K05774",20,10,10,12,14,10,30,18,9,20,16,6,6,18,22,13,8,12,6,17,18,26,8,24
"ko:K00759",400,369,259,293,509,453,392,436,347,412,378,358,292,292,385,369,340,505,345,378,486,453,353,440
"ko:K00760",607,579,401,428,708,558,552,619,440,619,475,478,432,468,500,494,439,601,586,572,552,509,606,618
"ko:K00760,ko:K04075",198,199,161,126,253,242,202,279,172,204,180,176,152,145,170,164,151,160,209,213,220,236,224,246
"ko:K00761",926,909,646,659,1257,1023,1043,1125,876,901,901,850,808,886,893,840,739,958,1005,953,984,986,999,1020
"ko:K00762",570,518,363,456,742,620,591,625,530,542,451,499,506,464,475,549,428,591,639,578,609,567,644,657
"ko:K00763",1100,1071,771,920,1501,1257,1257,1260,988,1170,1027,1056,1035,984,956,1091,825,748,1182,1099,1163,1110,1161,1226
"ko:K00764",2474,2206,1670,1757,3062,2708,2349,2490,2319,2443,2252,2154,2096,2142,2183,2005,1940,2104,2302,2352,2491,2350,2375,2540
"ko:K00765",447,416,297,323,522,445,428,412,387,532,382,407,362,413,416,334,302,485,449,401,445,383,412,444
"ko:K00765,ko:K02502",398,400,284,297,607,463,450,453,412,414,365,298,409,387,353,309,344,314,436,478,459,382,380,452
"ko:K00766",658,629,488,518,918,755,672,691,694,762,690,590,659,679,657,636,544,904,661,691,746,692,728,756
"ko:K00766,ko:K13497",335,300,205,227,393,332,320,352,240,323,258,250,280,244,298,288,269,226,345,348,336,334,330,341
"ko:K00767",500,406,366,364,577,481,432,506,482,505,441,375,439,429,441,403,395,598,466,449,469,469,479,594
"ko:K00768",360,262,264,263,444,378,410,388,262,356,331,320,312,267,339,308,273,614,402,393,388,447,451,396
"ko:K00769",262,190,124,132,274,196,191,227,162,251,198,189,180,198,187,181,145,160,212,180,200,199,226,204
"ko:K00772",504,408,318,378,665,557,555,524,516,497,459,439,405,384,440,437,364,339,480,396,506,496,488,515
"ko:K00772,ko:K03784",152,158,124,102,221,209,200,170,125,183,156,167,127,153,154,146,152,88,159,145,156,152,140,172
"ko:K00773",825,806,518,589,1030,869,822,868,793,919,890,699,684,742,881,878,673,1030,742,784,834,752,928,907
"ko:K00782",47,46,44,31,61,92,52,67,40,47,44,58,45,58,46,48,43,52,57,62,48,82,51,78
"ko:K00783",148,174,93,128,234,188,179,209,153,147,186,159,170,154,183,144,137,284,182,162,210,208,177,209
"ko:K00784",91,74,79,59,127,114,128,106,86,86,66,82,84,92,104,79,67,87,112,90,109,101,138,132
"ko:K00786",20,18,21,14,12,18,38,9,18,29,24,10,14,12,14,15,17,20,20,24,24,24,35,12
"ko:K00786,ko:K08305",286,323,202,207,447,379,287,306,318,312,255,284,274,272,302,316,257,251,292,323,323,359,337,315
"ko:K00788",260,216,185,179,358,286,300,269,216,299,245,246,254,249,281,221,201,384,306,323,318,299,309,310
"ko:K00788,ko:K01447,ko:K03806",38,23,24,32,27,54,20,33,30,22,22,32,10,34,26,36,15,25,36,20,26,24,28,30
"ko:K00789",1565,1470,1082,1084,1914,1594,1571,1591,1440,1700,1370,1393,1325,1183,1366,1375,1279,1508,1365,1474,1475,1483,1509,1558
"ko:K00790",2302,2164,1737,1671,2989,2510,2431,2502,2090,2421,2039,1982,2047,1966,2138,2036,1954,2121,2317,2387,2580,2344,2363,2621
"ko:K00791",292,267,195,232,350,358,304,326,231,266,223,232,296,280,254,227,227,554,303,322,323,308,341,345
"ko:K00793",431,472,343,349,633,540,516,518,442,504,446,402,477,462,408,398,356,630,466,509,570,569,484,541
"ko:K00794",365,336,267,304,542,381,364,407,343,365,346,303,338,318,351,360,301,410,357,401,362,377,393,401
"ko:K00795",253,223,168,179,312,250,280,255,249,260,260,229,263,216,253,224,206,482,264,246,259,271,281,307
"ko:K00796",662,592,591,568,922,815,844,815,543,753,610,588,683,646,661,702,514,773,691,618,728,657,685,781
"ko:K00796,ko:K00950,ko:K01633",28,38,26,48,48,64,61,54,47,44,57,32,31,41,48,23,26,25,54,43,52,38,51,48
"ko:K00796,ko:K13941",34,29,28,25,32,29,22,32,25,32,25,30,38,27,52,28,21,25,48,32,50,32,32,40
"ko:K00796,ko:K13941,ko:K18824",6,12,5,9,10,9,16,20,16,22,10,6,6,16,9,6,9,5,17,12,10,6,12,16
"ko:K00797",356,335,276,255,456,326,357,353,334,411,411,344,314,331,326,336,302,553,359,397,404,389,384,429
"ko:K00797,ko:K01611",14,22,24,35,35,21,28,29,18,30,26,34,20,24,14,22,21,18,20,38,38,27,14,42
"ko:K00798",471,425,359,378,720,523,510,571,446,551,489,453,454,533,501,462,385,534,504,499,564,479,526,572
"ko:K00799",1372,1297,954,958,1605,1435,1307,1335,1207,1381,1199,1161,1186,1182,1311,1178,1043,3481,1434,1365,1525,1356,1481,1469
"ko:K00799,ko:K03790",2,2,2,4,8,2,4,0,0,0,4,6,4,2,6,0,2,0,4,0,6,4,0,2
"ko:K00799,ko:K11209",25,31,37,36,52,44,38,38,35,64,58,45,48,53,42,41,27,43,76,38,33,40,51,61
"ko:K00800",1117,1103,765,807,1528,1229,1213,1257,1101,1323,1093,1000,1098,1050,1061,992,800,1143,1183,1193,1337,1103,1207,1296
"ko:K00803",245,169,142,177,234,270,217,254,186,210,189,173,214,201,213,191,187,158,227,244,218,209,215,240
"ko:K00805",439,381,251,293,485,489,515,479,378,387,345,396,347,304,328,349,351,304,356,467,422,427,464,440
"ko:K00806",453,411,310,351,561,473,503,448,465,521,431,366,428,387,427,383,342,555,400,434,477,465,410,459
"ko:K00806,ko:K12503",357,377,285,312,498,455,440,471,337,361,361,314,337,341,352,356,299,290,418,391,387,387,373,394
"ko:K00806,ko:K14215,ko:K21273",299,333,228,228,347,359,335,335,261,309,311,286,297,294,286,261,300,245,330,336,300,292,343,353
"ko:K00808",362,435,280,328,447,436,396,367,431,446,360,313,376,330,381,340,316,335,389,421,428,449,395,446
"ko:K00809",172,117,104,100,227,167,147,168,135,192,145,132,145,118,131,145,99,91,120,128,124,99,108,102
"ko:K00812",998,796,678,650,1243,936,898,987,871,973,901,854,852,778,930,788,833,1210,957,968,999,953,981,1099
"ko:K00812,ko:K08969,ko:K10206,ko:K14261,ko:K14267",2,12,0,4,4,14,6,6,7,11,10,2,8,8,10,0,2,2,0,3,4,6,6,4
"ko:K00812,ko:K10907,ko:K14260,ko:K14267",14,0,0,6,5,8,0,8,14,7,5,2,6,2,10,10,7,2,2,4,0,0,6,6
"ko:K00812,ko:K10907,ko:K14267",158,167,163,149,285,270,233,212,152,173,167,121,179,142,124,143,124,105,181,167,194,186,184,195
"ko:K00812,ko:K12252",100,76,56,41,70,65,72,84,71,75,73,75,71,68,49,63,51,67,77,78,64,86,83,118
"ko:K00812,ko:K14260",230,194,100,158,273,238,207,207,199,188,190,181,184,180,174,182,190,167,264,278,210,228,256,256
"ko:K00812,ko:K14260,ko:K14267",277,234,181,197,349,250,258,259,202,170,213,197,215,204,200,180,198,178,259,249,231,237,213,248
"ko:K00812,ko:K14267",410,336,315,282,521,431,457,441,322,401,356,385,336,323,403,370,301,308,509,499,421,416,387,464
"ko:K00817",1533,1411,1071,1076,1923,1815,1719,1699,1360,1605,1425,1441,1427,1386,1454,1295,1199,1861,1686,1744,1594,1641,1603,1811
"ko:K00817,ko:K01089,ko:K01693",359,352,256,297,459,451,367,355,306,381,345,392,335,306,338,375,269,301,301,370,418,386,388,423
"ko:K00817,ko:K04720",34,22,20,42,59,74,60,56,33,57,42,33,54,47,40,22,33,47,60,59,56,77,48,55
"ko:K00819",670,552,432,479,785,611,680,704,500,669,517,556,484,584,602,515,507,460,743,672,743,664,645,748
"ko:K00819,ko:K00821",116,112,73,88,146,110,93,109,112,123,98,99,86,93,91,113,100,94,139,119,160,114,130,130
"ko:K00820",2847,2624,2180,2111,3523,3067,3060,3209,2631,3126,2574,2508,2573,2409,2739,2434,2321,2998,2989,2939,3015,2936,3052,3024
"ko:K00821",693,628,467,437,867,707,692,612,582,728,683,523,574,584,653,571,625,912,685,719,727,669,670,711
"ko:K00822",678,537,389,419,777,654,642,629,630,711,742,583,570,603,660,580,515,462,670,716,675,680,644,666
"ko:K00822,ko:K00833",34,21,12,13,25,17,20,22,32,41,16,22,11,24,9,11,10,12,32,20,26,30,33,21
"ko:K00823",383,358,285,300,498,405,359,426,320,412,362,267,352,340,342,331,270,275,407,349,447,466,403,491
"ko:K00823,ko:K00836,ko:K07250",104,89,70,83,135,115,129,90,99,90,75,100,81,98,93,97,104,95,122,116,101,89,102,130
"ko:K00823,ko:K07250",60,36,33,41,70,38,42,52,42,52,48,38,53,44,51,30,49,43,38,52,66,60,68,59
"ko:K00824",204,197,163,121,200,191,197,187,179,241,205,185,167,170,191,175,134,159,204,190,222,177,200,266
"ko:K00826",1296,1206,969,997,1694,1522,1407,1509,1281,1438,1307,1155,1234,1171,1306,1223,1153,1857,1416,1432,1459,1335,1379,1507
"ko:K00830",531,396,365,347,612,514,471,549,438,589,465,439,399,397,447,426,337,344,449,401,490,421,455,509
"ko:K00830,ko:K00839",148,121,134,134,216,157,151,187,125,93,118,131,119,116,136,94,116,99,118,125,137,138,147,159
"ko:K00831",1186,1185,810,907,1538,1289,1252,1395,998,1228,1065,1018,1087,1102,1062,1008,976,1213,1160,1393,1316,1217,1232,1307
"ko:K00832",98,74,65,70,98,92,82,72,123,133,94,113,127,108,117,87,84,111,123,122,111,125,99,128
"ko:K00833",360,290,227,212,429,370,352,377,318,348,293,304,251,291,324,285,295,721,402,294,364,336,369,395
"ko:K00835",2,2,0,2,12,10,8,10,2,6,10,2,12,8,5,4,4,4,8,6,12,12,8,4
"ko:K00836",201,202,139,170,260,221,214,256,182,198,168,196,178,193,192,130,187,203,294,236,268,255,230,238
"ko:K00845",810,706,584,570,1009,894,836,921,736,943,743,649,679,694,708,732,574,1545,829,796,857,833,903,948
"ko:K00845,ko:K00847",14,24,16,22,34,16,16,14,35,26,24,19,14,32,16,24,20,20,15,18,24,30,24,30
"ko:K00845,ko:K00886",163,165,124,126,198,201,149,202,135,188,176,111,124,138,135,128,117,124,148,197,186,153,179,211
"ko:K00847",190,186,153,159,237,197,231,273,177,208,191,153,163,177,172,185,138,505,229,207,208,237,219,273
"ko:K00847,ko:K00856",137,121,96,90,139,171,113,155,118,167,121,133,122,111,130,115,103,120,99,119,135,140,161,140
"ko:K00848",98,104,106,82,182,153,131,154,97,139,128,116,103,120,102,132,109,68,140,110,107,163,147,150
"ko:K00848,ko:K01813",0,0,2,2,6,9,2,2,4,0,4,0,2,4,4,4,2,0,2,0,0,0,4,2
"ko:K00849",267,282,198,208,389,316,312,336,310,315,319,336,243,290,314,237,187,216,345,340,278,321,307,354
"ko:K00849,ko:K00965",32,25,28,17,38,33,29,46,18,32,34,24,36,30,28,22,21,35,50,34,28,34,20,20
"ko:K00850",24,14,12,17,23,26,18,36,18,22,10,12,6,20,15,21,9,26,22,18,16,25,16,13
"ko:K00850,ko:K02351,ko:K07245,ko:K21071",67,62,40,43,95,84,52,72,70,65,73,76,67,63,62,53,42,27,82,70,68,73,73,74
"ko:K00850,ko:K21071",96,117,74,103,113,126,97,92,110,112,91,82,93,96,90,95,60,70,88,114,92,104,138,111
"ko:K00851",49,67,44,40,109,65,68,65,46,55,62,55,70,82,66,54,33,33,49,85,75,50,59,74
"ko:K00851,ko:K01057",20,23,24,20,26,30,28,20,23,17,12,13,16,16,16,6,20,9,22,31,29,34,26,24
"ko:K00852",350,346,224,269,442,418,402,380,278,334,260,281,295,308,314,292,249,733,393,354,391,408,380,399
"ko:K00853",260,236,191,191,318,253,250,289,224,255,285,237,214,195,203,253,274,177,267,297,293,257,294,317
"ko:K00854",557,499,382,417,666,682,588,558,539,600,552,480,524,442,607,496,429,450,560,652,630,599,654,754
"ko:K00855",112,110,70,74,110,104,112,116,108,125,117,100,94,71,105,84,89,87,113,102,110,135,120,134
"ko:K00856",354,324,257,263,475,350,333,379,302,338,316,265,316,233,294,239,320,468,338,406,342,360,388,430
"ko:K00857",490,485,422,346,652,540,532,496,380,466,360,440,438,416,414,379,373,534,512,527,574,490,455,523
"ko:K00858",629,565,416,464,811,733,680,698,575,682,556,573,525,579,547,587,486,723,606,655,621,618,652,750
"ko:K00859",235,236,164,165,297,248,237,241,196,263,225,227,258,228,247,205,190,360,240,226,252,223,267,300
"ko:K00860",203,209,111,132,253,243,199,214,162,183,158,171,157,151,181,169,148,97,176,157,203,207,181,208
"ko:K00860,ko:K00958",89,102,71,78,104,104,86,88,61,99,69,74,82,71,80,59,81,52,66,115,64,83,75,86
"ko:K00863",76,55,48,29,44,74,52,88,56,46,37,50,52,61,58,54,51,48,60,74,70,54,64,94
"ko:K00863,ko:K05878",264,233,144,163,313,286,260,312,224,280,248,200,229,176,190,193,183,192,305,225,277,255,282,269
"ko:K00864",1703,1540,1247,1302,2276,1939,1668,2013,1632,1864,1460,1413,1481,1528,1542,1480,1244,1721,1656,1623,1721,1564,1695,1815
"ko:K00865",271,271,191,207,373,318,289,372,251,246,238,236,254,267,253,252,196,249,278,270,323,294,318,343
"ko:K00867",776,770,617,588,1046,861,866,812,687,813,677,630,729,691,777,709,627,583,828,869,880,844,922,992
"ko:K00868",439,309,255,324,534,433,412,432,357,409,313,305,352,318,401,304,297,296,409,386,373,393,373,455
"ko:K00868,ko:K00941",4,6,2,12,5,10,7,9,3,8,12,4,11,6,2,6,2,2,6,4,2,6,2,9
"ko:K00872",276,259,188,212,397,331,276,327,234,334,232,207,281,260,284,284,212,584,321,326,337,333,354,357
"ko:K00873",1999,1905,1514,1512,2727,2056,2011,2140,1742,2067,1841,1599,1765,1827,1819,1666,1556,1847,2080,2056,2079,2220,2111,2188
"ko:K00874",345,210,192,197,405,342,275,301,319,326,356,259,250,279,262,256,235,222,304,318,312,278,311,366
"ko:K00874,ko:K03338",14,14,17,2,12,16,12,21,8,6,12,8,6,15,10,18,14,7,24,14,15,12,18,7
"ko:K00875",30,25,17,18,50,35,27,18,36,21,28,23,30,27,26,22,27,20,42,35,35,30,30,23
"ko:K00876",94,87,45,70,89,80,82,78,66,96,72,59,56,65,64,65,65,58,84,78,70,66,82,69
"ko:K00880",98,86,54,66,120,79,81,100,91,104,82,106,91,92,77,88,72,83,112,134,105,86,89,121
"ko:K00882",104,106,52,86,156,155,125,126,102,109,91,103,96,133,105,96,102,77,130,122,125,96,145,138
"ko:K00882,ko:K16370",102,69,82,51,123,123,108,134,89,72,71,78,72,71,97,82,67,80,79,96,121,102,93,136
"ko:K00883",118,101,65,108,151,117,120,135,112,102,116,87,108,85,98,114,76,320,136,119,143,119,162,143
"ko:K00884",59,46,40,50,70,62,60,84,49,74,40,58,72,60,64,55,56,366,68,83,61,74,56,75
"ko:K00884,ko:K00885",26,18,6,18,26,19,24,34,24,26,46,16,14,20,22,30,25,18,26,28,28,37,32,25
"ko:K00887,ko:K00901",0,2,0,2,6,6,4,4,4,0,4,4,0,0,3,2,0,0,2,2,0,4,8,4
"ko:K00891",265,208,192,169,335,280,201,249,189,211,177,213,200,177,232,199,181,361,237,220,257,252,222,281
"ko:K00895",228,140,121,140,250,170,182,205,180,201,195,157,211,157,174,140,127,96,184,170,183,179,143,209
"ko:K00895,ko:K21071",38,32,24,24,45,40,41,39,12,40,29,16,15,33,40,36,33,20,33,38,34,22,33,26
"ko:K00899",24,32,12,9,33,31,46,20,28,27,24,33,33,25,33,14,27,28,37,26,22,31,43,27
"ko:K00901",84,74,32,47,72,59,61,62,59,43,60,75,62,66,54,29,67,192,65,63,69,76,65,75
"ko:K00903",4,2,2,2,24,12,8,14,2,8,6,3,6,8,6,4,4,6,2,6,4,9,4,4
"ko:K00906",305,283,224,196,337,291,282,300,332,422,366,282,328,315,344,279,243,813,318,308,286,330,332,335
"ko:K00912",134,119,84,101,131,133,122,101,126,161,158,107,129,139,135,136,93,402,140,146,144,136,104,154
"ko:K00919",212,184,158,147,269,295,241,209,214,246,208,172,204,204,259,208,172,494,251,240,209,261,272,269
"ko:K00925",190,177,155,166,229,187,180,223,188,220,220,141,200,156,158,159,141,164,215,233,197,203,191,208
"ko:K00926",100,99,74,61,150,130,114,120,91,87,98,91,117,86,123,92,76,87,95,120,104,116,86,131
"ko:K00927",1262,1109,778,830,1532,1153,1115,1285,1114,1330,1150,1094,1111,1070,1129,1121,967,1300,1186,1115,1131,1258,1197,1324
"ko:K00927,ko:K01803",537,499,444,386,759,705,565,559,476,586,524,450,506,447,556,457,414,388,585,593,615,520,580,569
"ko:K00928",1673,1494,1227,1143,1947,1800,1647,1858,1580,1904,1544,1541,1452,1463,1631,1451,1279,1182,1688,1593,1623,1617,1685,1721
"ko:K00930",1771,1669,1245,1350,2214,1930,1873,1751,1568,1896,1594,1538,1515,1445,1618,1564,1352,1245,1680,1692,1868,1664,1790,1823
"ko:K00931",916,850,635,676,1261,1103,1038,1109,899,1073,979,817,960,904,913,930,791,1052,1059,950,1092,1038,1000,993
"ko:K00936",410,373,321,295,551,383,410,489,328,451,323,346,392,411,399,357,308,307,491,458,413,414,461,517
"ko:K00937",2120,1965,1630,1573,2627,2142,2209,2257,1845,2196,1944,1819,1792,1763,1842,1899,1710,2196,2142,2235,2205,2029,2264,2349
"ko:K00939",646,537,446,438,811,724,585,671,518,621,520,531,538,492,507,497,457,613,599,639,608,647,596,627
"ko:K00940",835,709,574,606,1011,869,777,849,747,800,680,632,654,732,724,648,656,761,791,770,811,780,809,773
"ko:K00941",247,223,176,180,348,287,308,256,269,259,256,232,185,222,235,208,150,458,275,257,269,248,243,306
"ko:K00941,ko:K14153,ko:K21219",12,12,14,7,14,11,20,25,2,18,6,18,20,12,6,10,7,6,8,6,10,8,14,4
"ko:K00942",404,326,244,293,529,434,399,419,324,518,366,345,332,297,345,363,313,495,412,439,451,384,419,438
"ko:K00943",423,373,306,307,604,496,466,554,459,420,361,316,435,368,406,402,351,494,522,467,511,425,524,506
"ko:K00945",334,272,169,207,441,291,308,292,260,315,270,216,182,214,315,253,256,392,318,309,316,329,350,334
"ko:K00946",479,442,357,409,672,568,487,649,380,496,497,449,478,429,431,506,377,639,517,532,566,482,578,556
"ko:K00948",2074,2009,1514,1610,2765,2221,2175,2347,1877,2286,1919,1800,1792,1898,1944,1947,1668,1806,2020,1979,2084,1898,2035,2133
"ko:K00949",18,20,14,8,22,19,20,10,16,27,18,12,16,18,14,26,7,4,14,20,26,16,22,26
"ko:K00950",75,52,38,51,110,83,86,72,81,68,77,58,72,84,72,69,71,223,71,84,81,86,80,71
"ko:K00950,ko:K13940",75,65,43,34,80,59,54,77,47,73,50,85,66,51,51,60,39,47,63,59,55,48,68,77
"ko:K00951",832,801,630,624,1124,881,840,1070,753,973,864,724,784,773,858,832,603,1222,869,770,935,747,920,945
"ko:K00951,ko:K01139",1879,1842,1293,1465,2338,1903,1746,1900,1594,1729,1557,1471,1457,1577,1691,1586,1489,1320,1904,1971,1860,1792,1757,1890
"ko:K00954",382,395,293,282,524,454,355,484,342,440,377,379,373,366,362,324,300,500,360,458,469,438,405,446
"ko:K00955",460,369,327,283,526,454,403,404,411,471,390,340,357,377,360,371,373,1007,368,409,549,435,428,518
"ko:K00955,ko:K00956",397,393,310,286,488,454,400,400,388,405,414,343,390,370,413,340,327,313,385,412,394,413,400,430
"ko:K00956",369,256,251,270,456,408,358,428,314,361,362,283,351,310,329,339,233,246,381,400,420,373,398,413
"ko:K00957",1164,1170,899,987,1486,1289,1170,1300,1187,1285,1218,1088,1170,1069,1178,1053,1044,1254,1201,1160,1245,1198,1200,1383
"ko:K00958",19,12,20,18,34,32,31,22,21,22,24,13,20,21,26,22,16,18,14,18,18,26,16,17
"ko:K00958,ko:K13811",0,2,2,0,6,0,4,8,4,2,0,4,2,2,6,0,2,2,4,6,4,6,4,3
"ko:K00962",3170,3124,2374,2480,3893,3411,3215,3338,2936,3389,2899,2663,2865,2651,3094,2744,2878,3085,3119,3322,3297,3042,3233,3374
"ko:K00963",1096,963,763,793,1359,1061,1123,1164,999,1024,1016,868,990,955,1067,900,935,1106,1139,1169,1180,1156,1201,1225
"ko:K00963,ko:K03750",230,254,162,228,345,306,281,330,221,257,234,205,221,229,244,244,172,191,295,303,272,328,278,288
"ko:K00965",201,183,148,151,338,243,230,241,157,222,204,186,192,194,177,234,180,170,217,215,230,252,207,270
"ko:K00966",158,132,76,131,202,170,171,168,116,149,115,129,125,125,149,154,91,90,146,140,186,133,169,157
"ko:K00966,ko:K00992",11,10,8,17,34,10,12,22,14,28,10,12,18,14,2,10,23,16,8,19,18,22,30,22
"ko:K00966,ko:K16881",13,17,6,9,31,19,10,20,11,11,2,12,16,23,11,8,16,6,15,6,15,11,5,15
"ko:K00968",87,73,40,53,75,60,61,74,120,80,92,76,73,58,94,80,53,32,44,60,58,57,66,40
"ko:K00969",374,403,286,333,506,422,494,442,368,394,356,327,364,353,384,407,329,516,434,438,429,436,421,497
"ko:K00969,ko:K03574",14,16,6,8,18,16,14,14,20,27,14,14,4,12,13,12,23,14,14,21,12,16,13,16
"ko:K00970",178,122,105,110,208,190,138,163,177,165,145,99,147,162,145,142,156,510,171,126,219,167,192,149
"ko:K00970,ko:K00974",674,656,537,490,921,772,715,752,597,592,600,555,576,648,675,572,505,519,622,706,680,651,654,707
"ko:K00971",242,185,144,134,246,239,261,218,205,251,194,170,167,151,201,195,126,130,184,222,217,179,227,211
"ko:K00971,ko:K16011",191,166,144,138,222,197,182,165,146,201,194,151,104,150,201,202,174,163,205,239,260,176,225,233
"ko:K00973",765,704,519,497,904,746,720,725,625,775,595,628,605,649,672,699,521,925,720,690,741,719,664,797
"ko:K00974",136,116,103,102,163,166,155,162,169,148,179,153,110,139,145,159,145,461,175,165,175,167,151,137
"ko:K00975",917,794,633,693,1169,963,910,912,858,966,817,744,840,742,781,816,711,634,903,954,820,815,837,914
"ko:K00978",86,67,66,51,109,100,102,80,72,64,63,55,86,80,82,74,99,90,78,100,96,94,102,103
"ko:K00978,ko:K15669",4,0,2,2,6,4,0,3,10,8,5,1,8,6,2,4,0,0,0,0,2,2,0,0
"ko:K00979",273,219,218,186,355,302,321,268,260,343,250,282,252,260,250,259,214,475,260,274,319,313,288,293
"ko:K00980",150,132,96,122,178,150,123,160,100,118,126,123,132,126,127,139,121,85,133,147,136,154,161,157
"ko:K00981",616,462,410,389,736,592,582,711,440,578,483,498,522,541,515,527,446,956,645,672,611,608,629,648
"ko:K00982",1181,1228,861,929,1640,1371,1368,1364,1155,1343,1157,1061,1138,1157,1176,1048,1008,1803,1217,1322,1329,1321,1310,1497
"ko:K00983",36,33,36,30,71,41,48,38,49,40,29,36,39,42,59,34,36,31,61,56,52,58,35,26
"ko:K00986",284,241,215,252,393,315,330,336,242,316,295,231,264,258,305,289,218,192,413,262,280,270,311,272
"ko:K00986,ko:K07497",292,279,160,215,320,259,254,257,260,318,264,237,254,252,271,283,243,197,305,254,277,254,227,241
"ko:K00986,ko:K15342",333,342,234,280,374,368,348,316,374,463,381,350,384,368,382,333,292,241,318,283,335,337,339,364
"ko:K00989",1359,1225,959,997,1756,1496,1387,1445,1249,1464,1295,1187,1223,1226,1294,1207,1080,1164,1323,1314,1420,1213,1368,1422
"ko:K00990",1171,1059,785,830,1424,1155,1048,1187,1085,1286,1067,937,1005,1075,1060,1030,911,1574,1130,1198,1200,1205,1222,1263
"ko:K00991",123,98,77,89,163,140,135,102,117,137,99,117,127,117,132,93,93,250,140,126,133,136,116,135
"ko:K00991,ko:K21681",58,67,63,66,105,77,80,96,77,100,70,62,72,70,70,85,50,57,89,88,111,70,94,61
"ko:K00992",45,39,29,32,50,50,50,54,42,54,50,24,44,37,52,40,41,280,42,49,57,73,48,48
"ko:K00995",126,92,75,84,159,116,130,176,97,109,95,101,113,134,116,73,119,413,99,107,120,126,123,116
"ko:K00995,ko:K00999",85,105,85,72,140,117,97,171,101,95,79,84,87,82,112,83,108,83,107,131,138,127,111,101
"ko:K00995,ko:K08744",715,658,532,531,909,713,679,846,685,757,656,614,640,619,675,641,619,509,810,718,741,765,763,815
"ko:K00996,ko:K16566",6,2,15,8,14,7,10,6,16,10,4,8,10,15,12,16,21,5,12,4,10,6,27,11
"ko:K00997",213,209,150,152,233,214,165,191,183,196,179,163,190,200,199,182,148,152,218,232,205,230,186,195
"ko:K00997,ko:K01207",71,32,28,45,52,54,55,52,64,66,74,51,44,59,50,42,29,24,39,54,50,51,46,52
"ko:K01000",1321,1220,904,978,1655,1415,1360,1436,1283,1447,1293,1147,1268,1093,1229,1137,1064,1299,1355,1286,1320,1262,1252,1386
"ko:K01003",28,18,13,19,24,30,15,26,18,26,28,16,18,22,17,12,22,18,18,24,15,22,38,18
"ko:K01004",72,71,50,55,90,88,66,94,61,64,90,81,60,54,74,67,79,54,71,107,116,101,99,110
"ko:K01006",2389,2131,1676,1698,2851,2549,2325,2355,2164,2486,2372,2046,2019,2054,2213,2113,1727,1732,2226,2057,2343,2088,2168,2560
"ko:K01007",989,914,742,695,1234,1045,981,1041,1056,1116,936,919,951,922,968,958,802,2218,1121,931,1111,1131,1112,1066
"ko:K01007,ko:K21787",339,290,253,250,374,334,303,326,304,308,287,283,271,258,277,284,208,178,345,255,288,295,262,338
"ko:K01008",106,110,104,99,177,158,128,163,158,163,143,112,115,103,128,133,103,106,173,113,115,118,119,136
"ko:K01011",994,1076,785,782,1284,1120,1151,1153,867,1070,888,835,889,956,1020,927,802,902,1118,1072,1119,875,962,1092
"ko:K01012",811,653,587,539,921,893,789,805,777,763,720,621,663,648,651,619,613,871,783,780,760,725,746,762
"ko:K01014",15,20,16,15,18,14,21,8,7,14,11,13,10,21,14,14,6,20,19,14,24,16,15,12
"ko:K01026",354,369,256,299,487,415,366,357,330,433,354,332,341,377,412,357,277,246,370,358,434,381,408,421
"ko:K01027,ko:K01028,ko:K01031",4,2,2,2,7,2,4,0,4,0,2,0,0,9,2,1,4,0,10,6,2,0,0,6
"ko:K01027,ko:K01029",27,31,25,26,42,23,21,22,26,31,15,20,32,22,19,12,7,16,22,22,26,31,14,36
"ko:K01028",877,936,720,692,1221,1018,925,1084,802,1099,883,855,786,837,886,770,872,1054,918,948,880,1010,964,1007
"ko:K01028,ko:K01031",129,89,54,78,112,98,114,98,52,94,94,78,77,86,80,102,74,84,86,89,98,83,90,104
"ko:K01029",813,740,623,612,1058,802,783,934,758,877,743,656,753,684,794,749,690,820,837,840,807,819,837,877
"ko:K01029,ko:K01032",143,138,114,105,190,187,109,168,134,132,124,110,104,131,161,128,102,88,155,163,176,144,130,178
"ko:K01029,ko:K01035",89,82,73,82,121,97,109,149,115,127,83,86,100,84,102,71,85,66,82,92,111,90,105,94
"ko:K01031",254,214,155,170,323,206,181,208,207,221,190,182,186,221,173,196,195,159,218,234,241,168,231,239
"ko:K01034",42,38,48,19,54,48,35,62,42,52,50,41,48,49,50,48,17,43,54,38,45,55,45,34
"ko:K01039",335,289,223,197,490,393,369,392,295,340,282,273,291,283,310,298,236,239,275,301,369,304,283,347
"ko:K01040",227,207,163,164,260,257,210,248,228,236,201,173,208,175,220,182,201,163,247,203,206,210,198,228
"ko:K01042",105,81,93,91,107,99,97,101,78,106,76,92,80,92,85,91,68,75,120,108,98,83,89,106
"ko:K01046",70,48,30,38,76,78,70,90,61,58,67,42,68,35,52,71,42,304,52,74,75,57,72,63
"ko:K01048",251,236,178,170,332,278,280,224,177,226,233,185,237,210,188,199,166,148,274,221,235,256,226,256
"ko:K01051,ko:K01728",38,56,20,26,49,48,38,43,38,58,48,38,36,34,54,32,28,23,54,46,36,82,81,62
"ko:K01053",123,98,91,120,162,124,119,139,135,131,110,121,119,120,122,95,86,117,119,118,149,119,86,159
"ko:K01053,ko:K14274",529,546,331,350,628,582,467,432,511,526,473,408,502,415,461,477,448,357,515,485,597,427,531,491
"ko:K01055",93,89,83,76,143,96,104,76,78,129,86,110,87,85,98,97,73,396,79,93,110,88,83,132
"ko:K01055,ko:K01607",28,26,29,27,32,43,42,41,35,22,26,21,23,16,27,44,20,16,30,21,28,36,30,28
"ko:K01055,ko:K10216",12,16,18,17,18,22,10,22,22,16,10,19,22,16,12,6,15,9,17,25,24,16,14,14
"ko:K01055,ko:K14727",22,28,11,16,36,24,20,22,25,38,32,31,21,21,42,28,23,27,28,14,38,36,38,44
"ko:K01055,ko:K16050",51,34,25,28,57,46,43,60,27,54,40,40,21,38,36,32,41,34,44,43,23,38,54,47
"ko:K01056",223,221,158,139,355,244,224,256,199,230,187,180,255,251,250,235,181,400,245,223,277,248,300,292
"ko:K01057",205,192,118,132,295,204,220,217,161,224,180,197,191,166,213,152,123,614,218,195,263,231,188,217
"ko:K01058",44,50,33,36,62,48,48,58,51,36,20,32,40,28,47,38,32,405,53,46,67,42,62,32
"ko:K01060",54,46,26,24,62,30,52,40,39,45,57,41,49,23,52,39,31,28,33,58,46,54,48,57
"ko:K01061",367,367,229,244,466,382,402,314,321,356,313,303,300,377,364,332,263,474,340,347,415,360,372,337
"ko:K01066",84,72,68,89,126,92,119,98,92,92,86,84,89,72,92,106,72,62,126,77,124,87,113,141
"ko:K01066,ko:K14731",1,0,0,0,0,0,0,4,0,0,6,0,0,4,0,0,2,1,0,0,2,0,0,2
"ko:K01067,ko:K18118",8,10,6,6,4,4,4,4,8,2,12,8,8,4,6,4,4,2,8,6,2,8,8,2
"ko:K01069",702,588,491,548,957,732,744,771,561,709,588,611,655,588,685,548,574,728,699,684,674,703,728,823
"ko:K01070",119,118,66,95,152,107,107,106,64,113,72,101,94,102,130,79,93,358,101,105,143,130,123,131
"ko:K01073",8,6,8,6,14,6,6,12,6,3,11,5,8,4,4,12,11,5,8,10,8,12,6,8
"ko:K01075",2,2,0,0,2,3,3,4,2,5,3,1,4,0,2,2,2,0,4,2,4,8,6,2
"ko:K01075,ko:K10806",110,90,66,83,156,91,103,107,83,92,98,75,98,81,82,83,69,42,101,108,89,96,68,99
"ko:K01077",246,206,189,154,321,275,264,215,204,209,208,200,223,163,253,189,218,755,244,313,276,243,313,317
"ko:K01077,ko:K01113",70,63,39,64,103,93,80,102,46,81,74,51,67,66,54,71,52,68,100,80,117,127,91,137
"ko:K01079",541,521,336,368,708,563,557,600,464,531,476,433,492,464,517,527,376,422,543,514,555,568,519,620
"ko:K01081",266,232,149,215,371,277,276,272,262,304,211,264,227,259,269,261,198,486,308,297,310,271,267,291
"ko:K01081,ko:K01119",64,39,42,38,66,56,57,81,51,38,44,38,38,36,50,25,44,36,93,55,71,65,86,83
"ko:K01081,ko:K01119,ko:K08693",2,2,2,2,4,4,0,4,2,2,0,4,4,2,2,2,7,2,2,2,8,2,0,4
"ko:K01081,ko:K08693,ko:K11751",11,8,2,10,50,18,24,16,8,15,10,10,26,13,20,24,12,6,14,18,22,14,22,14
"ko:K01081,ko:K11751",117,112,81,85,102,118,78,106,86,126,127,72,82,93,91,107,99,91,101,157,164,118,117,153
"ko:K01081,ko:K11751,ko:K17224",42,36,23,24,57,45,45,41,44,30,37,24,36,34,34,30,27,36,44,41,36,48,43,68
"ko:K01082",306,273,189,224,405,328,321,343,228,306,292,267,248,237,281,259,218,500,280,318,307,331,303,317
"ko:K01082,ko:K01092",0,0,0,0,4,3,4,2,0,2,2,2,4,0,0,2,0,0,0,0,2,4,2,2
"ko:K01083",87,68,76,52,109,132,90,96,75,101,70,75,84,80,96,73,64,353,150,91,93,161,125,88
"ko:K01086",8,8,0,4,12,15,10,14,10,4,10,2,10,4,8,7,8,4,15,4,4,18,22,7
"ko:K01087",145,196,116,114,284,225,229,214,131,194,163,158,177,146,145,156,129,151,211,172,183,241,194,229
"ko:K01087,ko:K01194",161,117,97,87,186,129,137,166,116,172,110,100,131,99,124,95,123,131,174,148,176,183,143,158
"ko:K01089",62,58,56,26,72,81,46,62,43,68,40,51,76,54,48,40,61,386,52,71,82,56,88,70
"ko:K01089,ko:K01693",267,224,234,228,379,321,315,350,242,263,217,244,261,207,261,234,241,225,277,289,287,347,299,334
"ko:K01090",198,168,118,118,252,272,215,279,165,185,149,150,179,144,168,166,170,154,241,243,241,205,245,183
"ko:K01090,ko:K20074",2,6,0,10,8,10,2,3,4,5,6,3,0,0,3,2,4,2,10,2,4,4,12,6
"ko:K01091",372,339,223,266,431,363,322,393,327,347,320,284,311,319,397,336,267,514,435,455,423,460,433,457
"ko:K01092",645,567,450,499,807,715,611,634,653,685,687,527,542,653,670,550,553,785,713,711,755,692,726,752
"ko:K01092,ko:K05602",512,463,345,376,685,610,611,575,430,495,447,368,405,446,470,452,399,322,579,521,486,504,530,644
"ko:K01092,ko:K18649",116,117,122,85,179,153,156,115,134,96,124,102,108,130,106,91,107,98,135,135,147,138,106,140
"ko:K01104",242,191,149,172,338,276,232,257,162,193,219,181,207,222,211,194,166,454,252,239,252,240,252,244
"ko:K01104,ko:K03741",59,48,64,52,60,77,52,74,47,72,61,70,50,51,49,48,55,43,88,74,87,60,52,70
"ko:K01104,ko:K20201",4,0,2,4,6,2,4,4,0,0,0,0,2,4,2,2,0,0,2,2,0,0,6,0
"ko:K01113",332,335,264,225,456,400,353,342,253,338,289,255,289,278,284,302,279,715,359,353,357,300,335,430
"ko:K01114",310,234,201,196,354,371,315,360,277,325,245,238,291,255,239,258,267,1579,422,317,366,347,395,370
"ko:K01115",26,20,23,23,36,27,42,29,13,32,15,33,36,17,10,46,18,18,19,26,20,21,24,30
"ko:K01118",88,66,58,35,136,77,91,112,82,82,64,50,64,68,98,71,87,539,102,97,116,125,86,114
"ko:K01119",148,149,107,103,215,183,183,164,145,186,151,130,142,151,159,107,170,124,154,233,177,158,207,185
"ko:K01120",49,12,26,25,41,40,44,36,68,50,49,45,43,34,37,29,26,19,32,20,26,33,36,31
"ko:K01126",661,691,489,598,922,816,801,828,591,814,651,586,604,624,670,562,571,912,793,804,754,852,837,894
"ko:K01129",660,630,526,515,847,641,664,701,570,670,654,611,575,608,587,529,545,455,628,691,657,648,680,762
"ko:K01130",3853,3770,2957,3287,4788,4477,4136,4035,3926,4451,3793,3667,3584,3690,3974,3741,3211,2883,4223,3692,4206,3922,4068,4129
"ko:K01130,ko:K01133",105,115,80,68,111,102,85,110,77,123,73,76,92,106,112,114,67,113,104,96,99,99,89,126
"ko:K01133",245,212,173,194,310,262,286,265,221,289,202,187,222,202,242,227,205,827,267,255,316,258,308,322
"ko:K01137",37,32,41,24,38,44,44,72,43,39,31,62,44,40,41,43,34,33,48,39,41,46,36,82
"ko:K01139",578,538,419,411,729,580,562,579,572,747,577,482,572,560,534,496,525,1362,635,616,668,615,679,668
"ko:K01141",88,73,62,59,114,87,84,81,68,94,97,86,90,77,94,61,65,474,80,85,110,102,87,136
"ko:K01142",1348,1209,1030,942,1862,1373,1377,1423,2032,2353,2084,2474,1235,1222,1300,1180,1086,1591,1474,1380,1499,1386,1380,1557
"ko:K01143",0,1,0,4,4,2,2,6,0,0,2,2,2,2,2,0,2,0,2,0,0,0,0,2
"ko:K01144",174,168,121,118,234,221,180,190,189,184,147,170,180,195,189,176,188,122,187,197,214,193,199,190
"ko:K01144,ko:K03581",144,133,112,108,143,129,165,102,138,204,150,143,143,149,152,106,114,106,152,116,145,145,98,146
"ko:K01147",4,2,5,0,2,8,4,6,9,12,8,8,6,3,10,4,2,5,4,6,10,2,4,8
"ko:K01151",277,299,223,266,411,402,338,377,284,299,208,287,266,292,318,280,238,221,305,336,289,308,306,396
"ko:K01152",35,34,19,17,52,35,34,42,29,36,31,16,42,38,43,45,29,30,39,18,27,20,18,23
"ko:K01153",143,116,154,109,158,134,151,152,163,178,126,102,164,122,174,125,109,99,184,152,160,176,157,212
"ko:K01156",70,56,57,52,55,61,46,44,49,75,46,54,45,44,46,33,47,45,47,50,35,39,39,63
"ko:K01159",688,605,477,469,952,792,727,798,587,763,634,590,624,616,680,622,481,696,705,647,744,705,787,740
"ko:K01166",11,10,2,16,10,22,12,18,12,16,8,10,7,12,10,13,7,14,12,16,10,14,14,15
"ko:K01166,ko:K01169",10,12,6,16,12,16,14,10,13,6,3,6,14,10,14,12,10,13,14,8,20,16,16,15
"ko:K01173",36,46,43,28,44,28,50,50,26,43,28,43,45,36,54,38,38,317,32,38,52,42,40,52
"ko:K01174",4,0,0,2,0,4,0,0,2,0,0,0,6,4,6,2,0,2,4,6,0,6,4,2
"ko:K01176",28,18,17,8,42,20,20,35,18,18,18,12,32,25,40,20,12,12,16,22,24,28,26,16
"ko:K01178",125,106,78,97,161,135,152,154,85,114,109,111,106,101,124,90,83,90,127,118,147,133,144,146
"ko:K01179",154,139,104,121,181,171,163,176,156,155,174,154,143,145,171,129,114,809,158,173,142,144,189,120
"ko:K01181",48,18,43,26,55,44,51,46,40,66,41,54,24,43,48,38,37,29,43,44,59,39,49,42
"ko:K01182",57,61,48,53,88,60,57,63,45,44,67,55,53,59,34,48,42,36,61,55,55,57,71,63
"ko:K01182,ko:K01187",2,8,2,8,20,4,14,2,10,10,2,2,4,12,13,6,2,4,10,12,4,6,16,9
"ko:K01183",250,240,174,190,291,277,294,275,229,232,219,205,212,207,219,190,202,1556,342,273,311,323,320,312
"ko:K01185",10,6,6,0,14,8,6,4,2,0,4,4,0,0,0,0,2,0,0,0,0,4,0,0
"ko:K01185,ko:K21471",12,2,2,8,8,12,4,4,8,12,4,4,16,8,4,6,6,6,0,4,6,12,6,9
"ko:K01186",89,79,42,39,97,100,92,88,56,66,48,42,56,37,38,60,49,61,107,78,94,91,106,87
"ko:K01187",1020,975,858,820,1388,1233,1124,1227,1076,1127,1003,943,965,920,1019,956,995,2081,1264,1322,1328,1218,1304,1320
"ko:K01187,ko:K05343",132,140,114,149,187,205,158,173,130,138,139,125,100,119,144,161,148,121,149,194,156,144,136,159
"ko:K01190",455,360,244,284,545,484,458,482,394,438,365,306,364,347,374,351,351,309,461,469,495,465,440,485
"ko:K01190,ko:K12373",29,42,23,28,46,42,34,40,38,45,32,39,28,42,37,40,31,18,42,30,24,30,41,46
"ko:K01191",288,246,200,201,337,266,276,293,222,249,218,228,253,225,220,189,252,266,319,260,310,376,298,368
"ko:K01192",211,148,116,130,231,198,167,209,136,175,126,110,166,156,152,155,172,977,172,205,234,186,180,233
"ko:K01193",138,106,84,100,144,145,128,127,124,138,118,64,87,124,121,70,110,86,160,107,170,149,152,181
"ko:K01194,ko:K03931",18,14,12,10,22,24,6,20,16,25,12,10,10,14,14,18,12,14,8,18,22,12,22,32
"ko:K01195",46,33,41,22,32,56,30,41,51,44,37,45,32,34,36,42,17,30,38,30,35,20,30,36
"ko:K01197,ko:K02022",34,36,30,46,24,22,32,30,20,37,14,26,22,38,24,38,16,20,38,32,36,38,25,30
"ko:K01198",187,119,101,98,161,180,152,169,154,176,191,135,160,121,149,158,176,116,150,201,209,167,200,191
"ko:K01198,ko:K01209",18,38,18,6,30,30,22,15,23,24,26,16,26,9,24,21,21,25,20,46,34,36,28,41
"ko:K01201",10,18,1,4,18,16,18,8,8,10,6,12,12,16,12,16,15,17,26,28,22,23,24,17
"ko:K01205",58,52,30,42,71,60,54,42,46,44,50,38,42,42,78,27,44,51,71,66,71,46,53,100
"ko:K01206",372,269,241,282,453,368,391,391,265,334,251,284,284,279,280,288,306,1173,413,376,418,434,482,408
"ko:K01207",341,338,267,261,492,401,393,456,323,391,289,326,342,299,310,299,298,581,430,416,429,401,409,436
"ko:K01207,ko:K05349",62,62,43,50,62,54,46,64,30,72,53,55,71,60,52,52,65,47,66,45,84,81,58,72
"ko:K01209",445,422,262,315,503,424,454,406,368,383,313,304,338,291,359,349,393,274,483,430,455,432,387,502
"ko:K01209,ko:K02026",37,24,32,24,39,34,21,22,35,40,26,34,28,23,33,16,16,5,28,18,19,28,35,31
"ko:K01212",12,6,4,2,40,18,14,14,12,2,6,6,10,24,10,14,4,7,6,2,8,8,24,10
"ko:K01212,ko:K03332",327,247,201,233,400,345,323,320,298,340,317,219,254,241,228,272,252,249,359,300,340,345,324,370
"ko:K01212,ko:K18775",26,19,18,29,47,38,36,43,33,31,26,22,29,26,26,40,20,24,27,36,32,44,40,40
"ko:K01214",1535,1467,1149,1181,2047,1613,1573,1759,1421,1649,1283,1323,1244,1339,1390,1255,1193,1838,1523,1451,1556,1479,1376,1570
"ko:K01214,ko:K02438",391,406,309,323,638,459,443,504,411,444,433,367,391,402,452,445,339,289,496,440,467,390,464,492
"ko:K01222",145,124,119,127,251,198,179,171,124,171,144,126,142,145,142,160,158,130,206,131,216,237,199,208
"ko:K01223,ko:K05350",0,6,0,0,14,0,0,4,4,2,4,2,1,4,4,0,0,0,0,0,0,2,2,0
"ko:K01224",42,48,27,22,62,46,57,67,52,65,45,47,33,38,44,51,33,26,60,60,40,50,34,39
"ko:K01226",4,4,6,8,14,10,4,8,6,8,10,2,10,6,12,12,6,0,4,6,8,2,9,10
"ko:K01236",292,250,245,234,384,321,331,333,237,250,256,232,279,233,243,300,229,269,339,308,288,277,332,344
"ko:K01239",422,397,256,366,546,473,420,484,330,456,385,380,447,414,400,398,335,758,334,366,416,430,404,462
"ko:K01239,ko:K01243",23,24,14,22,30,26,26,18,20,22,15,21,18,12,22,16,17,20,21,28,15,20,22,30
"ko:K01239,ko:K01250",16,50,24,18,46,50,39,40,33,28,53,31,45,46,58,51,43,26,34,45,43,37,36,54
"ko:K01241",486,499,356,365,645,596,482,541,494,624,565,414,471,451,518,477,492,701,627,618,570,580,629,626
"ko:K01243",51,56,44,56,74,70,72,93,76,76,65,67,73,56,55,62,61,59,72,74,88,86,66,83
"ko:K01246",382,365,278,299,521,467,364,482,389,409,343,349,371,351,414,331,280,503,387,372,418,341,383,409
"ko:K01247",182,152,106,122,209,184,114,200,141,231,173,129,199,164,180,174,167,355,201,168,185,181,182,212
"ko:K01250,ko:K12700",34,21,22,19,53,61,48,55,38,38,27,39,40,31,30,28,36,31,56,50,53,50,71,55
"ko:K01251",3944,3628,2777,2917,4725,4127,3855,4055,3575,4074,3640,3405,3303,3259,3547,3360,2956,3364,3630,3534,3686,3519,3608,3765
"ko:K01252,ko:K20261",58,53,31,36,78,80,50,48,44,66,40,44,50,50,48,41,43,569,64,58,59,40,50,50
"ko:K01253",12,10,13,19,38,23,8,14,20,24,26,13,24,17,8,12,19,13,27,25,12,28,22,30
"ko:K01253,ko:K08253",23,21,14,25,40,22,31,30,25,33,31,21,18,25,45,34,21,14,24,21,58,16,25,22
"ko:K01253,ko:K21159",566,554,421,443,685,605,524,485,551,607,517,493,463,553,506,512,449,392,561,475,591,467,508,529
"ko:K01255",1354,1255,889,946,1583,1469,1372,1386,1299,1481,1220,1159,1311,1125,1256,1190,1093,1762,1385,1312,1533,1289,1425,1563
"ko:K01256",355,333,242,233,494,364,376,356,339,454,405,271,327,311,345,328,270,269,378,338,371,396,368,352
"ko:K01256,ko:K08776",997,922,691,762,1343,1270,1054,1275,900,1052,971,776,954,926,899,895,908,828,1145,1094,1200,1144,1191,1247
"ko:K01258",225,195,191,210,335,264,264,267,248,284,253,225,217,210,220,229,209,193,252,240,272,219,264,284
"ko:K01258,ko:K01263",4,10,8,0,26,10,4,8,6,8,2,6,10,8,16,4,14,8,4,6,10,10,4,10
"ko:K01259",434,373,307,327,511,474,411,440,354,432,418,370,420,396,433,352,380,931,454,458,482,436,499,447
"ko:K01261,ko:K01269",0,0,0,2,15,4,10,10,2,4,0,2,8,0,4,4,0,2,2,2,2,4,6,2
"ko:K01262",641,726,540,558,919,878,760,830,686,765,609,629,668,616,717,580,633,1021,753,832,869,832,777,945
"ko:K01262,ko:K01271",98,103,64,88,150,102,103,126,78,104,82,96,96,98,82,91,81,81,130,98,137,125,124,100
"ko:K01265",1616,1471,1146,1199,1900,1796,1729,1802,1519,1710,1500,1396,1462,1455,1480,1376,1182,1557,1663,1684,1691,1594,1617,1784
"ko:K01266",299,269,228,198,405,318,322,290,250,302,219,266,247,251,293,226,222,180,277,276,294,307,284,339
"ko:K01267",284,211,161,148,335,267,276,287,199,246,202,225,220,195,240,215,237,164,261,220,239,258,276,327
"ko:K01269",69,118,73,88,128,92,143,123,92,101,86,101,95,111,96,70,96,101,114,119,95,114,108,110
"ko:K01271",409,427,323,315,582,446,514,504,413,449,354,401,430,382,358,429,370,1129,427,415,483,433,401,518
"ko:K01271,ko:K01274",161,151,125,167,244,250,168,219,181,176,157,159,151,149,150,172,122,112,184,161,154,203,159,212
"ko:K01271,ko:K08688",59,49,55,34,75,74,70,78,50,71,42,50,52,43,65,59,34,32,63,65,63,48,59,57
"ko:K01271,ko:K15783",85,88,59,72,131,118,95,87,83,85,86,62,97,107,101,95,86,92,95,110,140,106,116,134
"ko:K01273",296,265,232,200,401,320,355,280,244,328,282,262,258,243,308,274,272,937,376,275,356,307,393,354
"ko:K01278",166,168,112,145,215,159,220,183,170,162,132,145,155,152,162,130,156,836,184,181,185,204,216,202
"ko:K01281",79,90,70,68,113,80,94,94,76,67,91,100,99,81,90,83,89,103,124,116,108,120,119,107
"ko:K01283",219,234,169,154,310,259,293,258,213,270,221,253,244,231,234,254,201,909,253,294,329,274,301,311
"ko:K01284",607,509,435,393,725,617,523,567,537,629,506,448,531,511,561,464,500,1064,645,623,646,688,685,645
"ko:K01286",407,368,292,265,485,392,422,424,370,423,376,342,331,389,370,289,275,303,394,369,456,478,443,465
"ko:K01286,ko:K07258",97,73,74,81,106,93,92,113,94,85,89,77,48,75,65,106,70,75,108,85,83,75,88,76
"ko:K01295",130,122,66,90,133,151,125,121,129,176,119,104,107,120,137,104,77,116,152,133,116,149,130,149
"ko:K01297",52,30,16,36,46,42,26,32,30,30,42,41,40,38,38,32,33,43,30,32,56,46,46,44
"ko:K01299",67,38,42,29,70,51,54,49,73,56,53,53,55,36,45,56,36,29,56,52,64,61,46,40
"ko:K01303",112,88,52,78,128,124,110,132,70,78,93,94,86,106,92,58,96,98,109,104,108,104,116,108
"ko:K01304",59,52,60,51,86,86,76,78,57,89,67,56,66,70,56,68,32,277,96,54,62,52,76,64
"ko:K01322",321,351,305,267,536,442,361,424,389,451,330,352,367,349,385,308,308,1057,433,380,536,414,503,486
"ko:K01337",169,186,135,163,255,227,228,203,175,241,185,129,186,183,197,177,131,1723,216,199,203,190,230,229
"ko:K01337,ko:K01387,ko:K03933,ko:K12287",106,128,100,72,159,138,121,153,108,120,98,96,126,110,129,106,90,974,142,110,148,135,120,133
"ko:K01337,ko:K01387,ko:K05994,ko:K08604,ko:K14645,ko:K20276",48,44,40,50,100,73,68,76,60,75,70,49,62,62,76,49,58,570,68,88,52,62,32,76
"ko:K01337,ko:K20276",62,64,58,68,88,98,68,58,68,80,60,64,72,73,42,70,42,746,92,50,98,90,78,72
"ko:K01338",3443,3170,2534,2673,4196,3617,3399,3440,3225,3946,3441,3159,3216,3143,3358,3015,2783,3357,3358,3023,3372,3127,3243,3499
"ko:K01338,ko:K07157",292,241,182,182,298,286,242,273,217,266,214,207,252,243,216,187,221,197,261,237,290,278,266,290
"ko:K01354",838,776,595,621,1045,907,817,938,782,916,873,700,818,722,840,719,779,1380,819,956,1079,983,893,987
"ko:K01356",970,856,630,712,1111,999,960,1014,816,988,838,759,836,750,887,831,712,1158,963,1053,1031,999,918,991
"ko:K01358",2347,2374,1815,1970,3041,2385,2517,2454,1926,2465,2118,2114,1990,2116,2153,1991,1687,1795,2210,2206,2264,2272,2279,2298
"ko:K01387",102,96,70,62,189,172,139,152,126,189,138,104,130,138,134,127,106,1724,192,140,150,153,196,179
"ko:K01387,ko:K06399",18,19,34,16,42,28,38,20,18,34,16,16,26,22,20,22,11,14,20,31,14,27,40,36
"ko:K01389,ko:K01415,ko:K07386",539,479,370,363,657,532,533,591,441,583,436,427,423,438,447,475,361,378,617,533,533,520,512,561
"ko:K01392",31,36,33,21,54,60,38,25,33,33,33,34,37,29,26,26,34,21,27,29,44,40,33,34
"ko:K01399,ko:K08604",187,134,134,119,205,156,178,181,151,246,188,167,161,146,149,173,163,741,176,173,183,185,181,205
"ko:K01406",66,62,26,48,65,61,55,80,61,62,65,40,39,62,72,53,45,46,51,42,62,62,68,75
"ko:K01406,ko:K07004",42,43,42,28,46,50,37,38,36,68,60,39,40,26,38,43,57,47,40,64,49,44,54,63
"ko:K01409",1041,1014,841,757,1412,1167,1090,1298,891,1104,975,864,1048,893,1044,915,963,1102,1203,1143,1157,1051,1104,1256
"ko:K01409,ko:K14742",14,15,4,11,26,10,20,16,10,18,18,16,14,17,20,8,20,10,8,22,10,20,20,31
"ko:K01414",81,93,78,87,111,91,104,88,129,151,98,85,108,83,89,69,92,85,112,73,121,97,123,100
"ko:K01419",795,666,488,513,964,816,694,791,679,780,647,666,658,671,628,626,584,845,708,741,799,660,714,824
"ko:K01420",33,65,20,38,66,59,35,42,52,50,47,42,45,50,47,43,43,49,47,70,63,44,58,76
"ko:K01420,ko:K10914,ko:K21561,ko:K21564",288,230,181,157,373,276,241,247,208,249,198,191,192,202,216,183,170,158,238,197,209,214,209,217
"ko:K01420,ko:K10914,ko:K21561,ko:K22490",28,14,14,20,26,19,8,34,13,14,13,14,16,16,16,10,2,8,10,12,10,10,15,16
"ko:K01420,ko:K15861",42,30,6,33,60,40,31,27,27,29,29,29,44,35,40,36,31,33,48,45,52,38,42,39
"ko:K01421",56,30,36,28,66,66,48,43,51,44,45,52,40,23,32,44,25,26,47,35,16,37,25,54
"ko:K01421,ko:K01992,ko:K09690",8,8,12,6,12,12,6,10,11,8,6,10,8,22,12,4,10,9,2,2,9,6,10,20
"ko:K01424",155,135,94,97,195,171,121,146,111,144,120,127,146,123,120,137,128,246,137,160,134,127,142,168
"ko:K01424,ko:K05597",73,38,43,40,73,34,46,56,67,69,48,58,58,34,72,59,46,51,69,52,56,35,69,69
"ko:K01424,ko:K13051",2,1,2,2,3,0,2,2,0,5,2,4,0,0,2,4,5,4,0,4,2,0,2,6
"ko:K01425",348,341,289,275,529,400,386,427,335,432,389,327,323,326,370,351,339,586,419,363,407,450,430,469
"ko:K01426",987,1004,763,758,1401,1226,1160,1176,880,1094,906,929,1014,927,973,918,704,1196,1098,1038,1122,1151,1122,1228
"ko:K01426,ko:K01455",145,120,100,92,244,178,157,177,123,185,133,150,135,124,157,143,124,113,127,129,174,131,175,173
"ko:K01426,ko:K02433",93,116,66,90,122,100,94,67,92,101,114,106,105,103,105,126,70,78,104,108,87,126,96,128
"ko:K01428",1975,1667,1377,1464,2270,2160,1970,2018,1952,2241,1926,1736,1821,1719,1956,1677,1519,1571,2091,1899,2094,1945,1986,2067
"ko:K01429",198,174,98,100,190,208,171,157,184,205,204,164,171,178,199,170,146,132,196,202,191,189,221,251
"ko:K01429,ko:K14048",2,7,6,2,10,6,12,8,6,7,12,10,16,8,8,2,6,10,9,6,6,12,2,8
"ko:K01430",198,127,137,78,178,157,173,166,155,198,206,184,143,169,159,147,126,117,193,156,149,189,175,134
"ko:K01430,ko:K14048",311,270,236,231,363,353,331,314,332,338,334,298,243,263,305,282,224,225,283,318,350,266,323,300
"ko:K01431",534,394,369,349,596,435,518,527,386,419,414,448,407,433,440,434,419,343,504,484,423,482,465,565
"ko:K01431,ko:K12251",29,33,31,39,38,24,25,54,32,47,35,33,39,33,27,37,31,14,32,32,22,16,38,33
"ko:K01432",133,114,97,81,151,145,130,123,105,120,128,97,113,95,105,71,108,132,148,173,134,162,133,160
"ko:K01433",615,516,419,447,722,635,587,648,564,579,626,466,543,511,545,511,589,473,633,632,613,639,714,775
"ko:K01434",279,286,215,224,343,303,295,304,244,289,309,248,257,266,283,293,238,2348,364,323,356,342,359,384
"ko:K01436",309,304,231,255,437,375,290,371,312,348,293,284,278,325,319,306,253,715,367,399,387,359,383,364
"ko:K01436,ko:K06048",263,216,160,160,275,304,229,264,201,191,193,170,209,166,189,202,161,146,251,240,251,263,216,276
"ko:K01438",304,267,216,196,395,417,269,322,303,359,299,304,273,256,297,272,275,652,407,319,363,277,353,318
"ko:K01439",1036,939,650,720,1273,1058,1009,1100,852,985,867,774,914,880,885,857,667,1061,987,874,1114,996,1021,1038
"ko:K01443",201,174,129,128,244,252,239,249,199,210,208,169,216,182,209,210,134,1014,241,240,235,236,257,252
"ko:K01444",37,46,42,29,54,55,54,58,40,48,58,42,52,44,55,64,50,336,52,52,64,54,74,70
"ko:K01444,ko:K13051",12,14,4,6,10,6,13,12,8,14,22,16,11,6,8,10,10,2,10,6,4,6,4,14
"ko:K01447",134,119,111,91,150,113,126,156,97,142,124,121,105,123,113,114,101,546,122,132,134,137,130,158
"ko:K01447,ko:K03806",78,43,48,44,77,36,54,55,54,63,65,30,56,44,38,44,45,55,57,46,103,60,57,55
"ko:K01448",338,315,269,299,459,430,395,452,328,433,389,332,368,338,360,321,294,845,381,408,437,373,407,418
"ko:K01449",4,4,8,4,27,4,16,6,4,10,8,4,14,22,20,18,2,2,8,6,4,9,18,8
"ko:K01450,ko:K01462",116,49,66,67,113,95,88,77,75,67,60,69,83,71,80,83,75,60,90,108,92,85,110,85
"ko:K01451",67,47,60,60,70,71,62,46,54,82,55,41,60,70,71,55,68,54,76,72,81,86,83,74
"ko:K01452",133,121,93,95,222,171,199,160,200,200,181,129,187,212,181,177,165,142,174,222,165,167,222,164
"ko:K01455",247,312,205,173,339,251,289,324,276,271,234,217,252,224,225,273,264,214,346,260,286,269,277,240
"ko:K01457",99,104,71,89,140,114,150,108,104,103,105,94,101,103,91,90,107,138,133,111,147,131,131,160
"ko:K01457,ko:K06351",10,12,8,8,28,12,16,10,16,19,10,4,26,18,6,16,10,16,20,22,18,18,12,32
"ko:K01458",71,49,54,67,88,50,67,68,92,84,50,85,77,61,81,42,63,69,72,110,88,87,122,92
"ko:K01458,ko:K01479",54,58,52,40,76,57,68,58,76,89,74,52,65,43,94,76,76,329,60,86,112,79,74,66
"ko:K01459",32,56,43,54,76,69,59,36,53,66,41,43,47,52,48,45,46,44,63,44,58,62,56,67
"ko:K01461",49,60,46,40,85,74,60,51,45,46,42,55,46,61,60,46,50,64,53,52,65,42,66,62
"ko:K01462",766,670,578,480,961,730,799,818,687,753,654,688,687,584,655,674,603,686,811,757,841,756,767,877
"ko:K01463",4,0,0,2,2,2,0,0,2,0,1,2,8,0,0,2,0,0,0,0,2,0,2,2
"ko:K01464",1115,1047,716,855,1434,1224,1141,1191,927,1191,1037,888,995,973,1063,988,867,822,1167,1136,1206,1166,1080,1230
"ko:K01464,ko:K01466",61,62,31,34,70,69,54,58,47,56,63,41,53,40,72,60,38,38,30,36,33,38,58,54
"ko:K01465",1905,1718,1264,1341,2424,2039,1827,1889,1790,2066,1721,1608,1701,1756,1759,1688,1417,1756,1969,1939,2161,1885,1890,1982
"ko:K01466",182,125,104,124,183,175,204,159,122,185,139,132,122,132,145,97,111,137,191,165,152,170,194,219
"ko:K01467",141,104,86,74,187,128,135,155,114,128,135,130,105,150,120,104,79,538,110,162,173,160,144,154
"ko:K01468",488,489,372,444,699,659,607,547,568,607,526,464,507,447,505,431,425,762,552,543,573,524,626,632
"ko:K01469",543,475,382,390,596,510,534,592,547,575,563,451,503,463,527,473,419,397,560,511,500,605,556,634
"ko:K01469,ko:K01473",112,104,102,82,144,158,164,136,147,110,104,96,129,143,93,111,95,81,116,91,148,104,159,140
"ko:K01470",132,111,64,107,162,132,148,123,131,156,102,113,136,124,149,125,80,91,138,117,149,145,138,169
"ko:K01473",1658,1486,1126,1171,2110,1756,1654,1835,1489,1703,1445,1436,1471,1405,1565,1474,1095,955,1456,1331,1554,1465,1437,1705
"ko:K01474",2335,2154,1698,1598,3059,2373,2379,2526,1941,2208,1963,1876,1960,1873,2129,1988,1530,1356,2170,1950,2297,2158,2162,2371
"ko:K01476",317,233,210,237,420,319,301,363,263,299,301,278,316,292,316,266,220,867,338,364,406,344,337,433
"ko:K01476,ko:K01480,ko:K12255,ko:K18459",33,23,27,23,36,40,22,30,37,44,35,27,23,30,26,34,30,26,22,43,26,19,47,30
"ko:K01477",70,47,45,55,79,48,49,64,37,56,63,53,40,44,64,42,53,33,99,57,85,82,73,63
"ko:K01478",776,684,574,571,965,933,876,1023,683,738,705,731,677,683,750,680,601,589,798,792,786,804,760,894
"ko:K01479",37,24,26,23,36,30,34,34,18,30,26,44,34,23,20,32,33,44,18,42,36,44,38,51
"ko:K01479,ko:K01480",27,32,27,24,41,29,30,28,14,21,33,31,31,5,26,24,24,22,32,31,23,48,39,34
"ko:K01480",689,736,506,591,967,758,765,739,664,733,539,592,642,604,732,654,539,586,744,643,799,667,664,873
"ko:K01480,ko:K18459",32,33,28,45,87,52,38,46,27,31,33,39,37,43,55,37,35,32,48,39,54,40,42,45
"ko:K01482",88,88,75,90,143,142,93,123,95,132,95,85,110,80,107,88,80,57,128,121,92,100,122,120
"ko:K01483",30,34,27,27,42,39,39,44,43,42,25,32,28,42,18,28,51,37,26,42,42,33,48,50
"ko:K01485",537,403,403,371,724,525,589,527,521,576,524,456,458,449,442,457,482,593,589,435,515,526,521,603
"ko:K01485,ko:K01487,ko:K11991",71,37,32,22,79,62,43,73,54,60,50,66,39,53,65,58,32,54,61,56,68,71,34,53
"ko:K01485,ko:K11991",156,152,146,156,280,246,210,225,180,209,177,154,195,173,164,193,148,117,234,222,174,148,162,216
"ko:K01486",334,275,219,194,378,324,319,336,299,357,284,283,306,332,270,282,290,287,329,360,380,354,367,416
"ko:K01487",210,189,137,142,202,183,168,171,200,184,148,153,143,152,167,180,157,182,220,241,238,189,189,240
"ko:K01488",1043,934,690,724,1234,1107,988,1177,898,975,777,893,829,799,843,820,855,723,973,1058,976,991,1020,1130
"ko:K01488,ko:K18286",138,148,111,106,191,169,142,170,135,124,100,110,140,97,136,106,111,101,120,188,126,168,149,190
"ko:K01488,ko:K21053",79,49,23,34,46,50,40,53,60,74,58,49,64,89,58,56,64,38,62,42,38,54,51,28
"ko:K01489",300,309,213,217,456,317,307,375,318,292,296,263,295,291,300,263,273,206,320,320,341,340,332,335
"ko:K01491",1024,875,734,653,1300,1103,907,1142,891,1158,965,820,872,893,970,868,786,918,954,1045,969,1002,1049,1117
"ko:K01493",117,101,62,72,151,117,105,133,111,104,90,95,100,87,99,91,67,62,106,90,100,70,90,82
"ko:K01494",1179,1123,928,913,1449,1192,1141,1253,1012,1383,1112,1075,1043,968,1083,1030,939,1100,1050,1115,1260,1081,1232,1264
"ko:K01495",824,761,609,606,1041,923,774,1019,695,876,795,787,661,744,789,757,613,814,846,821,819,721,859,877
"ko:K01496",37,37,21,46,36,42,50,57,46,54,53,43,37,40,33,35,39,24,47,28,24,18,41,32
"ko:K01496,ko:K11755",321,230,183,191,396,329,286,308,254,304,247,246,265,238,236,226,237,233,285,286,309,309,276,325
"ko:K01497",140,118,124,114,183,165,162,151,90,158,123,105,120,151,143,124,113,109,161,110,141,141,193,126
"ko:K01497,ko:K14652",13,10,10,8,26,21,10,26,20,18,14,16,5,17,16,13,17,14,20,20,22,17,18,13
"ko:K01499",166,170,131,128,239,175,147,181,149,152,154,168,191,129,160,172,131,88,168,170,167,163,161,165
"ko:K01501",8,14,8,9,16,20,10,12,4,8,7,8,20,8,6,5,1,6,6,12,22,12,12,12
"ko:K01501,ko:K11206",18,20,10,4,8,6,10,16,7,8,10,6,4,10,11,4,10,12,14,28,20,12,20,12
"ko:K01502",2,6,2,2,2,0,6,4,4,5,0,5,0,0,0,2,2,2,0,0,2,2,4,0
"ko:K01505",39,17,26,20,50,51,48,57,23,36,19,34,32,21,50,26,34,22,52,41,48,55,50,56
"ko:K01505,ko:K05396",483,503,393,401,677,572,511,600,468,526,466,452,432,500,500,501,408,357,578,508,585,494,491,585
"ko:K01505,ko:K05396,ko:K17950",6,11,3,4,23,8,14,11,5,18,6,14,8,18,8,9,9,19,8,16,8,12,10,6
"ko:K01507",779,719,588,524,916,846,773,809,679,777,741,684,744,723,734,655,575,846,816,739,833,785,766,896
"ko:K01512",34,33,28,21,59,26,28,44,29,35,40,41,43,24,44,33,29,141,34,42,32,41,52,40
"ko:K01515",177,182,127,142,264,232,225,239,132,175,183,176,168,166,208,185,176,336,174,225,249,212,219,210
"ko:K01520",435,402,271,275,495,496,358,425,351,390,358,341,399,373,413,406,287,433,480,411,426,452,431,444
"ko:K01523",245,213,211,184,413,326,229,270,198,228,207,231,197,174,225,233,194,181,296,258,301,319,294,287
"ko:K01524",1085,975,762,768,1403,1110,1170,1157,930,1140,968,952,919,864,1038,906,831,1331,1154,1163,1137,1201,1226,1310
"ko:K01525",84,77,42,83,156,108,78,80,103,90,126,66,86,95,93,81,97,340,91,97,118,101,122,141
"ko:K01533",165,158,90,96,185,165,133,148,129,165,130,127,143,147,162,107,105,104,180,138,150,150,129,228
"ko:K01533,ko:K01534,ko:K17686,ko:K21887",64,57,39,48,95,68,64,78,58,47,55,50,44,46,66,56,66,52,60,86,77,88,97,108
"ko:K01533,ko:K12950,ko:K17686",26,20,16,20,26,26,27,24,22,9,28,20,26,14,22,16,11,10,38,41,42,22,30,34
"ko:K01533,ko:K12954,ko:K17686",295,264,212,250,384,354,333,345,261,316,273,269,250,271,262,302,198,174,358,260,288,324,301,332
"ko:K01533,ko:K17686",337,350,232,268,491,410,382,369,282,368,418,358,303,313,316,324,240,190,387,330,350,336,336,399
"ko:K01534",114,119,77,117,140,135,156,144,130,166,133,116,102,115,128,137,133,102,141,135,156,134,118,193
"ko:K01537",944,837,627,636,1150,955,993,956,774,898,762,718,832,752,876,749,606,600,959,871,855,939,931,1081
"ko:K01537,ko:K01539",2,0,2,1,0,0,0,4,2,0,4,2,0,1,4,0,0,0,4,0,0,0,0,0
"ko:K01546",620,591,409,404,690,687,586,593,621,644,583,494,524,497,540,536,534,1038,579,696,736,701,616,729
"ko:K01547",1229,1162,919,965,1416,1303,1251,1279,1152,1330,1182,1153,1126,1084,1130,1044,1062,1599,1367,1415,1443,1126,1411,1457
"ko:K01548",75,50,42,72,94,55,60,63,62,74,47,59,66,52,64,56,76,251,90,82,115,81,98,83
"ko:K01551",247,242,156,168,275,286,244,328,159,217,177,159,215,201,220,195,164,143,246,240,232,226,229,264
"ko:K01555",87,108,90,80,133,117,99,115,64,118,110,104,74,81,89,83,62,81,116,102,111,92,113,129
"ko:K01556",329,322,249,245,455,377,412,356,374,375,329,284,362,299,373,316,352,655,346,387,420,402,450,455
"ko:K01560",276,221,188,178,335,299,318,339,279,273,289,236,286,288,310,275,221,256,377,292,297,328,317,373
"ko:K01560,ko:K07025",10,12,8,4,12,13,6,12,16,12,8,2,9,12,14,17,12,19,4,14,4,12,17,18
"ko:K01560,ko:K07025,ko:K08723",0,0,0,0,2,0,0,0,0,0,0,0,0,2,2,0,0,0,0,0,0,0,0,0
"ko:K01561",70,43,34,55,64,60,41,68,55,50,33,36,45,45,48,52,40,49,48,60,50,59,34,62
"ko:K01563",61,67,36,67,68,68,89,66,52,68,52,44,60,52,73,63,45,332,75,54,71,69,58,72
"ko:K01563,ko:K11991",38,37,28,31,58,53,54,58,43,82,54,30,53,54,50,37,38,31,54,43,33,53,59,72
"ko:K01567",8,2,4,10,14,4,4,10,2,8,4,0,4,10,6,11,2,10,4,2,2,4,6,2
"ko:K01571,ko:K02160",2,6,3,7,5,6,1,3,6,10,0,0,7,8,8,4,4,5,5,2,14,4,7,5
"ko:K01574",191,125,118,134,183,191,165,142,135,182,171,117,141,142,157,138,120,135,178,135,173,180,171,180
"ko:K01576",99,75,67,78,117,94,92,89,74,97,98,77,76,86,88,62,78,62,122,104,122,91,95,123
"ko:K01576,ko:K01652",186,176,137,148,182,165,182,195,131,179,181,157,153,161,157,148,121,122,155,119,185,177,142,166
"ko:K01577",500,447,326,339,539,518,470,523,485,625,452,424,478,433,455,414,421,352,475,415,495,393,482,518
"ko:K01577,ko:K01652",347,344,271,279,484,376,363,360,377,441,300,317,330,297,343,301,321,293,309,305,338,340,374,423
"ko:K01577,ko:K01652,ko:K03852",10,19,12,30,36,22,25,15,18,13,18,33,16,21,22,10,14,12,24,22,42,26,18,20
"ko:K01578",225,135,92,123,223,216,214,169,168,197,180,151,175,170,208,139,163,156,198,177,226,206,186,196
"ko:K01579",343,278,197,218,394,376,342,375,282,337,296,263,262,289,282,257,240,356,370,345,351,326,319,357
"ko:K01580",940,901,681,706,1275,1004,977,1045,732,950,806,779,721,730,924,879,577,571,916,791,867,816,784,810
"ko:K01581",760,732,479,530,845,712,690,717,689,733,653,636,645,714,703,616,594,597,713,748,749,724,759,882
"ko:K01581,ko:K01584",181,187,147,139,207,192,183,180,208,194,173,166,204,188,185,216,141,153,228,192,212,189,180,177
"ko:K01581,ko:K01585",0,6,2,4,22,12,12,12,4,2,4,4,6,3,18,2,6,2,6,12,10,10,14,4
"ko:K01582,ko:K01584",44,37,21,55,64,54,40,30,47,52,30,40,49,39,43,30,31,38,54,30,34,39,46,29
"ko:K01582,ko:K01585",20,16,9,18,23,18,23,20,12,14,16,10,20,14,14,27,14,12,18,12,8,24,17,24
"ko:K01583",129,120,70,91,180,164,129,127,114,139,123,122,98,122,102,112,71,75,114,73,96,72,112,119
"ko:K01584",492,362,272,338,535,446,373,408,496,626,563,443,472,452,469,434,374,332,475,382,486,465,463,490
"ko:K01585",233,225,135,180,332,282,231,301,211,319,235,192,219,204,266,225,241,808,261,223,331,255,296,313
"ko:K01586",1021,953,763,764,1319,1131,1122,1122,871,1009,961,860,901,915,971,1023,794,725,1086,994,1114,1152,1084,1146
"ko:K01588",955,765,549,656,967,947,918,941,802,1016,863,747,758,736,914,675,680,783,843,711,902,807,841,850
"ko:K01589",430,329,295,305,534,467,472,429,331,347,397,328,330,343,342,318,342,634,419,437,372,497,492,516
"ko:K01591",367,315,230,238,405,408,353,377,346,411,312,345,277,332,299,322,299,495,374,355,427,393,416,372
"ko:K01593",205,188,118,122,318,216,213,228,194,200,213,222,176,156,142,174,136,159,174,204,182,214,211,176
"ko:K01595",561,537,418,445,745,666,641,651,511,625,588,539,594,544,559,498,535,1323,681,617,654,676,652,665
"ko:K01596",1882,1848,1512,1650,2456,2177,1939,2135,1864,2123,1837,1793,1722,1662,1779,1664,1582,1923,1869,1849,1842,1761,1848,1996
"ko:K01599",957,913,755,722,1201,1003,855,1031,867,944,944,852,803,826,842,857,734,1087,995,972,883,953,1037,1005
"ko:K01601",248,175,158,130,262,228,170,200,236,204,171,160,173,168,149,167,228,186,203,238,255,207,259,235
"ko:K01601,ko:K08965",288,228,218,207,327,295,272,286,217,287,227,225,229,202,273,270,226,165,263,209,263,227,247,271
"ko:K01602",20,30,7,15,23,19,22,27,20,26,11,20,22,18,12,16,11,29,16,28,14,26,26,34
"ko:K01607",210,202,148,185,281,232,267,236,200,210,202,181,215,176,239,217,178,174,260,200,218,209,226,243
"ko:K01607,ko:K14727",261,249,150,180,360,310,283,315,217,240,194,176,234,232,181,245,208,177,256,213,260,229,223,227
"ko:K01608",426,392,304,408,553,513,429,524,410,463,453,312,470,394,423,434,430,338,524,472,494,487,473,423
"ko:K01609",664,551,396,495,937,790,738,769,625,703,634,613,598,625,636,562,573,819,725,718,719,710,729,840
"ko:K01609,ko:K13498",134,136,121,110,148,147,102,134,108,134,111,118,126,136,139,154,103,82,181,131,153,130,123,141
"ko:K01610",362,358,249,254,553,428,324,360,332,413,377,331,361,360,316,315,297,314,346,347,375,351,363,397
"ko:K01611",71,48,48,43,92,72,74,75,63,84,77,66,59,50,68,68,78,322,74,76,115,104,101,101
"ko:K01612,ko:K03182,ko:K16874",6,2,0,0,19,18,7,6,4,4,4,6,2,10,10,12,4,0,10,12,8,12,8,10
"ko:K01613",265,205,160,182,264,242,234,244,215,259,234,243,218,206,198,236,185,503,252,290,308,237,267,265
"ko:K01619",704,702,483,512,930,692,744,771,549,721,591,566,607,582,647,635,495,448,709,752,715,765,724,706
"ko:K01620",589,426,371,402,671,552,549,547,506,508,479,482,489,449,506,463,356,344,537,562,558,542,563,609
"ko:K01621",1592,1696,1177,1330,2097,1756,1771,1846,1585,1763,1509,1466,1575,1460,1568,1636,1315,1191,1691,1487,1796,1608,1709,1815
"ko:K01622",24,19,10,20,30,22,18,12,18,29,26,14,14,16,12,18,20,12,26,22,24,20,26,18
"ko:K01623",700,698,483,505,853,774,644,655,619,756,626,652,643,621,659,557,590,790,713,612,758,690,715,879
"ko:K01624",1285,1091,935,916,1567,1361,1224,1388,1181,1260,1190,1117,1173,1129,1134,1088,1049,905,1380,1354,1347,1362,1229,1394
"ko:K01624,ko:K03339",8,8,2,8,46,15,16,14,4,12,4,6,18,20,12,10,2,6,4,6,6,10,4,6
"ko:K01624,ko:K08302",81,63,45,54,83,112,68,104,50,74,83,54,95,68,75,60,32,62,118,95,104,74,108,88
"ko:K01625",227,183,167,115,278,241,184,183,195,196,186,169,165,154,195,178,160,338,243,246,228,213,208,266
"ko:K01626",1061,908,661,753,1277,1264,1022,1094,949,1221,1036,910,895,795,1004,954,848,1747,1075,1189,1153,1074,1238,1192
"ko:K01626,ko:K16019",624,579,525,489,842,707,681,688,516,639,519,506,574,594,544,603,478,417,691,770,643,594,597,724
"ko:K01627",630,587,412,530,772,733,592,643,628,725,658,604,604,563,640,617,490,821,609,559,727,636,660,715
"ko:K01628",106,110,69,80,130,105,105,124,115,127,96,88,82,94,100,106,95,292,116,117,112,82,120,137
"ko:K01628,ko:K03077",9,16,16,12,18,12,26,18,6,17,14,18,12,16,18,26,16,10,16,18,12,18,22,16
"ko:K01628,ko:K03077,ko:K22130",28,26,14,24,30,16,20,17,24,19,26,24,30,14,20,16,12,13,24,30,28,20,21,32
"ko:K01628,ko:K22130",19,16,12,12,25,12,16,8,11,12,28,11,16,12,18,6,17,27,20,27,14,16,19,20
"ko:K01630",38,22,45,38,54,54,46,46,58,50,42,28,50,40,58,48,24,56,30,34,59,46,55,56
"ko:K01630,ko:K02510",30,70,42,40,81,60,51,34,38,49,34,38,56,50,64,46,54,30,51,56,40,44,62,76
"ko:K01631",142,139,96,107,156,170,133,149,128,128,131,135,159,159,135,97,111,562,149,145,172,161,166,172
"ko:K01631,ko:K01684",8,2,4,0,4,12,2,2,4,4,2,2,10,2,8,4,2,2,12,4,8,6,4,3
"ko:K01633",157,140,137,133,229,175,164,178,188,169,125,156,173,171,150,150,141,253,140,140,144,194,136,179
"ko:K01633,ko:K13940",78,80,62,49,113,87,77,85,80,70,46,68,77,74,95,69,65,51,98,75,75,106,92,85
"ko:K01634",52,50,36,43,46,48,51,40,39,50,30,26,39,50,56,26,27,468,46,52,48,57,67,54
"ko:K01634,ko:K18933",68,60,27,38,65,55,73,65,50,48,65,62,42,53,61,40,60,47,71,68,84,60,54,60
"ko:K01635",2,10,5,12,10,10,6,9,8,9,2,6,4,4,6,8,2,2,8,14,7,2,6,8
"ko:K01637",1283,1171,960,959,1611,1337,1245,1297,1216,1562,1330,1113,1195,1071,1268,1206,1043,1709,1384,1260,1317,1263,1386,1367
"ko:K01638",844,737,629,593,1123,937,922,879,734,903,776,769,819,768,829,736,678,1158,819,908,895,846,929,876
"ko:K01640",541,451,347,324,662,574,564,602,462,469,462,449,464,439,439,380,441,637,481,522,541,557,615,589
"ko:K01641,ko:K15311",8,0,2,2,8,6,6,2,0,0,0,0,6,12,6,8,0,2,2,0,10,12,10,4
"ko:K01644",836,767,604,610,1111,938,887,957,772,913,736,773,759,751,771,709,699,895,853,855,913,859,874,964
"ko:K01644,ko:K08691",20,13,14,8,7,25,26,23,16,14,6,20,10,4,13,14,13,8,10,12,20,14,18,19
"ko:K01644,ko:K14447",20,12,25,10,33,13,34,31,29,27,10,20,12,21,27,12,14,13,20,17,18,19,29,20
"ko:K01644,ko:K14451",78,67,49,51,104,68,88,72,56,65,72,56,83,70,59,73,67,44,78,73,68,82,85,78
"ko:K01647",3874,3616,2880,2988,5071,3971,3837,4129,3356,4035,3469,3207,3346,3250,3424,3482,3035,3092,3773,3666,3681,3539,3578,3973
"ko:K01647,ko:K01659",127,103,84,65,149,111,94,80,111,120,93,105,80,83,82,98,72,60,112,126,86,105,107,105
"ko:K01649",4331,4089,3048,3228,5364,4635,4322,4679,4071,4609,4041,3743,3907,3708,3935,3853,3169,3371,4203,4233,4285,4038,4387,4516
"ko:K01652",4886,4577,3601,3703,6369,5435,5040,5535,4625,5401,4592,4233,4457,4168,4663,4425,3922,4564,5045,4806,5039,4881,4883,5390
"ko:K01652,ko:K16787",0,0,0,0,2,4,0,2,2,2,2,2,2,2,0,0,0,0,0,0,0,0,4,0
"ko:K01653",766,736,524,585,899,733,757,804,691,779,657,696,685,693,689,687,618,570,771,710,733,735,705,817
"ko:K01653,ko:K16785",2,0,2,2,10,7,2,4,0,2,0,0,3,2,2,2,0,0,2,0,0,1,4,4
"ko:K01654",89,74,53,61,92,75,76,103,68,79,70,51,72,81,82,81,61,42,104,71,93,68,74,101
"ko:K01654,ko:K05304",92,72,67,65,104,94,80,112,67,87,70,84,76,60,83,74,59,53,102,71,102,94,89,88
"ko:K01654,ko:K15898",0,2,4,0,4,7,2,4,3,6,8,1,6,6,4,2,2,2,4,2,4,2,0,2
"ko:K01654,ko:K18430,ko:K21279",4,3,0,6,0,6,2,2,4,3,4,4,2,2,0,4,2,32,4,10,0,4,4,4
"ko:K01657",1130,959,743,855,1340,1146,1087,1080,1033,1245,1040,928,1003,967,1023,940,797,1162,1131,1048,1016,1013,1119,1117
"ko:K01657,ko:K01665,ko:K03342,ko:K13950",132,145,70,73,165,130,155,135,98,113,106,114,115,117,128,107,112,106,126,135,105,146,99,138
"ko:K01657,ko:K02500",479,416,329,358,602,559,550,547,425,472,412,372,422,385,448,408,376,326,517,428,436,439,483,563
"ko:K01658",388,338,255,283,501,360,335,379,368,460,394,376,328,363,334,332,300,488,331,327,365,318,413,426
"ko:K01658,ko:K01664",209,215,153,153,251,267,236,291,198,230,238,219,193,239,230,208,184,209,222,269,294,207,221,263
"ko:K01658,ko:K01664,ko:K13497",4,4,0,0,3,4,2,0,0,3,0,0,2,8,4,0,0,2,0,0,0,2,6,6
"ko:K01658,ko:K07010",72,66,40,57,97,71,68,100,66,63,53,64,83,60,62,70,41,87,99,82,75,89,64,75
"ko:K01658,ko:K13950",14,7,5,12,18,2,4,20,5,3,4,8,2,4,2,12,4,7,20,0,13,20,12,8
"ko:K01659",220,247,139,180,344,281,248,240,309,320,273,250,238,210,280,191,186,560,247,221,286,263,266,259
"ko:K01661",936,878,704,680,1353,1147,1014,1074,829,959,864,815,828,830,939,768,696,574,841,846,913,943,791,1017
"ko:K01662",2674,2637,1926,2109,3512,3027,2765,2944,2593,2825,2634,2448,2400,2457,2598,2342,2308,2620,2732,2708,2836,2556,2832,3044
"ko:K01665",34,32,24,28,51,27,34,35,41,28,34,36,47,32,38,32,29,38,44,67,39,36,50,49
"ko:K01665,ko:K03342",148,141,124,110,220,148,153,177,119,192,134,121,142,118,134,152,130,156,205,174,184,167,160,212
"ko:K01665,ko:K03342,ko:K13950",113,95,67,86,146,116,151,150,103,100,91,87,135,91,107,109,112,72,107,108,132,105,135,149
"ko:K01666",391,373,252,272,453,421,446,441,322,455,335,308,322,352,319,321,330,321,422,409,408,357,440,403
"ko:K01666,ko:K18365",14,21,3,24,26,16,16,19,19,17,16,14,18,20,35,14,20,18,32,6,18,23,26,24
"ko:K01669",137,146,103,148,218,182,194,181,167,173,133,137,145,118,150,136,124,650,162,185,178,212,234,212
"ko:K01673",610,510,406,437,768,613,631,577,561,616,596,429,503,551,529,563,426,704,756,706,636,650,702,680
"ko:K01674",26,35,15,14,42,36,48,39,28,33,23,30,24,29,39,32,30,306,34,36,54,36,36,39
"ko:K01676",543,415,358,416,582,496,449,458,533,588,483,488,428,433,450,424,412,692,470,461,537,510,597,525
"ko:K01676,ko:K01678,ko:K03780",631,605,496,528,784,632,683,731,586,595,520,499,515,528,533,492,488,462,624,689,686,648,633,787
"ko:K01677,ko:K03779",180,178,109,131,200,164,146,182,154,213,185,145,179,148,155,153,109,107,163,141,141,154,137,177
"ko:K01679",1966,1871,1428,1432,2520,2232,2115,2129,1894,1926,1813,1848,1862,1750,1898,1786,1613,1952,1895,1942,1989,1916,2078,2118
"ko:K01681",3452,3404,2582,2677,4525,3744,3453,3694,3209,3868,3270,3210,3003,3061,3264,3046,2965,3596,3352,3353,3365,3181,3406,3517
"ko:K01681,ko:K20455",136,144,114,96,184,169,145,167,180,141,172,157,125,150,171,133,160,183,161,229,243,163,212,240
"ko:K01682",382,356,258,269,441,382,354,350,474,565,499,388,375,348,370,395,354,1031,485,436,425,449,506,495
"ko:K01684",361,357,281,295,519,466,409,454,335,390,388,333,367,352,329,328,330,580,469,429,414,422,393,419
"ko:K01685",366,333,264,288,463,470,373,433,348,441,451,309,359,312,390,379,348,339,456,384,405,406,403,462
"ko:K01685,ko:K01708",52,33,44,51,90,39,52,43,33,61,65,49,45,60,46,50,38,44,78,53,75,77,50,53
"ko:K01685,ko:K01708,ko:K16846",141,87,81,95,160,127,89,110,147,136,151,131,92,140,95,121,112,114,128,129,133,107,107,124
"ko:K01686",257,240,181,180,342,230,217,251,246,276,211,221,215,212,264,218,207,202,252,261,286,240,239,243
"ko:K01687",3242,3068,2173,2388,3908,3338,3168,3486,3066,3669,3029,2692,2883,2777,2851,2802,2477,2789,3162,3178,3129,2943,3116,3366
"ko:K01687,ko:K13875,ko:K22186",132,142,100,113,154,148,145,189,163,143,146,147,126,129,122,107,147,113,117,120,152,120,127,156
"ko:K01687,ko:K22186",1135,1068,777,861,1408,1196,1076,1299,1103,1262,1048,977,982,1011,903,974,894,908,1163,1209,1285,987,1260,1168
"ko:K01689",2599,2416,1883,1959,3236,2677,2713,2957,2524,2830,2494,2416,2369,2232,2446,2461,2196,2369,2518,2497,2655,2456,2532,2667
"ko:K01690",619,592,430,403,780,676,547,692,649,733,650,643,650,567,649,621,550,1124,642,751,718,645,759,717
"ko:K01692",1877,1572,1223,1317,2239,1843,1698,1920,1573,1940,1586,1617,1567,1528,1610,1541,1317,1336,1744,1754,1764,1705,1753,1943
"ko:K01692,ko:K01715",135,139,105,116,172,161,153,131,157,186,153,112,116,136,136,110,117,121,170,128,140,168,144,135
"ko:K01692,ko:K05605",38,30,13,20,42,32,39,36,35,22,38,17,26,24,24,36,16,22,50,28,36,44,37,42
"ko:K01692,ko:K08299",74,78,40,52,96,73,87,91,80,99,62,79,69,88,88,52,38,88,83,74,54,96,81,80
"ko:K01692,ko:K11264",36,36,24,19,47,35,30,26,29,24,49,25,28,34,34,14,16,24,24,40,16,36,48,54
"ko:K01693",423,336,247,275,455,417,384,369,336,424,406,317,320,338,329,321,312,250,323,313,327,272,378,377
"ko:K01695",712,634,450,443,938,723,745,785,614,770,673,606,607,631,666,591,557,789,759,727,775,809,783,802
"ko:K01696",1922,1772,1416,1368,2476,2029,1886,1959,1832,2069,1863,1872,1665,1704,1767,1672,1597,1894,1990,1939,1961,1722,1834,1982
"ko:K01696,ko:K06001",104,91,80,113,145,111,97,130,105,114,102,89,91,82,93,81,114,73,119,115,113,96,133,103
"ko:K01697",1299,1218,906,919,1590,1359,1277,1392,1045,1287,1028,1126,1060,1053,1149,1049,992,1329,1204,1265,1285,1309,1225,1317
"ko:K01697,ko:K01738",103,100,77,95,102,108,75,130,98,112,110,88,104,91,115,111,90,328,121,109,80,102,110,135
"ko:K01698",1239,1133,888,900,1586,1282,1318,1374,1073,1321,1192,1126,1172,1097,1125,1152,980,1271,1268,1271,1321,1194,1279,1451
"ko:K01699",57,55,48,56,70,60,62,50,39,49,40,60,56,56,47,41,54,38,50,46,53,63,71,59
"ko:K01703",2613,2207,1830,1854,3166,2779,2603,2905,2393,2797,2317,2160,2299,2337,2395,2264,2042,2258,2637,2508,2598,2413,2438,2474
"ko:K01704",772,656,482,566,778,677,673,649,625,716,662,542,628,570,645,604,612,797,716,744,772,674,695,730
"ko:K01706",532,458,410,445,784,602,598,675,509,597,567,442,477,488,538,501,479,441,609,558,539,539,567,613
"ko:K01707",42,31,26,37,60,50,54,54,31,36,35,44,40,44,40,42,53,34,50,42,60,67,70,64
"ko:K01707,ko:K01714",201,218,160,157,349,295,265,282,173,201,246,206,201,223,236,216,192,166,245,272,278,260,243,229
"ko:K01708",8,4,6,2,14,4,4,8,10,7,11,4,14,2,14,0,2,0,8,5,4,4,6,6
"ko:K01708,ko:K16846",196,154,111,110,186,205,182,156,177,249,229,182,223,187,174,201,142,120,177,167,171,203,216,172
"ko:K01709",40,28,37,32,58,52,53,24,41,40,42,38,38,42,38,30,29,21,38,59,44,58,42,65
"ko:K01710",1343,1358,989,1101,1835,1580,1546,1604,1326,1438,1181,1217,1271,1245,1342,1206,1134,1417,1388,1251,1377,1227,1311,1418
"ko:K01710,ko:K01784",93,94,51,74,128,116,109,111,75,91,67,96,89,78,97,107,62,86,89,99,82,87,82,108
"ko:K01710,ko:K08678",13,11,6,10,4,9,7,9,22,33,14,6,16,8,20,14,8,14,9,12,2,16,12,10
"ko:K01711",1080,984,685,702,1227,968,961,1014,896,967,878,829,829,797,894,767,800,976,888,926,935,942,917,977
"ko:K01712",3052,2837,2338,2230,4048,3376,3258,3551,2786,3150,2887,2649,2623,2784,2943,2768,2427,2730,2980,3138,3103,2918,3067,3171
"ko:K01714",1710,1500,1204,1339,2222,2015,1968,1864,1706,1954,1674,1518,1575,1446,1637,1618,1351,1620,2031,1776,1860,1927,1972,1923
"ko:K01714,ko:K13876",85,77,51,55,115,109,86,98,99,79,94,73,85,100,101,87,65,72,77,98,103,82,76,103
"ko:K01714,ko:K21062",116,103,82,71,159,145,105,151,106,178,111,111,106,101,106,88,85,81,149,113,90,88,125,120
"ko:K01715",365,297,212,265,407,343,294,379,293,296,253,319,265,279,333,258,254,479,288,303,293,296,319,326
"ko:K01716",219,221,154,162,283,246,207,244,173,255,203,205,221,228,222,189,203,205,239,238,286,237,280,310
"ko:K01719",308,319,321,242,466,378,427,447,312,398,344,289,318,328,306,324,308,440,389,358,395,380,342,444
"ko:K01719,ko:K01749,ko:K02496,ko:K13542,ko:K13543",6,2,7,4,6,8,4,3,4,8,2,0,0,2,14,2,0,2,14,6,0,6,6,8
"ko:K01719,ko:K13542",495,476,352,367,642,522,531,601,435,476,370,424,428,380,459,393,384,345,506,469,497,562,495,545
"ko:K01720",573,578,434,517,758,798,700,708,624,742,627,585,565,650,549,571,502,980,763,697,619,730,718,663
"ko:K01721",347,329,307,260,467,367,301,344,330,407,311,324,355,306,356,322,297,275,352,326,341,314,388,371
"ko:K01721,ko:K20762",18,20,10,14,28,18,29,29,10,18,33,19,20,15,22,23,9,23,20,20,14,26,22,24
"ko:K01724",334,299,246,244,426,374,376,352,313,386,286,340,268,304,342,319,258,423,391,342,386,359,319,423
"ko:K01725",120,80,86,71,93,102,92,117,107,88,115,85,71,113,84,89,98,74,92,84,95,89,112,112
"ko:K01728",2,2,0,0,12,6,8,8,4,2,8,4,8,6,8,4,2,2,6,0,2,2,4,10
"ko:K01729",15,12,18,7,14,35,26,22,20,24,6,14,23,12,26,28,23,13,24,12,14,20,16,16
"ko:K01733",1642,1661,1367,1228,2051,1740,1708,1798,1511,1729,1520,1413,1500,1444,1552,1478,1298,1565,1715,1729,1805,1630,1623,1785
"ko:K01734",84,65,37,56,82,86,68,95,56,77,56,62,85,54,58,72,50,41,76,90,71,94,88,82
"ko:K01735",180,177,138,152,258,220,190,207,177,207,201,165,162,164,192,186,129,455,200,177,189,214,155,224
"ko:K01735,ko:K13829",702,660,544,509,881,771,761,809,670,703,594,620,630,661,623,594,526,498,673,767,815,686,764,868
"ko:K01736",1904,1884,1359,1465,2464,2017,1983,2253,1757,2017,1878,1681,1696,1693,1738,1792,1579,1886,1862,1842,2194,2069,1992,2148
"ko:K01737",132,142,114,144,220,144,210,203,135,166,142,123,170,158,141,141,126,207,147,167,156,137,142,168
"ko:K01738",1995,1822,1435,1500,2605,2168,2063,2116,1941,2312,1944,1860,1886,1801,1958,1881,1619,2220,2046,1985,2222,2005,2063,2125
"ko:K01738,ko:K01740",519,479,341,366,600,476,534,506,387,515,458,451,523,429,466,434,363,405,520,452,503,495,508,559
"ko:K01738,ko:K12339",38,50,37,28,42,32,40,39,43,55,38,42,38,46,32,38,18,23,32,36,50,34,41,46
"ko:K01738,ko:K17216",8,2,2,4,20,4,10,8,0,4,6,4,4,4,4,8,2,4,0,4,0,2,4,6
"ko:K01739",1066,1040,800,795,1455,1232,1145,1241,919,1092,995,1021,983,945,958,889,838,1162,1046,1108,1199,1118,1139,1194
"ko:K01739,ko:K01740",8,14,7,10,28,24,16,22,18,12,27,25,12,18,21,8,4,18,16,30,18,18,16,28
"ko:K01739,ko:K01758",38,33,19,30,49,39,39,45,14,41,34,45,28,27,48,31,22,20,41,41,36,41,64,36
"ko:K01739,ko:K01758,ko:K01760",12,8,11,10,14,12,13,10,8,20,18,12,8,8,20,26,10,7,6,8,14,17,12,10
"ko:K01739,ko:K01758,ko:K01760,ko:K01761",4,8,4,8,6,4,3,4,4,8,2,4,6,6,14,8,3,9,2,6,3,4,10,9
"ko:K01739,ko:K01761",409,471,310,329,515,456,429,470,382,415,396,390,379,356,434,399,322,312,457,433,509,460,482,482
"ko:K01739,ko:K10764",279,273,214,231,414,326,318,316,281,321,302,229,292,263,270,286,268,242,295,310,367,242,320,336
"ko:K01740",1394,1309,922,965,1773,1582,1511,1534,1287,1497,1248,1178,1286,1261,1357,1229,1055,957,1421,1361,1417,1381,1314,1492
"ko:K01744",511,422,343,396,670,529,577,574,477,505,451,441,498,437,479,450,417,377,568,543,479,550,549,657
"ko:K01745",1531,1393,964,1092,1960,1666,1608,1649,1302,1545,1418,1251,1391,1172,1482,1399,1251,1775,1522,1533,1693,1584,1601,1873
"ko:K01749",438,339,304,291,553,444,456,464,404,477,354,431,364,413,432,366,311,392,442,430,490,487,459,526
"ko:K01750",319,337,240,228,400,387,324,294,303,348,292,256,289,291,301,308,227,264,379,326,409,378,363,329
"ko:K01750,ko:K19244",177,137,88,100,153,119,134,99,120,152,141,121,121,109,137,130,83,121,153,137,143,139,136,163
"ko:K01750,ko:K19244,ko:K19743",50,48,12,34,54,50,60,54,24,50,24,40,26,45,33,44,35,21,69,21,52,26,47,46
"ko:K01751",141,128,112,92,190,148,126,147,103,153,94,129,140,98,113,115,109,402,141,152,136,145,153,116
"ko:K01752",813,701,543,587,1048,943,816,892,764,898,763,652,740,708,777,748,805,1095,871,900,873,880,959,1037
"ko:K01753",43,51,37,54,91,68,80,82,53,67,58,90,73,69,62,75,60,397,98,78,70,104,78,94
"ko:K01754",1690,1595,1325,1330,2244,1907,1804,1831,1610,1816,1718,1517,1687,1495,1588,1583,1379,1861,1788,1747,1845,1793,1766,2023
"ko:K01755",1936,1825,1272,1380,2370,2060,1835,2057,1670,2000,1732,1666,1698,1658,1710,1560,1424,1737,1915,1904,1842,1904,1900,2032
"ko:K01756",1849,1773,1361,1411,2400,2052,1904,2118,1696,2039,1760,1694,1692,1678,1661,1658,1510,1858,1813,2033,1943,1825,1936,1987
"ko:K01756,ko:K01857",50,32,6,22,60,52,50,36,50,45,36,36,29,40,48,38,28,35,44,40,48,32,37,44
"ko:K01757,ko:K10440",71,48,25,49,80,81,52,65,53,45,37,47,36,50,54,27,44,54,40,61,66,58,42,67
"ko:K01758",343,319,244,233,398,327,365,395,277,416,301,291,285,287,316,302,284,590,358,359,398,354,352,371
"ko:K01759",511,464,333,412,528,496,494,522,440,532,436,438,454,458,459,397,380,551,506,497,498,483,505,515
"ko:K01759,ko:K05606",0,0,0,0,0,2,4,4,2,0,4,0,6,4,4,0,0,0,0,4,4,4,2,0
"ko:K01760",177,168,99,63,195,162,187,156,143,201,138,155,154,126,184,153,120,147,160,190,178,137,191,198
"ko:K01760,ko:K17217",22,12,7,18,37,30,26,29,8,12,6,14,16,14,18,22,4,0,8,6,16,23,10,20
"ko:K01761",102,70,80,91,118,132,113,114,86,139,110,106,96,90,123,124,109,106,134,128,109,112,133,109
"ko:K01768",2626,2286,1639,1928,3117,2582,2510,2489,2344,2881,2291,2243,2286,2143,2350,2189,1905,2042,2509,2216,2469,2479,2409,2809
"ko:K01768,ko:K01769",255,248,209,215,332,261,279,305,288,261,235,210,229,252,246,242,202,240,256,263,286,263,294,309
"ko:K01770",124,88,53,70,208,116,148,104,87,94,73,104,110,122,92,73,99,269,97,104,119,123,123,132
"ko:K01770,ko:K12506",286,264,165,179,373,326,315,264,277,284,244,202,265,218,242,263,208,209,302,259,255,296,300,265
"ko:K01772",656,579,433,520,871,686,619,752,663,658,578,578,599,536,536,620,513,687,640,681,743,702,653,721
"ko:K01775",356,280,215,256,454,361,357,447,366,332,326,271,309,306,327,294,275,608,405,361,373,348,359,420
"ko:K01775,ko:K20707",4,0,0,4,6,6,2,2,0,2,4,2,6,4,4,6,2,0,2,0,10,2,4,0
"ko:K01776",593,532,411,462,855,759,677,735,479,581,553,511,538,491,561,617,438,384,686,667,585,570,589,699
"ko:K01776,ko:K02549,ko:K19802",4,1,4,0,10,8,2,13,4,2,13,4,2,8,5,2,6,0,10,6,6,2,8,14
"ko:K01777",90,113,91,77,166,116,118,143,109,115,120,104,86,103,111,104,101,94,140,117,142,136,137,164
"ko:K01778",365,330,343,301,596,465,426,504,377,460,412,386,342,385,370,378,331,607,485,473,560,468,483,539
"ko:K01779",162,156,136,133,200,221,161,187,199,195,184,184,148,148,145,182,183,583,201,222,177,210,185,229
"ko:K01781,ko:K20023",50,53,23,36,66,62,70,72,64,47,57,43,48,52,66,49,43,60,58,40,59,42,72,78
"ko:K01782",1472,1402,1129,1079,1935,1670,1432,1617,1249,1616,1207,1230,1381,1305,1361,1269,1256,1865,1540,1735,1787,1598,1569,1819
"ko:K01782,ko:K01825",10,18,4,10,12,11,10,18,10,6,12,14,6,8,12,16,6,6,2,4,4,14,6,10
"ko:K01782,ko:K07516",2,12,10,4,10,9,21,10,8,13,16,4,12,6,6,14,10,10,18,10,16,16,10,20
"ko:K01783",836,893,646,589,1116,969,930,964,790,917,801,834,797,774,885,743,712,903,845,912,904,881,942,916
"ko:K01784",1327,1173,934,943,1706,1450,1407,1452,1161,1298,1123,1190,1082,1116,1122,1177,977,1888,1363,1442,1419,1425,1379,1503
"ko:K01784,ko:K02473",18,19,10,14,21,12,12,20,11,22,18,16,6,14,14,12,6,4,10,12,10,14,20,20
"ko:K01784,ko:K03274",40,22,14,13,28,24,22,34,21,18,21,19,12,14,20,16,14,10,24,18,49,30,25,29
"ko:K01784,ko:K08678,ko:K12454",6,13,6,8,12,10,10,6,8,22,4,12,20,12,6,12,2,6,10,6,16,16,15,8
"ko:K01784,ko:K08678,ko:K12454,ko:K17947",50,34,33,33,73,56,51,53,67,61,54,47,66,75,55,58,32,28,68,38,46,50,62,60
"ko:K01784,ko:K12448",83,65,60,87,128,83,76,88,80,84,85,68,64,70,77,67,70,67,57,77,110,81,114,104
"ko:K01784,ko:K17947",39,26,17,19,44,40,34,33,22,18,31,36,28,24,38,25,24,22,51,33,32,34,37,38
"ko:K01784,ko:K19997",38,36,32,29,30,38,40,54,33,41,34,32,48,32,40,38,20,23,40,54,38,34,36,34
"ko:K01785",109,76,74,54,141,142,114,116,110,103,69,104,94,70,83,98,99,89,104,115,142,138,158,107
"ko:K01787",20,18,12,2,14,10,10,18,40,27,18,18,14,2,16,12,8,0,9,10,12,10,12,8
"ko:K01790",44,52,28,68,93,61,62,53,51,60,58,58,44,67,60,42,83,256,73,51,59,91,88,80
"ko:K01791",236,179,123,161,274,256,237,238,236,256,229,184,218,211,199,209,180,802,228,191,205,223,202,220
"ko:K01791,ko:K08068",4,2,6,2,6,4,9,8,6,2,6,8,4,6,6,4,4,4,6,2,8,6,0,10
"ko:K01791,ko:K13019",12,0,0,0,2,4,2,4,5,2,2,7,2,0,4,6,5,2,8,2,0,11,6,2
"ko:K01796",185,155,149,160,235,188,230,174,158,196,174,146,176,109,141,155,130,153,229,203,194,272,228,226
"ko:K01799",108,101,74,79,161,135,110,145,116,130,100,107,82,109,117,82,85,77,120,107,152,132,107,143
"ko:K01800",69,54,32,30,76,56,48,63,51,51,56,49,54,49,42,58,46,244,63,51,70,36,45,73
"ko:K01800,ko:K01801",26,11,21,2,18,16,14,12,14,16,14,6,14,20,18,6,17,12,18,18,16,22,16,16
"ko:K01802",354,301,225,283,428,375,380,379,331,321,363,314,305,324,320,293,244,475,348,365,354,352,368,389
"ko:K01802,ko:K03767,ko:K03768,ko:K09565",154,137,109,133,181,193,128,152,153,137,157,110,127,115,145,175,118,133,169,191,167,152,158,210
"ko:K01802,ko:K03768",76,56,59,52,85,88,76,64,57,53,38,51,57,46,59,58,35,46,54,59,61,69,64,78
"ko:K01802,ko:K03768,ko:K09565",36,46,36,43,65,59,51,54,56,89,80,50,62,61,46,56,41,30,54,60,89,41,46,61
"ko:K01802,ko:K03769",137,121,77,133,179,136,156,147,112,149,130,85,142,145,155,140,123,121,135,166,135,150,140,171
"ko:K01802,ko:K03770",91,95,68,93,114,115,90,106,91,129,111,92,96,74,94,112,73,104,140,150,94,116,149,146
"ko:K01802,ko:K03772",441,354,300,246,471,426,398,385,361,388,367,322,339,367,338,353,260,331,379,396,400,406,368,385
"ko:K01802,ko:K03772,ko:K03773",20,14,20,19,36,18,26,14,24,28,21,22,10,14,10,18,9,9,21,8,6,7,18,16
"ko:K01802,ko:K03773",24,26,32,16,28,38,18,34,31,36,12,22,22,28,32,14,15,277,22,32,24,24,30,27
"ko:K01802,ko:K07533",2,8,4,2,24,10,4,6,10,4,0,4,10,16,4,2,0,8,2,6,8,4,10,12
"ko:K01802,ko:K09565",126,107,107,101,136,151,102,89,100,128,94,89,112,102,106,111,88,102,84,155,137,106,169,135
"ko:K01803",895,768,580,668,1153,936,911,892,785,827,758,705,785,693,776,732,669,927,912,855,900,826,863,954
"ko:K01803,ko:K21910",28,27,12,15,36,12,18,26,23,27,20,32,46,29,27,39,16,14,34,18,33,30,28,50
"ko:K01804",610,581,464,477,818,666,631,650,543,604,583,481,548,536,545,553,536,381,679,660,628,699,632,654
"ko:K01805",1074,939,701,802,1367,1160,1066,1068,955,1052,835,812,801,851,876,883,804,728,994,1054,997,1024,1012,1058
"ko:K01807",210,179,139,172,276,219,215,200,222,235,206,186,195,205,183,150,179,333,173,209,277,245,238,295
"ko:K01808",373,303,283,234,438,412,380,401,273,376,301,277,309,363,325,333,260,250,413,387,363,380,356,388
"ko:K01809",86,70,63,95,152,108,128,115,95,122,72,117,102,113,97,92,88,76,112,90,111,132,140,103
"ko:K01809,ko:K16011",62,41,25,42,57,35,43,44,39,44,34,36,35,67,33,47,33,21,40,21,44,32,39,33
"ko:K01810",1296,1161,919,858,1469,1339,1260,1412,1133,1257,1092,1036,1161,1167,1220,1037,925,1367,1193,1221,1296,1209,1156,1325
"ko:K01810,ko:K13810",150,150,103,138,242,174,157,207,136,172,100,98,130,141,119,123,135,104,165,138,151,118,125,167
"ko:K01811",311,330,209,274,386,393,355,332,323,403,314,254,299,293,290,292,294,257,452,453,464,446,454,388
"ko:K01812",354,298,274,237,459,330,283,349,299,355,317,273,302,269,361,303,321,316,358,383,413,303,368,392
"ko:K01814",397,305,265,287,437,427,359,397,409,456,366,373,434,376,406,398,358,565,410,382,427,385,428,448
"ko:K01814,ko:K01817",313,344,236,233,486,409,400,395,297,418,342,286,274,305,302,278,250,205,354,408,348,329,360,414
"ko:K01815",210,165,108,117,235,186,200,211,175,203,153,130,171,163,159,186,179,190,175,245,246,201,235,240
"ko:K01816",114,116,88,100,200,159,128,147,132,155,134,132,126,113,132,144,95,79,138,128,150,107,120,145
"ko:K01816,ko:K22131",54,75,48,44,93,70,66,84,77,77,95,65,86,75,57,57,73,48,84,65,100,88,89,72
"ko:K01817",142,150,112,96,207,223,159,179,119,179,144,126,161,145,138,164,118,357,157,161,225,177,225,191
"ko:K01818",33,35,17,24,34,29,26,38,30,26,16,20,22,19,29,31,19,33,34,30,20,24,30,16
"ko:K01820",441,424,355,391,547,495,493,463,399,525,385,382,423,385,433,403,420,405,482,531,492,565,577,586
"ko:K01821",84,49,46,72,93,78,68,81,84,69,100,73,75,70,61,82,71,196,80,76,100,87,95,83
"ko:K01822",4,5,0,2,4,0,2,5,2,0,2,0,8,2,3,2,2,0,0,0,2,0,0,2
"ko:K01823",105,106,70,99,129,145,111,100,99,106,86,72,104,99,110,104,81,221,128,101,150,127,124,151
"ko:K01826",173,191,172,151,294,227,222,264,192,221,231,172,189,162,214,206,203,321,215,189,269,203,208,266
"ko:K01834",1011,923,746,723,1268,1089,1072,1084,905,967,916,852,914,815,949,753,790,756,1077,1012,1021,949,1094,1122
"ko:K01834,ko:K22306",45,33,36,35,72,56,46,64,35,70,54,35,52,45,46,56,13,26,67,64,62,72,83,65
"ko:K01835",810,717,611,602,1035,946,882,897,713,832,714,661,797,736,811,759,780,641,824,918,827,821,918,929
"ko:K01835,ko:K01840",343,312,255,249,523,426,381,428,347,321,282,306,307,308,316,286,284,271,382,326,328,339,420,432
"ko:K01835,ko:K01840,ko:K15778",115,90,70,83,111,122,101,116,124,140,141,134,99,117,69,97,90,79,140,90,109,136,127,101
"ko:K01838,ko:K05342",132,105,72,110,176,114,125,133,101,106,135,67,142,106,122,104,90,909,140,103,114,130,145,147
"ko:K01839",260,252,198,197,387,264,284,274,218,261,222,179,194,227,224,226,221,189,256,259,267,219,307,275
"ko:K01840",549,459,405,358,659,556,514,563,428,463,479,470,436,459,492,490,356,348,550,552,477,517,496,507
"ko:K01840,ko:K15778",5,0,4,0,1,0,4,0,3,2,0,0,0,0,1,0,3,2,0,0,2,6,2,4
"ko:K01841",88,36,54,38,73,61,60,64,51,70,61,58,64,63,54,44,44,54,70,48,60,61,50,62
"ko:K01841,ko:K03417",4,1,5,0,0,9,0,3,3,6,5,5,2,2,5,4,5,6,0,5,4,8,3,4
"ko:K01843",312,309,228,293,402,330,370,295,307,321,303,275,267,247,327,248,269,198,338,290,329,302,286,334
"ko:K01844",245,234,200,193,366,287,251,317,248,264,204,166,234,227,238,217,239,218,275,271,268,221,267,273
"ko:K01845",1641,1438,1117,1177,2134,1697,1721,1709,1549,1664,1592,1377,1451,1423,1597,1415,1214,1527,1656,1701,1595,1579,1510,1815
"ko:K01847",2097,2006,1457,1506,2613,2267,2028,2220,1863,2170,1945,1913,1892,1859,1922,1839,1679,1640,1995,2063,2150,1981,2051,2330
"ko:K01848",1943,1988,1504,1554,2554,2097,1960,2158,1597,2025,1555,1723,1610,1652,1718,1690,1424,1169,1768,1601,1842,1840,1716,1835
"ko:K01848,ko:K11942",297,327,227,235,422,350,262,353,273,325,273,252,244,269,223,252,263,227,287,321,316,261,296,353
"ko:K01849",747,681,593,587,928,850,798,802,567,699,618,649,639,715,688,673,488,429,676,619,729,666,672,807
"ko:K01849,ko:K20907",4,7,7,4,6,8,6,10,4,4,4,5,4,2,6,4,8,4,2,6,10,16,4,10
"ko:K01854",586,500,419,449,725,590,499,610,525,543,505,500,506,503,513,484,465,423,499,572,564,522,500,675
"ko:K01856",141,98,82,110,188,130,127,112,133,119,116,108,133,117,113,104,80,84,140,139,127,107,149,152
"ko:K01856,ko:K01860,ko:K02549",14,22,24,18,22,38,22,28,26,27,26,18,28,18,22,24,18,18,24,10,30,16,16,36
"ko:K01857",294,235,168,212,288,266,297,286,275,312,328,200,227,251,246,271,229,197,351,280,308,280,298,332
"ko:K01858",1528,1374,1011,1140,1879,1582,1551,1621,1273,1565,1297,1244,1224,1212,1389,1191,1101,949,1425,1326,1325,1316,1335,1488
"ko:K01866",1013,960,668,686,1282,1019,933,976,873,1024,918,873,850,844,862,953,758,1066,1044,1010,1114,917,968,1087
"ko:K01867",1219,1079,827,940,1515,1181,1215,1258,1121,1345,1204,1039,1068,1066,1202,1056,1054,1466,1327,1248,1233,1202,1294,1389
"ko:K01868",2331,2114,1727,1756,2743,2220,2241,2321,2015,2376,2048,1821,1936,1849,1946,1892,1821,2481,2249,2309,2272,2337,2287,2361
"ko:K01869",2853,2578,1987,2171,3711,3022,2967,3035,2508,3096,2864,2611,2632,2611,2696,2627,2403,3120,2905,2728,2853,2856,3090,3175
"ko:K01870",1545,1460,1103,1194,2016,1472,1562,1623,1465,1627,1387,1270,1439,1388,1506,1273,1341,2157,1644,1637,1520,1574,1795,1712
"ko:K01872",2972,2650,2053,2241,3652,3212,3047,3008,2655,3312,2754,2464,2483,2582,2864,2441,2410,2952,3027,3099,3042,2899,3010,3168
"ko:K01873",2403,2285,1639,1846,3036,2650,2439,2632,2275,2416,2182,2153,2094,2264,2202,2240,2039,1903,2443,2453,2648,2372,2374,2611
"ko:K01874",1689,1509,1257,1260,2003,1770,1666,1725,1534,1591,1492,1300,1369,1428,1478,1423,1252,1956,1750,1745,1792,1585,1702,1976
"ko:K01875",1135,978,756,771,1423,1161,1094,1223,1079,1270,1074,991,1007,1024,990,936,887,1292,1171,1170,1119,1153,1270,1238
"ko:K01876",2064,1858,1444,1532,2495,2145,2003,2255,1886,2274,1794,1763,1760,1779,1957,1823,1737,2154,2063,2081,2049,1993,2090,2091
"ko:K01876,ko:K09759",164,184,129,144,229,195,214,192,176,199,170,157,165,195,158,185,164,152,186,184,221,207,199,228
"ko:K01878",936,860,630,552,1033,845,771,808,900,1014,776,702,808,752,860,712,696,956,766,801,934,838,933,972
"ko:K01879",565,509,445,459,774,630,575,658,606,693,582,495,555,615,579,536,510,1223,596,632,630,656,709,721
"ko:K01880",1313,1230,1033,983,1532,1332,1324,1347,1083,1225,1086,1053,1003,1109,1042,1028,911,845,1187,1147,1213,1154,1112,1280
"ko:K01881",1928,1940,1398,1580,2456,1965,1780,2099,1851,2049,1880,1726,1749,1719,1738,1715,1531,2410,1900,1886,1969,1794,1901,2088
"ko:K01883",793,703,593,578,1076,930,834,911,710,859,691,630,707,696,792,680,730,1152,798,855,842,799,846,929
"ko:K01883,ko:K15526",267,270,171,222,343,276,333,309,256,258,200,229,215,196,225,277,186,208,258,225,301,258,268,306
"ko:K01885",1556,1473,1128,1159,2013,1751,1568,1713,1400,1638,1384,1297,1381,1386,1470,1433,1191,1485,1659,1621,1659,1527,1631,1680
"ko:K01885,ko:K01894",30,42,30,32,60,47,42,48,29,34,22,31,34,26,46,43,46,32,46,66,78,56,37,58
"ko:K01886",744,675,547,637,978,777,756,736,776,880,761,716,705,702,749,642,618,1186,698,642,791,687,752,793
"ko:K01887",1192,1020,805,876,1475,1233,1194,1176,1094,1267,1008,949,1021,975,1044,1036,980,1512,1260,1340,1328,1192,1190,1348
"ko:K01889",1590,1511,1205,1185,2098,1753,1694,1641,1465,1702,1534,1424,1502,1454,1578,1431,1253,1502,1549,1622,1652,1600,1647,1641
"ko:K01890",1084,1039,772,748,1424,1137,1177,1178,1067,1217,1020,930,1032,911,1014,958,890,1511,1149,1139,1231,1205,1169,1244
"ko:K01892",652,627,434,516,836,774,741,717,520,713,656,629,654,658,647,639,643,1024,747,673,835,821,749,785
"ko:K01893",240,236,165,173,284,216,197,255,255,278,203,202,171,208,220,155,213,632,230,242,249,262,246,253
"ko:K01894",76,91,48,66,118,84,74,110,83,111,73,102,88,88,101,66,83,258,88,93,108,107,94,114
"ko:K01895",4269,3873,3075,3181,5268,4328,4321,4443,4016,4724,4078,3742,3695,3802,4069,3702,3262,3634,3939,3888,4191,4029,4050,4418
"ko:K01895,ko:K01908",513,469,353,362,589,559,479,533,445,565,440,455,522,493,539,466,360,405,507,511,575,458,469,546
"ko:K01895,ko:K08295",58,50,58,32,84,56,50,57,36,38,35,35,43,71,52,39,70,53,62,54,47,66,62,54
"ko:K01897",3109,2951,2344,2414,3996,3338,3315,3534,2742,3244,2867,2761,2912,2796,2842,2742,2547,2857,3439,3172,3258,3188,3260,3611
"ko:K01897,ko:K01904",8,11,5,8,10,1,7,11,8,8,8,8,6,9,4,8,1,6,12,8,8,10,14,7
"ko:K01902",2351,2116,1692,1812,2952,2289,2187,2410,2151,2319,2129,1887,2087,1989,2161,1931,1866,1945,2042,2103,2349,2095,2173,2315
"ko:K01902,ko:K08692",166,137,96,131,191,146,162,145,162,192,124,116,138,108,153,128,125,133,133,150,150,140,132,146
"ko:K01902,ko:K15230,ko:K15233",49,44,40,31,83,57,33,52,48,38,42,43,58,34,48,45,36,37,30,36,62,40,36,48
"ko:K01903",2048,1796,1465,1560,2438,2005,1963,2042,1961,2110,1924,1604,1705,1757,1923,1865,1528,1889,1875,1899,1967,1908,1950,1965
"ko:K01903,ko:K14067",161,141,122,133,192,169,127,160,129,150,167,157,159,139,155,154,132,117,130,138,153,127,149,135
"ko:K01905,ko:K22224",141,139,90,112,210,170,163,169,135,191,141,154,120,144,156,146,124,108,174,128,163,145,143,195
"ko:K01907",351,261,247,266,376,322,321,359,312,376,346,262,265,298,311,294,295,239,337,354,393,387,326,411
"ko:K01908",355,338,267,277,556,416,439,446,393,391,408,356,343,352,393,340,298,905,410,404,420,416,409,511
"ko:K01911",0,0,2,8,35,22,16,12,4,6,4,4,16,12,14,4,6,6,2,6,4,8,6,6
"ko:K01911,ko:K02549",26,6,9,22,12,28,18,10,6,29,10,8,14,11,8,20,7,17,22,14,12,10,12,18
"ko:K01912",775,718,485,576,972,837,818,826,797,874,766,702,700,764,770,737,610,543,842,720,762,792,769,825
"ko:K01915",5850,5438,4303,4483,7264,5988,5649,5947,4830,5789,5060,4755,4943,4759,5078,4827,4598,4574,5623,5587,5916,5500,5619,6100
"ko:K01915,ko:K01949",50,70,59,36,92,79,60,48,64,106,67,62,91,55,60,59,80,77,58,77,88,66,71,72
"ko:K01915,ko:K20712",272,211,147,160,299,240,202,188,311,325,266,265,243,232,270,218,213,172,263,222,228,241,258,285
"ko:K01916",208,156,170,145,247,235,205,226,170,204,204,158,197,143,160,170,159,148,222,181,219,184,192,227
"ko:K01916,ko:K01950",476,443,309,346,541,495,430,503,408,505,473,443,423,436,436,406,351,341,453,448,471,461,480,581
"ko:K01918",273,299,187,197,413,309,294,307,274,363,255,249,245,281,280,292,241,486,391,290,369,350,316,320
"ko:K01919",652,630,502,529,744,703,588,695,599,768,571,642,559,561,563,583,569,934,668,719,702,722,714,746
"ko:K01920",674,596,416,549,848,719,685,744,535,699,580,560,645,540,662,620,568,819,704,670,814,696,764,700
"ko:K01921",765,697,530,609,1017,813,725,883,748,848,786,644,666,675,777,718,640,881,765,707,839,743,771,850
"ko:K01921,ko:K01955",4,10,16,2,2,8,6,14,12,16,6,13,15,8,9,10,12,4,8,8,20,8,6,10
"ko:K01923",1031,975,668,720,1261,967,948,967,930,1103,890,928,894,892,877,756,931,1166,1002,988,1091,992,1057,1092
"ko:K01923,ko:K01945",191,174,133,145,224,179,194,180,149,189,147,134,140,142,158,139,137,149,210,234,190,218,192,237
"ko:K01923,ko:K01952",25,29,17,16,32,24,22,12,8,19,31,23,19,15,16,29,11,14,7,24,11,20,3,22
"ko:K01924",1606,1533,1082,1164,2083,1737,1548,1735,1421,1750,1466,1451,1559,1413,1525,1449,1188,1714,1612,1569,1775,1450,1622,1709
"ko:K01924,ko:K02563",136,150,85,107,198,170,143,140,118,113,103,117,103,108,93,154,109,84,130,155,127,162,136,163
"ko:K01925",757,716,541,629,1113,931,862,914,735,963,817,792,681,699,738,760,608,929,939,823,856,834,977,962
"ko:K01926",650,614,410,445,815,645,624,694,499,599,461,463,478,510,553,431,438,323,554,510,485,540,566,602
"ko:K01928",449,403,273,375,754,557,563,526,423,495,441,375,474,437,471,438,388,786,485,573,489,493,550,539
"ko:K01928,ko:K01929,ko:K15792",102,114,55,70,133,103,130,107,76,82,94,107,107,85,89,106,94,84,98,125,120,100,98,127
"ko:K01929",341,314,197,225,423,393,423,411,278,334,327,283,339,277,306,280,224,713,392,356,404,357,410,347
"ko:K01933",1018,1002,717,840,1362,1030,1074,1063,995,1218,1014,877,1036,959,925,999,962,1250,1122,1066,1062,955,1081,1253
"ko:K01934",227,210,172,172,292,266,277,253,209,234,226,214,223,225,243,213,203,310,272,233,241,243,245,233
"ko:K01935",43,31,18,22,46,54,38,32,19,30,28,21,27,43,26,33,35,233,56,33,58,46,48,40
"ko:K01935,ko:K02169",14,14,6,14,22,8,14,12,14,14,18,18,8,4,12,4,10,11,14,10,18,14,24,22
"ko:K01937",3617,3288,2501,2582,4413,3656,3472,3749,3189,3706,3005,2949,2947,3028,3197,2917,2721,2887,3236,3170,3391,3265,3343,3637
"ko:K01938",709,783,566,585,924,871,753,770,745,835,754,715,673,698,682,609,633,579,670,647,812,755,791,833
"ko:K01939",2066,1987,1554,1546,2795,2263,2333,2341,1832,2270,2020,1861,1921,1814,2018,1940,1745,1939,2058,1980,2213,1954,2193,2406
"ko:K01940",2900,2834,2130,2246,3742,2814,2759,3031,2562,3043,2646,2355,2530,2568,2752,2431,2085,2344,2753,2666,2764,2610,2698,2977
"ko:K01941",262,281,184,200,323,267,235,290,264,274,218,201,210,219,243,221,281,165,299,258,276,245,284,253
"ko:K01941,ko:K01961",4,7,5,3,12,7,5,9,3,10,9,12,6,4,2,14,4,6,10,6,6,4,4,0
"ko:K01945",568,557,396,392,664,568,497,536,548,603,520,448,504,475,508,466,404,792,526,496,537,519,527,574
"ko:K01945,ko:K11788",524,566,385,389,756,646,585,610,486,624,494,494,491,430,549,513,420,385,587,583,603,599,513,627
"ko:K01947,ko:K03525",63,52,38,42,86,58,56,61,60,75,64,36,40,62,66,64,48,40,70,52,56,56,62,69
"ko:K01950",666,572,451,394,839,697,699,712,523,600,545,569,524,576,597,520,497,894,652,632,588,603,648,721
"ko:K01951",3238,3145,2221,2433,4182,3462,3330,3573,2965,3475,2921,2775,2881,2824,3078,2661,2531,3311,3218,3109,3316,3111,3232,3456
"ko:K01952",3044,2907,2191,2224,3869,3234,3125,3419,2847,3262,2837,2514,2752,2509,2919,2767,2343,3446,3042,2970,3187,2984,3035,3219
"ko:K01953",732,704,597,566,1027,832,851,926,686,795,678,707,667,640,635,684,593,1710,803,731,852,729,812,895
"ko:K01955",5970,5342,4128,4409,7285,6047,5722,6277,5584,6328,5463,5316,4959,5152,5447,5057,4556,5085,5626,5659,5809,5365,5777,6001
"ko:K01956",1734,1421,1079,1122,1993,1680,1641,1677,1483,1694,1562,1375,1468,1390,1534,1310,1274,1533,1705,1689,1709,1526,1658,1606
"ko:K01958",2384,2187,1774,1744,2995,2498,2460,2655,2150,2422,2128,1910,1985,1980,2117,2072,2000,1776,2346,2524,2425,2406,2403,2588
"ko:K01959",64,74,37,45,71,69,53,40,62,69,76,40,48,74,75,54,40,36,81,50,80,52,58,74
"ko:K01959,ko:K01961",13,5,12,10,11,23,9,16,7,13,8,0,8,10,16,4,6,4,4,12,10,8,9,9
"ko:K01959,ko:K01965,ko:K01968",4,2,6,7,0,3,7,5,6,0,8,2,2,4,1,10,3,4,5,10,10,6,5,2
"ko:K01960",76,46,35,49,72,60,31,45,56,57,50,46,64,61,64,69,34,33,44,73,46,56,51,58
"ko:K01961",1651,1447,1074,1203,1975,1723,1523,1618,1637,1882,1630,1526,1428,1396,1542,1338,1393,1634,1548,1522,1628,1482,1622,1628
"ko:K01962",856,764,613,675,1013,974,821,942,818,988,851,784,777,765,900,795,680,982,857,946,967,855,837,924
"ko:K01962,ko:K01963",430,413,350,355,643,531,476,534,423,515,441,400,422,440,460,452,399,313,492,457,464,480,429,508
"ko:K01963",885,832,603,586,1075,913,881,945,878,1042,849,797,821,725,828,803,714,967,849,836,901,840,934,912
"ko:K01965",1082,886,698,700,1181,1030,989,949,983,1152,964,826,921,882,954,835,861,787,926,936,992,952,953,1028
"ko:K01965,ko:K01968",19,26,6,15,15,23,26,22,14,18,37,20,22,14,27,11,14,21,18,32,18,14,25,18
"ko:K01966",2930,2604,2165,2230,3660,3084,2916,3083,2540,2903,2527,2431,2501,2429,2708,2336,2265,1896,2696,2619,2840,2497,2629,2945
"ko:K01968",890,862,642,576,1111,889,897,1013,894,1039,886,777,880,816,847,775,773,1406,906,868,994,984,938,918
"ko:K01968,ko:K11263",37,33,25,24,47,32,21,34,22,31,14,33,17,24,43,23,14,13,16,36,33,14,16,26
"ko:K01968,ko:K13777",16,12,17,20,20,26,24,21,26,38,13,20,17,25,17,18,4,13,26,26,22,27,23,31
"ko:K01969",2015,1915,1441,1486,2672,2147,2077,2251,1799,2297,1893,1899,1815,1841,1822,1697,1611,2059,1968,2048,2155,1984,2021,2175
"ko:K01969,ko:K13778,ko:K15052",10,12,14,26,14,18,12,26,5,10,12,8,10,10,19,13,14,8,12,10,16,6,24,26
"ko:K01971",977,782,588,645,1176,959,879,956,810,945,738,815,866,783,814,804,693,1744,969,920,982,913,992,1080
"ko:K01971,ko:K10747",154,158,99,95,203,191,186,204,121,136,126,125,154,123,113,111,114,114,175,181,153,162,153,141
"ko:K01972",1467,1367,985,1079,1850,1694,1579,1573,1258,1543,1355,1251,1306,1196,1418,1315,1161,1908,1504,1414,1596,1451,1521,1692
"ko:K01974",44,48,37,24,32,58,56,54,41,48,61,42,37,48,37,34,43,353,56,61,52,54,37,70
"ko:K01975",87,92,69,46,137,95,129,102,92,86,81,69,76,106,92,66,62,265,80,102,90,76,86,98
"ko:K01989",228,205,173,235,246,265,263,234,204,250,235,217,235,255,251,235,224,193,235,205,257,252,235,273
"ko:K01990",6335,5862,4552,4894,8474,7285,6830,7470,5786,6803,5622,5601,5682,5545,6138,5627,4982,6419,6726,6381,6723,6637,6618,7257
"ko:K01990,ko:K01992",336,309,257,247,529,373,364,461,323,338,304,283,331,269,319,310,249,240,424,411,451,396,380,409
"ko:K01990,ko:K01992,ko:K09695",8,10,3,0,10,6,14,13,12,15,6,8,10,9,10,9,7,2,12,9,14,10,15,10
"ko:K01990,ko:K09689,ko:K09691",91,60,46,42,73,74,70,81,52,87,66,69,57,73,75,56,58,29,49,43,70,58,61,71
"ko:K01990,ko:K09691",35,47,29,30,43,43,25,56,35,52,39,31,50,30,29,30,26,32,43,43,64,36,44,52
"ko:K01990,ko:K09691,ko:K09693",25,22,15,12,36,24,23,43,26,19,18,25,20,24,16,40,16,18,42,39,44,20,32,21
"ko:K01990,ko:K18232",10,20,2,10,30,32,22,18,6,18,22,9,20,19,14,10,24,11,18,20,36,24,16,32
"ko:K01990,ko:K21397",211,215,161,132,315,241,208,296,213,214,209,183,221,223,209,201,217,199,265,282,299,353,288,298
"ko:K01991",196,161,148,123,201,207,169,222,145,208,153,158,177,141,167,173,186,773,230,200,245,238,268,233
"ko:K01991,ko:K16552",9,14,4,2,14,4,10,4,12,10,6,4,12,12,8,8,5,40,4,16,16,12,8,8
"ko:K01992",3546,3272,2728,2863,4727,4019,3947,4021,3331,3797,3409,3121,3165,3170,3440,3314,2760,4690,4030,3899,4216,3588,3776,4280
"ko:K01992,ko:K18233",320,273,215,250,449,340,327,446,303,316,244,280,280,287,346,294,247,242,340,317,346,339,260,343
"ko:K01992,ko:K19341",44,56,24,51,60,49,39,34,41,52,50,40,54,61,52,47,29,26,34,38,66,42,31,52
"ko:K01993",110,137,76,60,130,137,127,126,86,156,134,98,116,116,108,87,97,368,139,129,127,118,112,176
"ko:K01993,ko:K02005",6,6,10,15,18,8,14,18,10,11,16,6,12,6,5,14,7,8,19,15,12,17,18,14
"ko:K01995",2436,2334,1720,1804,3182,2862,2496,2585,2283,2869,2423,2163,2293,2082,2523,2238,1893,1690,2614,2220,2365,2347,2364,2665
"ko:K01995,ko:K01996",26,15,8,10,21,34,18,24,28,16,16,8,12,18,19,14,14,11,22,20,12,16,15,13
"ko:K01995,ko:K01998",995,954,724,789,1338,1162,1004,1043,912,1114,1024,937,922,986,1005,877,767,755,1089,1014,1135,1011,1039,1066
"ko:K01995,ko:K11957",74,73,53,50,88,96,83,85,86,61,61,70,58,69,80,55,53,61,78,70,72,64,69,72
"ko:K01995,ko:K11962",43,31,24,36,60,38,38,40,42,46,18,24,34,18,42,28,38,44,46,24,55,42,40,27
"ko:K01995,ko:K15783",148,166,115,122,184,138,160,132,123,167,113,116,139,139,134,172,119,145,144,122,180,164,163,176
"ko:K01996",2908,2758,2042,2231,3522,3166,2920,2978,2743,3166,2746,2466,2577,2606,2895,2569,2353,2189,3119,2745,2919,2989,2846,3190
"ko:K01996,ko:K11958",34,30,23,15,22,20,25,34,24,39,26,18,22,14,14,21,18,15,35,17,32,32,33,31
"ko:K01996,ko:K11963",0,6,4,0,4,4,2,4,2,2,2,0,2,4,4,4,0,0,6,0,5,4,2,2
"ko:K01997",3997,3563,2769,3095,4978,4172,4149,4162,3759,4278,3899,3607,3695,3462,4049,3743,3024,2783,4089,3779,4405,3951,4094,4447
"ko:K01997,ko:K01998",511,486,345,404,685,660,624,616,488,581,531,480,476,487,555,502,421,401,620,477,621,584,584,613
"ko:K01997,ko:K11956",333,272,231,250,389,384,406,349,335,326,290,273,330,271,339,254,268,233,351,321,331,368,373,405
"ko:K01997,ko:K11960",16,10,6,4,16,6,8,12,10,15,2,8,12,2,4,6,9,2,18,5,11,4,18,10
"ko:K01998",2119,1841,1377,1536,2525,2147,2178,2138,2002,2196,2051,1790,1913,1827,2045,1801,1643,1505,2200,1880,2284,2139,2145,2363
"ko:K01998,ko:K11961",22,23,16,29,27,19,16,19,26,45,16,28,34,28,36,26,17,10,38,34,37,30,32,16
"ko:K01999",4645,4153,3240,3441,5688,4856,4714,4742,4292,5137,4617,4075,4352,4140,4334,4220,3762,3435,5030,4765,5029,4728,5073,5300
"ko:K01999,ko:K11959",18,29,16,18,34,26,32,20,30,13,5,9,20,13,16,18,21,35,32,20,36,28,30,26
"ko:K02000",532,438,388,386,685,474,489,505,440,500,396,400,407,380,399,393,350,395,525,557,582,559,516,656
"ko:K02001",380,334,283,279,516,382,340,408,306,360,286,331,331,353,383,351,253,300,360,419,415,432,384,469
"ko:K02001,ko:K02002",141,94,99,102,155,201,134,151,117,115,112,93,126,97,94,96,112,101,173,157,196,169,153,152
"ko:K02002",273,273,164,186,269,295,267,289,224,253,238,191,248,234,264,206,260,249,283,308,300,295,304,346
"ko:K02003",2871,2622,1988,2195,3766,3245,3026,3217,2599,3168,2740,2563,2756,2658,2663,2512,2167,3379,3061,2877,3102,2909,3014,3437
"ko:K02003,ko:K02004",29,27,10,15,22,28,36,25,14,36,31,35,29,42,33,45,8,27,32,28,44,40,35,52
"ko:K02003,ko:K02565,ko:K15545",44,53,42,29,52,47,73,40,55,48,50,59,59,35,61,61,50,51,62,66,68,50,52,45
"ko:K02003,ko:K05685",131,119,92,113,144,135,150,130,127,123,111,106,118,111,118,127,112,111,163,145,130,119,122,149
"ko:K02003,ko:K09810",4,10,4,10,18,1,6,12,7,10,4,2,10,2,10,4,4,3,10,10,14,3,8,4
"ko:K02003,ko:K11635",10,2,2,1,13,6,2,6,0,0,2,6,2,2,6,4,7,0,2,4,0,4,4,10
"ko:K02004",2267,2127,1617,1767,3030,2516,2537,2636,2064,2512,2139,1939,2075,2095,2327,2007,1697,5367,2476,2324,2486,2522,2625,2628
"ko:K02004,ko:K09808",20,20,9,19,12,28,20,12,12,14,18,18,12,4,17,6,15,10,12,10,10,12,6,20
"ko:K02004,ko:K16918",4,4,8,4,12,10,5,6,4,2,2,0,4,12,14,4,2,0,6,6,4,4,4,6
"ko:K02005",234,210,171,166,351,240,242,256,235,253,204,184,232,224,201,217,161,879,252,247,316,247,206,300
"ko:K02005,ko:K13888",202,178,139,184,252,269,258,234,144,241,176,189,251,194,215,191,175,611,198,199,221,195,232,274
"ko:K02006,ko:K02008",287,308,189,266,518,354,361,398,250,330,301,263,258,300,291,326,233,203,376,336,324,344,311,365
"ko:K02007",90,91,95,99,145,146,120,121,87,132,89,87,92,100,100,98,101,57,150,128,113,122,131,208
"ko:K02008",40,52,28,20,73,47,28,41,30,39,32,32,49,37,34,38,30,41,62,41,56,43,54,52
"ko:K02009",22,18,24,8,28,28,18,34,30,12,19,14,26,18,26,16,12,14,12,25,20,14,29,20
"ko:K02010",387,490,375,343,553,550,507,545,443,560,475,447,439,427,533,435,350,367,468,484,505,481,462,507
"ko:K02010,ko:K02049,ko:K02052",17,9,14,8,12,12,19,16,14,18,17,10,16,15,17,11,16,11,15,14,14,23,17,18
"ko:K02010,ko:K02052",137,140,102,124,242,228,187,193,124,185,155,144,148,126,177,168,117,125,151,166,187,159,158,194
"ko:K02010,ko:K10112",238,219,158,170,304,213,224,255,248,232,248,210,217,214,249,186,190,229,220,206,287,227,229,242
"ko:K02011",1275,1143,906,962,1561,1343,1357,1309,1216,1352,1287,1093,1200,1085,1188,1143,979,923,1259,1258,1419,1262,1203,1441
"ko:K02011,ko:K02063",127,104,113,103,193,176,160,209,89,114,97,130,118,103,113,124,92,107,168,147,143,173,163,158
"ko:K02012",829,775,624,584,956,878,776,770,751,767,705,628,674,666,746,637,619,1063,772,770,885,838,887,902
"ko:K02012,ko:K11081",187,211,141,193,272,238,215,193,195,228,219,178,208,185,178,205,156,222,255,235,256,203,203,247
"ko:K02013",1075,867,700,748,1450,1174,1142,1152,888,1069,941,782,1011,857,876,864,779,775,1189,1127,1064,1075,1106,1201
"ko:K02013,ko:K21480",15,10,17,12,27,19,20,26,11,32,32,11,18,15,18,24,10,23,16,20,10,24,30,30
"ko:K02014",3125,2703,2291,2588,3955,3685,3489,3597,2821,3635,2987,2740,2977,2802,2915,2949,2604,22967,4152,3271,3655,3937,4079,3873
"ko:K02014,ko:K16087,ko:K16092",36,22,24,22,60,40,36,40,36,40,27,28,36,25,46,32,31,20,46,46,45,34,46,54
"ko:K02014,ko:K16089",0,2,0,3,0,0,0,2,2,7,0,4,2,2,0,0,0,0,1,0,0,0,2,0
"ko:K02015",1168,1050,799,781,1457,1312,1222,1163,987,1117,955,904,1060,1018,1033,981,803,858,1230,1079,1227,1098,1076,1229
"ko:K02016",752,698,517,483,941,799,686,757,648,716,664,578,688,587,662,590,560,765,663,710,826,779,729,861
"ko:K02016,ko:K06858",14,12,0,8,8,18,10,8,13,10,8,12,2,6,6,12,18,14,14,6,12,16,13,11
"ko:K02017",74,89,39,56,104,86,87,82,89,85,69,75,79,98,83,81,60,291,71,76,121,74,75,131
"ko:K02017,ko:K02018",106,89,69,61,117,110,126,106,64,82,72,55,103,95,82,68,78,61,94,87,110,90,106,124
"ko:K02018",304,248,202,215,411,342,313,332,309,379,290,296,295,254,291,265,253,438,329,311,382,302,317,356
"ko:K02018,ko:K15496",127,127,109,108,157,131,122,161,126,139,102,78,118,93,123,103,88,92,134,116,150,135,148,134
"ko:K02019",40,35,12,17,34,33,27,29,28,24,32,33,24,32,32,22,27,27,21,12,31,14,26,42
"ko:K02020",112,127,89,97,204,173,155,154,132,142,115,133,167,149,134,111,111,316,134,147,179,113,128,148
"ko:K02020,ko:K22003",51,50,29,18,54,31,36,52,31,55,36,30,28,44,32,36,34,32,34,30,51,18,46,43
"ko:K02021",459,436,382,324,569,597,574,561,420,591,511,367,445,399,479,418,451,421,675,577,501,645,633,633
"ko:K02021,ko:K06147,ko:K11085",225,177,115,165,270,207,243,198,224,238,185,209,165,181,205,210,174,134,201,178,250,236,212,205
"ko:K02021,ko:K06147,ko:K16786,ko:K16787",267,254,190,189,341,263,270,333,218,269,252,200,211,278,257,248,198,181,284,277,285,282,221,296
"ko:K02021,ko:K11085",91,58,49,53,87,81,66,61,72,99,92,70,75,82,81,75,65,64,78,76,96,92,112,108
"ko:K02021,ko:K18104",4,6,2,14,32,10,16,10,8,6,10,0,14,12,10,8,6,4,6,2,4,10,6,10
"ko:K02022",133,134,121,95,165,117,129,160,127,145,133,121,122,89,139,144,109,103,150,134,172,155,148,200
"ko:K02022,ko:K12537",48,30,30,26,50,26,28,40,30,38,30,32,32,26,35,38,26,26,38,42,52,26,13,56
"ko:K02022,ko:K12540",35,26,30,28,50,27,36,48,33,26,26,25,47,34,39,24,35,20,27,40,25,52,40,54
"ko:K02025",3382,3215,2367,2671,4346,3782,3544,3724,3141,3775,3051,2938,3015,3009,3279,2973,2782,2907,3627,3553,3785,3722,3733,4129
"ko:K02025,ko:K02026",25,20,14,18,46,32,20,22,16,20,20,23,23,22,10,16,11,12,19,14,29,16,13,22
"ko:K02025,ko:K05814",27,12,18,16,29,24,33,20,32,28,14,24,32,34,17,22,16,10,28,40,26,27,35,28
"ko:K02025,ko:K05814,ko:K17242",28,28,34,20,47,33,50,44,41,25,24,20,34,40,40,50,20,25,46,67,42,32,47,62
"ko:K02025,ko:K10118",206,213,164,186,213,222,222,252,210,228,177,176,171,175,211,165,182,138,229,236,220,203,257,236
"ko:K02025,ko:K10189",36,32,24,29,57,40,36,45,39,58,29,28,38,34,16,21,40,30,48,49,56,49,45,45
"ko:K02025,ko:K10193",42,33,36,44,88,64,62,58,46,58,27,50,44,58,35,42,28,58,49,52,45,54,65,76
"ko:K02025,ko:K10228",247,172,169,177,308,296,213,257,158,213,156,134,170,164,163,198,156,158,223,306,251,259,238,220
"ko:K02025,ko:K10233",51,72,41,35,103,100,89,92,67,65,70,53,94,52,54,61,54,72,103,69,85,70,90,93
"ko:K02025,ko:K10237",162,132,111,104,189,155,148,130,124,157,151,126,143,112,99,130,116,99,168,147,126,142,146,142
"ko:K02025,ko:K10241",97,77,52,68,110,76,91,115,54,84,75,61,84,58,79,80,46,42,74,94,90,95,64,119
"ko:K02025,ko:K15771",65,50,36,43,48,52,51,58,60,62,76,45,48,63,79,57,58,62,53,49,50,60,101,74
"ko:K02025,ko:K17322",6,2,6,2,6,4,0,4,2,2,8,4,10,2,0,6,2,4,2,6,7,6,4,6
"ko:K02026",3889,3393,2702,2830,4735,4074,3927,4040,3412,3865,3445,3159,3197,3388,3426,3309,3068,3052,4065,4020,4358,3858,4143,4586
"ko:K02026,ko:K05815",369,330,279,251,391,388,365,367,403,374,351,291,327,297,327,302,273,306,303,343,345,326,348,356
"ko:K02026,ko:K10119",230,229,153,197,290,257,245,205,189,204,192,232,205,190,207,186,199,153,232,230,254,260,234,225
"ko:K02026,ko:K10119,ko:K17243",32,29,34,20,70,53,35,38,14,30,37,14,27,28,36,22,30,28,43,26,34,28,37,36
"ko:K02026,ko:K10190",5,4,2,0,10,4,4,0,4,2,0,2,8,2,4,6,2,2,6,2,2,10,4,0
"ko:K02026,ko:K10202",20,13,14,8,19,12,11,21,19,28,20,12,13,14,16,21,13,10,20,38,16,12,18,18
"ko:K02026,ko:K10229",307,243,201,190,325,266,281,274,308,336,268,237,260,240,263,265,265,249,278,333,347,303,371,366
"ko:K02026,ko:K10234",69,56,48,33,79,48,63,54,41,50,42,34,40,46,40,34,41,51,56,52,71,66,69,68
"ko:K02026,ko:K10238",169,127,101,109,190,168,158,184,137,171,143,119,137,139,170,147,98,152,143,167,195,164,170,192
"ko:K02026,ko:K10242",192,156,197,228,249,338,297,291,181,264,250,179,189,172,197,185,210,174,408,278,263,395,376,237
"ko:K02026,ko:K17239,ko:K17331",17,6,10,4,24,10,10,8,8,12,4,10,2,6,10,8,9,10,22,5,17,10,7,20
"ko:K02026,ko:K17243",35,21,34,31,44,39,26,24,22,28,38,15,26,16,26,18,24,15,18,32,31,26,25,38
"ko:K02026,ko:K17317",190,198,157,174,277,260,208,214,191,266,234,193,199,182,202,217,188,173,213,250,298,267,251,236
"ko:K02026,ko:K17323",97,107,70,88,141,101,91,105,115,124,135,92,106,111,122,95,61,73,113,70,102,66,121,105
"ko:K02026,ko:K17331",85,88,97,57,99,104,90,78,85,88,79,79,48,73,80,71,74,47,112,67,90,88,101,103
"ko:K02027",3322,3054,2473,2417,4098,3408,3387,3494,2957,3389,3013,2778,2967,2809,3071,3076,2679,3079,3580,3737,3718,3541,3583,4170
"ko:K02027,ko:K05813",175,127,79,108,171,116,119,138,129,174,173,115,114,117,133,119,101,108,122,122,143,135,152,152
"ko:K02027,ko:K10117",0,2,2,0,0,2,2,2,2,2,0,2,0,0,1,2,1,0,6,0,2,0,2,0
"ko:K02027,ko:K10192",22,27,20,12,39,28,22,26,26,25,21,24,44,29,20,32,13,29,31,49,29,36,33,24
"ko:K02027,ko:K10227",262,259,215,172,347,266,311,281,289,306,302,215,277,212,311,273,277,260,295,299,336,347,305,355
"ko:K02027,ko:K10232",60,68,72,50,116,86,104,83,75,98,110,54,80,78,68,55,64,68,138,80,108,83,101,94
"ko:K02027,ko:K10236",35,41,44,30,60,32,42,40,38,51,41,31,44,58,48,56,35,48,48,47,78,40,29,48
"ko:K02027,ko:K15770",10,20,14,14,32,30,16,10,16,25,12,15,22,8,22,23,14,22,17,42,24,21,26,18
"ko:K02027,ko:K17329",76,57,72,35,82,73,92,99,69,76,70,78,63,52,80,50,46,48,86,69,74,84,64,76
"ko:K02028",752,654,553,530,893,788,797,827,615,799,604,602,677,697,746,655,625,621,764,802,757,828,743,901
"ko:K02028,ko:K02029",257,236,212,194,369,294,299,306,190,255,221,232,243,221,208,220,214,245,293,293,285,271,252,335
"ko:K02028,ko:K09972",539,487,357,394,543,525,533,536,530,588,543,479,453,521,529,463,502,475,548,523,536,538,534,673
"ko:K02028,ko:K09972,ko:K10004",35,39,22,37,39,49,37,34,35,41,27,39,33,25,30,26,27,16,30,38,32,36,48,56
"ko:K02028,ko:K09972,ko:K10041",119,104,70,99,151,139,143,145,100,116,107,138,105,89,108,89,104,92,80,105,125,106,91,122
"ko:K02028,ko:K10004",115,102,72,93,134,102,83,123,119,133,127,91,96,109,104,83,59,91,93,85,110,97,108,100
"ko:K02028,ko:K10008",69,92,73,78,95,68,85,66,78,95,91,87,71,55,118,73,56,93,65,76,74,60,74,101
"ko:K02028,ko:K10010,ko:K16963",102,91,66,57,104,129,78,96,120,75,79,84,78,83,95,100,76,66,71,92,122,98,115,120
"ko:K02028,ko:K10021",10,17,8,3,10,10,6,22,12,13,12,9,4,12,6,10,14,13,8,20,20,16,28,17
"ko:K02028,ko:K10041",27,21,16,22,28,17,22,27,12,20,16,23,20,29,11,22,18,10,14,19,15,20,7,18
"ko:K02028,ko:K17076",261,221,224,169,381,313,251,304,222,198,188,199,227,220,184,211,177,226,231,219,268,247,242,301
"ko:K02029",1160,1056,807,841,1272,1172,1227,1086,1018,1224,1025,933,1016,937,1101,1009,1028,1024,1179,1180,1384,1259,1244,1501
"ko:K02029,ko:K02030",229,217,156,160,279,249,180,219,161,205,183,166,151,200,226,168,136,151,234,227,250,207,218,214
"ko:K02029,ko:K02424,ko:K10009",149,147,91,141,213,174,177,192,130,142,139,106,130,167,136,148,128,154,171,179,189,164,144,163
"ko:K02029,ko:K10003",83,47,40,72,106,67,66,66,93,111,101,63,70,76,88,75,63,83,81,68,48,76,110,73
"ko:K02029,ko:K10009",59,65,38,44,58,61,72,62,36,66,37,47,53,40,55,48,56,49,69,76,64,48,68,74
"ko:K02029,ko:K10009,ko:K16962",80,56,49,60,102,99,86,78,86,67,80,64,65,83,115,71,86,93,84,102,100,96,112,130
"ko:K02029,ko:K10016,ko:K10024",16,8,10,18,44,22,16,22,8,12,24,20,20,24,20,22,17,18,17,16,30,18,20,34
"ko:K02029,ko:K10019,ko:K10023",24,26,10,20,18,22,28,18,21,18,18,8,12,12,14,14,16,16,20,18,24,10,24,30
"ko:K02029,ko:K10020",34,19,25,16,22,31,20,41,16,31,25,20,22,17,18,33,39,26,41,34,26,35,43,44
"ko:K02029,ko:K10037",12,18,12,10,26,14,13,10,6,10,12,8,10,12,14,6,4,7,18,6,6,14,20,10
"ko:K02029,ko:K16958",23,10,24,30,23,11,23,29,24,28,27,20,26,18,18,11,27,9,25,18,32,36,28,38
"ko:K02030",1081,910,715,736,1260,1038,934,1023,936,928,834,768,798,950,962,832,897,762,988,1038,1109,1094,1053,1123
"ko:K02030,ko:K02424",4,0,4,4,12,11,12,2,4,2,4,4,4,6,4,4,0,2,0,6,4,2,10,7
"ko:K02030,ko:K02424,ko:K17073",46,29,39,48,85,58,51,57,53,26,50,50,24,61,33,49,38,28,51,62,48,54,45,63
"ko:K02030,ko:K09969,ko:K10001",45,33,17,34,48,40,48,49,45,48,37,30,44,43,30,42,33,16,34,36,30,36,52,41
"ko:K02030,ko:K09997",14,16,18,12,14,14,14,8,14,10,16,4,18,14,14,10,18,10,12,18,16,19,14,20
"ko:K02030,ko:K10022",52,36,22,30,62,53,46,64,61,69,57,58,38,40,40,43,35,41,50,44,51,60,49,66
"ko:K02030,ko:K10036",44,30,11,28,47,48,48,62,35,28,24,20,48,24,30,25,43,24,40,55,55,44,37,40
"ko:K02031",1215,1047,857,854,1517,1391,1195,1354,1079,1303,1088,1071,1124,1072,1150,1173,1052,991,1291,1282,1416,1241,1253,1457
"ko:K02031,ko:K02032",1915,1781,1327,1369,2392,2059,1995,1888,1741,1906,1693,1559,1763,1661,1790,1709,1439,1825,1904,1930,2071,1930,1870,2119
"ko:K02031,ko:K02032,ko:K02034",66,35,29,34,100,56,63,84,52,44,42,62,46,58,54,60,38,61,46,68,57,58,49,59
"ko:K02031,ko:K02032,ko:K10823,ko:K13892,ko:K13896,ko:K15583",14,12,3,9,10,18,10,24,4,18,14,11,12,10,16,10,17,7,12,11,16,16,14,16
"ko:K02031,ko:K02032,ko:K10823,ko:K13896,ko:K15583",427,413,307,325,465,407,393,432,380,505,426,350,406,406,420,431,431,345,424,522,454,463,474,453
"ko:K02031,ko:K02032,ko:K13892",33,46,27,45,73,53,35,47,36,33,64,54,50,38,34,32,32,25,49,31,51,43,34,70
"ko:K02031,ko:K02032,ko:K13896",927,874,696,678,1201,1066,944,1028,876,1033,900,851,987,942,867,875,839,811,950,1062,1116,942,1010,1086
"ko:K02031,ko:K02034",283,241,171,218,395,306,313,330,245,263,237,231,270,228,250,231,182,199,394,296,289,293,323,328
"ko:K02031,ko:K02034,ko:K12371",5,5,4,0,7,5,6,5,0,6,8,2,2,4,0,2,2,3,2,5,3,2,6,4
"ko:K02031,ko:K12371",75,57,63,52,105,95,72,81,79,82,72,79,54,88,81,95,57,58,105,83,85,66,68,96
"ko:K02031,ko:K15583",424,435,301,321,685,466,489,492,317,452,395,404,393,402,405,355,308,299,455,438,468,411,425,443
"ko:K02032",811,814,594,584,1095,894,812,993,675,795,763,628,701,654,771,750,668,601,846,927,879,837,930,849
"ko:K02032,ko:K10823",1221,1127,867,1005,1686,1282,1328,1288,1081,1251,1174,1058,1044,1047,1194,1070,1047,848,1194,1141,1219,1147,1140,1278
"ko:K02033",4774,4222,3303,3486,5680,4929,4742,5063,4300,5213,4202,3823,4158,4029,4588,4190,3584,3712,4868,4612,5249,4763,5077,5154
"ko:K02033,ko:K02034",188,190,152,107,258,200,213,239,162,166,152,149,140,169,151,169,130,183,226,176,232,218,206,246
"ko:K02033,ko:K02035,ko:K13889",17,16,18,15,32,11,24,29,12,12,28,13,30,19,24,18,24,25,26,20,27,22,21,22
"ko:K02033,ko:K12369",84,102,86,53,92,96,85,114,85,93,103,90,94,73,64,63,116,116,323,292,351,314,284,338
"ko:K02033,ko:K13890",49,82,43,41,88,75,72,75,54,66,67,70,62,56,57,36,50,36,46,52,84,59,72,52
"ko:K02033,ko:K15581",114,119,93,66,145,148,102,148,123,117,122,84,111,121,84,79,93,326,119,116,147,114,164,164
"ko:K02033,ko:K15585",199,161,125,145,226,150,157,150,146,182,152,172,136,120,158,149,105,125,182,129,178,162,137,159
"ko:K02034",4484,4215,3142,3333,5586,4969,4628,4936,4078,4844,4179,3844,3962,3861,4301,3925,3466,3353,4998,4788,5383,4875,5010,5533
"ko:K02034,ko:K12370",244,252,177,195,327,298,238,304,236,340,288,224,249,250,267,272,237,221,338,294,273,270,253,328
"ko:K02034,ko:K13891",36,45,20,26,58,52,54,44,38,46,41,50,39,31,51,36,35,31,40,26,44,20,33,61
"ko:K02034,ko:K15582",262,241,188,213,338,339,298,314,253,290,270,266,237,244,251,224,238,499,275,286,279,301,300,297
"ko:K02034,ko:K15586",31,33,30,25,60,46,48,51,44,33,46,30,47,38,59,46,31,21,54,59,39,62,54,75
"ko:K02035",5107,4728,3434,3697,6098,5239,5089,5207,4394,5296,4625,4217,4443,4404,4442,4381,4190,4162,5186,4969,5746,5201,5497,5681
"ko:K02035,ko:K12368",29,16,20,8,22,16,14,9,18,19,17,10,26,10,14,13,13,7,12,12,12,8,15,10
"ko:K02035,ko:K13889",8,16,6,2,3,4,2,2,0,6,6,2,4,0,6,0,3,13,4,6,4,10,15,6
"ko:K02035,ko:K13893",77,53,49,46,66,50,54,68,56,48,56,73,50,52,61,41,57,51,66,53,50,71,46,60
"ko:K02035,ko:K15580",387,377,280,328,540,401,450,384,364,441,330,385,364,354,449,318,306,379,416,459,430,428,371,424
"ko:K02035,ko:K15584",12,12,12,10,12,20,14,19,14,12,12,6,14,2,10,10,16,10,23,21,24,16,14,22
"ko:K02036",1225,1117,869,824,1396,1225,1117,1129,1083,1128,1042,1030,956,944,1036,1060,975,1174,1083,1085,1084,1081,1127,1239
"ko:K02037",748,643,499,486,846,711,614,695,656,695,658,618,609,614,623,536,476,806,699,638,708,652,734,675
"ko:K02037,ko:K02038",40,53,44,38,81,90,79,55,50,40,38,57,40,50,50,40,59,45,72,51,78,66,74,78
"ko:K02038",789,763,546,560,895,872,826,826,742,841,733,700,681,691,731,657,583,900,791,777,793,719,766,807
"ko:K02039",651,654,473,527,922,754,805,766,666,790,672,582,633,631,651,594,618,800,707,782,772,806,817,845
"ko:K02039,ko:K07220",25,16,10,27,18,27,22,24,26,20,19,21,25,14,10,30,24,17,19,14,28,31,18,16
"ko:K02040",615,555,432,448,843,723,643,669,599,654,574,551,547,576,545,520,533,1642,697,753,733,727,739,753
"ko:K02041",250,207,159,137,252,226,228,189,189,219,169,159,211,158,229,149,162,201,189,224,199,166,229,253
"ko:K02042",108,87,87,82,130,92,98,129,156,119,105,119,112,92,114,106,138,123,121,174,143,161,133,158
"ko:K02043",16,2,9,6,14,12,8,10,10,6,10,6,8,11,10,4,6,6,10,8,19,12,16,14
"ko:K02044",133,121,93,114,167,180,139,139,143,165,162,106,144,129,105,124,174,484,169,209,185,177,170,186
"ko:K02045",804,715,561,646,1071,904,724,901,771,853,702,692,766,729,834,706,633,973,805,815,859,870,832,894
"ko:K02045,ko:K02065,ko:K10112",5,2,0,2,1,4,2,4,2,1,4,0,4,2,0,1,5,0,6,2,2,0,4,2
"ko:K02046",617,544,417,418,684,614,557,543,462,571,502,424,464,500,518,456,443,684,594,560,588,551,630,604
"ko:K02046,ko:K15496",95,66,72,64,93,83,75,79,74,129,107,78,121,84,101,81,69,48,64,122,91,95,78,94
"ko:K02047",523,467,375,341,572,521,471,539,463,553,486,403,451,434,534,398,455,645,499,549,562,504,551,580
"ko:K02048",596,565,375,475,740,637,542,595,594,610,602,526,594,523,567,496,458,723,626,530,563,623,618,525
"ko:K02049",1458,1347,991,1129,1913,1623,1562,1409,1358,1583,1449,1305,1396,1323,1398,1326,1146,1113,1478,1497,1612,1553,1717,1676
"ko:K02049,ko:K10831",18,26,20,12,28,6,12,28,34,47,18,8,22,18,28,40,15,10,26,20,15,24,24,15
"ko:K02049,ko:K10831,ko:K15555",34,36,20,22,44,29,24,24,28,27,24,36,20,20,24,38,18,20,28,16,36,28,36,24
"ko:K02049,ko:K15555",112,92,85,53,124,94,107,91,83,104,107,74,83,85,127,97,76,84,118,85,114,95,95,111
"ko:K02049,ko:K15555,ko:K15578",52,48,32,27,44,40,58,31,66,62,43,35,46,32,37,42,37,34,26,42,56,47,45,56
"ko:K02049,ko:K15578",579,486,381,428,711,621,559,483,578,646,580,490,475,505,589,456,536,445,588,564,603,553,567,700
"ko:K02049,ko:K15579",2,2,2,4,2,2,2,2,7,6,4,2,6,0,6,2,0,0,12,4,2,10,4,2
"ko:K02050",1622,1545,1162,1326,2043,1824,1651,1743,1548,1732,1579,1330,1485,1456,1665,1563,1296,1203,1638,1629,1873,1772,1784,1802
"ko:K02050,ko:K15552",205,191,152,158,271,236,227,211,213,210,158,166,223,206,173,191,152,145,169,231,224,251,185,208
"ko:K02050,ko:K15554",78,78,42,74,92,79,80,95,49,92,60,73,54,72,77,88,70,64,92,86,96,90,72,115
"ko:K02050,ko:K15577",569,559,431,479,685,630,629,536,592,647,622,491,480,508,573,478,497,453,627,598,623,675,777,665
"ko:K02051",1519,1370,973,1167,1774,1614,1469,1602,1390,1651,1501,1211,1376,1323,1337,1307,1093,1208,1544,1523,1585,1514,1614,1633
"ko:K02051,ko:K15553",290,272,221,185,342,231,297,299,310,297,237,239,268,233,310,237,253,211,262,296,305,288,266,369
"ko:K02051,ko:K15576",72,57,33,57,73,46,53,54,97,118,86,70,74,61,61,78,76,65,69,57,43,83,102,74
"ko:K02051,ko:K15576,ko:K22067",142,144,94,113,141,116,133,97,210,222,209,126,130,130,188,117,121,137,187,130,130,178,192,165
"ko:K02052",986,861,670,767,1150,1044,933,1030,888,1057,893,723,926,821,925,823,771,800,967,989,1055,932,1084,1127
"ko:K02052,ko:K02062",42,56,40,45,56,71,66,83,30,61,46,41,45,57,45,24,65,53,59,77,70,46,77,58
"ko:K02052,ko:K11072",167,136,130,121,178,187,148,137,129,152,114,117,146,111,146,113,112,102,122,136,160,158,150,160
"ko:K02052,ko:K11072,ko:K11076",8,9,0,2,14,8,2,4,11,2,4,6,0,17,5,6,6,0,6,2,6,10,8,6
"ko:K02053",1053,906,744,764,1200,1025,995,975,920,1022,903,818,908,885,940,897,790,762,1035,1145,1135,1044,1137,1209
"ko:K02053,ko:K11070",116,107,107,80,159,156,117,94,83,117,122,105,103,120,116,127,81,73,115,140,129,132,105,157
"ko:K02054",991,865,652,714,1218,1035,1102,1021,889,1053,870,738,857,772,981,857,776,751,1048,1003,1191,1010,1066,1170
"ko:K02054,ko:K11071",54,34,35,33,42,35,62,57,42,50,28,29,52,35,52,50,32,34,47,50,38,42,47,69
"ko:K02055",793,759,592,566,870,776,726,712,699,822,705,617,742,681,747,638,694,618,726,855,948,826,861,942
"ko:K02055,ko:K11069",18,12,6,4,18,10,12,20,18,21,10,6,10,6,6,10,4,6,12,6,10,12,12,12
"ko:K02056",2472,2366,1742,1941,3106,2825,2634,2776,2304,2840,2299,2106,2269,2246,2291,2278,2116,1987,2685,2853,2713,2740,2660,2866
"ko:K02056,ko:K10441",511,476,406,367,687,543,467,581,487,483,496,458,498,466,431,470,487,376,558,600,549,627,665,608
"ko:K02056,ko:K10441,ko:K17210",59,73,65,62,108,78,86,63,53,88,50,64,95,86,98,92,75,70,84,85,89,62,92,84
"ko:K02056,ko:K10545",436,367,282,365,504,437,405,527,330,417,382,363,440,366,376,320,331,286,387,459,398,356,381,456
"ko:K02056,ko:K10554",95,97,73,87,158,123,93,129,108,107,94,93,85,78,89,89,97,80,85,115,128,113,97,137
"ko:K02057",2300,1971,1623,1604,2769,2307,2250,2347,2169,2461,2100,1849,2056,1896,2055,1931,1874,1677,2393,2434,2481,2416,2563,2725
"ko:K02057,ko:K10440",278,238,210,217,364,343,276,324,244,304,294,231,255,263,297,236,242,221,383,345,288,346,350,422
"ko:K02057,ko:K10440,ko:K17209",150,144,124,116,163,147,167,137,126,128,149,109,139,87,119,114,131,102,189,154,175,160,139,195
"ko:K02057,ko:K10544",68,80,57,54,126,112,95,82,75,94,65,112,64,65,54,72,63,39,67,96,96,97,94,95
"ko:K02058",697,566,453,508,784,685,572,611,621,670,616,558,581,638,583,622,546,576,635,725,763,662,688,768
"ko:K02058,ko:K07335",86,94,57,53,107,99,84,78,75,93,99,91,90,80,93,73,80,85,87,112,80,86,109,104
"ko:K02058,ko:K10439",557,444,407,405,660,575,497,559,511,564,484,436,514,493,458,420,502,505,624,581,647,654,585,671
"ko:K02058,ko:K10439,ko:K17213",90,66,68,72,101,86,65,86,81,83,80,68,58,78,80,99,71,70,77,77,100,76,93,100
"ko:K02058,ko:K10543",64,69,65,42,65,59,82,101,69,48,55,42,59,46,52,41,58,41,80,75,81,75,72,77
"ko:K02058,ko:K10546",131,108,91,91,123,116,109,100,113,121,98,78,122,102,132,83,160,117,105,165,179,162,163,140
"ko:K02058,ko:K10559",284,276,192,233,394,343,346,368,269,318,230,234,289,218,226,295,195,221,330,294,296,353,284,355
"ko:K02062",24,14,17,21,42,30,20,34,20,28,29,24,33,18,33,35,14,14,19,24,25,21,28,41
"ko:K02063",53,31,33,31,55,53,43,44,41,42,45,35,50,56,58,58,37,48,46,49,62,58,54,72
"ko:K02064",104,107,98,86,99,110,82,107,84,80,108,85,103,83,122,107,110,98,91,148,146,101,126,143
"ko:K02065",1234,1198,950,940,1674,1369,1284,1439,1094,1350,1079,1128,1194,1064,1215,1165,897,1463,1200,1291,1327,1240,1303,1501
"ko:K02066",2502,2178,1759,1834,3035,2491,2524,2624,1985,2556,2110,1993,2210,2078,2156,1955,1683,2278,2236,2165,2444,2248,2269,2493
"ko:K02067",1264,1125,922,941,1661,1394,1286,1425,1055,1327,1062,1075,1118,1038,1208,1133,947,1508,1393,1326,1304,1268,1498,1626
"ko:K02067,ko:K06192",52,50,34,33,58,40,52,28,24,44,54,32,38,30,41,40,28,30,52,36,58,44,46,44
"ko:K02071",365,318,195,221,395,408,375,345,289,340,322,257,289,295,334,311,262,542,345,379,365,349,412,410
"ko:K02072",190,167,120,139,240,236,201,216,165,239,197,157,186,195,177,179,139,318,212,217,252,236,244,215
"ko:K02072,ko:K02073",4,8,0,6,12,10,6,6,8,6,4,4,12,2,12,6,0,2,0,2,4,8,6,6
"ko:K02073",114,76,61,95,98,117,83,108,92,82,76,77,113,110,103,61,105,322,107,135,110,110,152,151
"ko:K02074",130,128,93,99,182,121,120,163,129,119,117,99,118,105,156,124,98,98,146,133,116,145,170,148
"ko:K02074,ko:K09820,ko:K11710",15,24,8,10,22,22,24,28,20,20,15,5,24,22,18,14,7,12,22,20,6,8,20,14
"ko:K02074,ko:K09820,ko:K11710,ko:K19973",4,6,0,2,12,7,6,8,6,8,6,10,10,14,8,4,0,0,0,4,2,6,10,2
"ko:K02075",211,180,126,148,278,199,243,235,145,210,134,165,189,172,173,166,96,134,219,180,204,165,194,208
"ko:K02075,ko:K02077,ko:K09815,ko:K11707",16,22,10,24,21,26,21,14,27,25,18,18,14,16,12,25,17,20,22,23,27,24,16,25
"ko:K02075,ko:K09819",86,66,63,45,81,111,86,88,66,66,62,55,77,71,91,86,49,40,95,87,88,64,80,92
"ko:K02075,ko:K11606,ko:K11708,ko:K11709",79,64,49,56,74,70,63,68,74,55,46,54,60,65,60,57,49,35,68,58,79,80,47,61
"ko:K02077",28,32,16,30,63,38,26,46,40,46,46,44,38,32,34,33,27,8,44,28,28,39,34,42
"ko:K02077,ko:K09815,ko:K11604",185,151,96,110,151,151,125,149,148,197,154,167,157,149,159,128,126,124,137,157,190,149,155,170
"ko:K02077,ko:K09815,ko:K11604,ko:K11707",14,20,17,8,32,8,24,20,23,21,16,22,14,24,13,13,26,13,17,21,26,19,29,18
"ko:K02077,ko:K09815,ko:K11707",2,10,10,2,5,4,4,2,7,4,3,0,6,2,4,8,5,2,8,0,6,4,10,4
"ko:K02078",937,895,735,781,1150,897,908,983,857,975,843,845,911,846,886,878,762,956,976,917,990,826,921,1042
"ko:K02078,ko:K14661",17,22,6,20,16,25,9,14,17,20,18,16,20,18,22,22,39,15,13,23,20,19,12,36
"ko:K02081",50,58,36,32,92,44,61,44,63,58,45,37,38,46,58,48,34,422,74,54,63,68,50,68
"ko:K02081,ko:K03436",137,115,75,82,171,156,117,150,116,146,121,133,95,126,114,125,98,94,114,118,153,117,131,133
"ko:K02082",56,44,28,32,60,48,39,58,34,32,32,41,30,40,48,30,17,377,52,36,44,64,49,64
"ko:K02083",46,37,38,30,80,77,49,74,34,50,52,39,73,68,79,52,42,32,48,32,51,49,48,40
"ko:K02083,ko:K06016",250,191,168,161,296,249,192,206,232,272,249,194,220,227,226,217,191,158,229,225,267,227,304,250
"ko:K02100,ko:K06609",6,2,2,8,15,10,12,10,2,4,4,4,12,11,14,11,2,0,8,6,4,4,16,6
"ko:K02100,ko:K06609,ko:K08139",8,4,0,0,10,10,10,6,4,4,4,2,4,10,12,4,2,4,2,4,4,0,4,2
"ko:K02106",68,47,52,49,89,90,63,84,64,93,69,82,56,50,67,78,49,441,66,70,66,58,79,73
"ko:K02108",650,498,417,430,659,568,531,526,564,611,484,517,470,509,565,497,420,681,528,567,617,545,565,561
"ko:K02109",288,246,186,187,347,299,237,278,256,276,264,216,253,281,248,234,205,343,315,300,318,329,256,331
"ko:K02109,ko:K02113",79,57,40,77,110,78,93,84,41,92,71,63,79,63,74,55,61,61,84,72,100,96,69,102
"ko:K02110",683,611,409,478,763,688,648,649,586,716,581,623,574,576,555,642,477,579,626,585,627,588,623,720
"ko:K02111",3320,2974,2344,2259,3841,3245,2966,3372,3083,3428,2874,2525,2738,2721,2877,2622,2524,2591,2851,2903,3003,2875,2871,3086
"ko:K02112",4540,4043,3109,3564,5650,4542,4381,4541,3959,4773,4101,3930,3937,3809,4074,3911,3414,3432,4198,3745,4164,3979,4086,4351
"ko:K02113",72,67,52,65,107,87,91,75,67,120,72,71,78,93,87,78,78,271,70,99,113,103,99,77
"ko:K02113,ko:K02114",50,34,37,22,40,43,56,51,41,49,32,49,28,24,22,42,47,37,46,52,63,52,44,65
"ko:K02114",175,133,98,136,170,158,146,143,136,201,149,126,150,136,166,148,102,316,138,165,151,162,154,183
"ko:K02115",708,670,506,605,902,778,775,832,642,702,584,608,601,612,618,656,594,864,733,848,774,765,835,789
"ko:K02116",17,32,15,18,36,31,24,21,26,37,22,14,31,14,26,26,51,25,26,32,30,21,50,38
"ko:K02117",52,38,42,58,104,62,56,95,67,54,40,60,74,42,93,60,44,67,66,64,84,72,90,83
"ko:K02118",58,52,34,30,56,38,68,56,50,38,29,50,30,55,39,44,40,37,62,48,62,69,48,54
"ko:K02123",56,38,32,58,62,45,50,56,34,57,26,35,24,45,34,39,32,26,52,28,65,40,88,77
"ko:K02124",28,11,20,14,22,24,30,41,20,26,21,17,26,34,24,12,14,14,12,22,32,38,22,26
"ko:K02160",290,242,242,207,316,333,258,274,246,289,253,240,281,219,258,223,242,375,234,280,315,319,320,279
"ko:K02167",71,68,51,57,83,64,75,80,58,87,72,50,45,46,58,59,57,64,65,78,71,81,79,85
"ko:K02168,ko:K05020",264,223,205,183,322,292,258,262,198,268,202,211,220,215,216,218,163,156,231,264,240,262,248,279
"ko:K02169",146,97,85,85,164,133,128,139,104,155,118,112,99,124,134,97,120,366,126,102,125,146,137,157
"ko:K02170",28,39,27,22,41,32,42,36,45,27,16,22,32,34,38,38,26,264,36,26,26,34,50,48
"ko:K02182",44,37,25,32,86,47,32,51,34,50,49,35,32,34,37,35,39,23,48,40,42,23,40,35
"ko:K02182,ko:K20034",206,137,135,142,254,184,200,177,245,259,223,190,158,207,226,198,141,158,192,183,173,176,167,209
"ko:K02188",46,45,29,31,54,55,50,44,56,54,47,40,34,33,43,50,33,44,48,42,46,40,56,53
"ko:K02189,ko:K05934",6,10,10,6,10,6,20,20,10,9,6,6,14,20,12,16,18,15,10,28,6,14,21,16
"ko:K02192",16,6,12,14,32,18,20,6,6,26,16,15,16,18,18,12,6,61,10,24,26,16,24,26
"ko:K02193",73,43,34,51,97,55,62,81,65,111,52,48,57,53,71,43,57,246,72,55,79,77,87,101
"ko:K02194",372,288,247,292,380,353,377,369,297,326,331,274,314,317,339,315,248,447,415,367,385,361,341,387
"ko:K02195",431,378,359,338,551,473,454,419,459,522,387,396,409,397,443,396,359,543,456,530,497,483,523,542
"ko:K02196",7,8,6,4,16,4,4,6,10,18,4,10,4,10,18,4,12,73,6,16,16,12,21,16
"ko:K02197",241,254,158,214,297,269,258,242,229,224,196,211,205,235,215,218,190,286,219,220,276,234,277,248
"ko:K02198",538,499,377,386,774,622,568,555,483,622,520,461,458,490,544,357,452,994,558,577,557,642,628,710
"ko:K02199",107,80,64,71,129,92,107,84,82,99,88,98,99,79,98,93,68,237,68,137,126,113,91,113
"ko:K02200",184,172,113,154,221,216,211,177,165,195,181,157,165,160,181,168,167,830,204,204,232,239,206,225
"ko:K02204",265,200,163,185,326,242,231,241,226,276,258,226,246,246,273,253,220,183,267,275,234,198,214,259
"ko:K02205,ko:K03293,ko:K16235,ko:K16236",4,6,2,0,0,8,8,2,2,0,0,6,4,6,4,6,2,0,0,2,2,2,4,0
"ko:K02205,ko:K16235,ko:K16236",10,0,2,6,18,14,12,8,2,4,0,4,16,16,18,4,1,0,2,4,4,12,14,8
"ko:K02217",45,30,32,19,52,32,44,32,40,23,30,12,26,26,25,28,31,27,26,25,36,36,16,36
"ko:K02221",159,170,120,98,177,120,154,118,135,115,99,144,123,126,98,122,100,89,134,125,129,118,111,143
"ko:K02224",241,210,158,176,274,219,215,242,258,217,196,192,201,192,204,169,170,673,260,259,254,253,306,254
"ko:K02225",40,38,40,28,36,47,48,46,38,66,52,26,56,39,40,38,27,333,61,48,55,54,58,73
"ko:K02226",114,92,48,69,147,93,90,89,77,79,76,105,85,80,99,81,59,255,91,100,88,116,111,125
"ko:K02226,ko:K22316",44,45,27,27,44,62,36,47,41,42,49,38,36,31,35,30,34,26,54,46,42,49,50,69
"ko:K02227",73,107,76,68,150,134,88,111,79,112,76,86,85,100,70,70,74,409,138,125,118,98,100,154
"ko:K02228",60,68,31,71,99,86,76,77,50,61,44,61,60,62,82,80,60,63,83,73,68,80,79,77
"ko:K02229",26,32,16,14,35,21,30,26,23,20,14,32,8,16,20,21,26,14,14,25,24,32,26,26
"ko:K02230",896,791,652,588,1165,946,958,1058,797,913,755,826,737,701,835,770,760,787,983,981,1028,895,1041,1105
"ko:K02231",213,195,151,174,355,266,216,260,250,241,225,199,191,182,244,242,185,387,235,215,231,210,249,212
"ko:K02232",511,437,299,309,552,489,507,442,411,461,391,419,382,411,394,409,395,892,508,483,496,438,491,535
"ko:K02233",138,109,97,105,180,135,164,137,114,149,143,136,120,146,124,132,117,303,148,132,136,167,185,163
"ko:K02234",209,219,158,180,292,265,258,264,216,284,211,213,215,226,238,247,179,202,264,257,282,285,249,248
"ko:K02237",82,78,75,59,100,80,60,125,77,72,64,43,80,66,55,80,60,200,78,75,124,71,118,95
"ko:K02238",412,317,204,237,498,406,363,397,298,341,329,246,308,309,305,313,292,977,403,334,354,354,372,449
"ko:K02240",0,2,0,4,4,2,4,4,0,0,2,0,10,2,2,2,0,4,0,0,4,6,4,0
"ko:K02241",2,0,0,0,1,0,8,0,0,0,2,0,3,4,5,2,0,0,0,2,0,0,0,4
"ko:K02242",2,0,2,0,0,8,6,2,0,0,0,2,3,0,0,2,0,0,0,2,0,0,2,4
"ko:K02250",2,2,2,0,4,2,8,2,0,0,2,2,2,4,0,2,0,2,0,4,4,0,0,2
"ko:K02257",769,741,558,560,989,826,784,874,696,839,704,695,684,688,741,639,725,895,821,863,912,804,850,961
"ko:K02258",140,131,96,82,184,142,162,135,132,161,169,118,161,162,158,130,112,347,163,152,197,145,165,161
"ko:K02259",383,318,296,228,577,470,477,449,367,461,357,352,358,358,346,341,325,706,391,450,437,453,479,433
"ko:K02274",3717,3303,2795,2892,4501,3908,3725,3759,3700,4160,3614,3121,3264,3275,3576,3377,3082,3341,4150,3746,3920,3976,4022,3952
"ko:K02274,ko:K02298,ko:K15408",2,2,2,4,12,2,8,4,6,2,10,6,2,2,6,0,8,2,2,3,4,6,0,8
"ko:K02274,ko:K15408",453,435,325,316,552,444,427,455,452,477,481,357,378,352,393,375,335,337,452,485,450,395,461,423
"ko:K02275",501,480,356,352,674,538,518,552,482,587,512,490,480,471,540,483,468,725,590,541,557,616,605,610
"ko:K02276",565,605,493,459,738,670,595,603,619,718,554,556,580,587,638,594,572,793,643,698,747,619,778,700
"ko:K02276,ko:K02299",517,466,383,383,608,478,488,535,453,514,489,397,479,367,455,412,424,416,461,529,473,522,487,552
"ko:K02277",0,2,0,0,9,2,4,0,4,4,0,4,2,2,6,2,0,0,6,0,0,2,2,0
"ko:K02278",74,54,46,32,73,51,57,82,42,58,40,37,47,32,43,46,40,33,61,34,64,67,64,51
"ko:K02279",167,149,109,86,193,165,162,154,145,166,149,128,128,114,149,109,138,129,202,165,153,145,181,179
"ko:K02280",169,202,113,105,200,153,146,180,141,188,154,138,122,131,136,181,161,146,153,154,207,212,184,198
"ko:K02281",17,16,24,12,32,35,18,24,21,21,24,28,26,39,20,20,22,18,18,20,29,28,12,38
"ko:K02282",255,261,225,173,357,268,286,300,232,291,258,227,228,212,211,234,215,243,273,320,280,288,290,298
"ko:K02282,ko:K03496,ko:K04562",76,64,55,45,85,76,69,73,47,64,39,66,39,32,78,44,46,28,54,45,50,34,52,46
"ko:K02283",2265,2193,1677,1635,2688,2423,2180,2504,2013,2162,2018,1915,1977,1884,2029,1884,1702,1632,2181,2221,2246,2157,2320,2436
"ko:K02283,ko:K03196",20,14,11,6,22,16,10,10,9,14,8,8,14,14,12,8,17,12,10,14,26,10,31,26
"ko:K02291",120,87,64,96,130,128,143,115,128,105,106,107,96,103,123,82,94,93,121,101,106,94,121,106
"ko:K02291,ko:K18163",47,38,16,16,41,39,29,26,28,22,39,22,42,29,36,21,26,21,22,30,34,30,34,42
"ko:K02293",34,38,26,32,42,44,50,58,55,53,26,32,26,28,48,44,33,27,54,54,46,50,54,60
"ko:K02297",150,143,101,90,185,151,136,143,108,164,146,112,126,140,158,117,153,456,195,141,149,159,151,171
"ko:K02298",313,324,216,238,386,312,289,349,293,367,329,274,304,276,314,288,348,886,397,452,398,332,432,347
"ko:K02299",50,20,27,38,55,36,42,26,45,50,39,28,34,43,41,48,56,237,36,39,24,38,53,44
"ko:K02300",19,29,22,28,46,32,45,42,51,34,41,24,18,36,36,24,35,142,30,30,54,35,49,38
"ko:K02302",250,241,172,200,357,345,336,311,269,294,247,247,281,242,240,228,198,681,267,274,302,265,267,363
"ko:K02302,ko:K02303",432,363,268,310,539,477,421,456,418,407,407,397,348,375,355,359,309,318,428,409,472,452,465,466
"ko:K02302,ko:K02304",6,8,7,4,12,8,25,14,5,15,2,4,12,12,5,8,5,1,5,6,12,8,12,2
"ko:K02303",103,103,88,65,126,146,93,103,116,139,106,85,94,66,98,107,125,362,113,105,122,94,119,130
"ko:K02304",68,91,80,56,150,166,119,121,80,86,108,90,86,82,87,96,75,296,117,84,105,117,80,109
"ko:K02313",1405,1226,894,1062,1690,1419,1283,1343,1211,1423,1174,1060,1160,1105,1237,1131,1082,1354,1243,1361,1379,1269,1295,1444
"ko:K02314",2037,2045,1510,1634,2768,2103,2049,2338,1954,2180,1909,1859,1717,1797,1826,1827,1593,2045,2114,2068,2212,2132,2113,2335
"ko:K02315",5,8,6,7,8,14,9,13,6,8,13,6,7,9,6,12,6,4,6,6,12,6,7,14
"ko:K02316",955,857,722,732,1265,1035,955,984,868,990,886,776,858,782,873,865,827,1255,1097,963,1042,972,950,1139
"ko:K02335",2519,2246,1770,1892,3206,2510,2517,2789,2083,2488,2259,2126,2234,2159,2249,2103,2038,2737,2507,2595,2561,2454,2463,2806
"ko:K02336",70,60,42,54,80,70,50,50,60,51,58,41,59,60,64,40,82,51,88,82,78,116,85,86
"ko:K02336,ko:K06877,ko:K07501",9,4,4,1,7,2,12,4,3,4,10,8,2,1,6,3,0,0,6,6,6,0,2,8
"ko:K02337",3933,3760,2945,3064,4999,4091,4012,4298,3529,4138,3566,3291,3493,3325,3464,3262,2940,3907,3841,3981,3907,3724,3872,4284
"ko:K02337,ko:K02342",11,19,10,11,24,14,17,32,4,18,8,16,12,20,19,8,9,9,38,17,12,29,20,12
"ko:K02337,ko:K14162",202,153,152,113,240,174,189,214,159,217,153,116,223,174,152,180,213,196,229,239,240,216,199,232
"ko:K02338",1813,1542,1185,1300,2107,1767,1770,1954,1585,1912,1603,1403,1553,1559,1694,1471,1287,1695,1635,1741,1794,1850,1687,1825
"ko:K02339",96,86,58,66,114,89,104,125,87,104,95,75,87,102,77,95,59,218,102,96,103,113,147,120
"ko:K02340",486,402,269,378,555,502,498,498,395,465,419,367,350,382,390,406,351,624,527,472,452,437,389,494
"ko:K02341",348,336,207,269,419,378,342,367,273,355,292,251,331,333,325,329,244,533,296,303,416,354,347,386
"ko:K02342",832,793,658,676,1130,1105,1016,1032,765,929,852,760,782,712,906,854,729,760,1000,997,979,867,890,992
"ko:K02342,ko:K05847,ko:K07182",15,4,9,6,10,8,12,8,8,10,14,7,6,3,7,4,5,4,7,6,6,6,4,7
"ko:K02343",1149,1065,873,801,1484,1229,1170,1267,1102,1279,1025,979,1046,1074,1077,1111,918,1549,1167,1258,1296,1167,1236,1245
"ko:K02346",1686,1714,1246,1312,2210,1948,1851,1966,1527,1871,1537,1510,1519,1521,1749,1564,1432,1988,1881,1787,1903,1794,1810,1942
"ko:K02346,ko:K03502",18,22,18,22,64,36,50,24,23,38,33,24,33,41,28,24,18,36,30,32,30,34,34,34
"ko:K02347",38,31,33,33,65,31,42,44,19,48,21,51,34,46,34,31,28,25,38,25,23,40,33,32
"ko:K02348",46,33,31,31,63,55,33,32,32,36,49,46,36,30,35,44,37,147,34,40,22,38,42,35
"ko:K02351,ko:K07245",394,399,354,358,642,548,533,543,370,442,353,428,426,397,415,436,367,382,559,472,493,523,535,528
"ko:K02351,ko:K07245,ko:K21071",46,58,55,46,75,85,72,78,39,80,36,70,56,66,63,39,52,49,51,70,92,54,72,51
"ko:K02355",6304,5829,4579,5070,7782,6602,6395,6655,6037,6657,5779,5583,5424,5372,5803,5283,4977,6469,5850,5760,6428,5861,6074,6498
"ko:K02356",810,722,579,560,915,708,789,800,703,757,680,667,751,676,670,726,655,974,759,859,818,767,797,842
"ko:K02357",948,907,757,771,1280,1018,1112,1145,981,1146,869,879,987,861,964,857,774,1031,1017,1086,1099,978,1059,1063
"ko:K02358",7101,6985,5595,5976,8771,7712,7548,7735,6645,7747,6641,6366,6119,5990,6668,6145,5457,5619,6390,5929,6937,6360,6799,7234
"ko:K02361",64,50,32,42,82,66,32,60,28,42,34,26,60,31,58,36,36,369,56,38,42,50,47,46
"ko:K02361,ko:K02552",28,20,12,24,23,24,17,12,12,17,34,12,16,14,22,21,20,18,16,12,25,18,20,24
"ko:K02363",166,140,154,125,277,233,215,241,136,177,137,155,137,140,163,165,121,692,231,188,210,205,242,208
"ko:K02363,ko:K04783",0,6,0,2,6,2,10,4,2,0,4,0,12,6,0,3,0,1,0,0,4,6,6,0
"ko:K02363,ko:K04787",19,10,10,14,24,18,18,16,4,8,6,12,14,16,10,20,6,14,11,8,18,16,26,6
"ko:K02364",272,231,151,180,346,294,252,268,186,278,269,204,236,235,243,194,144,1664,250,235,227,298,259,275
"ko:K02371",113,83,83,51,155,81,84,101,79,101,109,106,122,79,95,88,86,58,94,116,111,85,120,127
"ko:K02372",326,252,227,245,435,357,367,327,286,330,264,289,326,325,273,282,267,413,318,337,298,313,296,362
"ko:K02377",158,168,176,159,204,197,213,210,184,254,223,172,157,132,199,178,127,135,176,204,193,179,122,174
"ko:K02377,ko:K16554",60,81,43,62,58,67,64,56,47,59,67,41,38,73,59,38,77,60,70,67,78,69,69,84
"ko:K02379",599,550,400,422,799,679,620,655,521,652,538,527,468,581,550,561,455,745,594,556,668,617,600,691
"ko:K02381",11,11,4,0,5,4,6,13,6,2,3,5,3,2,12,7,4,6,4,4,12,4,0,2
"ko:K02386",4,10,4,12,10,18,12,18,8,8,14,10,16,8,6,16,12,16,12,18,10,24,16,16
"ko:K02387",28,22,18,12,26,39,18,32,23,25,36,16,22,31,14,17,31,11,22,42,38,38,18,28
"ko:K02388",56,78,49,22,86,74,48,58,83,79,79,65,56,97,65,71,50,70,96,68,82,90,61,66
"ko:K02389",8,1,4,2,11,2,2,8,2,2,0,0,14,6,6,8,5,6,5,2,6,4,10,5
"ko:K02390",71,69,47,53,61,81,64,71,67,93,72,57,66,70,78,69,71,68,94,89,113,96,99,101
"ko:K02391,ko:K02392",67,47,43,55,66,49,65,59,50,40,35,48,53,62,39,54,38,63,73,65,71,57,65,62
"ko:K02392",140,111,73,84,134,141,110,127,122,137,127,89,110,105,129,87,112,113,132,133,146,144,137,130
"ko:K02393",72,85,63,67,85,50,63,52,65,45,43,64,61,85,63,75,53,65,78,78,85,74,72,77
"ko:K02394",469,399,303,318,558,515,366,518,380,500,355,363,446,380,453,363,372,345,447,463,483,439,410,472
"ko:K02395",18,20,20,14,14,10,10,12,16,16,8,24,23,8,10,12,3,4,10,9,12,6,13,18
"ko:K02396",106,72,51,61,80,63,67,95,56,64,67,66,72,92,71,63,78,49,90,92,92,55,86,87
"ko:K02397",18,6,18,14,14,8,26,28,16,16,22,10,22,18,10,14,20,20,18,12,16,12,20,34
"ko:K02398",0,2,0,2,2,2,6,2,0,4,6,0,4,5,1,0,2,0,0,2,0,0,2,4
"ko:K02400",697,622,490,527,852,712,643,699,581,678,591,541,567,563,565,575,555,489,610,621,708,653,685,644
"ko:K02401",90,83,72,108,98,79,118,95,94,116,80,94,106,87,121,95,74,90,93,112,91,71,105,117
"ko:K02402",24,6,19,9,24,16,22,18,37,46,28,28,24,36,25,14,30,12,30,16,17,27,26,20
"ko:K02405",424,411,324,336,533,464,411,475,362,393,395,412,362,365,383,459,282,464,392,338,374,375,442,383
"ko:K02405,ko:K03090",2,2,6,10,6,2,4,6,4,3,8,6,0,4,4,2,12,0,6,8,6,2,6,13
"ko:K02406",123,143,111,99,193,145,144,147,177,178,178,110,145,147,143,158,147,158,127,193,189,137,185,167
"ko:K02407",2,2,2,2,10,2,6,2,0,2,0,0,6,4,4,2,0,0,0,2,0,0,2,0
"ko:K02408",43,19,11,24,16,18,26,24,29,24,20,18,32,27,14,38,27,41,34,24,28,36,23,31
"ko:K02409",254,235,190,157,288,306,237,267,276,261,188,173,235,203,206,218,259,225,288,291,327,306,326,356
"ko:K02410",186,158,111,158,191,189,162,193,164,185,156,117,118,161,179,121,124,165,221,184,184,178,198,169
"ko:K02411",2,8,2,2,19,6,10,4,10,8,8,4,8,2,6,2,2,10,2,4,2,0,2,3
"ko:K02412",314,298,245,270,432,355,324,352,298,357,354,350,313,305,348,300,288,237,384,367,400,344,365,391
"ko:K02416",296,275,228,236,397,299,302,295,311,337,290,267,277,244,315,246,261,231,288,295,343,300,363,302
"ko:K02417",45,44,21,45,67,60,66,57,51,42,58,57,42,49,39,59,41,43,37,64,52,59,74,46
"ko:K02417,ko:K03225",26,18,22,35,40,33,28,26,48,52,27,36,31,22,22,36,28,26,39,40,29,30,23,26
"ko:K02418",32,25,28,12,19,22,14,17,38,24,26,17,24,24,31,18,6,157,20,24,19,17,24,12
"ko:K02419",432,375,352,289,513,447,410,434,467,469,398,309,383,399,403,406,410,386,416,495,528,405,487,467
"ko:K02420",84,50,105,85,112,132,153,128,101,154,106,85,86,86,90,96,105,71,199,118,67,172,175,80
"ko:K02421",54,50,44,50,75,73,65,73,32,54,44,43,49,58,57,46,64,64,51,60,68,84,69,75
"ko:K02424",121,108,63,87,132,111,84,124,93,125,100,104,88,103,100,81,92,101,108,143,148,97,135,151
"ko:K02426",215,180,135,152,257,225,177,231,176,213,163,178,150,164,172,176,169,289,200,246,209,198,231,274
"ko:K02427",257,228,185,176,295,243,238,224,207,295,233,187,250,244,249,226,201,402,237,245,310,271,276,314
"ko:K02428",302,254,197,210,388,337,331,408,241,299,288,232,238,291,281,278,243,490,350,333,346,320,333,395
"ko:K02428,ko:K02499",103,108,52,80,106,128,107,116,70,97,93,73,73,95,68,48,68,58,115,104,127,126,65,116
"ko:K02429",217,153,134,152,214,212,200,191,191,250,218,185,170,159,152,206,189,593,208,232,195,207,205,229
"ko:K02431",56,84,45,63,125,68,61,93,53,100,89,65,92,86,72,95,75,73,106,101,94,95,108,117
"ko:K02433",2050,1860,1462,1582,2675,2363,2128,2164,1872,2253,1971,1974,1859,1838,1952,1897,1562,1600,2145,2090,2151,2096,2096,2128
"ko:K02434",1803,1700,1354,1271,2339,1949,1801,1874,1567,1797,1452,1599,1621,1623,1631,1557,1344,1316,1722,1759,1776,1813,1769,1788
"ko:K02435",322,337,223,217,414,312,340,357,282,307,292,270,260,267,258,292,276,238,307,285,267,317,327,352
"ko:K02437",308,311,261,215,377,295,320,331,331,292,291,251,272,278,269,244,200,374,331,305,288,287,322,319
"ko:K02438",61,61,47,46,62,68,52,58,82,46,58,70,57,55,56,44,61,48,52,67,108,76,66,78
"ko:K02440",154,135,95,105,250,162,180,157,140,205,171,115,194,135,144,132,126,322,220,151,229,183,172,218
"ko:K02440,ko:K06188",36,22,12,14,55,26,33,30,37,60,36,24,26,32,30,32,18,28,32,34,37,26,48,49
"ko:K02440,ko:K06188,ko:K09874",2,8,6,0,8,7,12,7,2,9,2,10,1,5,0,8,1,6,9,8,7,8,10,8
"ko:K02444",313,250,184,197,405,390,290,358,273,351,321,238,300,285,306,266,278,268,355,391,337,352,385,415
"ko:K02445",39,24,30,41,44,54,58,36,36,42,52,59,46,44,61,24,23,32,64,30,40,56,44,52
"ko:K02446",597,630,435,487,859,754,716,825,551,691,560,602,547,538,544,611,473,449,677,615,625,683,672,753
"ko:K02446,ko:K11532",508,498,392,405,658,608,546,551,407,487,458,476,438,529,470,475,379,371,515,499,516,498,529,609
"ko:K02448",39,21,26,20,66,32,34,45,41,34,24,25,16,24,46,18,19,24,26,24,48,26,39,40
"ko:K02450",130,102,79,84,123,124,104,114,122,131,115,132,150,144,122,102,97,606,140,120,160,109,119,125
"ko:K02453",117,85,70,99,155,125,137,159,130,147,133,80,112,113,107,124,106,732,148,181,118,131,121,164
"ko:K02454",424,414,332,343,623,558,449,433,524,575,498,444,408,389,443,396,411,865,416,439,500,409,511,504
"ko:K02454,ko:K02504,ko:K02652",209,178,147,153,233,150,206,173,237,256,259,200,208,204,232,202,173,152,207,179,185,208,230,230
"ko:K02454,ko:K02652",417,272,254,297,426,369,326,374,448,444,381,374,375,350,404,408,341,273,380,356,345,402,348,406
"ko:K02455",86,66,64,68,139,79,92,124,91,99,83,97,82,105,100,81,72,429,104,90,108,103,73,124
"ko:K02455,ko:K02653",51,19,28,42,52,25,36,37,30,42,26,44,36,26,18,30,21,18,30,24,26,28,22,38
"ko:K02456",128,102,72,72,137,140,114,140,140,128,132,104,150,116,133,112,96,206,135,133,142,130,125,142
"ko:K02457",78,56,44,71,91,66,84,75,49,80,72,57,70,84,54,60,50,207,70,69,85,58,76,100
"ko:K02458",34,31,12,28,64,48,31,34,15,26,31,18,42,22,24,34,38,201,32,24,42,30,42,35
"ko:K02459",42,46,19,16,62,44,28,54,33,49,38,22,48,24,50,38,41,244,40,40,32,35,50,46
"ko:K02460",14,48,36,38,60,48,63,48,40,55,32,36,47,34,48,34,36,360,38,38,78,44,60,80
"ko:K02461",102,98,74,105,146,104,148,122,76,125,100,77,80,109,110,109,78,398,130,100,148,107,117,133
"ko:K02462",22,18,18,22,32,34,36,36,27,22,22,24,26,28,16,28,23,246,40,8,34,26,22,25
"ko:K02463",36,19,36,24,61,50,46,70,49,63,41,34,42,22,38,26,24,231,52,35,48,42,46,44
"ko:K02466",5,4,2,4,0,2,0,4,2,2,3,4,6,10,0,4,10,8,7,4,2,0,4,6
"ko:K02469",4405,3865,3116,3103,5372,4531,4328,4555,3972,4432,3921,3759,3695,3678,3757,3781,3419,4030,4113,4160,4243,4290,4137,4478
"ko:K02470",4424,3987,3139,3354,5204,4440,4253,4367,3796,4260,3683,3577,3575,3644,3868,3781,3375,3892,4201,4087,4179,3955,4127,4589
"ko:K02471",446,410,260,342,608,605,461,530,404,528,375,406,414,402,439,384,327,335,454,491,451,454,495,541
"ko:K02472",57,40,54,30,65,52,36,48,61,110,55,42,61,54,57,41,45,37,58,61,64,44,61,68
"ko:K02472,ko:K02474",73,63,54,55,98,88,78,70,68,82,75,54,67,74,80,75,56,452,53,79,89,72,88,81
"ko:K02472,ko:K02474,ko:K13015",4,0,0,4,0,2,4,0,0,0,0,0,4,2,2,0,0,0,0,6,4,2,4,0
"ko:K02472,ko:K13015",33,35,32,23,52,42,26,46,30,27,38,33,45,20,40,20,26,15,48,33,28,43,46,37
"ko:K02474",140,132,92,127,182,157,150,134,166,179,174,142,157,123,143,126,118,559,143,107,154,146,138,139
"ko:K02474,ko:K13015",52,46,23,35,43,46,36,32,42,54,60,45,33,36,53,47,28,26,34,33,61,40,28,47
"ko:K02475",38,56,32,42,63,54,46,64,41,43,39,42,26,29,42,42,33,37,42,60,64,71,82,74
"ko:K02475,ko:K11692",0,4,2,4,18,8,12,8,4,8,3,6,2,8,2,2,4,0,6,4,8,4,3,8
"ko:K02476",390,306,255,268,449,407,443,382,338,394,269,325,352,333,303,301,246,245,397,392,380,403,409,414
"ko:K02477",167,154,115,106,219,159,165,196,117,169,137,146,148,154,152,135,107,773,137,145,139,121,164,172
"ko:K02478",223,192,230,319,398,396,450,393,320,406,371,224,252,199,269,345,353,294,722,456,259,795,765,339
"ko:K02479",339,323,256,197,395,356,308,389,227,306,273,248,308,279,286,266,264,215,356,289,318,301,294,404
"ko:K02479,ko:K07692",6,6,2,4,12,14,7,0,12,10,6,4,16,10,10,4,4,7,4,10,2,8,8,12
"ko:K02479,ko:K07695",10,6,0,7,16,4,18,10,12,0,14,16,6,18,5,12,9,4,10,10,8,6,9,6
"ko:K02480",69,75,36,61,120,87,85,124,65,96,87,63,86,70,92,83,75,64,98,91,76,95,71,106
"ko:K02481",144,103,71,110,177,128,86,98,114,152,133,117,126,121,99,114,87,108,80,101,115,119,104,129
"ko:K02481,ko:K07713,ko:K07714",73,38,35,48,77,62,40,46,53,68,68,50,69,64,58,42,46,30,58,45,46,60,57,63
"ko:K02482",71,54,57,45,101,59,71,54,40,88,68,55,60,52,64,66,52,62,74,80,61,53,78,68
"ko:K02483",2160,1948,1576,1516,2668,2288,2077,2304,1913,2246,1982,1872,1996,1882,1846,1948,1679,2046,2210,2066,2323,1975,2287,2391
"ko:K02483,ko:K07659",116,106,103,81,170,135,115,117,161,150,147,111,132,142,116,112,78,90,122,113,118,133,108,141
"ko:K02483,ko:K07660",4,6,0,4,4,0,4,0,2,2,4,2,0,0,2,4,2,0,6,5,0,2,2,2
"ko:K02483,ko:K07660,ko:K07667",25,17,12,14,26,24,16,18,23,28,17,19,16,16,22,14,12,14,10,11,8,14,32,38
"ko:K02483,ko:K07665",30,22,33,18,49,38,23,31,28,42,28,20,14,33,30,15,17,20,41,25,29,24,27,48
"ko:K02483,ko:K07666",42,42,30,28,71,47,22,64,44,39,57,32,53,48,26,44,26,224,45,40,59,52,69,62
"ko:K02483,ko:K07666,ko:K07774",97,80,44,91,110,91,78,71,97,155,119,61,91,106,103,83,85,83,101,103,115,75,97,86
"ko:K02483,ko:K07667",127,123,78,108,137,152,152,134,105,115,122,126,125,107,103,128,103,100,125,118,146,131,140,173
"ko:K02483,ko:K07672",79,43,31,34,53,78,75,67,39,40,34,39,42,29,45,44,33,32,46,58,52,68,81,56
"ko:K02483,ko:K13584",515,452,339,346,493,452,409,458,396,427,366,407,378,377,432,432,331,380,406,455,518,380,463,517
"ko:K02483,ko:K18073",36,26,22,24,22,49,40,34,28,42,36,24,46,41,22,34,17,259,34,28,52,34,40,24
"ko:K02484",438,418,279,318,552,467,448,506,398,430,380,373,366,355,367,421,270,315,526,471,462,518,435,540
"ko:K02484,ko:K07645",6,4,0,2,4,6,0,4,2,8,0,4,6,2,6,5,2,4,0,0,2,4,10,4
"ko:K02484,ko:K18072",70,58,45,34,106,97,76,68,56,76,62,48,80,60,66,38,42,473,94,60,76,81,67,67
"ko:K02485",70,51,33,30,61,50,55,68,54,56,55,61,62,63,48,46,31,32,53,51,34,48,52,50
"ko:K02487,ko:K06596",352,369,285,289,545,357,467,422,470,495,452,413,388,419,486,384,316,346,483,379,415,410,427,520
"ko:K02488",173,160,128,163,230,206,169,269,166,215,195,169,178,202,176,145,160,129,181,179,192,201,221,225
"ko:K02490",12,8,6,6,4,10,12,8,10,24,0,20,10,7,16,4,2,10,2,6,4,20,8,8
"ko:K02492",334,322,244,275,524,466,422,488,415,478,392,389,381,375,390,392,331,743,459,369,412,481,485,480
"ko:K02493",199,178,103,135,222,199,193,180,171,178,121,162,170,147,177,157,136,391,208,164,178,229,185,248
"ko:K02494",31,42,24,17,50,26,44,46,20,22,38,14,38,30,42,14,33,249,36,24,34,22,30,44
"ko:K02496",64,49,46,38,68,76,66,68,34,66,53,46,46,66,69,73,52,334,66,48,82,70,40,62
"ko:K02496,ko:K05802,ko:K08884,ko:K18827",57,47,45,28,82,60,48,45,43,56,40,33,20,58,30,30,43,26,50,61,36,66,60,56
"ko:K02496,ko:K13543",36,19,23,22,32,32,22,14,22,32,30,19,13,26,26,26,23,19,30,24,41,45,59,32
"ko:K02498",224,139,122,108,277,196,242,194,209,217,185,167,174,190,178,149,180,492,174,158,241,204,208,233
"ko:K02499,ko:K04765",62,73,30,49,78,69,76,74,84,53,67,47,56,66,54,54,86,55,76,79,89,39,92,64
"ko:K02500",1165,1144,791,843,1547,1404,1196,1333,1196,1376,1166,1138,1116,1109,1196,996,948,1114,1218,1218,1383,1091,1222,1255
"ko:K02501",547,487,326,381,676,605,589,555,456,572,499,457,460,445,538,444,474,416,533,540,569,502,483,526
"ko:K02502",68,62,47,52,130,108,80,101,68,80,82,48,84,74,78,70,62,59,80,70,100,81,104,75
"ko:K02503",335,268,193,244,376,324,320,330,229,267,260,277,253,244,248,223,211,562,324,405,364,322,308,350
"ko:K02509",158,176,146,157,192,198,181,189,178,199,172,162,164,174,188,165,146,108,166,176,188,222,184,214
"ko:K02510",148,134,104,96,210,169,146,153,142,141,148,134,141,151,140,125,108,123,185,184,176,169,181,161
"ko:K02510,ko:K12660",58,58,45,52,56,51,60,54,76,45,51,40,46,45,58,42,32,54,63,43,40,60,41,75
"ko:K02517",223,200,184,161,314,244,281,268,191,277,247,228,203,246,258,283,217,821,271,255,291,256,300,261
"ko:K02518",833,855,670,728,1163,926,806,987,792,850,864,818,785,782,813,768,642,701,806,738,822,778,890,886
"ko:K02519",2916,2842,2243,2226,3922,3239,2895,3296,2948,3420,2812,2819,2787,2759,2916,2777,2495,3134,2966,2991,3242,3150,3009,3157
"ko:K02520",1022,992,879,874,1288,1080,1059,1026,895,1043,952,1009,847,836,955,817,726,917,1110,1006,1035,1023,1027,1037
"ko:K02521",2,4,2,2,8,2,8,8,7,0,2,6,4,4,6,0,0,5,0,4,4,10,4,16
"ko:K02523",673,665,433,503,933,805,750,780,662,846,699,691,629,630,697,636,619,895,772,742,825,793,765,816
"ko:K02525",2,2,0,2,19,8,16,4,0,2,0,2,14,2,2,8,0,2,2,6,8,4,2,6
"ko:K02526",2,0,2,0,26,2,10,4,4,0,6,0,5,6,4,2,0,4,6,0,2,2,2,0
"ko:K02527",245,206,211,205,343,285,284,277,268,266,289,213,279,235,247,244,206,609,282,259,383,319,301,328
"ko:K02528",694,593,435,472,893,722,672,689,678,595,668,605,559,584,604,608,545,783,725,703,740,702,687,755
"ko:K02529",2099,1691,1314,1399,2415,2421,2191,2194,1732,2127,1821,1615,1785,1743,1763,1821,1596,2820,2433,2204,2362,2379,2218,2498
"ko:K02529,ko:K03435",65,60,45,45,81,80,66,55,65,79,68,55,57,56,46,61,52,46,58,55,66,78,66,87
"ko:K02529,ko:K05499",38,14,27,24,34,30,48,28,26,31,23,28,14,14,36,27,15,17,34,20,24,30,22,26
"ko:K02529,ko:K17640",117,91,87,109,112,125,116,129,93,102,97,97,123,87,114,96,100,64,110,130,161,115,159,124
"ko:K02530,ko:K22103",0,4,0,2,8,0,6,2,4,10,2,2,4,2,10,4,0,0,2,0,3,4,2,8
"ko:K02533",145,142,95,117,221,179,127,199,134,208,181,163,149,168,184,120,142,137,137,155,179,163,166,168
"ko:K02533,ko:K15396",7,10,0,4,14,13,11,11,4,10,8,10,4,4,9,6,8,4,7,4,8,4,13,10
"ko:K02535",371,330,234,270,415,376,354,393,279,431,328,312,365,307,362,315,312,591,345,331,401,365,405,445
"ko:K02536",239,229,171,150,343,291,238,245,256,283,251,224,244,224,247,203,188,534,266,277,308,294,263,291
"ko:K02538,ko:K03491",0,0,0,0,4,2,0,0,0,0,0,0,0,0,0,0,0,0,0,0,0,0,4,0
"ko:K02545,ko:K21467",4,10,8,6,55,25,4,16,4,4,8,8,12,15,24,10,12,14,10,12,10,10,10,14
"ko:K02548",49,45,27,42,67,54,68,56,46,41,48,65,39,46,50,49,38,34,80,46,65,60,36,48
"ko:K02549",546,475,363,373,710,595,613,702,498,509,494,442,511,470,473,453,360,357,591,560,574,559,522,589
"ko:K02551",117,104,73,72,194,155,128,201,144,152,127,142,133,97,100,136,84,134,152,133,163,115,152,146
"ko:K02552",121,139,81,109,180,145,119,142,111,119,121,88,104,73,113,124,104,87,123,101,129,136,128,163
"ko:K02553",149,136,117,128,218,168,177,182,119,164,141,162,134,141,168,140,109,233,159,168,184,162,178,176
"ko:K02554",73,61,47,63,78,85,90,85,55,99,77,45,64,68,84,69,50,52,72,65,96,78,57,88
"ko:K02556",238,252,224,221,271,276,262,250,221,271,243,210,251,221,211,227,194,237,254,274,328,219,295,321
"ko:K02557",255,312,263,233,398,365,339,333,254,343,252,256,291,248,284,326,263,311,295,374,411,347,304,402
"ko:K02558",345,250,196,215,329,320,271,226,300,384,353,284,320,276,294,244,222,601,313,303,325,327,320,321
"ko:K02563",406,295,224,234,466,377,368,369,325,391,300,346,326,312,325,297,282,636,384,382,422,430,425,415
"ko:K02563,ko:K03588",240,226,189,199,338,273,252,308,216,275,236,230,216,232,234,234,186,194,235,231,288,281,256,333
"ko:K02564",121,89,93,73,136,125,100,155,97,112,135,110,123,113,96,116,100,91,150,180,145,100,125,132
"ko:K02564,ko:K02804",27,19,18,8,14,24,22,20,29,26,14,25,36,15,23,12,13,24,16,26,16,26,20,24
"ko:K02566",616,570,508,557,867,730,705,792,591,685,629,514,598,610,594,599,472,464,716,744,687,601,632,739
"ko:K02567",191,131,114,125,207,185,174,193,163,208,159,116,147,168,143,134,165,125,150,163,193,171,178,200
"ko:K02568",40,30,22,32,27,35,38,33,34,33,44,24,32,24,34,29,27,23,38,23,52,48,31,32
"ko:K02569",175,147,120,140,208,143,162,156,162,183,166,145,165,187,194,148,156,133,202,188,167,131,129,165
"ko:K02571",0,6,4,2,8,3,6,11,0,6,3,2,10,1,2,8,4,11,4,9,2,2,4,4
"ko:K02575",1065,1012,786,777,1452,1165,1126,1249,1051,1255,1068,979,1049,984,1076,1007,889,1112,1191,1158,1143,1030,1143,1247
"ko:K02584,ko:K07315,ko:K08968",14,4,6,2,6,2,2,10,6,8,4,15,22,6,16,14,8,2,16,8,14,10,14,18
"ko:K02584,ko:K12266",2,0,2,2,2,4,4,2,0,0,0,2,0,2,0,0,0,2,2,0,6,2,2,2
"ko:K02598,ko:K06212,ko:K21993",45,56,29,26,67,58,43,66,37,66,83,63,48,67,63,48,59,51,50,52,65,44,52,64
"ko:K02598,ko:K21993",12,11,4,4,10,2,6,12,9,4,2,4,2,4,6,0,9,5,6,6,4,8,2,11
"ko:K02600",2403,2192,1743,1797,3119,2489,2447,2481,2170,2569,2129,2022,2249,1890,2204,2125,1946,2120,2387,2399,2522,2307,2389,2502
"ko:K02601",1429,1197,914,990,1654,1270,1209,1225,1150,1354,1152,1044,1231,1055,1194,1179,933,1129,1270,1195,1302,1189,1208,1340
"ko:K02609",1072,1028,763,810,1373,1140,1093,1221,934,1098,876,947,922,936,1007,790,730,1020,1061,1020,1054,1081,985,1104
"ko:K02610",220,241,130,162,314,223,211,231,162,212,197,196,184,181,179,173,172,143,200,211,218,179,212,217
"ko:K02611",229,243,155,191,298,236,222,256,166,255,204,170,204,181,225,188,149,144,280,203,237,181,195,260
"ko:K02612",107,83,76,89,135,126,141,113,79,117,79,82,90,99,113,76,71,67,114,116,97,99,104,129
"ko:K02613",215,205,136,132,294,275,223,292,206,225,223,178,225,188,189,232,179,155,248,216,272,253,220,238
"ko:K02613,ko:K07006",38,30,24,22,36,34,38,32,44,36,26,34,22,34,32,30,45,36,58,36,48,44,38,50
"ko:K02613,ko:K21832",32,40,26,25,60,46,54,35,31,42,27,33,51,43,40,48,38,39,55,48,40,41,36,44
"ko:K02614",63,39,29,40,62,71,52,57,37,57,40,35,34,50,51,39,40,40,42,43,55,39,36,57
"ko:K02616",84,74,57,58,86,74,77,86,88,63,69,74,105,85,76,68,55,42,78,92,89,121,82,123
"ko:K02618",596,490,385,408,653,599,593,586,504,506,431,478,501,459,475,519,433,372,571,518,520,533,589,634
"ko:K02619",68,58,39,47,72,60,48,70,54,78,52,45,72,61,49,41,27,283,56,44,72,78,80,64
"ko:K02621",1086,984,798,785,1359,1109,1118,1041,1074,1250,1044,978,1060,899,1046,947,902,1503,1089,1141,1289,1146,1225,1257
"ko:K02622",1512,1328,1079,1116,1821,1454,1489,1466,1507,1778,1560,1398,1414,1426,1482,1349,1258,1825,1468,1523,1693,1527,1595,1645
"ko:K02623",43,28,16,24,30,22,34,28,33,40,36,35,24,42,28,26,24,32,39,26,46,28,27,36
"ko:K02624",210,168,121,150,275,234,250,236,193,226,215,202,226,206,193,201,115,149,264,218,179,177,193,236
"ko:K02624,ko:K20539",36,14,16,12,32,42,24,34,23,24,26,18,46,10,43,26,29,28,32,12,35,44,28,20
"ko:K02626",10,18,23,13,8,13,2,2,4,16,12,12,28,12,12,8,2,2,4,10,12,6,8,16
"ko:K02639",48,33,33,27,47,38,37,39,23,50,33,40,28,23,34,20,26,41,38,24,32,42,33,40
"ko:K02647",50,27,30,38,65,60,37,40,36,52,46,36,30,24,29,26,46,27,46,46,54,57,47,52
"ko:K02650",28,38,24,30,61,56,48,36,43,20,20,30,32,45,44,40,30,229,54,20,42,36,46,28
"ko:K02650,ko:K02655",10,7,4,14,23,17,20,14,19,24,19,16,18,14,25,20,23,25,17,8,18,11,9,11
"ko:K02651",78,84,62,77,114,99,76,118,94,108,92,87,96,73,88,56,84,71,82,84,105,96,105,88
"ko:K02652",337,252,206,238,348,299,269,287,378,450,319,307,291,325,319,294,289,758,293,245,266,294,287,310
"ko:K02653",272,200,140,166,249,223,198,206,241,327,269,204,241,233,247,202,191,621,315,221,224,284,284,247
"ko:K02654",41,33,36,18,50,49,39,44,35,42,26,26,45,44,46,41,41,322,60,53,61,40,32,42
"ko:K02655",8,4,2,4,18,20,22,12,8,20,8,6,6,20,7,8,4,157,8,12,16,28,8,24
"ko:K02656",30,23,13,6,35,26,30,32,22,22,18,18,16,10,32,35,22,295,46,39,31,18,16,40
"ko:K02657",148,103,76,104,122,144,134,135,157,158,155,164,141,138,143,134,128,269,133,99,143,152,124,171
"ko:K02658",104,98,92,90,121,90,87,113,131,164,129,113,89,116,100,88,105,328,99,104,105,136,127,127
"ko:K02659",72,86,55,62,115,97,72,94,90,95,63,85,86,71,87,89,75,286,68,93,111,109,110,129
"ko:K02660",210,195,156,167,251,254,170,219,225,277,238,181,204,189,233,210,177,824,192,224,239,214,239,246
"ko:K02662",127,164,92,99,181,144,108,149,156,177,160,146,122,166,168,155,129,506,198,122,149,165,156,156
"ko:K02663",32,32,26,36,44,46,34,40,31,34,38,38,30,26,27,30,26,251,37,36,44,31,30,49
"ko:K02664",30,39,26,30,64,55,38,40,55,36,47,32,48,46,44,54,57,258,69,82,71,62,62,68
"ko:K02665",51,42,14,23,38,41,30,31,38,28,29,32,27,32,28,24,27,263,33,66,47,46,50,52
"ko:K02666",253,222,158,203,379,265,270,258,258,288,268,224,195,225,232,214,232,873,237,221,293,303,249,258
"ko:K02666,ko:K03497,ko:K19622",11,11,8,5,20,5,2,19,9,8,14,4,10,4,16,12,9,10,6,6,8,8,8,10
"ko:K02667",211,178,125,158,266,239,200,187,249,254,215,178,214,178,254,181,192,612,189,212,215,212,263,308
"ko:K02668",84,76,51,54,100,90,98,57,69,76,74,83,74,72,68,80,78,533,88,76,98,104,104,109
"ko:K02669",378,394,292,301,455,403,323,401,368,453,407,387,370,332,375,309,385,614,386,275,396,361,395,457
"ko:K02669,ko:K12203",262,274,189,220,359,330,306,268,380,443,371,277,271,284,313,272,233,264,332,272,288,280,355,264
"ko:K02670",600,511,468,446,764,730,540,600,690,819,787,593,625,581,619,546,598,1325,729,597,738,671,750,752
"ko:K02671",10,14,0,6,16,25,18,10,12,14,6,2,10,10,6,10,6,184,16,6,12,10,12,8
"ko:K02672",20,32,12,15,24,36,22,24,28,32,26,16,32,20,17,26,12,381,44,22,26,18,29,38
"ko:K02673",8,3,4,8,6,19,6,4,2,6,8,2,2,4,4,2,4,184,6,12,4,4,6,14
"ko:K02674",7,10,6,0,6,6,2,10,10,12,16,10,14,8,10,1,2,8,10,14,4,15,10,10
"ko:K02676",66,48,46,30,75,52,48,44,52,78,80,68,55,55,66,36,43,176,65,76,60,49,72,43
"ko:K02687",249,214,212,272,329,341,377,324,227,340,266,249,253,226,270,219,277,476,415,329,271,403,400,326
"ko:K02746,ko:K02795,ko:K11196",2,0,0,0,2,5,2,4,0,0,2,8,4,0,0,2,2,0,0,0,0,6,0,2
"ko:K02749,ko:K02750",2,12,0,10,34,10,14,8,14,12,8,10,16,28,18,12,6,6,4,12,10,4,16,8
"ko:K02749,ko:K02750,ko:K02778,ko:K02779,ko:K02790,ko:K02791,ko:K02802,ko:K02803,ko:K02804",19,28,28,22,36,34,33,39,22,24,36,30,30,32,32,46,25,13,30,40,36,28,42,36
"ko:K02759",0,0,0,0,1,1,0,0,0,0,0,0,0,0,0,0,0,0,0,0,2,0,0,0
"ko:K02760",8,12,8,8,27,10,22,25,12,18,12,12,8,10,11,6,12,6,15,28,13,14,17,10
"ko:K02761",4,6,2,6,14,8,2,2,0,4,0,2,6,7,2,4,0,12,0,2,4,2,4,0
"ko:K02768,ko:K02769,ko:K02770",473,360,396,342,644,541,551,557,408,517,388,382,506,425,462,401,396,386,560,469,570,488,480,579
"ko:K02768,ko:K08483,ko:K11183",30,38,18,18,22,30,28,6,32,18,24,14,20,12,20,6,25,18,34,25,40,30,30,28
"ko:K02771,ko:K02796",2,4,4,0,29,12,6,6,0,2,8,0,9,4,6,4,0,0,0,2,6,1,8,12
"ko:K02773",2,6,14,4,10,10,10,6,2,4,2,2,4,6,2,6,7,5,8,6,2,6,3,2
"ko:K02774",2,10,0,6,10,6,2,4,2,4,2,4,4,6,4,0,9,6,14,12,26,2,10,10
"ko:K02775",50,52,26,34,68,71,54,52,52,51,56,45,48,32,47,40,41,38,54,56,80,66,47,62
"ko:K02777,ko:K02802",22,22,12,8,20,26,22,31,13,13,13,10,6,16,17,18,19,16,20,20,14,31,21,26
"ko:K02781",12,10,10,4,10,10,8,14,6,16,6,8,9,10,6,16,12,6,4,16,10,16,6,16
"ko:K02782,ko:K02783",55,68,59,50,84,63,66,70,51,60,63,36,42,44,66,50,40,46,40,60,64,32,82,62
"ko:K02783",55,59,48,55,73,46,52,72,41,58,47,53,45,20,36,45,48,41,64,74,62,51,40,59
"ko:K02793",161,180,114,126,231,220,199,226,196,226,146,193,179,170,176,150,167,173,226,203,221,173,190,207
"ko:K02798",0,2,0,4,0,0,8,0,0,0,4,0,0,2,0,0,2,2,0,2,4,0,2,0
"ko:K02798,ko:K02799,ko:K02800",73,96,56,92,99,77,84,77,72,76,78,63,80,82,68,92,68,74,86,110,89,71,88,105
"ko:K02799,ko:K02800",6,6,2,6,22,20,6,12,2,6,2,10,16,12,13,8,2,2,10,8,4,12,6,6
"ko:K02802,ko:K02803,ko:K02804",41,54,29,54,47,36,48,55,58,26,46,44,54,39,48,66,37,44,66,60,58,46,39,48
"ko:K02804",23,37,31,28,37,35,48,28,21,46,37,32,36,25,31,24,21,31,43,38,28,46,25,32
"ko:K02806",167,140,85,111,206,165,187,206,135,191,155,152,174,173,174,139,125,299,158,161,193,156,208,160
"ko:K02808,ko:K02809,ko:K02810",8,2,4,2,26,8,8,6,2,12,8,2,18,8,15,6,4,0,10,8,4,4,6,10
"ko:K02809,ko:K02810",10,10,4,4,10,16,10,8,8,2,0,10,10,6,10,15,8,0,6,0,2,16,9,6
"ko:K02821",18,14,12,20,44,14,24,25,21,16,24,20,10,16,18,10,23,143,18,28,18,24,19,31
"ko:K02823",103,72,51,69,112,73,106,73,80,72,58,78,69,60,56,95,39,56,36,80,73,95,44,79
"ko:K02824",427,323,321,294,571,512,429,460,391,362,347,385,360,367,392,394,293,256,478,413,449,439,357,420
"ko:K02824,ko:K03458",124,85,82,73,163,115,128,138,108,111,129,107,122,106,124,94,104,96,133,134,125,121,149,164
"ko:K02825",270,217,198,194,393,310,302,316,207,267,275,180,253,261,210,238,177,169,278,285,243,226,255,284
"ko:K02827",4,2,2,2,6,0,4,6,2,0,4,4,0,6,4,2,2,2,0,0,0,1,6,5
"ko:K02828",6,2,2,6,12,4,8,6,4,2,2,0,6,4,6,5,2,2,6,0,2,2,0,10
"ko:K02829",0,0,0,0,4,4,2,0,0,2,2,0,4,8,6,0,0,2,0,2,2,2,2,8
"ko:K02834",429,386,314,296,552,465,470,490,340,496,370,399,375,392,428,389,350,472,431,445,446,424,469,417
"ko:K02835",1134,1057,725,813,1404,1199,1130,1205,965,1148,1007,839,954,901,949,1040,796,1159,1121,1066,1088,1034,1113,1103
"ko:K02836",1665,1549,1109,1166,1929,1626,1617,1558,1450,1609,1450,1270,1414,1332,1494,1350,1199,1378,1573,1551,1573,1444,1578,1508
"ko:K02837",1180,1009,789,794,1338,1181,1109,1183,1161,1385,1114,1017,968,1021,1060,984,950,1491,1183,1251,1295,1243,1105,1232
"ko:K02838",676,668,484,505,864,728,710,740,636,705,652,625,573,592,615,593,531,702,657,678,676,657,691,768
"ko:K02841",52,18,12,24,34,34,32,42,34,28,20,20,21,18,34,20,25,22,38,18,32,36,48,42
"ko:K02843",12,12,10,3,21,18,20,18,18,22,20,20,18,17,4,19,16,14,22,6,12,16,22,22
"ko:K02846",38,38,20,26,18,21,12,37,35,25,24,20,25,30,38,18,29,28,22,36,39,46,24,44
"ko:K02847",58,58,46,50,83,74,54,70,58,52,46,77,46,50,54,38,30,401,80,42,42,52,57,93
"ko:K02851",541,506,424,430,738,654,590,641,471,523,562,455,455,502,512,493,435,341,599,536,584,563,605,562
"ko:K02851,ko:K13007",12,3,4,6,6,4,8,6,1,9,6,2,8,2,10,2,7,4,0,4,6,6,6,2
"ko:K02858,ko:K14652",196,212,143,153,279,218,225,228,183,219,174,170,190,149,170,206,179,138,193,244,159,229,240,208
"ko:K02859",4,0,2,2,8,2,4,4,2,2,2,6,0,4,4,0,0,0,0,0,4,8,0,2
"ko:K02860",226,190,152,180,264,248,260,216,212,208,179,203,218,146,233,171,204,366,223,279,256,258,225,285
"ko:K02863",1543,1396,1109,1150,1832,1483,1586,1567,1418,1551,1405,1256,1446,1291,1375,1324,1228,1332,1555,1453,1549,1486,1531,1544
"ko:K02864",410,341,275,259,365,335,328,398,370,463,329,360,317,358,359,336,294,544,438,384,426,377,409,404
"ko:K02867",1204,1080,908,890,1252,1135,1106,1073,1026,1175,1010,1049,1009,930,1012,838,765,886,981,1007,1013,1020,986,1148
"ko:K02871",934,830,686,685,1109,889,878,902,773,900,821,791,827,752,786,818,635,840,903,895,969,743,961,919
"ko:K02874",1785,1712,1305,1350,2117,1747,1719,1767,1619,1901,1553,1533,1471,1554,1546,1419,1285,1392,1550,1583,1598,1633,1553,1642
"ko:K02876",539,492,382,390,713,590,589,544,464,524,441,437,438,420,459,423,470,572,555,597,505,562,606,601
"ko:K02878",1320,1222,969,1033,1598,1365,1255,1360,1115,1447,1211,1188,1088,1107,1195,1082,992,1083,1176,1224,1275,1163,1183,1387
"ko:K02879",973,934,667,730,1251,1051,927,973,892,903,877,794,748,781,885,911,731,859,946,929,976,876,950,952
"ko:K02881",304,298,278,248,417,354,349,309,331,368,276,267,297,357,393,252,293,508,372,380,404,359,370,344
"ko:K02884",1082,979,735,820,1371,1011,1067,1076,933,987,970,948,949,916,989,863,809,888,959,1001,1068,1018,1014,1070
"ko:K02886",1525,1452,1116,1158,1942,1638,1538,1686,1379,1705,1418,1420,1347,1369,1370,1297,1297,1315,1477,1487,1577,1554,1507,1663
"ko:K02887",895,768,567,689,1096,886,779,812,719,866,748,708,805,741,762,760,689,702,848,755,860,827,793,925
"ko:K02887,ko:K03628",103,119,94,106,147,122,138,128,80,102,102,124,115,97,100,133,68,78,91,101,135,113,112,117
"ko:K02888",258,227,173,228,308,284,242,237,237,276,215,234,231,201,247,232,247,324,279,248,313,241,321,333
"ko:K02890",508,512,310,359,593,465,457,507,464,503,432,395,461,434,490,408,425,499,413,509,515,476,476,493
"ko:K02892",443,500,344,399,638,503,520,524,449,451,423,366,396,376,453,428,384,358,503,604,458,500,441,512
"ko:K02895",407,385,305,309,528,461,383,397,411,390,416,333,383,320,368,368,277,440,413,489,433,362,469,453
"ko:K02897",395,321,228,259,512,350,343,384,314,349,297,329,287,289,286,255,280,578,428,420,397,394,336,377
"ko:K02899",581,505,391,426,747,614,582,672,494,595,561,598,575,502,560,524,461,553,546,552,586,483,545,651
"ko:K02902",354,266,272,232,394,377,332,346,324,402,323,272,254,307,276,251,327,333,337,308,356,298,335,350
"ko:K02904",387,288,247,197,379,302,293,274,262,278,305,250,263,263,342,227,243,268,287,263,345,302,299,271
"ko:K02906",980,944,686,719,1219,1044,934,1029,949,1054,922,863,793,812,901,866,827,974,984,1052,1022,1023,931,1055
"ko:K02907",197,192,136,158,248,219,208,224,188,216,159,137,156,175,179,157,158,266,182,216,182,216,177,243
"ko:K02909",654,539,396,419,774,621,620,670,537,695,506,525,545,551,509,490,492,491,582,594,556,590,529,662
"ko:K02911",228,232,193,199,286,259,279,241,246,287,219,246,224,208,220,211,204,277,231,225,282,295,285,304
"ko:K02913",461,412,312,376,434,385,360,419,378,399,410,350,402,310,351,344,343,407,382,367,390,345,385,402
"ko:K02914",240,192,172,175,340,254,226,208,214,269,248,203,196,227,262,231,170,232,206,234,287,256,263,256
"ko:K02916",271,251,181,207,298,263,240,300,224,253,264,237,235,248,257,238,225,173,263,258,287,234,277,246
"ko:K02919",381,308,279,315,462,387,345,354,319,363,352,343,325,297,387,300,336,349,307,343,392,368,316,406
"ko:K02926",783,663,539,504,897,783,668,792,673,758,576,584,711,617,737,659,660,767,701,810,772,816,782,806
"ko:K02931",1015,954,619,810,1256,961,941,936,918,1077,930,773,853,852,894,886,741,1052,1022,963,965,880,907,959
"ko:K02933",808,758,511,590,928,803,835,866,609,801,774,738,684,687,639,635,592,767,719,740,688,690,762,772
"ko:K02935",1063,1015,851,783,1396,1149,1026,1187,947,1020,898,905,982,914,1066,969,766,937,1018,1062,1067,1012,1065,1151
"ko:K02939",397,388,287,306,463,452,333,415,319,394,373,333,369,346,419,335,315,419,432,414,421,370,397,400
"ko:K02945",4328,3860,3180,3369,5319,4380,4214,4532,3716,4444,3745,3719,3595,3672,3810,3579,3232,3576,4019,3923,4151,3728,4089,4450
"ko:K02946",1347,1265,952,1038,1673,1405,1310,1382,1169,1476,1226,1225,1132,1149,1230,1106,1059,1037,1113,1188,1294,1196,1225,1327
"ko:K02948",1566,1423,1118,1159,1935,1531,1570,1666,1403,1527,1442,1394,1304,1361,1365,1308,1188,1154,1372,1285,1408,1247,1359,1471
"ko:K02950",1706,1519,1222,1393,2083,1656,1620,1556,1422,1711,1430,1461,1365,1418,1569,1498,1240,1265,1552,1449,1480,1401,1477,1721
"ko:K02952",846,754,644,680,1105,880,817,865,831,931,779,715,708,701,740,783,675,751,739,779,779,717,816,831
"ko:K02954",476,365,360,364,542,453,461,446,368,481,389,354,453,391,460,370,403,453,461,482,480,405,453,467
"ko:K02956",491,453,368,394,554,488,396,481,335,474,376,399,394,413,442,398,417,507,481,482,479,469,458,482
"ko:K02959",685,681,494,484,1025,649,633,708,574,736,620,568,591,578,602,553,557,577,655,687,719,605,716,704
"ko:K02961",434,403,358,326,556,450,480,504,411,489,414,409,365,389,425,380,382,517,453,514,490,469,467,511
"ko:K02963",526,513,431,438,643,616,540,526,469,617,496,415,510,486,529,511,372,503,562,589,570,514,526,606
"ko:K02965",1137,952,832,791,1234,1101,1146,1070,963,1050,904,1014,950,1017,923,901,790,818,925,876,997,920,1067,1070
"ko:K02967",1368,1230,1025,1012,1688,1354,1293,1304,1263,1434,1226,1132,1103,1118,1334,1143,1007,1295,1274,1338,1391,1350,1386,1342
"ko:K02968",323,257,226,264,358,326,325,360,236,335,285,231,272,316,290,249,257,316,310,409,363,325,289,367
"ko:K02970",500,453,341,386,569,476,438,428,472,513,467,496,399,430,450,442,429,487,450,435,507,443,510,623
"ko:K02982",1770,1841,1313,1382,2181,1806,1832,1797,1766,1986,1727,1555,1606,1645,1595,1486,1436,1604,1687,1688,1785,1611,1647,1637
"ko:K02986",1267,1181,947,991,1574,1361,1260,1402,1162,1239,1125,1118,1149,1038,1142,1162,898,1134,1336,1207,1281,1265,1167,1425
"ko:K02988",1382,1371,1065,1102,1871,1582,1466,1584,1353,1570,1353,1262,1245,1243,1374,1246,1109,1221,1424,1432,1402,1400,1354,1615
"ko:K02990",527,565,399,408,728,507,519,576,471,604,493,483,540,453,519,481,481,651,543,564,569,488,508,557
"ko:K02992",939,863,669,699,1041,1002,901,914,823,953,827,747,804,724,788,789,719,820,882,823,847,842,843,834
"ko:K02994",786,761,632,608,948,766,693,796,665,751,770,652,622,722,751,647,580,787,733,772,852,707,810,839
"ko:K02996",873,890,650,657,1089,992,907,936,824,1011,878,804,809,780,853,787,761,948,907,884,857,936,922,975
"ko:K03040",2342,1982,1697,1748,2713,2244,2228,2547,1922,2214,1977,1903,1917,1818,1860,1774,1683,1876,2063,2160,2174,2106,2150,2228
"ko:K03043",7951,7412,5864,6125,9501,7868,7770,8092,7010,8246,7234,6822,6866,6931,7184,6680,6229,6467,6894,6758,7319,6675,7072,7599
"ko:K03046",5082,4715,3543,3854,5989,5053,4696,5035,4558,5259,4672,4151,4170,4242,4492,4343,3744,4308,4457,4475,4461,4493,4586,4973
"ko:K03046,ko:K13797",1205,1274,898,952,1406,1186,1074,1133,1134,1327,1223,1076,1147,1045,1064,1068,1154,1016,980,1146,1293,1133,1156,1280
"ko:K03048",8,8,10,12,14,18,12,20,8,10,10,10,4,4,8,12,4,8,6,16,4,8,8,15
"ko:K03060",566,566,402,440,639,576,536,599,529,567,572,502,518,539,488,547,469,541,618,579,613,540,611,613
"ko:K03070",3267,2996,2283,2401,3928,3284,3075,3434,3061,3453,3081,2894,2889,2801,2758,2761,2457,3313,3069,3094,3171,3046,3304,3446
"ko:K03071",147,150,99,102,183,176,136,144,166,175,167,160,152,145,131,163,144,304,160,147,165,174,188,175
"ko:K03072",601,685,447,458,866,773,649,670,646,719,692,613,627,567,645,605,463,1046,765,689,727,683,642,734
"ko:K03072,ko:K03074",346,373,277,268,495,405,406,410,311,365,353,313,298,299,341,356,282,302,386,430,471,442,411,414
"ko:K03072,ko:K12257",853,762,578,570,1038,928,881,999,738,857,682,717,709,722,833,751,615,657,787,835,952,850,897,987
"ko:K03073",131,120,69,83,99,100,94,93,104,108,112,104,111,112,91,94,113,218,118,109,127,95,130,122
"ko:K03074",207,154,129,132,210,177,201,173,203,253,170,215,204,208,203,192,147,465,208,161,208,195,214,232
"ko:K03075",282,230,158,182,357,223,258,240,215,261,213,188,256,175,226,197,215,385,287,294,256,237,282,283
"ko:K03076",2547,2314,1806,1841,3056,2577,2340,2623,2213,2626,2318,2108,2132,2101,2326,1997,1886,2341,2251,2396,2481,2257,2481,2664
"ko:K03077",304,270,231,257,426,348,334,319,283,300,268,257,322,280,301,276,223,195,325,347,297,297,282,308
"ko:K03086",4825,4354,3371,3706,5431,4626,4417,4506,3999,4776,4199,4063,3940,3972,4310,3938,3718,3829,4080,4170,4206,4159,4161,4441
"ko:K03086,ko:K03087",130,140,85,98,227,151,131,152,129,118,129,143,148,133,139,156,108,92,138,96,162,131,127,157
"ko:K03087",38,34,20,40,28,35,34,46,39,59,43,33,40,42,49,56,42,34,42,22,22,30,60,34
"ko:K03088",4858,4589,3564,3700,6499,5676,5164,5481,4253,5174,4386,4174,4513,4395,4508,4446,3941,6371,5458,4936,5243,5221,5325,5591
"ko:K03089",765,777,593,573,900,723,775,853,709,792,718,737,759,677,812,611,705,848,756,809,912,828,930,886
"ko:K03090",483,411,327,344,576,484,478,577,374,417,342,377,370,349,440,403,377,366,500,538,470,501,545,500
"ko:K03090,ko:K03093",33,34,42,48,56,58,70,69,43,50,46,46,46,50,44,30,28,28,78,88,80,59,61,50
"ko:K03091",376,306,182,223,434,352,354,379,287,291,261,234,258,277,255,251,196,188,259,253,321,274,269,298
"ko:K03092",439,440,319,283,582,497,445,415,443,489,424,371,487,453,381,423,303,795,435,470,508,464,481,537
"ko:K03093",0,0,0,0,2,2,2,0,0,2,0,0,0,0,4,0,2,2,2,2,0,2,0,0
"ko:K03095",0,2,2,2,8,7,0,11,0,0,4,2,6,6,2,6,0,4,6,2,2,10,8,2
"ko:K03100",408,371,274,282,543,413,405,380,416,412,371,359,337,341,389,344,297,593,458,427,466,381,471,481
"ko:K03101",328,221,215,210,314,320,284,282,243,261,228,264,281,216,263,249,221,396,315,252,301,258,288,294
"ko:K03106",2915,2696,1918,2126,3467,3015,2737,3085,2517,3017,2597,2562,2462,2407,2602,2527,2257,2457,2754,2925,3017,2629,2841,3075
"ko:K03110",1640,1475,1198,1263,2274,1725,1788,1944,1483,1717,1533,1372,1610,1620,1527,1527,1281,1569,1671,1689,1790,1640,1738,1907
"ko:K03110,ko:K03628,ko:K03646,ko:K08300",22,14,8,10,24,10,10,8,8,20,12,8,10,6,15,13,4,116,6,12,12,26,12,26
"ko:K03111",928,866,641,779,1184,1027,1142,1102,818,944,828,806,838,897,806,890,710,1504,1026,917,935,950,972,1003
"ko:K03116",382,375,271,316,501,423,354,400,345,422,395,354,397,347,348,338,310,255,374,448,472,418,413,445
"ko:K03116,ko:K03425",4,2,4,4,10,4,2,5,2,4,4,4,6,8,6,4,4,66,8,2,12,8,12,6
"ko:K03117",298,266,159,214,315,321,276,318,268,281,239,203,258,263,253,281,208,315,279,246,289,219,313,399
"ko:K03118",578,494,385,413,752,576,638,621,548,567,563,444,547,526,604,524,483,685,565,597,614,632,572,657
"ko:K03119",257,268,160,147,277,255,259,236,211,254,209,214,228,201,209,227,186,181,262,254,279,236,262,258
"ko:K03119,ko:K22303",49,59,60,43,75,57,84,86,80,91,75,66,56,50,57,67,66,73,73,66,63,51,64,83
"ko:K03146",26,18,11,12,18,8,20,20,16,28,23,8,14,18,19,10,13,12,12,15,8,23,21,26
"ko:K03147",2312,2126,1576,1684,2732,2177,2092,2251,2316,2695,2281,2014,1994,2082,2124,1777,1910,2425,2125,1913,2158,2047,2100,2391
"ko:K03148",2,0,4,0,16,12,10,8,0,2,2,6,8,12,4,8,4,0,4,4,8,6,6,4
"ko:K03148,ko:K21029",0,4,0,2,6,2,6,4,0,2,2,0,2,6,5,2,0,0,2,2,0,2,2,2
"ko:K03149",727,625,469,554,917,776,657,722,646,821,650,699,629,614,645,693,557,823,665,722,731,712,755,843
"ko:K03151",2,2,0,2,1,6,2,2,4,2,0,0,2,6,9,4,0,0,4,0,0,2,2,0
"ko:K03153",94,89,70,75,106,124,86,138,86,92,71,99,110,98,70,69,85,80,120,121,119,106,128,121
"ko:K03154",45,42,28,15,44,42,50,45,36,57,26,65,31,37,36,47,25,103,31,41,48,49,37,69
"ko:K03166",89,92,63,86,117,104,81,93,80,94,53,94,88,78,80,99,74,55,78,80,84,69,91,113
"ko:K03167",98,72,68,88,106,119,72,100,77,122,97,115,94,113,104,94,72,75,77,70,91,77,78,112
"ko:K03168",3129,2974,2315,2380,3819,3310,3228,3315,2713,3257,2702,2643,2799,2724,2819,2622,2447,3135,3126,3282,3352,3112,3122,3297
"ko:K03169",476,333,301,360,580,478,431,456,491,545,450,399,434,450,377,440,358,321,460,333,409,382,452,392
"ko:K03177",410,333,310,313,471,416,406,437,384,443,308,345,369,346,408,391,355,593,413,410,477,434,441,519
"ko:K03179",171,152,140,103,224,189,228,234,170,223,184,165,181,193,192,177,152,421,234,184,198,228,238,240
"ko:K03179,ko:K06125",150,118,129,88,159,147,110,106,110,154,127,85,105,132,135,116,108,78,154,147,175,145,161,175
"ko:K03182",316,309,270,266,382,318,315,330,302,370,307,358,310,321,307,297,284,264,336,346,333,318,371,366
"ko:K03182,ko:K16874",84,61,41,58,65,81,72,74,66,87,52,70,56,45,89,63,61,39,69,45,58,32,54,54
"ko:K03183",634,521,463,448,807,787,625,694,555,692,533,546,519,554,585,572,487,726,671,715,654,663,597,681
"ko:K03183,ko:K21600",16,10,6,6,16,16,14,14,4,14,12,18,12,12,12,12,10,18,16,14,14,10,14,18
"ko:K03184,ko:K18800",74,54,46,53,57,78,80,50,72,62,52,83,76,61,63,56,52,416,60,48,79,94,82,78
"ko:K03185",264,192,171,179,278,311,251,312,262,231,214,217,236,222,217,219,231,535,238,315,311,249,303,327
"ko:K03186",91,94,66,68,125,85,94,96,71,98,80,85,87,75,87,76,96,107,89,114,70,82,100,96
"ko:K03187",145,110,88,86,172,153,149,159,111,145,105,123,98,112,108,117,94,75,124,138,160,116,136,164
"ko:K03188",60,59,40,36,50,72,59,74,61,60,53,39,55,44,38,66,53,43,62,66,69,79,80,80
"ko:K03189",496,462,385,466,603,555,479,485,512,617,554,483,460,483,471,406,398,351,541,442,490,469,517,571
"ko:K03190",48,51,28,40,68,53,61,64,46,59,42,44,35,29,51,35,45,34,70,40,42,65,48,70
"ko:K03192",17,27,20,14,28,23,27,17,20,35,29,6,14,20,28,28,9,10,26,20,24,28,24,27
"ko:K03194",34,32,18,16,42,46,24,32,36,37,30,16,40,33,28,26,17,224,46,40,38,49,38,48
"ko:K03195",73,57,43,36,74,58,60,71,66,59,57,49,26,48,54,40,40,428,46,79,80,70,76,92
"ko:K03195,ko:K20533",20,16,28,6,20,22,12,28,26,21,14,12,18,15,22,11,20,14,14,18,26,20,18,18
"ko:K03196",37,35,26,40,55,39,57,24,30,37,51,26,40,40,21,40,31,353,41,37,44,67,47,51
"ko:K03197",47,32,28,21,57,53,50,39,40,37,25,28,45,45,42,27,41,153,41,42,50,40,44,41
"ko:K03198",40,19,22,27,40,33,37,37,20,43,29,21,20,27,22,16,36,115,26,36,24,32,27,36
"ko:K03199",98,86,78,75,109,122,93,97,109,118,113,63,101,122,115,86,119,878,92,123,157,129,143,179
"ko:K03199,ko:K12063,ko:K12080",72,62,51,43,84,60,56,42,64,73,65,62,54,59,49,33,49,62,74,69,68,62,70,76
"ko:K03201",70,44,50,52,74,67,54,80,50,62,71,49,52,48,52,38,55,794,84,53,77,60,76,56
"ko:K03203",36,26,29,28,45,32,38,30,24,39,31,14,20,44,35,30,19,333,38,34,29,30,30,50
"ko:K03204",19,28,26,22,22,26,12,30,24,20,33,28,32,30,26,14,20,310,20,16,48,31,20,22
"ko:K03205",170,134,100,142,208,197,154,203,128,191,121,110,154,166,136,143,147,622,197,178,190,183,185,199
"ko:K03208",54,66,32,38,70,63,80,60,48,62,57,48,48,56,50,53,32,432,50,42,66,52,52,45
"ko:K03210",179,168,129,112,214,191,173,155,142,149,175,124,160,135,139,133,135,272,150,154,211,178,166,192
"ko:K03214",124,87,78,80,142,113,134,119,99,134,66,105,83,119,116,121,83,396,128,102,125,131,108,146
"ko:K03215",219,179,114,153,259,205,194,189,239,227,198,198,203,165,184,186,160,572,215,220,248,201,208,225
"ko:K03215,ko:K15331",55,29,20,29,34,22,23,38,39,63,42,37,42,37,34,25,26,10,18,33,6,12,26,25
"ko:K03216",146,128,85,103,187,172,158,154,141,176,168,144,158,132,127,126,134,263,134,142,148,171,162,171
"ko:K03217",686,596,443,452,782,629,572,562,582,603,581,518,571,528,585,524,521,1088,601,763,736,571,614,730
"ko:K03218",926,934,730,696,1311,1021,1059,1187,908,1061,922,807,813,877,889,978,752,1082,1115,1107,1026,1029,1070,1101
"ko:K03222",21,22,24,20,40,26,36,48,28,40,28,46,18,21,33,26,28,286,38,30,36,22,36,28
"ko:K03224",54,50,34,40,74,68,45,72,48,50,73,62,53,38,49,57,55,45,56,60,49,72,60,73
"ko:K03224,ko:K22506",84,74,46,67,120,60,76,117,65,98,71,67,82,70,107,56,63,479,80,70,84,95,108,113
"ko:K03225",48,52,31,30,71,50,40,38,44,50,39,55,50,41,44,38,30,355,56,66,50,40,58,50
"ko:K03226",81,48,58,31,103,75,51,82,52,51,45,60,40,50,52,50,21,339,55,68,79,59,57,64
"ko:K03227",10,8,1,10,4,16,6,10,14,6,10,8,14,14,12,12,12,105,12,8,4,8,12,15
"ko:K03228",58,36,25,32,64,32,40,50,35,52,34,28,40,44,36,28,30,261,32,38,48,44,42,54
"ko:K03229",42,28,38,38,80,36,38,42,48,38,25,42,30,36,37,56,14,398,64,52,48,66,52,56
"ko:K03230",219,226,144,190,343,276,264,270,224,284,259,175,224,235,252,187,182,770,288,210,246,239,236,271
"ko:K03269",35,24,23,29,37,42,28,37,34,57,34,26,45,40,28,32,37,231,26,27,48,47,45,39
"ko:K03270",48,39,34,40,48,63,35,34,36,40,37,19,35,33,36,43,31,279,38,49,38,40,37,46
"ko:K03271",78,74,65,42,113,104,72,91,95,131,91,89,99,96,94,87,65,72,103,62,105,104,81,140
"ko:K03272,ko:K21344",46,22,31,21,36,49,26,42,53,45,37,34,37,25,34,27,29,32,54,28,36,40,33,28
"ko:K03273",28,13,20,21,27,34,30,36,21,19,29,25,10,24,24,17,31,23,18,22,12,22,30,26
"ko:K03274",28,30,17,23,34,20,26,24,40,47,31,36,36,48,34,31,34,23,36,28,32,35,25,34
"ko:K03281",70,56,49,62,96,98,60,100,55,66,62,69,82,62,68,53,51,65,80,68,88,74,101,95
"ko:K03282",291,233,196,203,360,272,262,270,256,295,236,222,232,287,234,222,207,357,265,249,341,257,262,343
"ko:K03284",761,635,488,515,908,810,712,783,604,689,623,578,679,576,684,583,554,896,800,757,841,805,723,869
"ko:K03284,ko:K16074",48,47,35,28,58,62,36,56,34,76,32,40,46,50,42,25,57,34,42,46,51,64,66,54
"ko:K03286",113,95,51,61,118,132,127,116,105,115,92,85,114,106,101,118,97,803,141,112,127,134,102,134
"ko:K03286,ko:K16191",46,42,34,26,50,54,59,54,42,68,30,42,42,50,38,65,40,281,60,44,46,68,32,46
"ko:K03289,ko:K11537",6,2,6,4,0,8,5,6,12,4,16,4,6,6,12,8,3,12,8,6,0,4,6,4
"ko:K03290,ko:K08178,ko:K08369",58,77,51,39,94,68,75,66,75,63,70,68,51,61,64,71,54,37,74,79,66,82,76,91
"ko:K03292",160,119,78,119,200,198,133,164,123,141,120,134,124,142,98,118,112,108,171,172,175,148,147,211
"ko:K03293",178,163,105,132,247,192,212,214,130,160,170,154,152,193,205,182,127,957,207,206,220,193,184,209
"ko:K03293,ko:K11735",33,48,35,28,64,47,69,43,37,51,43,41,29,34,37,34,47,56,48,56,58,52,57,44
"ko:K03293,ko:K11735,ko:K16237",147,99,75,75,139,96,105,121,80,109,110,88,88,94,121,103,84,87,108,78,136,111,85,132
"ko:K03293,ko:K11737,ko:K16234",43,36,33,28,49,42,30,22,18,34,46,14,24,34,26,39,18,78,34,18,40,39,48,45
"ko:K03294",1550,1566,1383,1482,2203,1956,2017,2012,1650,1870,1588,1386,1626,1428,1627,1702,1474,2772,2400,1965,1846,2235,2344,1807
"ko:K03294,ko:K03758",6,3,6,4,22,14,10,4,10,2,6,2,18,9,4,10,2,8,4,4,2,4,6,4
"ko:K03294,ko:K03758,ko:K03759",2,6,2,0,6,4,4,6,2,2,2,0,6,0,0,6,0,2,0,0,4,4,0,2
"ko:K03294,ko:K03759",75,57,26,36,83,68,67,52,51,42,71,56,38,32,66,40,52,380,70,53,54,42,60,53
"ko:K03294,ko:K16238",68,54,44,37,86,75,58,59,56,69,43,38,49,56,59,46,61,60,44,89,80,64,86,79
"ko:K03296",3252,2954,2251,2345,4224,3486,3474,3443,2968,3292,3120,2653,2829,2867,2962,2951,2531,4484,3232,3246,3613,3317,3496,3650
"ko:K03296,ko:K07788",30,37,12,37,49,36,44,35,36,49,25,28,31,30,15,38,29,31,38,34,49,36,18,32
"ko:K03296,ko:K07788,ko:K07789",282,236,177,212,374,316,271,238,290,329,368,256,293,241,284,222,195,191,316,282,279,268,296,303
"ko:K03296,ko:K07788,ko:K21133",18,17,6,16,8,13,14,16,16,14,18,17,10,10,16,10,10,14,14,25,18,18,16,22
"ko:K03296,ko:K18138",984,878,739,780,1246,1089,1055,1099,959,1187,1002,863,1024,931,974,958,813,1733,1122,1040,1081,1030,1105,1123
"ko:K03296,ko:K18138,ko:K18307",10,13,2,6,14,2,4,6,7,12,12,8,3,4,12,4,0,10,6,10,14,12,8,8
"ko:K03296,ko:K18138,ko:K18902",94,74,75,80,109,92,90,126,83,126,70,75,86,66,96,73,65,65,119,113,115,94,90,85
"ko:K03296,ko:K18138,ko:K19585",127,126,92,86,181,189,140,149,139,171,159,99,106,131,123,122,75,87,92,118,139,137,107,129
"ko:K03297",74,62,42,60,123,91,78,70,77,78,84,58,66,66,69,68,52,188,105,101,92,84,75,79
"ko:K03297,ko:K11741",27,44,24,16,48,53,50,50,38,30,26,26,50,19,49,31,16,10,27,31,29,50,29,36
"ko:K03297,ko:K18975",14,6,2,4,2,2,8,7,2,4,4,2,4,8,8,6,2,115,4,14,10,2,4,6
"ko:K03298",34,20,28,16,38,33,36,45,35,31,28,24,36,26,22,32,28,22,48,41,46,40,33,50
"ko:K03299",225,169,117,157,237,224,164,225,225,262,195,194,219,217,216,195,194,161,218,255,222,251,225,214
"ko:K03300",132,130,126,84,182,152,151,178,122,120,101,116,121,102,96,97,123,501,136,122,151,138,173,164
"ko:K03300,ko:K11639",10,4,6,8,28,18,18,12,10,6,0,6,17,18,8,10,12,6,4,12,6,10,18,14
"ko:K03301",159,153,106,147,205,195,191,173,162,194,145,134,133,147,160,157,139,1010,171,159,206,183,232,178
"ko:K03303",327,324,265,259,460,373,349,473,333,379,321,342,313,321,397,344,255,288,447,340,378,311,351,374
"ko:K03305",784,707,529,613,1092,775,777,878,820,922,762,722,747,765,746,708,685,2145,769,906,933,843,984,982
"ko:K03306",1037,907,716,748,1240,1079,940,1041,915,1136,942,800,905,882,909,791,795,1157,995,1068,1030,1026,969,1073
"ko:K03307",1227,1039,903,980,1599,1375,1220,1418,1041,1217,1036,1003,1001,1047,1023,1039,893,1856,1228,1246,1175,1210,1119,1248
"ko:K03307,ko:K14387",12,20,10,4,16,16,12,9,8,22,9,13,18,11,10,15,8,12,8,14,12,2,18,6
"ko:K03308",0,10,2,0,22,14,10,2,8,0,4,2,10,16,14,10,0,2,2,2,0,8,4,6
"ko:K03309",130,120,101,98,199,172,152,180,116,143,145,156,136,147,136,120,111,557,157,143,204,140,165,166
"ko:K03309,ko:K11102,ko:K11103",10,4,6,2,22,16,18,14,6,10,2,10,14,11,12,17,6,2,10,4,8,12,4,8
"ko:K03309,ko:K11103",8,0,2,8,14,7,6,4,8,4,2,8,4,2,10,8,2,2,10,8,6,2,2,6
"ko:K03310",34,22,16,26,54,28,34,32,24,34,18,18,27,24,24,16,28,17,27,17,34,24,36,22
"ko:K03312",3,10,12,9,14,4,10,8,11,10,14,14,6,2,10,6,12,8,10,6,12,16,17,30
"ko:K03313",522,529,396,383,722,597,573,566,501,563,430,401,519,478,488,447,414,787,657,561,658,562,541,612
"ko:K03315",21,40,17,47,67,54,61,37,40,51,37,40,60,38,52,47,31,23,47,39,49,44,36,47
"ko:K03316",443,390,312,303,563,450,485,509,382,512,373,339,368,360,400,387,288,352,471,503,460,493,471,484
"ko:K03317",337,312,194,238,374,333,271,355,285,307,236,232,241,255,241,246,262,654,285,318,378,328,335,361
"ko:K03319",2,2,0,0,4,8,6,4,0,2,0,0,2,2,10,2,2,2,6,0,1,0,8,2
"ko:K03319,ko:K09477,ko:K11106,ko:K14445",20,26,19,13,31,21,22,22,20,29,22,16,12,12,30,20,9,18,30,10,18,16,16,25
"ko:K03320",1998,1835,1281,1423,2552,2096,2057,2198,1948,2094,1803,1706,1803,1766,1834,1706,1476,1902,2024,1902,2065,1999,2103,2142
"ko:K03320,ko:K06580",25,25,26,22,45,46,28,30,30,56,45,20,26,44,46,30,29,35,30,28,36,36,40,46
"ko:K03321",528,513,434,423,846,667,672,647,562,619,584,447,588,523,559,510,459,486,660,588,700,702,652,695
"ko:K03322",247,229,168,144,331,260,231,289,206,277,204,225,249,229,255,240,223,180,264,256,257,240,232,232
"ko:K03324",261,246,168,202,272,275,244,221,220,269,262,155,250,198,288,255,194,224,242,283,278,232,288,306
"ko:K03325",215,188,155,146,250,234,208,211,236,225,188,176,151,171,202,170,143,492,184,243,227,205,253,211
"ko:K03325,ko:K03741",26,27,29,22,32,32,38,24,21,18,20,13,24,20,12,14,13,25,28,28,10,44,21,24
"ko:K03327",477,354,307,311,548,466,444,427,416,451,349,353,394,360,421,332,365,792,452,434,454,430,469,557
"ko:K03328",34,27,8,10,18,12,10,22,18,12,10,30,16,10,21,6,23,11,24,18,18,18,24,14
"ko:K03328,ko:K16553",8,10,10,12,6,14,2,4,12,12,6,16,4,4,12,6,6,4,14,10,8,18,11,14
"ko:K03328,ko:K16694,ko:K16695",14,6,0,6,18,9,12,0,4,10,2,2,12,12,14,7,2,2,4,2,4,6,8,8
"ko:K03333",344,358,328,254,452,434,409,448,285,347,334,368,335,315,298,239,303,360,413,435,425,404,373,414
"ko:K03335",737,560,340,343,951,513,507,559,421,487,434,383,342,369,389,374,283,280,370,360,399,310,345,400
"ko:K03336",1150,1009,750,811,1422,1314,1177,1302,1015,1185,1019,1011,1043,984,1126,1010,925,869,1180,1205,1167,1097,1184,1214
"ko:K03337",130,111,101,92,117,147,142,144,104,143,127,99,117,94,104,65,132,81,87,140,152,130,154,162
"ko:K03338",546,480,384,371,657,591,599,585,482,595,434,426,496,470,505,494,500,447,551,518,570,573,536,650
"ko:K03346",10,2,0,4,24,10,4,2,2,2,6,0,4,18,6,10,2,2,2,2,4,4,8,2
"ko:K03366",18,14,8,18,18,16,18,14,16,14,16,20,9,19,12,16,15,7,12,18,18,10,15,20
"ko:K03379",492,380,313,396,645,548,560,528,416,480,384,390,404,433,455,450,328,440,484,441,515,444,472,529
"ko:K03379,ko:K18091",158,114,91,77,155,122,182,134,78,134,133,95,118,89,146,122,68,92,97,106,85,98,142,127
"ko:K03379,ko:K18229",20,18,11,19,34,33,24,31,24,22,19,22,21,20,30,18,18,15,18,36,22,26,20,18
"ko:K03379,ko:K21730",19,13,15,9,13,25,26,22,18,12,16,18,6,12,14,12,9,13,12,17,20,11,16,10
"ko:K03380",168,171,131,122,259,191,176,229,133,180,143,143,140,122,192,184,131,124,208,226,182,210,193,260
"ko:K03381",102,101,63,93,142,100,116,131,70,65,76,106,85,87,90,115,64,64,92,88,98,114,95,127
"ko:K03381,ko:K04098",28,34,16,24,50,24,38,24,24,34,34,18,40,29,32,28,32,32,22,38,38,55,37,58
"ko:K03382",32,12,8,12,22,18,16,8,18,20,8,16,12,16,20,12,19,28,26,16,28,30,26,22
"ko:K03383,ko:K19794",276,277,214,240,392,341,309,308,281,272,262,215,249,228,253,257,220,179,306,278,258,289,274,286
"ko:K03385",26,29,26,18,29,28,31,23,18,33,30,24,21,23,38,26,8,18,32,23,40,28,30,30
"ko:K03386",1087,1012,763,844,1415,1148,987,1105,938,1251,1078,970,950,908,1051,1025,753,977,1132,1044,1098,1038,1109,1309
"ko:K03387",89,88,49,73,109,90,102,73,109,152,115,77,73,91,77,112,135,72,117,78,94,101,103,93
"ko:K03391,ko:K05712",282,205,202,210,304,273,263,269,203,237,234,217,184,182,248,203,191,172,217,177,239,161,212,218
"ko:K03392",216,152,112,174,246,227,240,205,164,249,180,172,176,190,203,138,160,441,227,207,244,210,241,232
"ko:K03392,ko:K07045",227,210,178,177,305,259,206,245,166,203,183,226,204,217,205,183,198,180,215,185,204,188,198,207
"ko:K03392,ko:K07045,ko:K14333,ko:K15063,ko:K20941",20,15,10,10,10,8,13,0,18,10,16,9,6,6,10,20,4,14,10,15,12,18,16,15
"ko:K03392,ko:K10220",225,203,154,188,268,242,263,217,178,232,229,192,191,212,208,184,140,161,193,166,243,180,217,244
"ko:K03394",77,48,38,64,91,84,80,69,58,85,54,53,80,46,63,46,62,55,84,78,67,84,68,76
"ko:K03395",17,10,6,10,27,18,24,16,13,30,13,10,16,13,12,11,9,17,12,22,16,10,17,15
"ko:K03396",16,25,26,12,39,40,18,25,22,25,17,23,21,26,25,38,18,22,29,27,21,28,28,24
"ko:K03402",209,232,152,139,298,260,228,220,151,233,158,213,175,160,191,182,143,117,254,201,222,211,197,226
"ko:K03404,ko:K03405",188,119,114,174,270,222,193,246,156,219,182,143,124,145,169,163,129,200,257,195,205,258,199,238
"ko:K03405",733,679,570,557,947,797,779,872,619,725,574,644,678,663,666,636,488,459,768,735,658,698,713,765
"ko:K03406",1313,1155,827,836,1541,1219,1091,1301,1166,1420,1123,1023,1115,1040,1144,1181,1119,1103,1267,1287,1357,1333,1310,1499
"ko:K03406,ko:K03776",6,12,10,10,15,6,14,10,25,8,16,12,6,8,10,12,6,6,22,18,8,4,8,13
"ko:K03406,ko:K03776,ko:K05874",46,47,32,14,59,40,39,65,87,86,72,57,50,57,54,59,43,43,78,64,49,55,74,63
"ko:K03406,ko:K03776,ko:K05875",80,51,61,61,140,105,109,109,128,114,155,65,95,115,133,104,95,87,133,106,109,106,119,86
"ko:K03406,ko:K05875",94,73,65,52,127,102,70,102,136,140,122,78,92,87,101,92,87,79,135,128,95,142,130,110
"ko:K03407",494,411,329,333,559,457,437,390,480,451,405,375,397,342,416,371,381,391,441,396,496,458,460,447
"ko:K03407,ko:K03832",42,46,26,20,36,22,36,36,34,32,28,19,40,28,26,28,34,500,30,28,52,26,23,38
"ko:K03407,ko:K12257",9,17,13,15,27,9,16,14,19,19,14,6,8,15,25,16,16,11,8,16,17,6,11,16
"ko:K03407,ko:K13490",29,59,48,40,65,38,48,39,45,67,39,30,26,39,41,44,28,25,26,34,42,35,40,36
"ko:K03408",122,81,79,69,109,115,119,94,91,108,105,80,106,104,105,86,77,120,115,101,125,138,132,135
"ko:K03409",8,0,2,4,2,6,6,6,6,2,2,3,0,4,6,2,7,2,2,6,0,4,9,3
"ko:K03410",10,18,14,22,14,28,21,14,18,20,19,19,8,16,10,18,10,10,8,18,14,16,14,8
"ko:K03411",4,5,4,0,4,2,4,4,0,0,0,4,10,2,2,4,2,5,2,6,4,3,6,6
"ko:K03412",78,63,55,59,110,85,80,65,96,102,82,52,65,72,73,54,60,71,80,83,84,76,124,82
"ko:K03413",496,471,323,395,697,522,506,527,455,570,500,482,488,465,525,441,419,388,499,499,582,528,569,542
"ko:K03414",23,22,18,21,28,34,41,34,37,58,40,34,42,40,38,36,34,26,46,28,28,26,26,46
"ko:K03417",253,243,197,176,324,302,285,244,266,321,261,234,246,228,238,266,228,503,267,303,274,237,305,299
"ko:K03420,ko:K13525,ko:K17681",73,70,55,54,104,69,83,93,63,95,73,83,71,82,68,70,68,60,68,70,83,80,48,88
"ko:K03424",563,500,457,374,749,606,552,570,539,591,484,471,492,460,530,446,448,887,578,504,591,617,565,635
"ko:K03426",267,258,154,185,318,266,311,260,188,239,239,254,221,256,212,216,180,481,314,276,266,266,271,295
"ko:K03427",330,244,201,238,369,256,275,336,297,386,286,261,225,254,290,242,218,284,331,250,266,308,319,289
"ko:K03429",4,4,2,4,12,4,0,6,6,2,2,4,14,12,14,4,4,0,2,2,10,0,4,4
"ko:K03429,ko:K03715",56,42,22,35,54,63,48,53,34,38,57,30,37,37,56,36,58,33,44,49,70,55,70,52
"ko:K03430",33,21,24,22,32,32,30,26,25,68,42,28,34,16,38,26,31,14,26,28,26,25,31,36
"ko:K03431",1421,1351,1061,1044,1856,1559,1524,1560,1351,1510,1388,1246,1216,1331,1301,1197,1150,1437,1408,1467,1486,1430,1488,1542
"ko:K03432",244,231,182,187,267,208,215,268,201,202,210,187,187,172,213,164,191,171,211,247,198,219,225,271
"ko:K03433",374,315,297,272,489,434,377,460,298,337,284,301,295,268,340,312,262,249,391,387,392,346,318,426
"ko:K03435",32,18,14,8,14,21,8,18,16,24,20,22,16,24,15,17,17,18,10,36,16,28,20,29
"ko:K03436",221,141,113,155,245,223,214,226,153,195,186,179,155,176,175,152,162,130,224,206,179,244,223,237
"ko:K03437",345,348,237,255,459,363,367,390,379,451,322,280,382,298,370,314,325,252,443,375,434,401,422,480
"ko:K03438",738,756,494,555,1021,850,832,811,710,769,727,657,751,758,735,665,583,852,791,791,831,756,779,863
"ko:K03439",201,197,166,135,231,249,254,268,185,259,207,181,212,161,214,219,191,460,265,226,225,248,261,249
"ko:K03442",75,44,37,49,108,66,74,54,51,57,45,50,46,59,68,65,49,326,55,50,75,57,57,74
"ko:K03442,ko:K16052",2,6,9,10,12,11,8,18,20,9,7,6,10,18,12,6,8,0,14,10,14,8,12,18
"ko:K03445",43,58,38,34,82,69,87,62,58,49,70,54,42,69,49,58,44,77,89,52,62,62,81,64
"ko:K03445,ko:K07552",34,40,16,24,50,30,36,50,33,34,34,25,26,22,40,41,26,30,42,32,56,34,38,47
"ko:K03446",627,594,429,395,710,611,594,660,503,688,539,546,569,533,544,499,539,1027,640,702,761,694,819,769
"ko:K03446,ko:K18926",56,46,42,43,62,72,54,50,62,59,45,49,49,56,67,56,37,55,62,60,73,75,78,68
"ko:K03449",122,143,108,82,239,149,170,175,107,138,102,124,151,107,175,102,102,560,121,120,201,173,176,160
"ko:K03453",197,158,137,132,259,232,207,223,147,185,176,139,133,143,191,143,137,408,213,204,190,186,197,243
"ko:K03455",1046,933,685,776,1295,1221,1098,1076,1083,1054,1034,912,980,954,1029,906,817,1328,1054,1083,1073,1132,1216,1259
"ko:K03455,ko:K03499",6,6,4,0,17,18,10,6,12,6,6,8,14,24,6,10,12,8,6,0,8,8,18,4
"ko:K03455,ko:K11745,ko:K11747",144,160,94,77,166,142,128,148,156,157,164,116,127,101,168,116,115,85,152,112,142,141,161,200
"ko:K03455,ko:K11747",239,220,149,164,318,211,249,270,239,220,195,171,226,188,200,198,147,162,251,233,263,236,237,208
"ko:K03457",415,325,267,259,476,467,404,419,333,410,334,373,349,335,372,332,294,270,465,350,393,455,412,359
"ko:K03458",186,151,126,109,186,209,160,184,187,156,108,115,144,138,120,125,120,95,185,163,164,203,140,173
"ko:K03462",117,73,62,80,159,156,142,119,95,111,127,83,112,96,96,95,75,513,114,96,141,130,129,126
"ko:K03464",12,24,13,16,26,34,45,28,25,25,27,20,26,14,20,22,38,12,32,32,22,28,30,28
"ko:K03465",243,233,163,194,361,269,238,268,223,269,239,179,225,179,246,211,147,176,251,218,235,186,198,228
"ko:K03466",3601,3024,2448,2488,4456,3814,3455,3775,3140,3657,3146,2935,3073,3004,3037,3146,2662,3308,3622,3539,3620,3563,3641,3858
"ko:K03469",324,308,245,199,403,369,320,337,301,374,262,279,297,289,332,269,283,384,336,343,348,336,330,403
"ko:K03470",509,530,415,384,635,593,542,563,472,561,507,452,523,473,503,486,421,609,608,523,638,551,558,578
"ko:K03471",0,2,0,0,0,2,0,0,0,4,0,0,3,4,0,0,0,0,0,0,2,0,0,0
"ko:K03474",352,250,211,224,363,309,334,291,262,391,284,288,303,260,221,284,256,473,296,280,249,272,304,330
"ko:K03477",147,106,87,73,108,128,135,107,120,103,133,61,122,88,104,118,98,58,114,119,109,133,127,138
"ko:K03478",54,45,17,24,35,40,46,27,40,28,38,35,22,26,32,24,41,23,26,33,26,26,31,25
"ko:K03486",0,0,0,0,2,0,0,0,0,0,0,0,0,0,0,0,0,0,0,2,2,0,0,0
"ko:K03489,ko:K03710",30,30,9,16,56,38,26,34,18,32,24,27,17,14,26,26,12,12,20,24,18,30,12,26
"ko:K03491",28,14,10,26,70,27,63,34,35,31,44,36,42,24,41,44,24,14,32,45,31,38,41,38
"ko:K03495",753,784,533,557,922,884,779,776,912,1013,870,749,794,759,854,739,648,1123,788,843,829,802,861,816
"ko:K03496",3172,2968,2193,2212,3857,3161,3065,3408,2638,3000,2662,2508,2633,2723,2807,2570,2250,2513,2968,2871,3042,2845,2928,3288
"ko:K03497",483,492,387,366,569,510,546,526,504,537,502,459,450,450,539,485,420,678,573,586,608,555,565,597
"ko:K03498",93,101,120,96,154,124,112,130,124,120,103,96,122,86,112,85,91,90,159,135,140,117,143,157
"ko:K03499",921,878,675,797,1260,1100,996,1096,755,937,786,850,804,865,853,867,698,695,1026,1043,929,950,990,1037
"ko:K03500",733,683,509,476,1054,776,766,832,694,762,653,645,692,717,719,690,554,921,774,768,842,765,800,894
"ko:K03501",112,82,94,112,136,119,139,133,99,110,98,94,97,84,127,77,101,299,127,112,142,126,110,121
"ko:K03517",1313,1255,965,920,1596,1341,1301,1298,1072,1261,1249,1185,1098,1099,1126,1167,993,884,1225,1390,1204,1202,1163,1537
"ko:K03518",720,797,556,667,948,903,858,913,679,808,742,708,731,646,798,677,601,550,807,657,862,727,703,784
"ko:K03518,ko:K04107",39,34,21,32,31,48,48,26,31,45,28,20,25,54,57,32,30,21,39,43,45,36,24,42
"ko:K03518,ko:K07302",27,29,23,31,30,40,45,33,36,37,19,25,33,42,22,20,22,23,36,26,51,29,32,35
"ko:K03518,ko:K07302,ko:K13483",11,5,9,9,18,10,6,10,8,14,5,20,15,13,10,7,13,8,12,8,10,16,11,9
"ko:K03518,ko:K13483,ko:K16879",6,4,1,2,5,10,8,4,4,12,7,4,0,2,4,6,2,6,6,4,7,2,6,4
"ko:K03518,ko:K19186",78,63,52,52,66,82,71,48,46,71,47,47,69,66,46,55,44,41,70,63,64,75,61,92
"ko:K03519",699,591,418,468,848,722,694,783,567,746,648,591,618,561,612,526,463,453,658,605,683,637,705,713
"ko:K03520",3151,2945,2316,2386,3945,3403,3296,3514,2683,3186,2671,2594,2853,2701,2870,2713,2284,2029,3091,2913,3178,2961,2912,3218
"ko:K03520,ko:K11177",150,168,132,125,177,195,176,171,126,172,120,159,157,148,170,167,150,94,183,142,135,155,146,193
"ko:K03520,ko:K19187",36,44,30,20,42,66,34,58,28,44,28,28,44,30,34,40,21,34,30,32,32,30,36,50
"ko:K03520,ko:K19820",142,117,84,116,129,184,136,159,109,151,112,105,158,119,134,102,96,105,147,121,98,139,118,126
"ko:K03521",1492,1420,1116,1114,1802,1588,1597,1640,1323,1615,1323,1345,1332,1261,1330,1297,1250,1302,1528,1488,1570,1534,1530,1665
"ko:K03522",1322,1204,938,1022,1781,1472,1307,1433,1160,1431,1188,1144,1240,1204,1238,1163,1076,1239,1364,1308,1406,1393,1459,1502
"ko:K03523",209,181,136,153,265,198,216,230,149,206,197,147,146,227,180,210,146,142,226,184,204,191,216,248
"ko:K03524",137,143,122,95,231,163,127,137,128,142,114,108,120,97,126,125,143,391,184,142,146,164,171,196
"ko:K03525",151,118,75,89,191,156,155,134,113,151,134,109,130,111,134,127,119,290,140,144,164,152,152,156
"ko:K03526",2409,2216,1709,1847,3332,2761,2466,2702,2212,2511,2198,2179,2085,2170,2383,2102,1933,2150,2320,2389,2430,2353,2311,2670
"ko:K03527",1838,1698,1260,1393,2305,1913,1823,1925,1664,1969,1690,1489,1700,1648,1676,1628,1284,1605,1785,1794,1893,1769,1749,1937
"ko:K03528",58,44,31,22,55,80,36,62,40,60,65,49,42,65,40,42,45,319,60,74,79,60,59,82
"ko:K03529",2710,2515,1896,1935,3537,2928,2663,2946,2465,2914,2588,2207,2486,2426,2436,2326,2008,3058,2594,2744,2870,2589,2845,2905
"ko:K03530",397,324,253,274,472,447,313,411,350,387,348,374,280,333,322,347,287,357,440,422,406,372,415,445
"ko:K03531",2375,2265,1733,1826,3066,2502,2410,2659,2101,2532,2218,1946,2084,2073,2127,1924,1907,2167,2301,2331,2471,2309,2352,2630
"ko:K03531,ko:K03832",46,36,20,36,46,48,36,36,52,40,30,26,52,32,48,28,28,284,40,28,42,36,48,46
"ko:K03534",120,92,92,97,143,151,116,136,99,137,117,116,98,84,84,93,66,115,113,102,168,123,142,141
"ko:K03535",21,18,24,11,48,20,12,22,17,34,17,16,8,27,25,24,13,7,18,19,16,24,34,18
"ko:K03535,ko:K08194",29,28,30,24,58,26,16,44,24,46,26,39,34,36,42,26,24,35,46,32,38,32,38,46
"ko:K03536",77,64,50,49,87,73,99,96,79,79,91,63,68,67,77,72,62,54,62,94,78,89,93,81
"ko:K03536,ko:K08998",4,2,0,13,16,11,12,14,4,5,15,4,11,6,5,14,4,128,16,20,16,8,10,6
"ko:K03543",217,191,200,190,319,276,258,236,239,249,211,211,218,254,257,236,240,540,222,305,322,257,320,290
"ko:K03544",3865,3543,2648,2795,4453,3701,3432,3897,3164,3780,3198,3072,3132,3007,3414,3104,2913,3019,3372,3258,3541,3195,3332,3736
"ko:K03545",822,864,619,712,1120,937,866,985,808,953,785,689,791,772,757,713,745,1134,866,947,883,861,875,1025
"ko:K03546",219,275,195,196,374,320,301,306,228,212,252,269,246,218,223,234,172,225,331,285,272,307,300,267
"ko:K03547",114,92,73,65,131,116,108,150,83,112,90,80,96,76,95,69,101,75,93,81,98,124,119,140
"ko:K03548",143,132,63,84,136,103,120,113,112,99,63,110,81,97,108,93,97,91,94,142,139,145,130,139
"ko:K03549",1004,739,620,670,1148,893,866,946,791,1021,890,801,777,793,821,718,740,1296,910,835,934,902,892,975
"ko:K03550",510,526,338,385,694,623,560,632,493,550,448,419,456,481,489,461,458,611,587,539,592,608,599,557
"ko:K03551",2063,1866,1407,1600,2752,2274,2142,2227,1941,2350,1947,1992,1939,1966,1944,1925,1604,1873,2074,2163,2229,2022,2054,2148
"ko:K03553",3389,2955,2375,2434,4058,3459,3238,3602,2862,3369,3113,2933,2711,2716,3030,2659,2343,2496,3012,2738,3207,2859,3002,3124
"ko:K03554",82,50,62,58,121,113,100,72,51,82,77,90,88,77,90,50,85,413,96,89,78,108,91,86
"ko:K03555",1419,1249,997,995,1721,1403,1319,1471,1311,1421,1232,1179,1286,1191,1308,1189,1134,1796,1367,1251,1516,1420,1405,1410
"ko:K03556",76,71,55,57,93,107,82,91,69,89,36,41,52,59,71,69,42,37,86,41,70,58,57,67
"ko:K03556,ko:K06886",14,25,22,22,48,46,32,40,22,34,30,18,14,22,32,26,22,12,44,24,20,40,34,36
"ko:K03557",24,33,14,24,58,42,46,50,31,50,29,36,25,28,43,37,32,148,36,45,38,36,44,39
"ko:K03558",88,75,59,42,110,92,124,86,107,82,71,97,86,102,89,67,72,314,127,74,85,90,105,111
"ko:K03559",256,207,182,192,355,249,274,234,278,339,256,228,260,254,237,207,216,611,258,258,236,280,290,250
"ko:K03559,ko:K03560",249,190,139,189,249,254,234,291,226,258,231,209,233,222,221,187,199,324,234,234,277,265,205,300
"ko:K03560",78,94,69,86,119,106,85,90,74,102,84,78,80,95,97,59,80,259,90,104,86,83,88,78
"ko:K03561",433,344,260,278,565,448,411,426,464,470,441,399,410,348,324,370,315,836,397,382,458,418,436,477
"ko:K03561,ko:K03562",113,97,84,64,104,85,92,94,120,163,120,81,120,99,110,90,84,90,91,81,110,83,84,93
"ko:K03562",483,461,295,280,493,487,495,496,392,539,393,404,384,445,403,408,363,663,487,455,560,460,522,552
"ko:K03563",94,84,71,77,131,74,84,104,84,89,74,64,61,54,92,80,38,155,81,110,96,80,63,97
"ko:K03564",421,326,333,291,495,397,460,448,359,423,335,360,400,343,423,358,341,456,456,512,478,421,420,513
"ko:K03565",77,99,69,78,144,107,100,117,84,104,105,80,111,86,92,93,81,377,117,113,126,110,143,137
"ko:K03566",749,536,501,490,907,755,642,745,581,726,649,604,695,649,694,613,619,2308,736,684,747,738,745,789
"ko:K03567",30,68,45,30,60,50,30,61,33,60,46,46,58,61,56,47,77,245,75,54,68,68,77,82
"ko:K03568",1564,1473,1132,1217,2009,1582,1622,1694,1338,1711,1618,1481,1375,1424,1505,1351,1330,2705,1679,1483,1742,1606,1701,1878
"ko:K03569",3239,3050,2281,2520,4120,3362,3442,3711,2821,3339,2897,2979,2747,2921,2911,2781,2400,2350,2711,2618,3116,2905,2764,3237
"ko:K03570",204,194,142,133,257,195,223,250,161,214,192,176,177,165,194,188,146,436,218,231,204,219,226,198
"ko:K03571",67,66,41,68,66,58,78,71,86,102,74,74,73,79,68,80,53,207,63,81,78,68,103,95
"ko:K03572",641,435,357,434,699,616,555,627,526,690,535,469,509,574,538,540,443,1039,512,530,645,587,649,560
"ko:K03574",710,581,387,450,882,755,689,773,579,705,590,603,575,619,636,574,566,1119,725,744,783,723,735,820
"ko:K03575",285,319,168,193,378,284,310,321,242,346,269,265,305,252,281,234,211,546,263,330,279,296,299,359
"ko:K03576",12,26,13,20,35,18,27,25,14,23,27,23,12,16,15,14,31,24,22,31,31,20,28,24
"ko:K03577,ko:K18135",8,5,2,12,4,12,16,10,8,8,14,12,12,7,0,5,10,6,6,6,12,6,14,19
"ko:K03578",1546,1334,1047,1156,1856,1650,1551,1628,1444,1766,1514,1270,1281,1376,1385,1417,1236,2383,1633,1619,1642,1578,1604,1684
"ko:K03579",505,538,372,372,692,612,559,581,544,608,515,480,573,484,505,521,422,1133,533,595,599,579,596,619
"ko:K03581",427,408,322,331,614,491,489,515,455,522,415,426,471,448,394,462,363,807,493,436,517,460,435,533
"ko:K03582",365,346,270,239,504,416,373,432,287,374,350,348,330,300,378,357,280,1185,402,435,414,380,341,405
"ko:K03582,ko:K16898",0,2,4,3,6,9,6,2,0,7,0,2,4,10,0,6,4,0,6,4,6,4,6,12
"ko:K03583",209,203,148,229,344,253,315,262,269,293,247,210,233,227,232,226,168,1082,275,271,252,248,265,290
"ko:K03584",496,445,326,316,607,441,519,524,432,518,384,389,444,417,412,437,369,613,561,514,491,461,487,589
"ko:K03585",457,439,282,302,567,444,427,430,389,476,407,350,353,379,342,386,318,1284,474,437,552,488,481,533
"ko:K03586",32,35,14,28,31,63,24,54,45,53,31,45,36,29,32,26,35,129,50,52,56,38,46,43
"ko:K03587",1057,915,783,817,1334,1159,1022,1137,892,1176,970,939,989,995,967,957,893,1443,1148,1106,1174,1174,1207,1202
"ko:K03588",937,877,647,730,1244,998,924,1064,863,1076,815,743,909,817,920,815,622,971,999,952,1078,943,1057,1124
"ko:K03589",104,111,76,72,143,130,108,106,110,122,123,106,96,92,102,107,89,323,139,150,157,130,136,133
"ko:K03590",814,692,580,617,917,801,863,813,813,940,790,675,712,732,756,683,565,969,785,803,942,837,869,842
"ko:K03592",360,260,204,244,401,395,375,325,329,369,315,248,284,296,321,269,282,664,335,339,418,383,400,385
"ko:K03593",1205,1082,834,869,1584,1257,1241,1305,1147,1217,1042,996,1034,1059,1091,1029,853,1238,1126,1056,1244,1119,1132,1288
"ko:K03594",782,700,517,587,833,750,734,768,616,765,737,637,663,624,692,572,576,926,688,715,752,636,721,783
"ko:K03595",1278,1229,898,902,1774,1376,1277,1474,1073,1264,1159,1061,1246,1166,1180,1149,902,1266,1280,1349,1352,1350,1317,1484
"ko:K03596",4386,4250,3258,3595,5641,4600,4465,4818,4082,4665,4042,3772,3808,3714,4026,3747,3381,3662,4132,4036,4281,4008,4168,4664
"ko:K03599",85,95,82,54,112,102,126,85,115,107,99,89,89,74,100,81,66,321,89,112,101,124,112,139
"ko:K03600",42,42,36,26,64,50,49,54,59,44,42,61,36,44,38,39,34,215,56,47,37,40,64,54
"ko:K03601",487,496,328,304,597,594,474,541,477,492,479,425,466,417,484,440,419,834,532,574,552,608,559,614
"ko:K03601,ko:K04564",95,79,72,56,103,123,71,84,94,120,115,76,80,100,113,110,95,70,106,111,106,122,98,100
"ko:K03602",167,137,76,140,214,185,169,153,142,169,147,156,154,167,176,150,121,214,173,167,149,204,163,205
"ko:K03605",4,8,6,18,18,20,26,22,21,18,15,13,18,10,10,14,14,24,12,6,6,22,15,18
"ko:K03606",65,88,41,70,107,106,68,89,131,126,93,87,88,68,98,77,85,66,83,83,82,64,73,121
"ko:K03606,ko:K13656,ko:K20997",35,42,57,37,86,69,64,81,59,50,59,51,40,35,66,52,55,450,59,69,66,54,66,81
"ko:K03606,ko:K20997",322,238,213,210,372,302,268,272,259,290,239,205,275,222,249,251,230,250,209,296,305,248,318,367
"ko:K03608",84,75,53,48,102,80,90,122,92,102,110,82,84,82,77,94,60,137,96,92,104,91,115,98
"ko:K03609",588,506,401,454,644,644,532,544,577,636,587,520,540,484,604,555,474,781,577,558,671,622,727,655
"ko:K03610",98,98,64,57,116,108,77,96,87,106,102,106,115,98,106,88,78,275,112,113,116,120,132,123
"ko:K03611",87,71,59,62,70,61,80,74,71,72,56,53,68,62,45,56,55,232,81,38,75,65,67,91
"ko:K03616",54,45,34,45,58,52,36,37,51,68,75,46,49,41,32,56,47,194,53,68,56,58,55,48
"ko:K03616,ko:K13795",38,40,25,19,32,28,31,38,19,33,32,22,29,36,40,24,20,17,10,24,32,30,30,38
"ko:K03621",446,357,214,315,471,366,389,447,389,446,407,324,396,375,350,350,317,313,440,384,410,432,356,429
"ko:K03624",691,735,507,578,874,741,712,818,697,769,689,628,538,598,693,573,530,732,734,728,769,672,735,797
"ko:K03625",256,173,171,170,282,285,259,281,202,260,217,189,214,236,230,220,201,346,212,280,252,241,215,274
"ko:K03628",3358,3133,2386,2634,3827,3320,3208,3399,3099,3670,3109,2985,3034,2963,3123,2817,2614,2880,3082,2931,3135,3084,3285,3274
"ko:K03629",457,390,277,307,501,415,424,493,385,455,386,427,383,405,369,370,328,623,460,473,480,443,458,476
"ko:K03630",235,247,190,175,353,242,213,274,169,281,219,173,193,214,245,206,158,377,266,229,276,225,287,300
"ko:K03631",777,683,547,542,1076,922,842,933,741,839,776,641,823,669,793,778,680,1097,806,721,895,811,901,926
"ko:K03634",26,25,20,18,44,25,24,42,36,32,25,24,22,34,22,34,30,229,16,28,36,22,43,34
"ko:K03635",221,214,151,144,321,253,239,281,195,254,210,185,248,196,200,234,154,334,249,193,240,203,270,281
"ko:K03635,ko:K21142",70,65,29,65,65,61,50,67,63,63,58,47,67,44,74,60,30,43,63,52,85,62,54,69
"ko:K03636",455,471,346,327,609,532,507,536,368,472,408,432,405,419,466,410,346,419,484,495,435,460,484,516
"ko:K03637",531,487,417,435,719,600,527,579,459,594,470,459,510,447,497,455,352,518,494,622,609,524,540,588
"ko:K03638",332,314,228,256,394,331,327,321,293,355,350,306,250,265,327,311,254,456,340,313,375,286,304,390
"ko:K03638,ko:K03831",12,16,18,11,12,16,4,21,14,20,19,23,8,11,14,16,5,13,24,14,19,10,21,15
"ko:K03639",1163,1156,793,866,1523,1419,1259,1407,965,1292,1122,1096,1115,1096,1206,1154,937,1171,1284,1200,1189,1159,1261,1307
"ko:K03639,ko:K20967",3,0,2,0,0,2,2,0,1,8,9,1,2,8,0,2,4,1,2,2,2,4,2,5
"ko:K03640",154,143,120,149,204,199,176,179,169,195,193,188,146,176,176,165,165,323,179,166,213,199,205,203
"ko:K03641",710,593,438,507,837,712,754,778,625,805,662,622,661,612,713,650,628,1003,729,712,776,769,770,932
"ko:K03642",298,233,205,233,355,328,305,263,273,287,253,227,216,253,277,250,236,659,277,299,303,271,283,283
"ko:K03643",65,70,39,62,82,72,66,85,39,88,55,49,47,54,54,67,56,244,98,66,70,77,80,72
"ko:K03644",1937,1744,1341,1445,2340,2016,1864,2100,1766,1979,1770,1676,1700,1739,1783,1613,1497,1794,2020,1878,1776,1859,1893,2132
"ko:K03646",50,38,22,16,70,45,36,38,28,36,39,44,36,34,36,24,24,312,46,38,56,51,56,34
"ko:K03646,ko:K03832,ko:K21471",0,2,2,4,8,0,6,4,1,6,1,2,0,6,4,5,4,2,4,0,0,2,2,4
"ko:K03647",26,22,21,25,27,20,31,20,17,41,32,34,27,30,32,14,19,28,32,31,32,23,30,18
"ko:K03648",257,237,185,222,404,343,259,337,225,268,308,222,251,270,288,252,258,469,345,340,333,343,304,364
"ko:K03649",25,32,14,14,44,26,15,17,14,11,24,14,16,18,14,16,22,25,31,24,37,22,24,20
"ko:K03650",132,138,95,101,172,177,151,158,129,123,162,126,156,153,127,151,140,490,135,164,149,209,186,156
"ko:K03651",154,166,130,156,231,184,150,192,136,173,167,129,146,164,161,174,144,176,156,194,185,161,153,193
"ko:K03652",65,47,58,52,72,54,102,68,44,104,55,69,68,68,64,63,58,66,72,92,83,61,106,92
"ko:K03654",1645,1372,1152,1167,2309,1801,1752,1893,1553,1829,1610,1468,1434,1491,1550,1591,1330,1729,1671,1778,1710,1684,1772,1927
"ko:K03655",1140,1075,811,788,1496,1245,1173,1375,1031,1155,1062,1115,1060,969,1115,1038,910,1531,1218,1168,1336,1197,1122,1345
"ko:K03655,ko:K10439,ko:K11708",42,32,36,40,40,36,50,56,22,36,47,40,44,49,28,30,30,22,33,34,26,39,30,38
"ko:K03656",320,325,243,290,510,363,350,385,403,424,435,352,303,345,360,348,278,930,409,395,480,439,422,413
"ko:K03657",3953,3679,2729,2923,5069,4232,4018,4395,3417,3879,3521,3405,3551,3277,3500,3288,3193,3502,4096,4205,4143,3901,3939,4429
"ko:K03664",567,458,399,388,654,540,550,532,414,571,486,425,454,465,429,455,419,552,542,507,528,481,495,587
"ko:K03665",811,834,668,624,1083,962,930,932,667,869,718,803,772,717,726,764,719,1010,903,887,899,856,944,996
"ko:K03666",259,205,182,177,259,212,233,195,246,238,223,202,210,204,238,158,184,300,208,215,263,236,250,249
"ko:K03667",1429,1316,947,926,1652,1423,1365,1413,1201,1518,1300,1250,1266,1238,1307,1211,1114,1459,1352,1380,1494,1241,1375,1525
"ko:K03669",359,320,228,241,385,311,388,331,281,351,320,311,301,274,357,338,284,833,403,353,354,359,367,374
"ko:K03670",219,201,178,188,312,270,234,340,251,292,206,220,248,246,251,234,191,1150,275,259,258,277,265,310
"ko:K03671",595,492,402,393,707,640,521,596,558,630,484,431,506,479,510,496,482,582,620,570,631,514,610,621
"ko:K03671,ko:K03672",6,2,4,2,4,9,10,4,1,3,4,8,12,4,8,2,6,4,4,1,4,0,8,4
"ko:K03671,ko:K05838",278,265,203,180,371,273,307,301,256,303,222,295,269,294,280,288,249,199,262,288,259,271,262,343
"ko:K03672",17,17,17,14,22,12,22,16,23,19,14,10,26,12,10,13,12,13,16,24,6,14,12,15
"ko:K03673",74,62,44,30,101,90,88,68,57,98,77,50,66,77,80,58,52,502,50,83,76,123,80,62
"ko:K03676",143,122,68,83,149,117,115,121,125,151,106,114,120,122,160,122,82,366,126,137,157,101,145,146
"ko:K03683",68,56,44,34,86,55,81,67,45,65,62,51,53,44,46,49,56,279,59,63,68,51,60,82
"ko:K03684",701,628,512,533,999,791,712,798,642,851,659,598,694,638,698,690,571,939,753,725,775,801,753,858
"ko:K03685",612,515,466,425,731,626,543,631,534,586,495,490,516,471,500,500,474,609,606,648,613,599,595,644
"ko:K03686",1297,1150,900,1032,1704,1450,1275,1444,1257,1343,1295,1186,1075,1157,1230,1171,1066,1372,1386,1341,1407,1391,1388,1493
"ko:K03686,ko:K05516",326,263,198,253,359,362,307,302,269,311,265,252,273,220,273,262,264,245,330,351,346,337,322,310
"ko:K03687",409,370,266,358,555,456,438,428,351,415,335,352,403,365,383,358,317,448,417,440,418,477,418,467
"ko:K03688",778,734,503,483,997,794,786,839,713,869,744,695,719,721,655,688,643,1154,812,845,798,839,799,860
"ko:K03690",51,55,42,18,70,42,50,48,33,43,55,19,40,22,28,44,36,180,36,30,46,54,48,60
"ko:K03694",2441,2228,1543,1744,2874,2632,2381,2423,2265,2688,2332,2055,2153,2047,2140,2118,1990,2486,2185,2406,2590,2225,2440,2431
"ko:K03694,ko:K03695",107,74,40,56,130,111,116,81,80,92,83,91,65,68,59,48,65,64,61,75,64,62,89,135
"ko:K03695",3186,2788,2238,2385,3836,3288,3077,3191,2989,3553,3098,2843,2780,2769,2990,2744,2503,3237,2795,2739,3093,2841,3051,3311
"ko:K03695,ko:K03696",1729,1631,1326,1333,2089,1940,1912,2000,1413,1765,1552,1533,1543,1442,1594,1576,1362,1160,1742,1801,1667,1672,1595,1761
"ko:K03696",3541,3344,2697,2743,4450,3544,3630,3765,2936,3382,3080,3009,2924,2977,3163,3047,2600,3002,3164,2912,3272,3085,3077,3281
"ko:K03697,ko:K04086",2,0,4,6,12,14,12,8,2,6,4,14,8,10,22,16,2,10,4,4,8,10,14,8
"ko:K03698",39,17,25,28,69,26,29,45,17,25,23,29,30,19,32,31,26,27,19,23,23,24,29,31
"ko:K03699",609,596,499,508,946,696,632,651,635,746,638,568,637,642,614,593,516,841,656,702,718,691,679,749
"ko:K03700",6,0,4,0,4,6,2,4,6,0,0,4,0,6,5,8,0,0,4,0,2,4,2,0
"ko:K03701",7340,6796,5160,5590,9302,7732,7420,7855,6734,7938,6879,6449,6482,6635,6782,6182,5694,6871,7036,6685,6842,6741,6934,7792
"ko:K03702",4461,4195,3209,3443,5909,4572,4462,4823,3966,4466,4168,3767,3820,3954,3965,3779,3407,3606,4146,3997,4375,3987,4152,4497
"ko:K03703",2758,2675,1971,2075,3733,3031,2806,2910,2418,2765,2550,2400,2482,2337,2551,2381,1978,2577,2799,2885,2765,2680,2840,3131
"ko:K03704",1852,1680,1419,1366,2253,1720,1732,1853,1560,1869,1599,1583,1709,1537,1552,1431,1555,1710,1787,1780,1860,1778,1632,1878
"ko:K03705",1329,1197,938,918,1769,1403,1399,1527,1112,1491,1140,1114,1249,1091,1206,1199,970,1124,1308,1387,1406,1372,1347,1443
"ko:K03707",91,58,56,53,93,88,107,114,89,85,101,104,70,104,88,95,64,53,78,86,107,72,90,101
"ko:K03709",425,397,366,339,592,553,467,581,429,385,438,383,429,378,443,444,359,329,516,527,436,453,478,498
"ko:K03710",518,470,374,342,647,559,475,574,441,431,416,422,462,403,467,447,402,720,556,493,579,569,557,597
"ko:K03711",424,379,291,325,468,362,383,403,343,422,352,347,342,349,365,322,310,505,398,449,371,435,446,479
"ko:K03711,ko:K09825",83,68,55,59,115,76,59,109,80,81,49,74,53,71,69,61,51,41,67,69,76,58,77,61
"ko:K03716",0,0,0,2,11,0,0,2,2,2,0,2,0,2,0,0,0,0,0,2,2,0,2,4
"ko:K03717",4,4,2,4,4,4,2,4,0,6,12,6,2,2,4,3,0,6,8,4,2,8,4,6
"ko:K03718",395,357,278,283,491,380,378,403,284,335,312,329,341,309,279,354,284,222,351,373,375,339,430,447
"ko:K03719",519,401,316,340,578,503,490,428,433,551,500,375,492,441,430,487,376,566,496,489,468,489,472,636
"ko:K03722",1049,953,759,761,1390,1143,1076,1291,938,1044,987,960,955,782,995,854,889,1410,1056,1095,1183,1095,1107,1157
"ko:K03723",3588,3213,2498,2718,4561,3807,3766,3997,3191,3922,3386,3204,3190,3072,3424,3182,2839,3840,3634,3618,3807,3531,3649,4008
"ko:K03724",2549,2461,1955,1875,3393,2921,2732,2993,2234,2725,2310,2210,2271,2241,2386,2342,1921,2907,2618,2637,2606,2513,2573,2810
"ko:K03727",1038,1018,782,798,1329,1144,1110,1126,864,970,871,802,805,823,909,888,841,716,1039,1059,1060,1031,1016,1043
"ko:K03732",171,143,117,117,193,197,138,154,174,180,124,161,167,162,167,163,180,592,172,182,227,215,214,197
"ko:K03732,ko:K11927",575,495,346,409,623,564,499,581,420,534,406,433,430,437,477,408,378,451,494,567,558,376,552,523
"ko:K03733",364,366,263,296,410,466,412,394,362,419,363,345,374,348,391,391,324,627,375,405,456,437,421,460
"ko:K03733,ko:K04763",253,229,183,174,388,264,280,337,236,244,184,278,237,241,212,192,173,170,259,264,255,250,226,258
"ko:K03734",88,69,50,67,110,94,100,123,89,94,96,71,72,93,80,77,43,321,98,76,108,84,97,115
"ko:K03735",119,82,104,77,99,94,94,112,112,154,117,84,87,99,103,73,66,82,110,87,101,93,120,84
"ko:K03737",203,221,158,178,325,204,215,246,232,290,211,209,187,219,253,256,159,142,249,210,251,228,195,227
"ko:K03738",4,6,4,14,4,8,12,9,2,18,4,13,10,11,14,11,4,2,4,12,10,14,8,6
"ko:K03739",0,2,6,6,24,10,9,10,4,16,12,2,12,10,18,10,2,0,6,6,4,2,7,4
"ko:K03741",597,480,409,395,671,587,610,638,496,547,471,457,517,468,514,458,497,374,503,532,608,492,535,605
"ko:K03741,ko:K18701",15,9,10,16,17,14,21,16,14,7,21,16,14,10,18,17,12,13,34,12,13,20,16,6
"ko:K03742",36,35,22,20,39,24,44,24,52,42,26,24,26,36,45,37,16,6,34,34,32,26,22,38
"ko:K03742,ko:K03743",81,71,33,51,113,105,83,71,43,73,67,55,55,60,61,53,38,44,65,59,54,73,51,50
"ko:K03743",98,95,90,68,123,97,91,92,82,97,93,89,100,100,91,70,60,241,87,89,139,103,135,106
"ko:K03744",776,712,592,548,1013,815,665,794,731,858,679,648,755,694,760,678,586,737,817,697,879,759,763,822
"ko:K03745",20,8,6,9,14,12,14,12,5,10,8,0,6,16,11,12,11,95,6,7,8,14,14,6
"ko:K03746",6,8,11,12,10,18,22,8,12,18,12,16,22,4,16,16,17,116,18,8,8,18,18,10
"ko:K03746,ko:K20552",2,8,0,2,2,2,0,0,4,2,4,4,10,2,6,2,2,6,0,2,0,2,0,0
"ko:K03747",75,70,30,31,82,71,56,57,70,83,58,64,64,67,70,78,75,219,58,54,92,60,103,74
"ko:K03749",18,20,13,12,37,16,20,24,21,21,20,20,24,12,18,16,10,19,24,24,16,13,24,22
"ko:K03750",439,385,281,298,470,418,403,382,405,445,382,298,359,359,390,340,279,722,401,384,447,375,423,471
"ko:K03750,ko:K03753,ko:K13818",6,2,4,8,10,10,8,8,4,8,8,2,11,9,0,7,8,7,2,2,14,8,13,6
"ko:K03750,ko:K07219",50,44,33,40,68,84,50,58,46,59,48,34,62,44,58,67,29,30,52,44,53,50,58,47
"ko:K03752",131,114,99,79,161,144,147,110,102,111,105,96,105,98,85,86,75,250,145,117,119,116,107,120
"ko:K03753",54,61,33,41,57,54,49,59,43,54,39,42,49,38,56,53,37,46,31,41,48,56,51,62
"ko:K03756,ko:K03759",133,118,83,90,145,120,122,116,105,156,112,108,108,111,125,135,93,69,138,106,139,121,134,126
"ko:K03758",152,97,116,94,168,168,140,159,106,137,116,99,152,165,128,124,95,93,160,164,168,149,138,148
"ko:K03760",68,56,52,58,70,82,91,80,51,70,60,64,66,67,72,60,45,487,70,57,87,82,60,65
"ko:K03761",224,197,181,191,274,300,230,281,236,244,186,201,253,215,190,219,160,587,260,259,255,260,213,296
"ko:K03762",358,331,190,268,427,409,324,404,308,326,287,269,322,271,297,289,272,197,345,363,354,364,343,375
"ko:K03763",8,4,4,2,30,16,18,8,10,24,3,0,18,32,16,12,2,8,8,12,4,6,14,14
"ko:K03767,ko:K03768",464,313,295,316,455,426,399,481,374,419,385,306,358,366,322,378,309,280,416,398,383,393,375,445
"ko:K03768",302,236,206,245,331,263,284,256,289,244,287,192,249,227,240,241,212,376,219,218,250,237,234,333
"ko:K03769",26,20,19,6,21,16,16,9,12,20,18,12,8,19,12,16,20,12,20,18,20,16,7,12
"ko:K03770",110,75,97,94,160,133,127,115,109,124,94,88,120,115,133,90,81,735,152,116,146,135,141,145
"ko:K03771",143,130,91,88,168,140,139,112,98,137,99,102,102,97,102,135,124,485,136,141,142,174,159,164
"ko:K03772",182,144,109,117,204,192,133,173,169,202,143,158,150,159,115,155,123,1324,184,177,233,187,170,178
"ko:K03775",44,21,28,22,64,51,39,45,31,53,36,37,34,39,30,29,37,195,44,41,46,50,78,50
"ko:K03781",1905,1803,1305,1449,2377,2061,1957,1907,1800,1994,1813,1678,1589,1759,1694,1742,1519,3087,1947,1900,1986,1957,1798,2109
"ko:K03782",2895,2742,2095,2171,3431,3042,2751,2984,2617,3036,2551,2518,2531,2316,2552,2399,2252,2817,2678,2751,2876,2755,2925,3058
"ko:K03783",481,407,363,368,586,503,515,551,380,480,395,400,449,363,426,412,331,313,463,510,549,500,517,593
"ko:K03784",8,16,10,8,16,11,14,12,10,10,14,2,20,8,16,6,14,17,16,10,12,10,14,14
"ko:K03785",17,10,18,16,52,15,16,18,14,23,20,34,24,20,23,23,19,138,10,19,16,34,32,20
"ko:K03786",457,412,355,436,620,557,473,542,479,495,447,419,420,408,507,409,409,509,490,491,551,505,487,580
"ko:K03787",263,285,169,254,380,354,348,270,247,343,306,255,254,293,310,268,260,453,309,342,328,315,327,318
"ko:K03789",188,160,123,121,252,207,188,199,187,202,202,146,210,171,167,140,147,284,176,193,174,179,226,245
"ko:K03790",223,205,116,134,263,256,250,228,180,198,171,172,176,182,226,193,157,154,222,239,221,255,189,231
"ko:K03791",80,89,60,82,104,112,79,90,68,82,86,63,84,60,100,60,52,778,56,56,74,80,80,123
"ko:K03793",3,2,4,4,7,11,2,2,4,2,2,0,0,3,0,2,4,0,0,2,0,6,2,0
"ko:K03794",4,0,0,2,10,10,0,2,2,4,0,2,2,4,2,4,2,4,2,6,4,4,4,6
"ko:K03795",74,49,34,70,128,110,98,103,78,98,76,61,57,98,64,73,52,77,87,107,80,99,97,123
"ko:K03797",1613,1521,1076,1126,1967,1622,1506,1695,1530,1703,1487,1379,1380,1419,1578,1444,1388,2376,1608,1667,1806,1545,1645,1817
"ko:K03797,ko:K08676",5,0,3,4,2,6,0,2,2,2,2,4,2,2,0,2,1,2,6,6,8,2,2,10
"ko:K03798",4623,3854,3088,3267,5425,4744,4260,4694,3843,4665,4078,3885,3778,3809,4300,3821,3232,3669,3920,3796,4342,4029,4107,4487
"ko:K03798,ko:K04076,ko:K13525,ko:K17681",28,14,14,25,35,24,18,18,14,24,20,12,16,10,20,24,8,11,16,16,14,14,20,18
"ko:K03799",928,942,736,775,1281,1082,1050,1144,907,1075,900,864,848,883,859,875,735,1010,1026,1003,1117,952,1099,1022
"ko:K03800",103,90,54,72,146,108,93,93,69,112,88,75,88,93,74,97,73,58,126,151,114,104,108,179
"ko:K03801",504,479,331,356,585,470,519,558,424,464,430,435,401,377,433,366,402,608,471,524,521,455,482,574
"ko:K03802",1302,1228,994,967,1837,1449,1466,1603,1257,1456,1210,1187,1147,1283,1331,1263,1107,996,1375,1444,1524,1487,1460,1543
"ko:K03807",52,29,20,27,50,48,50,39,32,38,35,31,32,68,37,41,24,294,54,34,46,44,38,40
"ko:K03808",40,28,30,19,30,32,46,43,35,51,34,26,44,34,30,51,42,32,32,56,40,44,50,64
"ko:K03809",249,239,189,170,328,230,280,266,220,280,227,261,231,210,226,225,200,548,295,266,265,238,285,284
"ko:K03810",62,66,50,43,88,83,80,87,51,80,45,64,78,62,70,64,64,71,108,86,80,77,72,65
"ko:K03811",94,69,61,77,119,82,66,85,89,85,75,69,80,75,99,50,67,73,94,98,102,62,117,110
"ko:K03814",201,177,105,105,231,175,137,197,173,243,156,129,126,173,162,170,188,369,197,177,201,180,173,216
"ko:K03818",2,0,4,2,8,4,4,6,2,6,4,2,2,2,2,10,0,3,2,4,4,4,2,8
"ko:K03820",427,344,285,324,545,432,445,480,377,451,329,286,373,392,434,387,297,929,478,421,446,437,494,538
"ko:K03821",490,450,296,343,591,486,424,513,441,508,389,401,401,450,428,442,385,720,494,471,504,466,474,575
"ko:K03821,ko:K03822",121,130,66,86,172,148,118,126,117,117,102,113,157,97,117,102,68,96,153,120,118,105,113,130
"ko:K03823",201,215,115,190,319,303,236,221,208,188,213,204,202,204,164,223,167,351,258,238,278,249,251,333
"ko:K03824",35,28,17,18,34,38,30,18,47,22,16,16,22,19,6,32,20,185,30,34,28,24,27,50
"ko:K03825",16,16,8,14,43,24,12,14,14,24,22,21,22,21,28,28,22,19,16,16,34,46,33,32
"ko:K03827",8,8,0,4,6,6,6,10,2,2,2,4,6,2,2,6,5,4,4,6,2,4,2,8
"ko:K03828",24,12,2,8,24,20,20,16,28,20,12,16,16,26,22,14,6,170,23,16,40,22,30,18
"ko:K03829",8,10,8,8,14,6,8,8,2,5,12,10,14,6,6,10,14,2,8,7,8,10,14,10
"ko:K03831",54,59,47,57,92,43,40,66,95,105,77,62,64,53,80,68,52,48,41,80,58,67,66,73
"ko:K03832",426,374,331,345,664,569,564,603,420,478,437,372,417,434,456,443,347,2306,516,455,514,404,464,526
"ko:K03833",205,211,130,122,261,215,235,213,168,201,168,178,169,172,205,168,176,133,206,159,192,182,198,206
"ko:K03841",187,196,134,117,227,200,151,166,188,216,233,175,164,157,205,184,166,518,216,257,207,249,268,233
"ko:K03852",34,57,24,23,66,40,42,44,31,47,46,37,29,25,55,48,24,42,35,30,38,56,32,52
"ko:K03856",137,123,98,124,128,138,103,144,130,136,125,152,132,117,113,126,85,49,98,83,129,141,132,126
"ko:K03885",1567,1522,1263,1218,2185,1797,1699,1907,1288,1644,1461,1358,1434,1501,1512,1367,1181,1545,1636,1796,1739,1737,1667,1878
"ko:K03886",0,2,0,0,10,3,0,0,0,0,2,0,4,0,0,2,4,0,0,4,0,4,0,0
"ko:K03887",96,108,67,74,121,88,100,103,93,105,82,88,87,74,81,78,66,38,67,66,96,96,83,63
"ko:K03888",54,33,18,22,38,55,39,47,41,36,33,22,26,29,26,34,21,22,42,19,44,20,19,23
"ko:K03889",182,153,127,158,210,210,207,191,129,174,149,148,147,141,143,136,163,135,183,211,205,220,221,202
"ko:K03890",294,291,227,231,392,398,330,370,247,279,269,279,238,272,268,246,235,251,373,333,346,333,333,373
"ko:K03891",651,642,492,514,825,760,696,732,503,629,585,529,617,466,578,562,525,506,742,672,718,719,608,794
"ko:K03892",524,458,375,375,643,572,520,542,409,511,483,464,440,441,503,493,392,510,520,567,513,500,533,568
"ko:K03893",174,150,126,168,251,245,220,223,136,174,171,183,161,164,165,196,139,103,222,208,224,265,240,209
"ko:K03894",26,10,14,10,18,10,24,26,16,24,20,20,24,20,30,16,22,19,21,18,16,12,36,24
"ko:K03895",24,23,24,24,30,26,26,26,20,52,34,17,28,19,32,23,26,29,22,28,36,30,50,34
"ko:K03897",77,66,73,62,93,104,57,112,51,76,62,53,63,66,48,48,82,82,101,76,120,100,69,92
"ko:K03897,ko:K10531",17,26,16,16,23,24,24,20,17,33,10,12,12,18,12,8,9,17,23,14,14,38,20,28
"ko:K03918",77,77,43,78,108,70,98,74,79,87,84,86,74,49,79,78,62,79,59,66,117,90,89,90
"ko:K03919",61,36,41,32,60,48,53,64,29,62,66,28,40,61,59,43,32,70,59,69,56,65,68,51
"ko:K03921",320,323,252,237,363,365,327,385,230,281,294,293,290,257,321,312,218,264,316,341,335,345,310,359
"ko:K03924",3598,3338,2511,2496,4501,3819,3704,3681,3163,3578,3201,2942,3214,3059,3167,2968,2662,4244,3527,3452,3642,3263,3748,3706
"ko:K03925",181,184,132,155,249,192,177,189,168,197,169,170,178,171,120,194,167,279,164,189,182,128,187,212
"ko:K03926",32,22,28,18,55,26,24,43,25,30,27,22,15,34,30,25,13,137,13,21,30,37,28,39
"ko:K03928",80,81,60,72,141,127,124,124,80,105,85,87,80,100,102,109,82,97,108,127,95,130,117,85
"ko:K03929",198,186,156,119,281,227,148,245,167,217,179,186,168,188,187,173,174,118,187,206,229,208,227,276
"ko:K03932",77,94,58,54,118,92,86,99,70,82,91,74,74,112,58,65,56,611,85,95,102,98,80,128
"ko:K03933",32,32,30,18,56,52,32,34,41,32,30,24,28,30,44,48,20,323,46,26,23,30,47,60
"ko:K03933,ko:K21713",17,24,10,12,16,26,22,38,8,21,24,20,10,14,5,15,9,20,22,29,25,22,24,20
"ko:K03969",517,526,390,491,773,601,588,627,492,548,462,482,519,492,544,504,438,368,553,530,578,570,582,604
"ko:K03970",2,8,6,2,15,2,10,0,4,5,4,6,10,6,8,8,6,6,14,2,4,8,4,4
"ko:K03973",23,25,15,13,53,33,28,34,32,17,24,30,30,28,22,4,21,19,16,23,17,21,27,22
"ko:K03974",10,6,4,2,4,8,4,6,3,13,2,2,4,2,6,2,2,2,0,8,8,6,2,10
"ko:K03975",326,295,227,231,394,397,324,338,317,366,284,262,242,231,299,335,235,244,338,367,377,326,317,385
"ko:K03976",174,130,129,138,236,185,190,219,134,193,149,116,130,131,160,161,134,136,181,177,182,197,165,174
"ko:K03977",1351,1249,942,1060,1697,1571,1477,1444,1235,1476,1148,1132,1271,1189,1276,1143,1105,1549,1501,1504,1467,1503,1481,1554
"ko:K03978",215,206,152,151,232,190,188,173,178,195,170,134,168,168,189,172,189,377,228,249,230,205,257,239
"ko:K03979",1285,1355,935,1059,1731,1412,1458,1445,1305,1485,1303,1301,1223,1223,1324,1216,1006,1494,1451,1437,1409,1291,1441,1515
"ko:K03980",666,668,453,462,807,741,654,658,628,755,671,594,637,597,676,549,556,960,724,640,715,775,756,757
"ko:K03981",50,57,22,28,32,62,44,44,49,38,57,46,34,60,45,26,39,320,44,64,51,39,56,65
"ko:K04027",270,247,220,195,343,321,318,269,220,331,275,257,259,238,279,233,193,203,242,216,265,235,248,275
"ko:K04042",668,644,487,505,852,697,703,858,572,761,651,574,583,560,600,557,525,900,708,637,708,682,730,703
"ko:K04042,ko:K11528",126,104,84,88,130,153,111,134,121,134,119,93,94,95,124,111,104,84,127,140,138,123,151,147
"ko:K04043",6024,5622,4370,4872,7280,6189,6011,6226,5390,6276,5628,5168,5005,5204,5468,5044,4376,4628,5392,4998,5534,5363,5438,5973
"ko:K04043,ko:K04044",61,38,48,30,76,44,51,51,62,78,54,57,25,54,83,53,39,32,49,43,68,61,50,46
"ko:K04044",234,232,137,167,302,253,247,250,284,317,262,251,288,231,230,214,200,187,254,221,197,194,267,232
"ko:K04046",175,163,119,116,259,210,158,167,131,182,134,123,181,137,147,147,149,496,165,196,198,185,163,212
"ko:K04047",325,258,207,243,403,369,285,318,288,355,266,278,294,278,247,296,243,432,311,335,337,327,364,335
"ko:K04060",4,2,0,0,6,4,2,4,6,2,2,2,6,6,4,0,6,6,6,2,0,0,2,0
"ko:K04063",217,174,133,157,290,202,207,171,172,212,178,183,193,172,213,175,138,275,205,184,200,224,161,212
"ko:K04064,ko:K06186",6,2,3,2,6,12,4,6,2,2,6,2,4,4,2,2,2,4,4,2,0,10,4,4
"ko:K04065",23,12,14,20,38,17,30,32,34,38,30,22,30,30,22,27,21,154,8,34,36,28,32,30
"ko:K04066",947,741,641,585,1179,925,907,955,740,847,807,774,730,737,782,755,620,1195,824,826,906,828,898,956
"ko:K04069",91,128,87,108,167,157,130,144,183,182,160,158,152,112,164,143,121,123,130,117,161,147,134,154
"ko:K04072,ko:K15515",14,22,16,15,42,32,22,32,20,34,15,24,28,20,31,26,22,26,22,44,31,32,26,36
"ko:K04073",196,228,171,143,312,226,229,283,164,264,209,207,204,207,220,188,190,195,248,240,264,243,241,284
"ko:K04075",134,83,74,76,123,136,116,146,85,106,97,66,111,102,135,105,75,479,113,113,165,143,144,160
"ko:K04077",8713,8491,6706,7117,10761,9189,9012,9311,7983,9333,8107,7840,7419,7552,8070,7633,6951,6627,7971,7327,8244,7688,7715,8881
"ko:K04078",1492,1390,1072,1104,1714,1534,1508,1619,1366,1482,1353,1285,1252,1238,1417,1338,1077,1135,1344,1298,1436,1319,1330,1498
"ko:K04079",527,452,365,338,623,499,536,511,673,680,609,464,554,482,581,577,447,471,575,518,505,491,551,553
"ko:K04080",281,246,169,181,316,234,241,262,233,231,220,190,239,218,258,246,200,212,263,239,296,222,295,290
"ko:K04082",45,39,21,20,60,48,52,43,39,40,61,43,44,49,32,18,37,40,78,26,50,58,46,56
"ko:K04083",285,280,185,184,346,332,245,305,248,344,276,264,291,256,256,212,179,409,301,282,312,270,307,332
"ko:K04084",238,192,161,180,286,247,232,257,199,226,222,206,221,189,220,240,184,1365,193,218,286,242,253,274
"ko:K04084,ko:K08344",57,24,16,14,44,47,30,46,24,37,41,20,40,40,40,34,24,25,41,44,37,32,33,36
"ko:K04085",60,81,77,31,83,83,79,86,75,67,90,72,60,83,51,44,56,33,58,56,58,91,73,87
"ko:K04087",300,263,195,237,396,322,260,318,302,346,357,298,299,306,338,268,259,540,348,358,313,332,344,296
"ko:K04088",456,436,303,339,588,475,457,536,477,575,448,455,393,480,479,383,360,695,517,484,496,508,505,515
"ko:K04090",1421,1244,821,986,1591,1501,1388,1346,1434,1635,1408,1220,1253,1204,1322,1348,1169,2089,1366,1402,1481,1472,1523,1603
"ko:K04091",379,325,257,283,415,346,352,343,301,377,317,276,329,291,329,327,285,254,349,343,420,341,357,443
"ko:K04091,ko:K17228",38,35,24,28,20,32,28,50,20,19,16,22,30,30,16,26,12,19,24,16,26,20,22,26
"ko:K04092",104,90,71,89,139,112,106,136,93,105,126,81,113,81,116,110,108,99,116,126,121,144,120,123
"ko:K04093",32,38,27,36,63,49,44,56,29,57,36,50,28,60,22,46,20,216,67,56,38,50,50,69
"ko:K04094",579,619,497,406,791,683,581,660,555,607,598,573,582,489,626,529,499,503,649,541,675,572,614,598
"ko:K04096",245,186,162,212,350,299,265,298,256,248,220,229,209,208,267,250,195,458,305,229,294,304,260,279
"ko:K04098",46,50,27,45,62,58,47,54,36,52,37,40,68,58,47,56,46,42,62,42,74,49,73,83
"ko:K04099,ko:K04101",84,64,67,60,116,91,100,92,81,110,140,82,80,73,78,80,82,73,100,101,87,107,96,82
"ko:K04100",34,40,41,33,51,29,37,34,29,32,45,38,46,39,35,40,21,31,39,41,47,41,48,22
"ko:K04101",213,122,142,144,199,197,155,168,132,137,123,138,110,120,114,130,109,111,146,152,150,140,124,172
"ko:K04101,ko:K05713",20,25,16,17,27,22,18,20,28,34,15,19,26,28,24,26,32,28,28,18,36,20,39,27
"ko:K04102",14,28,10,14,14,16,16,10,14,22,33,26,17,28,8,8,13,20,24,20,6,26,20,30
"ko:K04103",22,15,12,8,24,16,20,10,12,8,8,20,12,18,12,14,10,4,22,11,14,16,12,14
"ko:K04105",6,2,4,2,6,8,0,8,0,10,6,0,8,0,2,3,2,2,2,6,6,2,2,4
"ko:K04109,ko:K11178",34,48,32,36,59,45,62,39,61,56,54,38,44,60,28,45,38,43,47,46,61,47,34,48
"ko:K04110",39,14,19,11,25,26,30,30,33,34,44,51,23,51,39,42,14,24,34,29,30,29,22,45
"ko:K04116",48,57,35,21,64,45,61,74,43,79,34,37,49,67,38,40,17,23,51,64,44,45,40,60
"ko:K04117",32,19,18,20,52,41,55,47,41,33,30,33,31,24,38,35,26,22,60,38,16,36,42,50
"ko:K04343",96,80,63,74,133,113,112,132,56,141,81,62,70,82,108,111,87,307,104,99,135,145,132,126
"ko:K04477",301,327,249,252,445,363,327,406,270,297,260,254,261,264,263,285,222,207,350,322,334,318,324,414
"ko:K04485",1656,1583,1214,1262,2194,1838,1648,1829,1526,1863,1546,1449,1588,1514,1604,1539,1235,1714,1542,1724,1707,1632,1679,1764
"ko:K04486",26,24,24,12,39,38,38,38,27,49,29,32,32,22,49,27,16,14,36,26,34,16,36,41
"ko:K04487",1086,979,770,843,1422,1238,1047,1199,1062,1268,1095,908,995,986,1000,948,884,776,1119,1024,1153,1019,1127,1308
"ko:K04487,ko:K13643",6,2,2,6,4,0,4,4,8,5,2,0,6,0,4,0,4,2,0,0,2,4,0,4
"ko:K04488",367,368,278,315,494,369,369,417,340,398,304,340,334,316,413,345,286,248,335,336,343,344,367,409
"ko:K04488,ko:K13819",50,58,37,44,50,56,57,43,48,59,51,52,65,36,37,39,33,29,42,51,55,60,52,48
"ko:K04516",2,4,4,4,2,2,0,2,4,14,8,9,6,2,2,3,7,6,4,3,0,6,2,2
"ko:K04517",104,124,76,85,141,134,99,162,102,124,116,131,90,123,134,136,73,79,147,110,160,128,110,121
"ko:K04518",430,357,278,266,539,416,442,443,385,393,362,370,402,346,375,398,322,303,412,437,446,365,430,442
"ko:K04518,ko:K14170,ko:K14187",160,127,100,125,169,107,101,125,99,135,64,102,123,87,111,75,109,82,120,140,109,133,108,143
"ko:K04561",396,491,319,350,638,557,574,594,455,688,535,378,457,497,426,447,401,371,553,477,549,554,513,523
"ko:K04564",685,565,512,496,843,632,711,622,640,702,650,568,593,570,606,621,559,791,700,695,717,658,711,705
"ko:K04565",82,70,79,87,118,81,79,120,98,110,102,92,87,61,109,75,73,229,68,97,139,94,97,91
"ko:K04566",1014,962,722,741,1329,1008,873,1149,902,1022,922,906,958,935,963,900,817,781,973,965,1118,1028,1059,1104
"ko:K04567",1022,940,801,825,1353,1152,1112,1114,968,1170,1072,992,1110,994,1073,1070,882,1264,1172,1115,1151,1114,1126,1204
"ko:K04567,ko:K14205",32,29,18,28,40,41,43,32,22,42,24,42,30,18,24,18,31,38,47,18,57,44,48,41
"ko:K04568",135,149,115,124,221,155,172,174,156,183,168,126,143,139,178,126,106,416,169,149,178,157,208,195
"ko:K04651",8,6,6,17,10,8,15,16,22,12,12,7,12,14,22,12,8,14,16,8,5,8,18,10
"ko:K04652",48,48,25,36,62,73,41,51,49,43,50,55,49,36,40,34,35,43,28,56,49,54,50,45
"ko:K04653",20,11,12,11,22,6,18,16,17,14,18,13,25,23,22,13,12,14,17,20,16,10,18,16
"ko:K04654",926,911,748,682,1247,1029,938,1008,739,883,816,881,841,773,806,779,613,541,805,702,859,766,758,908
"ko:K04655",34,48,10,30,48,47,58,47,44,55,26,23,38,29,30,24,39,34,52,30,38,36,26,44
"ko:K04656",9,16,24,10,32,22,26,16,12,10,19,22,14,17,20,14,9,6,17,23,13,17,22,16
"ko:K04691,ko:K04772",142,100,88,96,116,124,118,109,129,181,131,107,140,109,131,83,105,77,105,81,94,109,114,140
"ko:K04719",17,13,8,14,29,14,6,15,12,29,20,14,18,20,16,17,20,23,23,18,18,18,20,32
"ko:K04744",235,219,169,167,339,268,256,239,211,282,249,215,281,224,248,232,178,900,283,271,318,267,296,290
"ko:K04748",81,129,60,99,128,108,147,112,110,112,95,89,92,103,105,116,65,88,126,91,88,95,120,126
"ko:K04749",157,160,131,147,239,169,148,215,124,134,128,141,149,110,162,144,176,101,174,130,163,167,176,193
"ko:K04750",127,89,72,84,158,113,85,108,121,131,115,85,101,101,100,75,75,238,123,94,124,131,114,152
"ko:K04751",690,711,472,548,910,803,697,751,622,738,614,660,602,627,643,612,551,511,673,729,734,671,702,776
"ko:K04751,ko:K04752",527,492,371,410,661,586,536,546,579,543,520,514,538,526,580,501,444,730,525,476,613,542,623,551
"ko:K04752",201,163,141,129,223,166,185,200,191,201,183,181,171,163,169,140,149,150,217,198,200,157,232,160
"ko:K04753",34,26,35,15,58,55,41,28,46,45,33,33,42,29,49,41,17,39,56,33,54,51,64,39
"ko:K04754",50,46,43,42,92,65,52,65,63,58,41,36,33,52,38,50,54,363,20,52,42,54,53,48
"ko:K04755",330,219,177,209,380,266,246,294,240,281,234,219,215,197,258,246,231,201,292,287,265,273,301,296
"ko:K04755,ko:K09471",2,1,3,2,4,2,1,0,0,2,1,0,0,0,6,4,1,0,2,2,0,2,0,2
"ko:K04756",66,46,45,40,82,42,65,60,48,52,45,40,40,38,68,45,33,250,64,59,45,62,54,64
"ko:K04757",51,42,21,22,66,47,43,50,37,45,29,45,22,27,28,23,38,27,80,48,45,58,52,35
"ko:K04758",10,10,4,2,10,8,8,10,10,12,6,6,4,8,14,8,7,88,10,18,10,15,10,8
"ko:K04759",366,316,253,269,393,432,443,362,362,431,376,331,294,335,329,343,335,828,468,360,415,432,393,358
"ko:K04760",173,149,116,115,227,201,148,185,197,239,182,160,163,152,154,139,146,298,175,165,174,186,166,165
"ko:K04761",262,241,195,186,386,270,271,278,288,353,287,305,290,286,270,250,195,545,299,288,338,303,340,331
"ko:K04762",109,125,81,102,126,163,138,136,96,138,139,108,114,90,114,121,104,217,153,139,159,196,146,187
"ko:K04763",584,532,385,501,687,586,554,633,540,583,472,453,490,440,539,552,408,593,584,489,569,513,586,616
"ko:K04764",302,270,182,212,431,302,320,317,302,363,302,332,230,278,299,297,265,372,311,301,330,335,343,289
"ko:K04765",58,46,24,35,70,72,63,60,62,85,36,34,40,45,50,68,59,299,49,58,68,47,65,67
"ko:K04768",254,233,195,220,430,324,290,351,272,296,235,238,268,246,236,257,208,225,270,314,357,267,278,312
"ko:K04771",1160,1083,760,846,1454,1237,1160,1152,991,1231,1119,886,1016,956,1093,1024,886,1660,1214,1117,1269,1102,1184,1311
"ko:K04773",305,240,179,178,354,265,312,256,230,310,290,222,226,245,266,241,221,815,273,367,310,315,325,323
"ko:K04773,ko:K04774",191,183,112,122,263,147,208,168,185,154,156,168,141,151,178,155,188,121,174,170,225,209,185,185
"ko:K04780",76,65,49,44,162,105,97,93,66,60,61,61,93,78,80,72,31,40,121,88,58,85,56,87
"ko:K04782",26,12,8,6,15,11,16,22,25,26,20,22,24,16,16,26,11,14,18,23,24,30,22,22
"ko:K04784,ko:K12239",255,206,175,190,367,305,307,297,227,282,268,198,237,212,185,261,171,224,270,281,363,369,328,313
"ko:K04786",88,79,69,79,119,122,112,102,112,94,98,89,79,76,78,102,88,81,154,118,109,119,106,101
"ko:K04788,ko:K12239",20,22,16,22,31,18,14,26,27,12,16,13,24,22,13,20,12,10,12,22,23,30,22,22
"ko:K04940",37,25,39,38,50,57,53,39,38,39,53,38,46,36,50,54,37,38,50,36,48,43,40,64
"ko:K05020",225,197,157,162,324,285,231,226,186,216,193,164,191,187,251,179,145,169,275,273,249,238,246,303
"ko:K05275",867,873,631,665,1117,1007,1039,1110,735,866,823,683,759,720,856,849,649,709,976,867,943,927,872,983
"ko:K05281",61,72,72,46,117,83,97,99,94,111,63,106,62,64,90,64,55,439,86,78,86,59,70,106
"ko:K05297",8,22,13,6,14,32,14,20,14,10,20,8,14,16,20,10,15,6,16,11,16,24,24,20
"ko:K05301",54,66,50,32,78,49,71,76,64,90,77,61,54,94,70,50,36,49,46,44,44,56,68,44
"ko:K05337",112,111,97,77,124,93,99,141,114,117,89,91,106,84,90,96,72,86,108,106,84,105,130,123
"ko:K05340",2,0,0,4,15,6,4,14,2,8,6,0,11,16,10,8,2,6,4,0,8,6,8,6
"ko:K05341",115,92,104,82,156,148,149,132,130,106,106,82,111,88,106,119,94,70,104,117,91,101,85,142
"ko:K05341,ko:K05343",54,52,45,78,104,72,69,69,73,92,82,86,66,63,68,41,58,56,58,58,76,76,50,82
"ko:K05342",522,456,411,407,754,619,643,570,464,547,465,405,448,431,477,453,392,332,547,528,600,554,535,626
"ko:K05343",1737,1569,1211,1250,2016,1754,1685,1709,1394,1602,1316,1324,1372,1451,1397,1454,1215,1169,1607,1437,1504,1596,1481,1660
"ko:K05346",146,127,115,100,219,169,138,159,120,161,132,126,115,152,152,111,98,116,182,166,166,159,182,184
"ko:K05349",963,839,617,721,1204,1129,973,986,852,996,767,699,784,812,885,844,765,1528,1138,970,1129,1030,1096,1065
"ko:K05349,ko:K17641",24,20,18,25,40,24,22,26,9,9,21,12,18,20,18,18,24,19,38,24,22,42,44,40
"ko:K05350",693,697,513,545,929,835,765,734,606,754,649,654,668,582,634,609,650,953,846,839,837,777,785,938
"ko:K05351",35,28,14,26,40,43,34,32,14,28,45,29,24,34,24,17,48,27,34,53,31,54,53,41
"ko:K05363",42,51,38,40,43,54,56,56,34,39,31,46,26,52,37,38,43,34,88,52,46,65,43,68
"ko:K05363,ko:K18354",123,128,100,79,150,162,133,182,101,101,94,90,112,105,136,133,101,112,109,105,124,141,150,133
"ko:K05364",129,140,116,116,172,150,160,168,139,154,139,89,138,133,114,126,111,136,181,155,168,186,159,166
"ko:K05365",250,214,177,174,248,284,215,257,199,245,217,179,178,183,209,191,178,929,273,288,294,253,261,259
"ko:K05366",1519,1369,942,1078,1797,1567,1423,1519,1357,1695,1468,1311,1326,1365,1432,1340,1247,2000,1471,1602,1636,1568,1702,1644
"ko:K05367",371,361,265,237,456,411,381,340,335,309,349,267,366,317,326,351,284,1662,338,382,390,427,387,424
"ko:K05375",19,20,8,15,12,14,23,28,18,21,14,11,12,18,26,28,22,119,22,34,32,30,36,37
"ko:K05375,ko:K16227",17,16,10,8,6,21,4,4,19,12,12,6,2,5,4,12,2,11,10,10,6,6,12,14
"ko:K05396,ko:K17950",4,5,2,2,6,5,2,4,6,2,0,1,4,1,7,6,2,0,2,2,2,2,0,0
"ko:K05499",17,32,19,13,28,16,21,16,24,19,10,12,32,10,18,29,16,18,24,16,16,16,28,40
"ko:K05501",11,26,16,24,47,56,38,42,46,40,53,27,55,30,41,46,40,45,26,29,29,59,53,35
"ko:K05515",412,418,350,338,571,506,429,481,390,585,499,451,443,393,491,438,361,976,426,446,550,442,468,529
"ko:K05516",77,77,66,73,116,98,76,107,111,91,68,94,102,85,88,75,82,333,110,74,90,73,97,132
"ko:K05518",4,0,0,2,7,4,4,2,4,2,2,0,2,4,4,2,0,0,2,0,4,4,12,6
"ko:K05520",342,346,249,291,482,392,375,434,312,320,285,262,267,350,361,315,267,225,415,348,429,377,414,379
"ko:K05521",72,42,24,49,81,96,55,61,56,64,74,60,62,43,78,62,54,322,92,83,87,79,77,78
"ko:K05522",30,30,14,26,45,57,35,35,34,28,27,45,31,38,23,41,37,34,46,40,42,46,48,45
"ko:K05522,ko:K10563",185,226,152,145,247,210,224,215,176,173,177,189,191,193,176,175,161,175,223,203,210,199,236,261
"ko:K05524",373,380,294,280,430,370,335,354,398,384,363,359,354,324,395,318,330,482,329,374,383,370,384,430
"ko:K05527",22,26,20,26,43,25,24,29,24,37,19,17,30,19,14,27,6,99,24,24,42,23,26,32
"ko:K05527,ko:K22066",53,43,27,49,49,47,69,63,56,50,68,47,46,54,52,41,42,34,50,66,42,66,88,53
"ko:K05539",314,300,247,228,383,368,303,344,348,413,353,292,294,320,380,346,287,581,319,307,379,299,374,389
"ko:K05540",372,435,233,291,516,452,409,436,364,505,401,360,350,358,425,353,336,648,430,426,440,430,464,493
"ko:K05541",16,16,14,8,16,12,26,10,31,22,31,10,8,16,20,19,8,6,14,18,12,8,20,22
"ko:K05548",10,15,15,16,26,17,5,16,18,21,8,0,20,5,25,10,15,8,14,16,22,10,6,12
"ko:K05548,ko:K08178,ko:K08195",19,27,32,20,32,20,26,16,25,22,30,25,16,22,26,22,24,27,20,14,24,36,24,28
"ko:K05549",88,76,48,73,95,105,105,92,53,99,74,88,105,62,96,92,81,59,101,74,110,88,68,84
"ko:K05550",5,8,2,0,12,7,8,4,5,7,5,6,6,3,6,2,2,4,2,12,10,2,2,2
"ko:K05552",6,8,2,0,10,14,10,4,2,4,10,0,4,6,4,2,6,7,2,4,2,6,5,3
"ko:K05553",8,14,4,8,16,28,12,22,10,10,7,8,10,10,8,12,14,8,12,4,16,18,22,17
"ko:K05554",38,38,48,11,30,42,36,50,40,26,28,30,22,36,40,24,32,28,42,30,42,34,26,28
"ko:K05555",18,18,4,20,32,38,24,31,14,12,15,19,9,28,28,26,14,10,38,20,28,20,27,33
"ko:K05556",44,48,18,22,66,42,39,58,39,34,38,42,24,24,41,45,31,26,58,30,49,49,38,31
"ko:K05557",96,57,48,44,89,100,100,95,55,74,60,62,60,68,73,62,50,66,90,91,106,92,98,70
"ko:K05558",20,8,4,6,16,16,4,11,8,8,8,10,8,6,6,4,4,22,16,4,2,8,4,15
"ko:K05559",164,154,102,116,201,164,169,181,150,190,184,175,174,197,174,154,130,134,171,198,187,160,161,221
"ko:K05560",42,70,34,33,73,68,83,72,66,70,66,65,54,49,73,66,52,47,67,56,65,49,53,78
"ko:K05560,ko:K05567",14,17,2,8,12,23,6,32,17,12,8,5,15,9,20,20,8,6,16,14,12,12,20,24
"ko:K05561",104,102,53,83,134,92,82,123,106,104,120,74,127,91,103,115,68,82,101,120,113,108,88,143
"ko:K05562",18,10,8,12,12,4,15,8,14,14,11,22,11,10,9,23,7,4,10,8,6,2,6,15
"ko:K05563",14,12,12,7,10,4,11,13,5,12,13,12,8,9,11,17,6,2,12,6,2,6,4,10
"ko:K05564",4,10,10,8,15,6,10,9,8,10,4,18,10,2,8,6,9,18,2,14,8,6,6,15
"ko:K05565",107,83,58,91,159,130,139,95,121,117,90,102,94,108,106,99,115,97,101,112,145,129,131,169
"ko:K05565,ko:K14086",550,551,423,395,694,617,590,670,501,568,479,456,484,447,517,606,434,360,544,564,593,479,565,646
"ko:K05566",56,69,56,44,61,62,57,67,50,53,48,44,54,23,80,58,43,40,58,56,66,52,66,96
"ko:K05567",86,109,76,73,136,115,88,129,79,113,116,82,88,97,102,93,71,73,148,112,107,114,126,140
"ko:K05568",419,434,356,335,643,487,473,520,419,494,431,350,425,415,451,416,342,280,467,492,485,479,438,503
"ko:K05569",40,38,32,21,38,58,44,24,42,22,50,41,43,40,46,36,35,43,41,46,42,35,56,56
"ko:K05570",57,46,35,60,81,65,61,65,51,63,54,56,63,31,77,40,37,32,60,66,81,36,54,77
"ko:K05571",39,32,24,42,56,39,41,41,24,38,33,28,38,30,34,37,27,28,22,45,45,50,49,75
"ko:K05576",6,16,14,17,16,24,20,16,8,19,13,11,14,16,16,11,11,14,12,21,16,10,14,22
"ko:K05577",2,7,2,0,8,12,2,6,6,4,8,3,6,8,4,10,0,0,2,0,2,4,2,0
"ko:K05589",20,32,18,18,43,31,32,27,34,24,28,44,21,28,30,26,28,202,42,28,30,32,28,52
"ko:K05591",264,192,171,171,337,302,281,245,276,306,309,196,265,263,264,204,189,585,284,228,268,270,266,283
"ko:K05592",475,443,340,343,679,489,494,561,534,607,535,503,446,491,528,485,441,1084,526,561,551,517,573,587
"ko:K05592,ko:K11927",799,808,560,618,1074,910,961,946,657,823,665,675,713,728,733,710,597,661,810,835,783,899,791,1025
"ko:K05593",0,2,2,2,12,8,6,2,0,2,2,8,8,8,4,4,0,4,2,0,4,2,4,2
"ko:K05595",266,235,175,194,312,277,241,231,205,262,228,214,238,225,258,205,216,229,252,296,290,255,263,286
"ko:K05596",106,71,48,50,78,49,64,76,57,94,74,61,85,69,95,44,66,53,103,61,63,90,96,97
"ko:K05603",173,152,125,111,249,188,155,198,172,169,105,200,195,160,154,169,172,520,214,190,254,203,191,219
"ko:K05606",438,392,288,312,596,503,471,409,385,405,352,356,375,379,410,388,332,288,448,391,478,407,401,443
"ko:K05685",188,170,135,120,237,185,154,136,157,198,173,162,140,131,137,149,156,136,190,188,168,190,201,192
"ko:K05710",170,148,84,101,217,157,175,171,106,158,139,115,98,100,117,97,64,265,204,242,262,233,230,219
"ko:K05710,ko:K14578",10,0,3,2,4,0,8,6,0,0,0,8,0,4,2,2,2,2,4,8,6,4,0,5
"ko:K05710,ko:K14578,ko:K18248",18,4,12,19,17,32,16,6,21,12,15,17,17,12,19,20,11,30,20,20,29,26,19,17
"ko:K05712",735,589,471,517,893,668,676,771,585,728,621,565,559,535,568,595,522,496,745,630,723,690,785,766
"ko:K05712,ko:K20218",32,54,19,19,38,33,30,37,34,26,44,34,36,34,20,28,30,30,52,11,34,48,24,34
"ko:K05713",36,26,24,12,42,47,32,48,23,34,22,24,36,27,42,36,39,31,34,30,36,18,32,46
"ko:K05714",38,20,26,24,54,30,41,52,21,24,24,30,38,35,26,30,24,34,20,31,42,18,30,30
"ko:K05715",117,105,83,97,192,136,133,164,93,130,100,95,84,128,123,109,92,73,120,124,129,138,113,121
"ko:K05739",0,0,0,4,8,6,0,2,0,0,2,0,0,6,2,4,0,0,4,0,0,4,0,4
"ko:K05770",19,6,8,8,8,8,13,26,10,24,7,2,4,8,12,12,20,13,14,20,10,13,10,25
"ko:K05772",29,37,29,38,48,32,25,36,16,48,33,36,33,33,35,22,11,29,35,26,26,29,50,36
"ko:K05773",138,123,64,89,138,154,135,162,132,157,135,111,127,134,110,115,95,93,134,97,112,110,158,131
"ko:K05774",10,17,4,3,22,16,6,23,7,12,6,15,18,12,8,15,6,10,6,12,4,14,4,2
"ko:K05780",50,43,30,48,77,49,47,54,46,66,39,52,36,51,42,40,57,73,58,94,73,66,94,84
"ko:K05781",92,79,68,53,109,88,93,88,79,96,72,65,87,82,79,69,116,77,79,123,128,104,137,103
"ko:K05782",135,138,104,92,140,110,87,148,97,118,104,99,110,71,96,103,77,111,149,160,98,106,120,142
"ko:K05784",18,30,16,26,27,30,26,18,18,18,20,28,17,12,21,26,20,20,34,32,24,22,20,26
"ko:K05786",163,138,127,136,201,142,198,205,160,171,145,141,150,130,149,162,154,436,171,173,182,199,202,187
"ko:K05787",10,2,6,4,6,6,8,6,10,2,8,8,6,11,10,14,4,4,6,12,14,6,4,2
"ko:K05788",347,376,257,299,494,369,341,391,316,435,336,328,313,343,330,328,274,393,325,336,379,370,329,381
"ko:K05791",64,41,46,50,94,78,75,76,58,52,36,66,51,46,67,51,58,61,97,73,91,71,107,106
"ko:K05791,ko:K05795",39,22,9,20,36,24,13,40,23,30,19,15,20,16,28,16,34,29,31,46,22,48,37,30
"ko:K05792",48,69,54,41,83,59,52,68,47,78,41,33,46,50,53,44,46,60,56,64,79,59,71,62
"ko:K05793",10,29,10,19,32,36,27,21,19,16,16,13,12,14,12,16,19,34,27,22,21,33,24,28
"ko:K05794",345,279,299,259,400,367,322,354,272,317,287,254,308,270,279,254,271,535,350,368,321,335,360,352
"ko:K05795",55,63,39,42,86,70,90,74,42,53,40,33,61,55,51,33,47,45,72,72,65,70,90,100
"ko:K05797",10,14,12,14,22,16,12,18,12,18,12,8,10,16,3,14,12,2,14,4,10,26,12,8
"ko:K05799",524,488,346,367,626,592,539,586,431,506,434,435,433,422,448,408,409,353,629,487,595,536,532,581
"ko:K05800",200,150,126,130,211,176,194,155,142,195,169,135,209,175,202,151,142,182,169,175,285,216,195,232
"ko:K05801",28,38,18,20,34,50,30,44,32,38,26,30,20,34,18,22,22,32,38,32,21,32,28,54
"ko:K05802",317,202,161,191,349,247,249,308,253,243,237,235,225,263,235,196,223,624,275,277,264,266,323,327
"ko:K05805",236,200,144,176,291,184,196,211,187,162,184,160,176,156,195,171,177,206,152,161,216,215,214,237
"ko:K05807",252,199,162,135,304,230,217,228,263,292,218,200,213,241,236,233,198,423,202,208,265,230,249,272
"ko:K05808",292,316,229,232,435,331,355,372,304,304,299,252,269,250,279,255,245,380,304,347,308,356,370,369
"ko:K05810",181,170,99,122,207,227,181,214,158,186,155,170,162,161,166,157,127,372,155,171,235,169,225,214
"ko:K05812",25,22,18,26,49,40,21,22,28,32,27,23,26,27,18,14,39,17,34,21,40,32,42,31
"ko:K05813",511,397,320,346,595,497,396,477,437,520,429,329,440,395,414,399,368,331,447,430,530,483,405,525
"ko:K05814",332,299,242,279,421,368,323,336,318,323,324,304,319,295,293,277,267,245,296,338,367,347,370,326
"ko:K05815",159,165,112,125,213,201,174,190,139,216,154,134,141,170,144,140,157,128,147,155,174,151,211,152
"ko:K05816",176,125,84,79,172,123,163,178,125,142,135,148,118,126,156,134,111,113,175,145,136,135,120,130
"ko:K05816,ko:K10111,ko:K10112",96,115,58,94,105,119,102,81,113,118,146,100,106,103,144,112,132,104,101,88,102,118,110,127
"ko:K05816,ko:K10112",37,30,22,20,34,36,24,34,32,19,27,29,29,28,30,31,30,31,31,34,49,34,44,28
"ko:K05820",182,159,124,162,232,214,142,211,163,179,159,149,142,171,183,139,172,1205,169,211,223,209,182,216
"ko:K05823",4,2,6,2,16,10,8,4,4,4,2,4,8,12,8,8,4,6,8,0,6,10,4,4
"ko:K05825",493,481,318,370,684,483,450,531,383,486,392,432,405,380,444,443,280,294,550,421,489,462,391,475
"ko:K05825,ko:K16423",54,43,38,42,62,46,44,55,47,53,39,44,37,33,40,48,29,19,64,34,35,42,44,41
"ko:K05827,ko:K05844",259,241,189,192,345,262,300,313,257,251,255,218,231,209,213,230,191,214,220,256,309,290,296,353
"ko:K05828",28,31,19,17,10,31,31,23,9,27,24,24,26,28,24,20,22,20,22,20,18,28,22,23
"ko:K05832",63,51,46,48,58,53,69,71,59,57,41,50,42,62,80,54,44,61,49,84,66,70,49,108
"ko:K05833",59,47,36,30,50,46,52,54,38,50,40,11,56,48,40,33,38,33,55,64,52,72,62,79
"ko:K05834",16,24,12,14,31,28,30,32,6,34,26,30,22,10,24,34,13,16,24,32,18,21,19,22
"ko:K05836",45,48,48,46,68,72,46,77,56,55,49,43,63,52,54,38,45,55,85,64,80,66,89,80
"ko:K05837",543,441,348,384,660,461,496,593,491,518,485,391,433,472,470,406,367,728,490,518,537,601,546,593
"ko:K05838",227,214,158,156,256,199,237,217,203,192,222,208,226,234,233,159,194,457,204,215,237,221,240,270
"ko:K05844",94,78,61,74,144,121,96,86,92,113,75,99,105,82,93,96,80,347,106,130,112,116,89,135
"ko:K05845",396,415,345,304,619,487,474,543,437,435,391,379,466,354,450,411,369,363,458,463,454,519,460,513
"ko:K05845,ko:K05846",68,50,34,40,112,59,52,62,54,67,58,59,56,40,70,52,48,54,71,68,72,84,60,69
"ko:K05846",438,393,299,283,576,467,485,510,365,428,347,399,398,371,354,357,296,328,501,408,452,425,429,478
"ko:K05847",726,620,470,582,1001,816,744,787,664,693,593,589,608,648,597,618,577,581,630,751,748,742,765,826
"ko:K05878",870,828,646,683,1094,981,954,989,783,971,903,732,860,793,794,773,538,560,925,880,764,768,749,763
"ko:K05879",141,122,99,91,201,195,167,157,153,125,157,137,133,130,136,164,104,104,139,117,120,155,159,136
"ko:K05881",38,17,24,20,48,24,26,31,25,33,31,15,36,23,29,39,31,29,41,40,34,36,31,30
"ko:K05882",145,120,98,100,195,138,180,183,144,174,132,137,126,127,127,132,94,90,162,128,146,144,153,153
"ko:K05895",42,36,27,32,70,54,42,32,50,67,29,40,48,46,48,42,34,39,58,66,56,40,68,40
"ko:K05896",848,837,632,672,1122,946,904,882,859,972,867,766,834,767,808,797,707,879,1022,964,967,846,893,1006
"ko:K05898",255,203,154,192,321,208,220,257,179,272,223,200,223,183,212,214,154,216,253,236,193,197,204,270
"ko:K05913",18,13,24,14,24,17,18,14,21,26,9,12,28,14,15,8,8,6,22,14,22,6,6,19
"ko:K05916",160,213,185,179,286,253,249,254,213,241,206,190,201,191,171,172,184,158,259,216,205,239,216,249
"ko:K05917",95,72,63,60,82,94,82,123,73,109,78,73,79,63,96,87,70,108,110,103,69,90,110,96
"ko:K05921",170,169,140,174,288,222,225,211,157,243,140,159,183,200,133,206,115,138,202,179,243,210,224,245
"ko:K05922,ko:K06281",20,21,14,18,18,24,39,31,20,22,24,30,22,23,28,26,13,8,22,18,37,48,26,24
"ko:K05934,ko:K13540",56,52,54,38,77,68,86,72,47,67,58,51,49,64,63,54,64,41,61,72,78,39,51,70
"ko:K05934,ko:K13541",91,75,50,80,88,88,97,109,65,122,74,57,60,72,99,78,87,59,63,90,94,101,87,105
"ko:K05936",276,251,203,156,360,270,289,291,253,248,205,232,266,219,310,224,197,194,268,246,312,291,227,249
"ko:K05939",89,70,52,49,94,90,74,122,103,111,96,66,71,84,111,80,81,58,98,90,98,100,76,90
"ko:K05962",23,12,20,16,22,16,23,28,32,38,42,23,22,36,28,26,16,24,28,16,34,16,26,32
"ko:K05966",40,24,24,16,37,41,27,16,21,34,27,18,32,30,9,28,19,13,32,25,26,30,30,29
"ko:K05970",0,0,4,0,0,0,0,2,0,0,2,4,2,2,2,2,2,19,0,0,2,0,0,0
"ko:K05973",514,473,371,355,643,460,461,475,507,552,534,427,455,429,487,488,455,847,541,531,529,500,539,546
"ko:K05982",20,39,20,8,36,34,28,39,28,21,28,20,30,42,17,23,16,33,55,34,37,34,37,46
"ko:K05985",4,8,2,0,8,7,6,2,0,4,4,2,13,4,12,6,0,0,0,2,2,2,2,10
"ko:K05986",24,30,14,20,28,53,46,24,37,35,23,38,29,28,21,26,25,286,24,32,33,36,24,42
"ko:K05994",83,58,60,52,107,108,84,81,61,75,72,61,68,68,77,62,56,599,104,89,113,98,96,75
"ko:K05995",395,373,306,255,402,359,357,408,242,388,297,270,315,320,344,310,233,238,289,336,317,392,371,316
"ko:K05996",51,66,39,45,98,89,94,76,69,63,62,45,70,74,68,70,53,75,72,89,107,93,104,113
"ko:K05997,ko:K13628",4,9,2,6,8,7,0,11,2,5,2,5,8,2,0,5,2,2,4,0,13,6,5,8
"ko:K06001",436,407,286,363,581,446,416,417,326,438,348,307,329,305,344,301,253,235,335,322,425,364,335,385
"ko:K06012",4,8,2,2,16,16,8,2,0,0,0,0,8,4,14,10,0,6,4,0,2,12,6,2
"ko:K06013",86,78,54,43,91,82,66,74,104,130,94,82,102,101,86,59,56,68,72,85,113,72,96,89
"ko:K06015",112,157,112,117,206,169,158,190,129,133,126,113,160,141,129,93,108,474,118,181,152,150,199,180
"ko:K06016",376,284,219,238,436,425,323,356,253,361,377,307,338,318,306,308,268,270,344,306,351,308,382,429
"ko:K06020",389,285,257,278,420,353,322,351,389,460,417,307,331,310,282,311,259,278,368,303,346,316,359,352
"ko:K06021,ko:K13409,ko:K20344",14,23,16,14,34,38,28,26,28,22,20,26,22,33,29,20,16,28,30,26,35,17,25,22
"ko:K06021,ko:K20344",7,6,2,6,8,10,18,6,2,9,8,4,4,10,4,2,6,4,10,2,13,10,2,4
"ko:K06022,ko:K06158,ko:K10834",542,533,348,394,667,505,560,550,461,565,487,403,450,379,480,509,471,513,559,551,649,516,615,565
"ko:K06023",256,195,200,161,281,261,189,273,331,321,262,240,238,261,292,223,213,525,250,245,270,275,292,253
"ko:K06024",570,529,507,468,774,690,693,701,550,616,584,568,544,546,588,512,522,748,641,651,656,623,671,704
"ko:K06034",150,114,64,66,138,106,95,98,112,95,109,96,77,116,118,91,93,61,97,97,129,99,92,120
"ko:K06039,ko:K07235",10,6,0,2,2,6,6,10,4,13,16,4,2,6,1,8,4,4,2,2,12,8,10,8
"ko:K06041",502,448,330,303,624,576,511,537,464,576,477,401,482,464,508,392,398,614,503,506,557,525,533,554
"ko:K06042",144,132,110,115,170,180,120,141,141,149,156,130,148,142,148,137,129,108,163,180,141,163,159,175
"ko:K06044",219,201,147,135,282,273,246,236,180,205,190,196,187,204,193,213,136,141,210,207,213,205,214,228
"ko:K06045",142,132,113,121,208,226,138,166,151,175,167,186,111,142,133,160,101,136,169,180,232,185,196,231
"ko:K06048",462,396,280,336,541,377,425,488,384,428,381,333,350,376,354,417,293,651,429,347,421,444,382,478
"ko:K06075",20,34,14,30,35,23,16,24,23,32,15,17,36,12,30,29,26,21,16,26,28,23,26,30
"ko:K06076",98,102,92,86,119,100,93,124,78,76,90,96,95,73,82,86,103,543,119,121,127,103,107,126
"ko:K06077",45,32,32,8,54,28,24,24,20,33,21,63,28,13,22,20,20,156,26,26,38,44,28,30
"ko:K06078",17,14,8,14,11,12,10,9,11,16,8,10,6,0,8,14,17,13,12,14,20,19,15,25
"ko:K06113",72,94,90,92,160,142,159,134,103,92,87,79,111,109,90,92,61,70,118,108,114,114,107,112
"ko:K06118",116,86,107,73,180,106,94,127,113,104,87,78,93,98,129,110,116,91,109,133,133,132,113,152
"ko:K06131",573,505,390,397,796,544,599,632,476,607,534,499,498,455,493,516,460,833,541,601,557,565,576,602
"ko:K06132",187,163,136,136,291,229,191,186,189,250,234,165,224,205,194,148,166,167,262,205,221,228,258,256
"ko:K06133",20,36,25,19,39,26,21,38,32,20,32,36,40,32,26,32,15,217,28,34,48,36,32,44
"ko:K06134",85,72,70,53,134,121,80,97,85,107,105,78,103,76,61,98,80,309,63,105,114,96,117,89
"ko:K06136",69,53,30,45,70,63,70,44,56,63,44,39,63,51,60,44,22,338,46,38,73,59,74,76
"ko:K06136,ko:K06137",45,44,26,32,50,33,41,36,53,32,35,26,28,32,29,42,40,42,42,36,78,31,62,27
"ko:K06137",272,260,208,242,406,310,262,342,217,313,235,206,289,225,254,245,183,684,260,213,253,260,278,321
"ko:K06137,ko:K06138",20,19,11,10,18,4,16,6,8,18,8,12,8,20,16,8,7,36,14,22,18,14,18,15
"ko:K06138",31,26,26,27,31,32,27,46,17,36,31,28,12,22,22,39,17,140,38,44,44,41,23,33
"ko:K06139",153,95,117,140,164,149,132,189,110,151,115,155,130,125,146,104,126,464,168,146,186,131,157,175
"ko:K06140",22,31,22,28,32,41,26,28,22,44,16,29,28,20,10,30,18,162,36,20,28,30,29,26
"ko:K06142",31,24,21,18,29,20,35,32,30,37,43,45,23,32,18,14,17,12,15,22,34,32,26,38
"ko:K06143",56,48,58,28,58,47,73,73,56,71,41,24,46,72,50,52,50,487,45,62,45,56,64,72
"ko:K06145",118,76,84,103,153,96,116,121,98,86,75,86,78,76,94,97,115,97,103,116,179,123,137,169
"ko:K06147",7561,7023,5445,5731,10332,8450,8135,8654,7006,8001,7305,7003,7021,6645,7385,6899,6088,7433,8068,7930,8320,8075,8100,8969
"ko:K06147,ko:K06148",756,713,527,538,1008,889,848,909,622,875,656,635,678,646,697,756,573,548,912,760,832,831,788,839
"ko:K06147,ko:K06148,ko:K16012",30,36,25,24,40,38,36,32,28,30,28,39,34,44,22,29,23,28,18,42,38,26,30,46
"ko:K06147,ko:K11004",158,129,88,106,179,145,174,141,171,183,154,120,176,149,158,117,129,143,171,179,190,156,141,180
"ko:K06147,ko:K11004,ko:K13409",18,32,27,22,43,48,57,40,46,49,55,28,29,34,39,59,38,43,56,48,37,38,50,25
"ko:K06147,ko:K11085",199,175,111,145,234,189,188,190,159,203,151,148,190,160,179,153,172,137,182,221,223,199,202,215
"ko:K06147,ko:K18104,ko:K18890",90,61,64,52,121,118,97,107,80,100,53,79,88,64,91,65,56,637,92,82,78,88,88,88
"ko:K06147,ko:K18893",457,443,375,327,563,444,470,534,456,491,437,358,385,404,388,413,348,389,463,513,533,454,511,533
"ko:K06148",341,274,266,254,419,380,360,418,319,312,314,250,250,321,368,293,276,299,441,316,319,364,414,461
"ko:K06148,ko:K12539",14,36,33,37,61,36,45,62,39,51,26,41,59,37,49,42,43,24,38,58,47,42,48,73
"ko:K06148,ko:K12539,ko:K16299",8,8,1,8,10,4,8,10,8,16,13,2,12,2,5,10,10,9,6,19,10,24,8,14
"ko:K06148,ko:K16299",230,193,114,118,250,205,236,199,208,209,172,152,171,157,181,176,154,190,184,131,248,201,230,276
"ko:K06151",0,0,0,0,0,0,0,0,0,2,0,0,0,0,4,2,0,0,0,2,6,0,0,0
"ko:K06153",717,652,492,525,945,759,669,768,616,724,629,563,585,577,617,610,508,740,712,713,693,741,717,734
"ko:K06153,ko:K19302",18,12,7,14,22,18,27,24,19,21,27,13,14,21,15,18,14,22,39,39,28,44,34,16
"ko:K06155",10,16,4,18,12,4,16,36,10,30,10,8,14,14,14,8,14,20,22,27,48,28,14,26
"ko:K06158",1730,1656,1333,1210,2163,1942,1734,1775,1631,1770,1599,1499,1542,1561,1670,1540,1431,1593,1725,1735,1725,1670,1891,2015
"ko:K06159,ko:K06160",8,14,6,8,10,17,12,12,4,6,16,10,10,14,13,6,9,10,22,14,14,8,25,11
"ko:K06160",45,51,36,54,111,52,66,50,56,51,51,40,58,52,45,74,43,551,67,66,66,72,73,71
"ko:K06162",86,80,66,54,109,96,107,94,76,97,93,88,86,92,90,82,89,89,69,110,91,113,88,99
"ko:K06163",61,66,68,42,92,88,45,64,64,63,101,51,75,57,59,54,61,93,71,87,109,88,87,84
"ko:K06164",182,175,125,134,198,202,143,184,174,204,171,150,149,149,182,186,178,198,149,239,217,198,202,239
"ko:K06165",20,16,14,0,12,4,22,12,20,8,12,12,4,15,10,14,14,12,12,22,14,16,6,27
"ko:K06166",18,8,8,8,36,8,32,22,23,21,12,20,22,13,14,16,22,8,22,12,26,18,34,36
"ko:K06167",55,39,48,42,68,44,50,58,55,58,38,51,45,56,47,60,26,40,62,94,66,58,50,57
"ko:K06168",1532,1308,1020,1081,1751,1505,1412,1504,1271,1532,1346,1257,1300,1315,1347,1311,1076,1502,1432,1468,1403,1435,1389,1501
"ko:K06173",379,280,213,288,443,381,367,370,308,391,315,307,303,326,330,291,278,558,373,331,301,360,397,351
"ko:K06175",60,46,38,37,73,60,50,61,48,99,69,58,47,66,76,50,53,252,57,82,88,73,54,81
"ko:K06176",79,69,50,46,106,68,56,95,91,76,84,79,95,73,77,76,62,399,85,98,80,99,72,72
"ko:K06177",94,76,71,70,133,80,94,98,84,79,76,61,83,91,86,77,70,378,66,74,113,118,89,96
"ko:K06178",432,379,280,323,492,455,376,473,387,433,382,408,435,352,425,433,344,1048,458,403,489,383,452,444
"ko:K06178,ko:K06183",262,206,157,168,301,308,260,267,206,237,200,237,207,211,263,221,207,129,298,243,328,280,231,269
"ko:K06179",419,490,346,357,585,460,443,485,461,464,412,385,446,458,490,365,381,719,512,509,546,531,500,512
"ko:K06180",671,682,544,570,903,843,797,835,651,813,645,573,605,596,691,632,588,814,795,824,817,817,856,839
"ko:K06181",46,46,40,20,60,50,62,59,51,76,38,50,48,62,54,62,53,173,54,81,76,75,56,86
"ko:K06182",114,100,73,76,152,134,156,128,112,132,91,116,117,129,113,98,90,635,137,165,143,163,132,157
"ko:K06183",52,46,45,40,68,54,46,50,83,65,45,51,62,37,64,47,43,316,70,81,69,54,67,77
"ko:K06186",14,16,9,6,18,12,2,8,14,16,8,13,14,8,12,14,7,177,22,14,21,15,27,6
"ko:K06187",942,827,686,709,1269,1015,913,1118,850,941,795,780,827,854,850,794,762,877,910,1045,949,941,943,1075
"ko:K06188",432,458,304,335,604,512,477,467,426,501,466,401,473,423,438,456,389,609,482,474,507,469,501,610
"ko:K06189",258,188,156,146,254,213,217,201,239,252,219,193,223,219,215,185,234,436,212,283,291,249,260,302
"ko:K06190",136,138,72,94,213,151,109,153,108,145,126,120,161,89,116,125,124,94,106,140,158,151,148,169
"ko:K06191",22,16,11,12,30,40,13,29,18,27,19,15,27,15,23,17,25,12,41,26,28,13,34,15
"ko:K06192",47,31,16,35,59,40,38,60,37,49,59,39,41,30,39,40,55,42,74,51,46,56,84,52
"ko:K06193",79,53,41,40,75,84,64,72,63,55,84,60,51,61,70,84,69,178,80,81,89,87,79,93
"ko:K06194",34,22,27,30,45,49,42,32,24,40,16,22,39,22,40,33,30,266,33,38,49,26,30,38
"ko:K06195",171,134,127,104,189,142,163,149,145,175,157,113,157,135,110,115,128,297,167,184,152,151,191,188
"ko:K06196",339,304,236,273,432,346,367,372,280,307,328,266,294,308,300,271,237,233,328,311,386,365,337,379
"ko:K06197",19,6,2,8,26,17,18,8,4,7,14,12,15,6,8,14,8,6,16,6,10,10,12,4
"ko:K06199",117,84,60,61,128,112,146,122,95,100,92,71,102,101,108,102,100,213,122,105,95,130,134,131
"ko:K06200",658,538,409,491,777,681,655,728,655,729,606,560,602,537,638,589,512,1106,731,718,745,634,697,724
"ko:K06201",92,92,91,82,110,117,119,142,104,126,105,111,129,93,108,120,119,330,127,130,114,140,167,167
"ko:K06203",84,61,32,44,108,81,92,68,88,55,48,59,43,69,67,49,58,55,92,68,101,60,86,114
"ko:K06204",515,477,346,347,640,482,422,572,465,553,466,480,447,401,510,443,385,763,447,503,543,486,536,491
"ko:K06205",19,9,9,0,16,18,6,12,20,22,20,14,18,10,18,16,19,7,10,14,18,18,10,22
"ko:K06206",47,63,50,40,79,96,64,70,53,78,56,62,58,55,63,56,56,48,62,64,63,71,66,72
"ko:K06207",3222,2899,2158,2269,3749,3316,3083,3310,2896,3491,2892,2789,2867,2735,2900,2662,2520,2898,3002,3080,3199,3080,2967,3379
"ko:K06208",89,90,63,63,135,82,110,111,72,53,48,72,68,80,52,66,54,48,76,87,113,101,85,109
"ko:K06212",0,2,4,5,5,5,4,11,2,2,7,15,14,2,10,5,7,4,6,9,6,6,17,4
"ko:K06213",493,491,394,445,661,598,529,539,496,625,487,450,476,488,534,402,444,826,542,554,661,622,644,644
"ko:K06215",1082,1154,825,914,1651,1292,1254,1311,979,986,959,983,974,945,1083,1083,907,758,1098,1107,1055,1011,1043,1166
"ko:K06217",1813,1660,1322,1350,2244,1987,1860,1898,1667,1857,1587,1683,1545,1472,1697,1561,1403,1673,1771,1671,1737,1794,1804,1915
"ko:K06218",6,0,4,2,4,2,10,10,6,2,2,2,4,4,4,8,3,0,4,4,2,6,6,8
"ko:K06221",385,369,280,285,543,433,412,411,353,344,350,338,383,357,402,351,308,306,371,417,407,397,434,459
"ko:K06222",8,5,2,6,4,4,4,4,6,4,2,2,2,10,2,8,2,7,4,4,2,8,8,8
"ko:K06281",503,509,430,453,684,685,645,625,421,576,460,414,507,536,525,483,423,372,506,408,491,501,440,503
"ko:K06282",522,430,356,389,681,482,532,574,380,462,412,447,391,394,419,460,347,309,448,391,399,405,358,434
"ko:K06284",2,0,2,0,3,0,0,0,0,0,0,2,0,0,0,0,0,0,0,2,2,0,0,0
"ko:K06285",2,0,0,0,2,2,4,2,0,0,0,2,2,5,2,2,0,0,2,0,0,0,0,0
"ko:K06287",764,712,586,530,972,742,822,912,650,823,713,712,749,667,724,715,677,853,804,798,909,753,830,891
"ko:K06289,ko:K06292",2,0,4,2,15,8,2,4,0,6,2,2,6,5,8,2,0,0,6,0,2,4,6,4
"ko:K06290,ko:K06293,ko:K06312",0,0,2,4,14,1,6,0,0,6,2,0,6,12,12,5,2,8,4,0,4,4,4,2
"ko:K06295",2,2,0,6,20,4,6,2,2,8,6,2,14,12,4,4,2,0,4,2,2,4,4,6
"ko:K06306",4,2,2,2,16,6,10,6,2,2,4,2,16,14,10,4,0,0,4,0,4,6,12,4
"ko:K06313",0,0,0,2,3,8,2,0,2,0,0,0,0,2,0,4,0,0,0,2,0,3,4,0
"ko:K06314",12,8,6,6,16,10,20,8,10,12,4,4,8,15,14,4,4,2,10,4,2,12,12,6
"ko:K06318",0,0,0,0,10,0,4,2,0,0,0,0,8,3,4,2,0,0,0,4,0,0,0,4
"ko:K06320,ko:K20444",105,106,90,73,147,137,142,133,84,124,106,95,103,106,120,92,80,69,124,105,123,133,108,151
"ko:K06324",23,24,14,33,39,44,39,40,32,41,45,30,22,26,22,20,15,11,33,35,30,19,37,33
"ko:K06335",0,0,0,0,7,4,4,0,2,0,0,2,6,6,6,4,0,2,0,0,2,2,4,1
"ko:K06335,ko:K13993",2,4,0,2,11,0,0,4,0,8,2,4,2,4,2,2,0,4,0,6,0,0,2,0
"ko:K06337",4,0,10,4,20,12,14,12,6,2,2,4,12,10,7,10,0,2,2,2,10,2,10,2
"ko:K06340",2,2,0,2,6,4,0,2,3,2,0,0,2,2,0,6,2,0,0,0,0,4,4,0
"ko:K06341",6,2,4,2,12,12,8,4,8,10,13,0,4,4,4,2,4,0,8,4,4,4,7,0
"ko:K06342",0,0,2,0,14,6,4,2,2,2,0,2,6,6,6,2,0,4,0,0,2,4,0,4
"ko:K06344",0,0,0,0,2,0,4,0,0,0,2,0,0,4,2,0,0,0,0,0,0,0,2,0
"ko:K06346",355,330,235,253,498,456,340,414,263,325,290,296,297,318,332,281,268,246,343,314,376,308,361,416
"ko:K06347",0,0,0,0,4,0,0,0,0,0,0,2,2,0,6,0,0,0,0,0,0,2,0,0
"ko:K06348",0,4,0,2,14,14,4,8,2,0,0,0,6,11,6,4,2,4,4,4,0,8,2,6
"ko:K06350",2,8,2,2,12,2,2,6,2,0,0,2,0,8,4,0,0,2,2,0,2,2,0,4
"ko:K06351",0,4,0,0,20,12,10,6,4,4,2,2,6,8,6,8,2,2,4,2,2,2,10,2
"ko:K06359,ko:K06360,ko:K06367",4,6,8,2,22,8,6,10,2,10,0,6,10,14,12,1,2,2,10,8,2,10,8,6
"ko:K06362",4,0,4,4,9,12,4,0,4,6,0,2,6,9,2,6,4,8,4,2,4,1,4,4
"ko:K06368",2,4,0,4,22,10,4,2,4,4,0,2,10,14,10,10,6,2,2,2,4,4,6,10
"ko:K06369",8,2,12,16,15,18,14,20,6,16,14,2,14,16,6,14,12,6,30,16,4,16,18,2
"ko:K06370",2,8,0,4,21,6,7,6,4,4,4,0,14,6,4,11,4,0,4,4,2,5,2,4
"ko:K06373",6,4,0,4,21,9,4,6,0,2,4,2,6,10,4,10,4,6,0,0,0,4,4,6
"ko:K06374",2,2,0,0,8,4,6,2,2,2,4,0,4,10,4,4,0,2,2,0,0,2,0,4
"ko:K06377",17,28,22,10,42,32,27,18,22,26,20,26,26,35,16,10,23,35,16,39,26,28,48,32
"ko:K06378",0,0,0,0,12,0,5,0,0,2,0,0,6,2,2,2,0,0,2,0,0,2,2,0
"ko:K06379",0,2,1,2,4,6,2,2,2,0,2,0,3,0,6,0,4,0,0,0,0,4,0,2
"ko:K06382",8,4,14,10,40,28,23,26,10,26,8,10,12,24,20,35,12,10,22,6,12,14,12,16
"ko:K06383",6,2,2,0,20,10,4,6,4,0,0,2,4,12,2,2,2,2,4,14,0,2,8,4
"ko:K06384",0,2,2,2,14,6,2,2,0,0,0,0,1,2,5,0,0,0,6,0,0,4,2,0
"ko:K06386",2,4,2,2,8,6,8,4,2,2,0,6,6,10,4,4,2,0,10,4,2,2,0,4
"ko:K06390",4,2,2,2,18,6,12,14,6,6,4,6,4,12,12,5,10,4,4,2,2,10,6,6
"ko:K06391",0,0,0,0,8,2,0,0,0,0,0,0,0,7,0,4,0,0,0,0,0,2,0,0
"ko:K06394",8,0,2,12,9,22,16,16,4,12,8,8,8,12,14,4,12,2,12,10,2,14,12,2
"ko:K06395",0,0,0,2,4,0,2,0,0,0,0,0,0,0,0,0,0,0,0,2,2,0,0,0
"ko:K06400",398,317,268,252,445,357,394,352,296,389,349,320,324,313,349,393,262,241,380,310,344,337,365,357
"ko:K06402",4,0,2,5,4,6,6,0,0,4,6,6,2,4,4,8,0,8,4,4,4,0,4,4
"ko:K06407",0,2,0,2,9,4,6,2,0,0,2,0,4,6,0,8,2,0,0,4,2,4,2,2
"ko:K06408",4,4,2,8,26,10,18,6,0,0,6,4,8,12,10,10,2,2,7,4,4,10,8,4
"ko:K06410",8,0,2,0,10,12,12,4,2,4,4,8,18,13,6,10,4,4,4,6,2,6,8,2
"ko:K06411",0,2,0,4,7,8,4,6,2,2,4,0,4,9,10,2,2,0,2,2,2,4,6,0
"ko:K06412",4,2,0,0,4,4,0,4,0,0,4,0,10,0,6,2,0,6,4,0,6,2,0,0
"ko:K06415",111,90,69,78,135,103,95,96,125,166,158,104,124,141,124,119,120,144,139,109,137,142,147,147
"ko:K06416",28,28,19,12,18,26,12,36,23,33,17,13,27,16,20,6,11,15,34,16,30,23,25,12
"ko:K06417",8,8,0,2,37,12,18,18,6,8,6,8,21,18,16,4,0,0,6,4,6,14,6,8
"ko:K06421",0,0,0,0,2,0,2,0,0,0,0,2,4,0,4,0,0,0,0,0,0,2,0,2
"ko:K06434",0,0,2,0,0,4,4,2,0,0,0,0,2,0,2,4,2,0,4,2,0,2,2,0
"ko:K06442",388,398,292,296,494,415,423,489,401,408,348,366,385,399,324,352,329,331,384,449,370,440,403,482
"ko:K06445",233,215,165,182,321,257,204,216,259,282,220,240,213,170,211,181,259,1074,268,304,304,317,325,300
"ko:K06446",144,110,93,75,148,137,103,122,96,145,121,123,113,126,92,128,82,81,107,130,142,115,105,107
"ko:K06518",10,8,12,6,24,15,12,12,6,12,18,8,14,8,12,4,13,11,14,16,22,10,16,16
"ko:K06597",78,86,52,66,118,87,92,62,76,87,68,60,65,54,69,48,48,580,88,64,92,92,78,75
"ko:K06598",10,12,16,27,26,26,24,26,34,22,32,26,20,28,14,26,26,167,40,13,24,41,29,15
"ko:K06601",36,38,20,29,31,20,35,39,27,44,22,39,17,20,20,8,26,18,30,20,34,50,36,42
"ko:K06602",33,37,29,36,32,40,43,38,39,33,32,18,38,39,44,56,30,28,32,36,56,37,46,38
"ko:K06603",0,2,0,0,8,0,2,6,2,0,0,2,2,5,2,0,2,0,0,0,2,2,0,0
"ko:K06605",65,87,51,60,82,80,81,81,63,40,56,64,50,74,80,56,58,56,66,79,56,55,58,60
"ko:K06606",24,17,10,22,44,30,26,18,24,38,23,14,36,26,28,20,23,26,14,22,19,36,26,22
"ko:K06608,ko:K11534",0,0,0,0,3,2,2,2,0,0,0,0,2,2,0,0,0,0,0,0,0,0,0,0
"ko:K06610",0,2,0,0,4,4,12,6,0,2,0,0,4,2,2,4,0,0,0,2,0,2,8,4
"ko:K06718",6,8,12,7,6,20,12,19,11,12,13,8,14,10,18,24,8,12,27,24,12,18,24,14
"ko:K06720",6,11,12,12,8,20,6,26,15,2,8,3,21,4,8,5,20,8,12,16,25,12,16,20
"ko:K06726",0,0,2,0,0,2,6,0,2,0,0,2,6,4,2,1,2,2,0,4,2,2,2,0
"ko:K06860",34,27,42,28,44,42,52,24,26,45,38,40,42,46,43,40,22,22,38,38,34,50,45,36
"ko:K06861",635,635,426,470,750,667,599,658,578,672,575,523,581,562,635,537,463,760,637,575,703,602,577,677
"ko:K06862",12,4,9,2,20,8,12,16,13,16,5,7,17,9,12,15,8,2,4,8,6,6,4,3
"ko:K06864",52,51,39,40,72,74,45,65,41,55,45,64,36,54,40,64,32,29,66,46,51,44,50,60
"ko:K06867",321,267,218,253,423,334,381,378,348,355,326,312,354,280,356,241,286,1455,345,363,394,377,365,364
"ko:K06867,ko:K15503",40,38,24,37,58,50,48,38,34,54,51,28,31,49,52,46,10,29,68,44,52,39,59,50
"ko:K06867,ko:K21440",29,20,26,18,33,26,26,34,16,14,19,16,16,26,22,24,19,12,20,28,21,36,20,20
"ko:K06871",56,35,46,42,76,47,42,68,50,49,45,45,60,42,48,40,36,33,98,58,67,62,52,73
"ko:K06872",100,70,57,75,160,110,90,112,91,102,62,93,83,67,74,84,85,376,115,106,100,112,78,95
"ko:K06876",142,123,122,108,175,143,150,146,113,159,95,115,107,141,131,139,104,86,147,188,137,169,117,135
"ko:K06877",739,686,491,600,1018,878,771,811,699,750,655,622,675,631,659,644,551,1275,863,791,929,865,845,813
"ko:K06878",90,101,78,63,140,130,98,99,86,102,77,70,100,89,86,83,92,200,108,116,109,108,107,120
"ko:K06879",48,39,18,35,51,42,32,46,31,44,48,31,30,37,33,32,39,307,48,44,56,55,35,56
"ko:K06879,ko:K09457",36,30,14,20,33,31,32,36,40,44,48,25,31,28,40,30,23,19,18,20,22,29,32,27
"ko:K06880",22,24,15,29,51,28,36,22,37,26,20,30,48,36,30,20,27,158,32,42,18,38,26,34
"ko:K06881",34,45,20,31,38,58,52,34,27,40,47,34,32,52,44,25,20,22,31,20,55,28,56,36
"ko:K06883",0,0,2,0,0,2,4,2,2,4,2,4,4,2,2,0,3,2,4,2,0,2,2,2
"ko:K06884",48,44,36,42,63,59,41,64,45,57,60,60,55,47,64,40,33,22,52,30,46,36,57,48
"ko:K06885",56,34,54,35,60,37,32,52,48,47,56,43,41,30,57,48,35,49,46,33,46,34,46,32
"ko:K06886",442,417,284,343,508,436,401,411,356,524,394,331,428,352,414,396,372,421,485,407,404,462,428,513
"ko:K06888",513,431,391,359,554,582,474,572,441,562,498,418,462,412,422,427,333,341,452,425,512,475,457,490
"ko:K06889",595,421,355,381,629,540,505,622,455,599,487,451,487,467,535,469,418,1674,561,533,522,556,539,609
"ko:K06889,ko:K07397",195,137,122,136,234,159,173,152,164,176,149,113,151,140,159,175,148,129,168,200,159,153,162,192
"ko:K06889,ko:K19296",20,0,10,7,12,4,4,12,2,8,7,4,0,4,8,2,2,8,0,8,4,8,12,8
"ko:K06890",214,219,180,176,288,279,258,255,233,226,213,202,204,219,212,248,177,175,233,231,282,281,289,244
"ko:K06890,ko:K19416",11,7,6,5,7,7,6,6,13,2,8,6,4,5,2,13,11,4,10,4,8,4,6,9
"ko:K06891",497,516,402,392,559,558,551,522,435,537,465,444,455,388,444,478,404,546,488,491,526,521,522,456
"ko:K06893",55,53,49,68,73,49,45,54,65,64,62,43,48,33,62,51,49,60,72,60,81,56,72,61
"ko:K06894",899,801,627,681,1154,872,898,870,824,873,811,707,791,722,843,698,720,3897,926,961,1095,970,992,1113
"ko:K06895",68,36,45,36,99,69,62,50,59,80,73,57,63,52,53,56,48,63,74,65,70,66,72,62
"ko:K06897",67,58,65,60,87,74,64,93,64,75,84,64,70,66,79,66,66,32,77,61,96,56,86,76
"ko:K06898",93,133,99,86,183,114,113,122,108,116,101,125,78,87,140,106,54,67,98,97,134,119,97,111
"ko:K06900",34,18,34,14,39,25,24,26,30,26,29,26,16,30,27,30,24,373,36,32,52,24,30,32
"ko:K06901",672,742,502,587,1029,919,774,842,651,741,631,618,659,635,736,644,564,1032,783,815,851,822,719,883
"ko:K06902",788,789,487,568,1035,899,813,868,671,743,629,685,671,656,651,657,609,568,732,774,853,867,762,902
"ko:K06903",40,32,20,21,52,50,39,35,28,27,22,45,36,13,36,22,25,292,40,42,22,26,44,52
"ko:K06904",60,43,23,39,58,70,42,60,41,77,37,28,36,46,50,36,41,49,52,42,54,76,50,74
"ko:K06907",266,235,159,177,426,288,312,307,251,269,260,227,230,243,272,208,209,1358,267,238,250,284,256,296
"ko:K06909",6,4,2,0,18,8,6,8,2,6,4,0,9,6,10,6,4,6,4,2,9,0,2,2
"ko:K06910",221,164,123,135,252,200,172,233,171,208,154,186,155,187,163,148,140,506,213,201,188,184,194,222
"ko:K06911",986,964,671,695,1281,1059,924,1141,857,1071,995,839,843,929,960,850,852,1842,1077,1045,1166,1048,1107,1062
"ko:K06912",108,93,42,72,111,114,82,104,68,98,110,80,65,82,69,58,63,64,88,74,76,110,79,120
"ko:K06915",1160,1025,810,859,1384,1219,1017,1116,1107,1199,1095,1019,1040,1039,1099,997,904,1369,1190,1217,1159,1210,1348,1347
"ko:K06916",523,463,406,412,634,517,499,485,532,573,511,420,455,484,469,459,488,752,554,555,602,554,616,528
"ko:K06918",155,149,114,108,237,162,156,170,140,147,139,130,151,168,168,147,113,121,166,175,230,147,168,196
"ko:K06919",53,46,44,35,68,70,60,47,43,57,77,46,43,52,31,60,43,702,80,46,46,74,52,48
"ko:K06920",144,118,112,79,143,136,135,102,126,167,127,99,93,108,131,109,109,340,144,133,210,144,144,174
"ko:K06921",238,180,129,134,264,274,227,263,229,213,209,192,171,181,242,224,187,214,289,289,241,267,277,283
"ko:K06923",315,302,216,275,397,324,298,319,289,364,276,242,248,307,251,257,227,242,309,231,351,292,291,365
"ko:K06925",116,87,65,95,149,111,128,115,102,101,74,116,96,66,123,88,109,191,129,108,123,112,125,152
"ko:K06926",48,24,37,19,59,46,44,38,49,26,29,46,40,30,40,32,34,34,53,42,44,54,42,60
"ko:K06929",118,100,84,107,136,116,142,154,85,100,141,105,105,130,105,108,64,80,116,126,134,108,132,149
"ko:K06934",14,10,12,10,18,8,16,22,13,22,10,20,12,20,20,12,2,4,22,10,11,20,26,18
"ko:K06937",168,148,117,117,226,186,189,145,143,163,159,92,151,174,145,105,130,121,180,176,192,157,143,165
"ko:K06938",35,42,29,39,56,48,34,44,34,40,46,40,51,50,50,33,37,36,49,40,44,61,47,47
"ko:K06940",24,28,20,19,34,34,16,34,28,37,33,20,16,26,40,29,22,275,32,28,47,34,39,25
"ko:K06941",1261,1185,841,965,1596,1366,1293,1329,1158,1333,1147,993,1127,1098,1179,1059,999,1381,1157,1162,1268,1240,1326,1322
"ko:K06942",1685,1518,1178,1282,1986,1570,1587,1851,1527,1786,1491,1459,1450,1349,1608,1450,1337,1618,1626,1733,1615,1677,1616,1712
"ko:K06945",301,289,223,179,434,320,298,352,221,296,247,265,214,239,242,254,233,310,410,312,378,321,339,442
"ko:K06949",583,515,421,432,745,562,625,702,511,566,549,571,512,418,529,520,443,720,626,606,634,608,587,727
"ko:K06950",26,30,16,26,34,28,26,23,20,8,14,18,25,27,22,20,10,22,32,18,42,33,22,24
"ko:K06950,ko:K09163",30,20,10,20,33,19,15,24,18,12,13,10,19,18,21,26,12,11,30,17,10,16,25,15
"ko:K06952",34,28,44,27,29,42,51,49,33,62,27,47,40,32,37,53,42,40,33,52,44,54,44,52
"ko:K06953",76,50,32,22,56,52,66,36,32,50,35,25,30,40,42,40,43,29,41,28,54,58,46,60
"ko:K06954",64,66,34,37,66,61,66,55,53,43,44,52,53,49,75,65,36,19,43,56,65,90,52,73
"ko:K06955",2,6,3,4,4,4,2,2,1,4,1,1,2,4,4,0,0,0,4,10,0,0,2,10
"ko:K06958",708,641,472,526,917,829,728,790,649,702,613,574,557,600,633,612,461,790,760,683,624,661,704,744
"ko:K06959",1007,803,609,670,1045,1031,960,897,892,1057,988,803,840,889,923,827,856,1522,1048,1047,1137,1043,1099,1112
"ko:K06960",132,136,78,84,172,158,162,145,117,159,87,118,127,103,120,114,99,108,130,126,134,139,136,159
"ko:K06966",660,612,486,502,901,743,626,670,598,742,541,561,557,546,651,583,595,1084,696,769,824,659,730,747
"ko:K06968",92,80,69,78,128,102,102,123,80,130,81,74,112,93,100,106,77,441,90,104,106,133,96,122
"ko:K06969",415,316,245,250,467,412,384,431,415,502,446,407,403,352,372,333,294,633,394,411,440,414,458,445
"ko:K06971",2,2,0,0,2,0,6,4,2,2,2,0,2,2,0,6,3,9,0,6,8,2,2,4
"ko:K06973",42,8,12,26,46,22,30,25,43,49,31,22,30,30,18,41,3,16,14,20,10,16,22,18
"ko:K06975",68,56,42,53,95,71,68,54,46,65,44,47,47,42,48,47,46,136,103,60,55,67,84,48
"ko:K06976",70,43,59,60,100,73,77,63,45,83,64,40,66,63,78,54,41,57,52,67,76,58,80,60
"ko:K06977",88,89,55,55,156,87,106,103,102,110,107,75,84,94,84,76,81,445,97,84,118,97,142,119
"ko:K06978",328,243,191,205,352,360,333,284,237,264,256,272,290,258,235,259,271,898,343,355,351,333,329,388
"ko:K06980",281,195,184,192,338,292,272,294,246,277,239,221,230,248,271,207,215,475,315,308,303,311,277,354
"ko:K06983",33,24,25,37,50,43,36,44,37,45,32,26,16,22,26,18,29,243,34,38,30,43,32,42
"ko:K06985",100,76,71,52,97,93,112,98,73,108,81,67,89,86,72,71,74,59,78,90,111,80,72,127
"ko:K06986",29,8,14,10,24,32,22,25,5,16,23,11,20,13,22,18,10,8,12,12,10,14,18,22
"ko:K06987",336,267,266,225,425,382,369,317,250,354,282,258,301,225,343,249,284,278,333,341,437,362,383,364
"ko:K06987,ko:K15784",44,39,35,50,44,66,61,40,46,46,49,29,53,37,58,53,48,64,59,55,82,54,68,58
"ko:K06988",307,334,208,260,430,338,315,375,285,311,298,258,263,253,288,283,259,241,374,356,376,384,384,379
"ko:K06989",97,87,81,86,133,128,122,118,104,97,108,109,97,76,122,104,87,86,116,108,109,102,109,89
"ko:K06991",183,163,79,106,180,126,121,152,134,117,147,113,112,129,140,123,104,523,169,163,161,134,122,155
"ko:K06994",1647,1493,1137,1270,2226,1846,1782,1906,1508,1545,1327,1463,1400,1348,1470,1471,1167,1371,1913,1787,1869,1759,1844,1968
"ko:K06994,ko:K07003",108,163,78,87,171,173,154,144,96,136,106,110,129,119,97,125,92,83,161,126,123,141,191,167
"ko:K06994,ko:K20466",46,50,38,46,83,76,76,86,66,75,68,48,59,58,51,55,50,49,59,69,70,84,60,88
"ko:K06994,ko:K20466,ko:K20470",58,66,54,37,102,64,101,91,63,72,64,66,74,65,66,58,59,49,86,95,73,74,77,88
"ko:K06994,ko:K20470",81,77,60,60,118,79,88,100,48,75,67,69,86,71,81,79,60,59,80,103,90,92,84,108
"ko:K06995",82,64,58,70,84,86,66,54,83,77,49,57,85,57,74,81,70,82,89,82,105,127,90,129
"ko:K06996",275,231,162,203,311,269,236,294,166,233,174,207,211,204,209,199,196,575,302,276,328,282,309,309
"ko:K06997",152,136,143,108,213,175,156,182,122,166,156,89,140,149,147,100,171,363,155,172,187,176,186,188
"ko:K06998",178,142,130,112,181,181,160,157,124,141,142,112,143,139,138,133,117,404,166,129,139,148,142,195
"ko:K06999",136,171,77,100,206,139,166,139,130,145,118,126,131,126,141,126,136,318,159,146,123,148,184,149
"ko:K07001",863,784,519,608,1121,878,894,878,707,753,775,622,711,756,737,731,629,1614,892,831,876,806,807,927
"ko:K07002",78,104,60,57,111,53,95,79,103,81,66,59,89,84,91,51,65,62,96,82,83,83,97,92
"ko:K07003",222,171,130,145,263,213,246,193,194,244,209,168,172,189,209,173,145,823,191,221,208,196,176,224
"ko:K07004",398,340,193,271,499,431,393,417,410,371,308,326,345,323,388,348,276,2758,423,374,486,409,407,449
"ko:K07005",74,82,61,64,91,97,91,98,71,92,60,83,62,72,81,82,65,86,89,98,76,89,80,104
"ko:K07006",205,179,128,132,263,171,195,172,138,168,148,141,154,164,151,125,138,142,170,201,244,206,193,235
"ko:K07007",328,321,239,221,446,354,321,305,340,359,318,305,293,327,324,278,342,1019,350,336,400,326,393,418
"ko:K07008",43,51,15,51,53,74,48,64,26,48,61,39,32,46,56,27,50,41,71,50,49,68,47,46
"ko:K07009",207,176,133,147,275,204,174,210,159,213,170,167,198,123,159,140,133,144,221,204,208,186,192,214
"ko:K07010",251,209,168,231,300,284,263,276,268,269,221,176,201,220,222,209,172,155,220,247,309,257,280,284
"ko:K07011",86,97,71,75,173,105,102,137,102,111,108,105,90,89,105,132,100,362,132,124,107,165,143,143
"ko:K07011,ko:K20444",22,19,4,9,10,8,16,14,10,22,22,0,4,22,18,13,20,18,8,14,14,10,10,22
"ko:K07014",48,40,42,36,62,62,62,78,52,46,51,56,34,42,34,50,27,626,62,46,90,62,51,62
"ko:K07018",495,462,398,342,614,529,492,560,473,540,454,456,431,482,464,443,483,616,530,597,634,531,505,570
"ko:K07019",99,63,80,82,122,106,90,135,94,93,105,85,81,106,102,80,94,335,90,97,142,133,122,115
"ko:K07020",68,67,61,45,87,83,77,58,56,72,51,67,319,337,320,465,47,62,84,59,84,74,88,79
"ko:K07023",75,54,49,48,85,68,62,74,83,60,69,58,58,68,57,49,51,423,54,51,68,80,74,52
"ko:K07025",556,497,364,426,712,580,526,546,475,575,468,461,489,425,461,472,376,804,545,574,531,560,564,605
"ko:K07027",205,208,160,236,327,282,235,293,186,279,207,213,220,256,278,240,162,183,230,276,273,285,230,263
"ko:K07027,ko:K14205",129,102,88,90,131,135,124,118,134,138,107,91,95,121,108,137,117,91,116,105,152,158,158,167
"ko:K07028",130,103,94,131,164,173,145,143,110,149,89,109,123,92,115,106,81,111,134,90,146,136,121,185
"ko:K07029",80,65,58,39,78,72,84,69,72,47,48,51,55,56,60,46,73,42,63,56,60,70,52,85
"ko:K07030",144,136,108,129,239,139,179,201,141,175,132,175,153,150,172,121,92,574,147,160,185,172,154,139
"ko:K07031",6,0,5,4,6,4,7,2,18,13,9,6,8,6,8,9,5,15,10,6,5,4,6,8
"ko:K07032",199,207,151,122,211,212,217,186,188,215,204,153,189,147,168,167,123,275,185,200,184,149,180,177
"ko:K07033,ko:K09014",95,90,87,92,159,95,93,121,86,117,96,92,83,83,98,84,79,61,63,78,120,81,99,137
"ko:K07033,ko:K09015",8,12,6,6,26,8,12,12,8,10,8,16,13,19,10,11,4,8,10,4,13,18,8,16
"ko:K07037",8,6,2,2,26,18,14,16,2,10,4,10,20,12,6,9,2,6,12,10,4,8,8,8
"ko:K07038",61,61,36,38,104,95,68,56,52,66,50,67,43,64,64,61,61,570,66,54,71,64,102,66
"ko:K07039",66,63,49,53,95,82,92,58,74,86,84,76,75,55,107,67,72,253,84,72,94,88,71,93
"ko:K07040",209,181,156,134,277,226,179,237,164,166,155,107,167,128,175,168,136,329,191,180,209,196,193,238
"ko:K07042",262,273,184,171,422,322,346,357,256,324,279,219,273,252,273,259,263,407,316,376,347,347,337,314
"ko:K07043",192,193,147,169,248,257,247,236,186,240,197,182,195,217,191,215,172,552,222,204,248,237,281,247
"ko:K07044",63,34,36,46,59,49,41,42,71,50,42,44,36,64,39,57,34,39,48,50,54,40,50,50
"ko:K07045",968,902,710,783,1227,1061,1069,1065,844,1021,958,818,865,841,956,950,817,760,1185,920,1010,1026,976,1022
"ko:K07045,ko:K14333,ko:K15063,ko:K20941",5,19,11,7,22,27,20,6,15,16,14,10,4,13,18,10,7,10,13,12,10,12,22,8
"ko:K07045,ko:K14333,ko:K20941",72,43,59,45,80,57,71,70,55,83,54,46,64,46,49,48,49,56,44,62,67,74,86,54
"ko:K07046",215,164,149,167,240,241,220,248,181,186,160,150,190,144,173,149,147,151,225,207,260,236,221,264
"ko:K07048",138,107,62,115,166,136,135,114,116,128,109,95,94,106,118,123,93,63,122,132,115,136,92,147
"ko:K07050",185,158,102,102,173,144,130,155,144,161,104,139,129,122,125,121,104,80,153,142,157,101,151,158
"ko:K07051",105,87,80,89,136,135,83,103,74,120,85,62,82,97,79,90,80,96,120,112,117,121,120,109
"ko:K07052",193,156,129,140,227,195,187,222,187,164,173,177,197,165,181,174,162,636,188,191,239,205,195,191
"ko:K07052,ko:K09696",28,12,12,18,10,20,36,28,14,22,16,18,28,12,12,12,14,16,22,16,16,22,20,16
"ko:K07053",64,58,30,45,78,73,58,83,39,51,48,53,68,45,43,47,42,49,69,70,66,72,65,56
"ko:K07053,ko:K20859",111,112,54,77,164,131,118,131,105,103,97,83,110,76,87,107,78,89,138,121,124,145,146,130
"ko:K07054",284,186,133,149,261,238,221,233,189,271,190,172,197,215,251,200,155,161,242,244,246,194,233,232
"ko:K07056",809,633,520,521,964,797,859,849,631,789,683,618,731,677,795,647,559,792,798,834,778,805,798,889
"ko:K07058",761,712,574,601,987,957,828,846,715,860,762,696,802,739,808,756,649,1484,889,827,952,881,860,969
"ko:K07062",12,32,14,7,30,28,26,36,29,16,17,20,22,20,16,20,23,22,20,38,30,36,32,33
"ko:K07064",2,4,6,4,10,4,9,6,4,4,8,10,6,4,4,6,0,4,0,3,0,6,6,4
"ko:K07067",902,865,709,752,1175,1008,981,1057,699,826,773,701,779,730,713,814,662,549,876,795,765,796,871,967
"ko:K07068",250,198,117,187,355,243,243,299,209,235,180,193,180,203,205,162,182,185,247,242,214,218,227,261
"ko:K07071",157,104,75,82,122,156,161,169,122,96,132,101,90,111,115,76,100,533,129,141,151,134,134,159
"ko:K07074",77,66,62,57,86,81,92,94,67,88,66,82,58,92,67,66,57,317,107,94,95,106,88,110
"ko:K07075",16,18,6,6,10,26,9,12,10,7,8,10,14,16,12,16,4,4,10,14,22,10,17,16
"ko:K07077",453,396,306,313,554,477,417,481,356,476,414,337,321,358,436,372,375,385,415,487,520,460,480,629
"ko:K07080",481,442,327,372,538,531,499,504,491,549,457,484,447,455,496,434,370,357,437,420,479,444,476,519
"ko:K07082",252,244,219,221,362,341,292,301,259,284,276,245,250,264,258,271,272,503,310,309,317,321,334,318
"ko:K07085",201,174,117,141,242,211,219,185,223,268,205,191,183,183,201,207,181,131,203,211,223,229,231,231
"ko:K07088",387,330,267,306,450,397,451,466,376,427,383,382,399,345,379,357,278,527,450,373,448,429,436,445
"ko:K07089",221,222,141,178,310,240,226,300,176,239,211,159,202,200,213,210,215,197,282,273,264,254,275,268
"ko:K07090",1424,1243,926,1029,1678,1465,1506,1639,1271,1425,1206,1134,1296,1161,1337,1288,1064,868,1408,1403,1362,1373,1409,1588
"ko:K07090,ko:K11312",2,2,4,0,4,0,2,0,0,2,2,2,6,0,2,0,4,0,2,0,8,2,4,4
"ko:K07091",237,239,158,159,284,241,214,257,198,269,193,189,179,185,185,183,141,540,219,222,256,279,204,239
"ko:K07093",805,747,576,611,1022,908,836,941,688,828,703,618,763,683,763,687,739,1044,1003,961,1033,861,974,982
"ko:K07094",8,0,0,0,23,6,8,8,4,2,2,7,5,10,6,6,2,12,2,10,8,2,4,6
"ko:K07095",133,133,83,101,187,120,164,162,95,122,118,102,99,100,149,110,99,80,113,123,158,105,109,158
"ko:K07096",127,142,105,97,160,142,173,150,125,142,113,144,131,103,176,132,72,67,161,111,136,125,110,170
"ko:K07096,ko:K07496",0,4,4,2,2,2,4,4,3,2,6,6,4,7,4,2,1,0,6,2,2,2,6,6
"ko:K07098",306,253,232,229,468,405,381,323,310,363,276,242,258,295,285,270,305,575,352,304,410,411,404,405
"ko:K07100",36,47,38,37,54,57,50,72,39,37,35,39,33,36,29,30,31,15,50,34,40,26,48,54
"ko:K07101",152,121,89,79,160,167,138,108,120,171,126,102,122,120,115,98,99,99,162,181,119,125,146,159
"ko:K07102",202,213,144,143,258,234,207,221,197,222,210,156,185,175,194,191,181,472,222,194,221,201,227,262
"ko:K07104",405,401,276,311,603,507,494,543,412,489,405,381,399,453,469,403,302,348,465,429,437,461,391,490
"ko:K07106",60,74,26,39,100,78,80,76,40,50,48,48,44,60,87,75,51,68,69,79,78,70,73,90
"ko:K07107",331,247,247,214,423,344,336,294,242,330,249,234,311,232,281,257,261,612,354,317,313,339,386,363
"ko:K07107,ko:K12500",2,0,0,0,0,0,0,0,0,0,0,0,0,0,0,0,0,4,0,0,2,0,0,0
"ko:K07110",177,171,128,121,211,142,159,194,158,180,123,142,124,181,154,172,133,118,185,162,159,190,192,174
"ko:K07112",147,145,140,110,224,147,165,174,145,177,134,133,150,157,197,173,132,102,160,169,196,171,165,193
"ko:K07113",22,23,22,19,38,43,28,48,33,25,20,22,30,28,32,20,21,24,33,26,34,45,47,39
"ko:K07114",805,680,548,596,1021,865,788,857,720,968,752,692,649,607,803,688,612,2531,791,822,841,810,911,972
"ko:K07114,ko:K16257",32,20,8,6,16,21,17,22,32,13,27,10,20,24,26,19,9,10,14,12,14,11,12,14
"ko:K07115",158,106,70,88,160,104,123,138,136,167,123,95,134,114,132,91,129,369,108,162,197,156,156,152
"ko:K07117",117,101,110,132,172,169,181,158,161,197,174,108,110,96,133,127,134,282,202,136,132,253,216,144
"ko:K07118",28,24,35,18,22,46,20,29,24,22,24,23,24,28,28,27,11,249,32,20,24,18,30,32
"ko:K07119",451,383,300,313,533,505,413,476,445,563,481,384,399,413,498,349,401,693,502,469,483,482,586,516
"ko:K07120",189,144,91,94,223,163,158,218,166,184,114,130,150,146,150,142,125,106,170,150,198,160,193,185
"ko:K07121",68,64,36,34,101,83,70,94,62,66,66,69,68,61,62,72,45,441,78,76,68,64,90,79
"ko:K07122",16,30,6,8,26,32,20,24,10,20,19,14,12,18,30,16,15,108,24,32,16,8,28,22
"ko:K07124",407,441,318,318,621,518,502,569,414,462,389,362,425,399,432,418,324,615,453,441,536,514,488,544
"ko:K07124,ko:K15734",19,27,26,39,25,32,32,36,32,33,32,22,20,22,21,22,13,35,32,25,32,26,34,34
"ko:K07126",322,281,243,275,379,306,241,312,301,346,275,253,254,256,302,218,219,552,292,342,336,334,354,383
"ko:K07126,ko:K13582",225,172,126,171,290,213,218,227,201,252,199,206,256,206,226,184,187,180,221,242,243,236,289,343
"ko:K07127",42,27,31,23,65,46,50,46,30,48,31,51,40,35,32,49,39,37,41,38,60,36,56,44
"ko:K07127,ko:K16840",70,52,41,46,70,58,77,74,56,58,56,40,39,54,28,46,35,61,74,58,70,63,57,92
"ko:K07130",13,22,8,13,18,23,24,37,26,49,21,12,29,22,22,18,14,14,30,18,20,14,14,30
"ko:K07131",210,172,138,186,260,202,244,238,200,248,188,203,142,184,186,206,202,205,247,259,257,257,270,224
"ko:K07137",233,217,171,180,311,283,249,261,368,300,329,248,239,243,324,250,275,696,292,286,301,282,339,290
"ko:K07140",71,36,32,48,52,60,49,57,43,34,50,63,48,46,38,36,45,45,84,72,66,74,55,108
"ko:K07141",62,52,31,44,40,40,50,34,26,33,36,16,35,34,39,45,33,223,38,45,51,39,42,50
"ko:K07141,ko:K19190",38,34,12,37,69,46,48,56,29,75,44,45,24,58,50,46,41,33,52,48,65,64,47,59
"ko:K07146",123,128,104,127,169,189,161,149,125,146,132,95,108,125,136,139,98,403,176,157,138,177,151,158
"ko:K07147",251,238,187,202,300,281,253,273,266,300,251,246,247,206,236,253,249,529,266,287,276,245,272,303
"ko:K07148",104,81,39,58,91,83,100,82,67,85,70,81,111,81,74,74,69,514,95,90,108,107,83,122
"ko:K07149",26,26,20,24,21,22,29,20,15,27,21,24,19,30,29,17,34,21,22,30,24,28,34,38
"ko:K07150",54,31,26,23,58,39,54,56,44,35,43,34,41,23,26,32,31,21,41,50,30,20,24,42
"ko:K07152",205,161,91,115,208,177,181,166,190,186,155,148,143,167,149,128,135,600,173,188,217,226,175,225
"ko:K07153",55,59,39,29,75,69,69,60,61,62,48,59,55,73,64,43,58,222,72,48,89,64,62,75
"ko:K07154",134,77,68,74,118,108,119,138,124,111,108,68,90,86,123,69,81,71,118,82,126,142,79,134
"ko:K07155",8,2,0,0,30,14,8,10,10,2,0,2,2,6,13,8,4,4,10,2,4,4,4,4
"ko:K07157",71,54,47,49,85,72,80,69,78,67,64,57,79,57,66,42,48,234,63,56,64,48,55,60
"ko:K07160",319,259,218,237,464,385,371,401,298,338,278,273,288,312,312,321,233,419,338,344,387,313,398,411
"ko:K07161",616,677,448,480,907,706,702,693,644,659,573,506,555,534,638,546,527,468,652,562,685,588,605,697
"ko:K07164",89,96,71,64,117,94,99,125,87,94,69,89,56,71,77,85,61,51,116,97,88,105,95,115
"ko:K07165",101,150,70,129,185,197,190,133,123,132,119,148,128,124,150,115,73,1018,142,132,149,132,160,152
"ko:K07171",29,42,17,24,58,45,29,26,13,36,47,39,30,42,41,35,25,161,38,32,22,36,24,42
"ko:K07172",3,2,4,0,2,2,4,4,4,8,2,4,2,1,6,8,7,4,0,0,4,2,1,4
"ko:K07175",1212,1188,921,934,1530,1302,1243,1442,1124,1190,1040,1059,1119,985,1110,1147,891,1405,1329,1359,1278,1237,1248,1327
"ko:K07177",171,156,131,139,243,175,198,222,136,174,184,122,139,142,139,168,180,122,176,183,207,186,197,261
"ko:K07178",227,169,130,169,310,195,227,226,227,263,211,219,216,203,223,185,162,421,257,256,238,249,286,238
"ko:K07180",645,567,441,513,720,613,591,563,617,711,592,550,649,580,636,559,523,470,653,562,606,608,569,608
"ko:K07183",168,176,127,117,178,184,181,176,166,211,157,124,160,131,170,160,142,343,187,181,203,200,181,199
"ko:K07183,ko:K22010",187,214,132,166,259,276,212,225,179,212,180,172,204,164,199,171,175,107,173,131,179,164,158,183
"ko:K07192",140,101,107,93,148,158,123,134,155,159,153,131,103,121,145,140,105,102,162,149,125,157,160,142
"ko:K07213",42,42,32,42,79,57,65,59,39,63,58,36,38,48,46,52,27,36,46,46,42,46,55,69
"ko:K07214",8,4,0,0,9,7,4,0,0,8,2,4,7,10,6,13,0,6,4,2,4,4,8,4
"ko:K07217",360,328,263,267,446,354,316,365,342,356,336,291,316,293,331,377,293,257,410,323,354,324,360,400
"ko:K07219",0,4,6,6,12,6,11,9,11,6,6,9,10,8,6,0,5,9,8,6,2,4,10,7
"ko:K07220",348,294,250,241,416,299,288,387,265,391,283,290,314,251,295,283,249,495,303,339,380,335,326,328
"ko:K07221",228,153,138,133,309,222,193,250,194,246,196,213,197,175,214,164,160,1667,247,232,215,226,245,248
"ko:K07222",671,611,402,440,854,704,714,678,583,609,574,521,644,524,645,639,492,430,676,738,704,663,691,709
"ko:K07223",24,19,14,10,26,40,16,14,18,20,12,20,13,28,15,24,9,9,30,18,20,30,24,14
"ko:K07224",158,124,123,109,197,159,163,170,112,137,134,112,116,140,157,130,116,110,184,163,170,145,158,151
"ko:K07225",41,37,29,49,46,52,32,53,42,42,45,36,42,40,37,36,46,46,49,48,63,45,46,50
"ko:K07226",16,16,7,10,6,6,19,24,19,12,4,11,12,10,17,12,6,8,14,12,17,12,14,22
"ko:K07228",4,4,0,0,8,8,6,0,2,0,2,0,8,6,10,0,0,2,2,0,4,0,4,8
"ko:K07231",132,115,63,62,106,79,112,113,89,82,99,80,73,82,100,58,97,84,100,118,101,121,120,116
"ko:K07232",48,26,28,20,47,20,26,42,23,38,36,16,28,34,28,22,53,38,37,41,50,35,58,39
"ko:K07233",42,32,20,20,28,32,36,56,43,32,20,20,33,30,22,28,26,349,32,37,26,40,42,36
"ko:K07234",26,16,16,18,36,21,27,26,26,21,26,22,26,28,30,22,24,18,18,28,28,32,43,30
"ko:K07238",112,99,88,118,189,155,126,146,138,151,100,121,106,133,132,129,73,87,154,112,167,136,144,152
"ko:K07239",297,255,205,227,399,346,282,293,281,316,373,269,297,339,320,279,232,220,345,262,307,306,363,304
"ko:K07240",591,567,492,488,848,698,664,727,608,738,609,536,537,602,635,543,505,731,636,606,622,636,671,633
"ko:K07241",57,46,44,37,56,80,79,50,31,46,53,55,47,56,53,41,26,31,62,54,33,50,50,48
"ko:K07243",98,85,46,72,107,81,60,90,55,68,58,78,58,46,54,67,79,61,112,108,104,90,83,101
"ko:K07245",8,8,14,15,22,10,10,12,16,12,14,14,6,16,4,10,6,4,14,12,12,16,11,18
"ko:K07246",1113,998,704,797,1419,1149,1155,1089,1089,1277,1111,1046,976,1019,1137,1032,848,777,1152,1060,1129,1098,1109,1181
"ko:K07248",36,33,29,37,38,46,40,26,25,22,33,35,52,40,32,26,23,15,26,42,42,26,36,36
"ko:K07250",847,756,530,606,1003,908,844,847,639,784,655,662,674,703,666,689,607,631,837,832,874,867,790,968
"ko:K07255",41,39,29,35,58,55,40,44,54,59,52,15,50,34,37,42,53,47,32,57,43,40,66,42
"ko:K07258",443,371,298,299,514,478,389,458,389,436,369,339,371,339,420,336,356,693,408,445,470,436,481,504
"ko:K07259",345,331,272,221,392,363,343,327,291,393,289,307,339,290,387,272,278,210,269,254,377,323,361,337
"ko:K07260",69,52,32,36,100,64,57,68,79,58,55,52,57,42,66,50,62,296,68,65,74,76,50,62
"ko:K07261",16,12,10,17,18,12,26,26,6,16,13,10,15,18,12,17,20,15,20,37,28,18,24,34
"ko:K07262",34,20,22,28,24,28,30,26,36,44,47,24,29,14,38,30,21,20,24,32,24,38,24,30
"ko:K07263",513,535,328,429,654,672,623,608,539,566,489,525,521,454,519,552,385,2009,523,541,648,514,595,615
"ko:K07263,ko:K07623",241,224,166,161,312,275,300,261,219,296,202,216,180,245,258,184,150,144,243,239,278,244,258,280
"ko:K07265",22,16,10,14,25,20,26,8,19,28,5,10,16,20,20,22,14,14,20,14,14,18,22,36
"ko:K07273",238,195,146,151,263,250,181,231,209,249,213,194,187,232,224,150,188,395,287,236,245,242,258,299
"ko:K07274",16,27,12,13,24,26,32,26,26,34,28,29,20,20,36,22,17,8,31,22,30,12,49,42
"ko:K07275",40,58,26,32,54,70,62,70,42,52,38,72,52,45,51,60,52,484,54,50,87,75,49,68
"ko:K07276",40,32,34,37,61,59,62,40,38,39,38,30,49,32,26,40,17,256,40,50,42,47,44,36
"ko:K07277",753,624,502,444,888,737,579,685,666,830,613,595,593,588,624,586,655,1400,710,775,766,772,798,874
"ko:K07278",256,208,175,181,261,237,213,242,214,211,214,166,197,201,184,222,201,853,238,244,243,261,256,280
"ko:K07282",2,0,0,2,2,2,2,0,4,6,8,4,6,2,4,4,2,12,0,4,2,0,0,0
"ko:K07284",141,81,109,114,131,135,146,139,118,135,124,103,98,116,117,107,115,106,166,145,140,150,145,177
"ko:K07285",18,14,10,18,21,20,20,20,26,11,22,29,18,23,14,10,10,179,24,22,34,24,21,24
"ko:K07289",232,185,177,163,275,268,215,207,189,210,219,198,203,222,197,210,211,150,218,202,213,288,253,286
"ko:K07290",106,84,74,62,142,126,74,101,98,117,91,58,93,85,97,66,73,647,98,103,120,103,100,128
"ko:K07300",512,468,378,437,709,565,613,521,513,622,529,464,506,500,506,426,390,385,525,476,545,469,478,593
"ko:K07301",68,72,22,26,87,56,57,72,66,60,43,39,32,53,56,48,42,336,72,71,77,68,62,46
"ko:K07302",326,246,210,234,380,362,329,323,288,348,303,298,221,266,289,275,276,391,330,246,319,260,322,322
"ko:K07302,ko:K07303",14,4,6,16,8,22,22,16,10,9,17,6,4,22,24,4,6,17,19,10,18,16,11,12
"ko:K07303",685,635,506,491,791,746,691,682,615,715,651,583,617,551,655,553,538,1196,721,703,765,682,781,788
"ko:K07304",789,638,569,572,870,740,729,748,598,746,613,596,636,609,661,582,537,759,661,684,736,758,746,735
"ko:K07304,ko:K12267",254,187,150,149,278,189,205,212,195,234,194,173,216,139,199,205,191,193,247,212,210,217,175,205
"ko:K07305",692,639,539,514,812,720,733,705,612,702,596,640,604,622,684,574,583,690,681,750,731,701,730,775
"ko:K07305,ko:K12267",13,6,6,5,6,8,6,14,6,14,6,4,4,10,17,12,2,3,8,8,4,7,7,18
"ko:K07313",36,57,46,34,62,62,34,58,52,40,67,47,49,36,26,49,39,35,49,48,71,53,62,78
"ko:K07315",191,152,119,117,197,197,187,192,149,168,139,138,146,145,157,185,137,844,182,140,215,194,180,229
"ko:K07320",77,60,49,30,70,88,74,72,58,76,72,88,68,61,62,56,70,304,59,84,85,84,85,80
"ko:K07321",19,27,24,12,30,28,30,37,44,18,23,37,20,32,23,20,28,34,34,32,34,54,35,36
"ko:K07323",55,46,34,20,56,56,30,54,40,36,36,27,40,28,42,33,35,172,28,46,42,40,54,50
"ko:K07334",42,50,24,60,59,70,34,44,42,50,37,36,40,46,39,48,42,50,69,44,57,32,30,66
"ko:K07334,ko:K21498",4,6,4,2,6,16,10,9,2,8,8,10,11,10,10,4,2,4,10,12,2,6,4,8
"ko:K07335",441,362,310,314,577,486,445,456,409,481,428,330,405,390,426,402,318,293,543,461,535,485,548,479
"ko:K07336",76,72,46,51,103,87,62,87,65,85,63,71,83,64,70,59,57,277,91,72,92,88,74,87
"ko:K07337",10,4,2,2,0,6,0,2,0,4,14,6,2,8,6,4,4,8,6,0,6,0,2,12
"ko:K07338",41,42,40,22,51,49,53,63,26,46,33,25,42,47,34,52,34,28,40,40,66,66,54,52
"ko:K07340",69,64,51,34,88,69,60,65,87,64,56,48,66,96,53,51,57,159,74,72,74,90,59,92
"ko:K07341",12,7,10,13,8,12,8,23,20,9,14,2,8,4,14,6,16,12,16,6,16,20,22,21
"ko:K07343",26,15,4,9,24,21,14,23,19,22,19,11,16,6,17,10,14,11,29,16,28,16,17,25
"ko:K07344",6,10,8,4,10,6,4,10,4,6,12,12,6,8,2,10,4,4,12,10,12,10,10,6
"ko:K07346",24,12,8,18,13,12,6,20,4,22,16,12,26,12,18,20,9,264,29,24,20,35,24,28
"ko:K07347",100,76,60,52,106,98,96,86,61,82,77,64,75,82,76,64,52,738,74,82,100,76,106,123
"ko:K07386",604,584,504,510,916,796,685,675,636,613,515,625,584,567,600,583,550,3477,606,688,766,718,725,806
"ko:K07390",381,340,294,252,465,416,361,407,401,417,367,345,389,322,365,315,325,779,354,342,406,385,431,432
"ko:K07391",996,951,721,682,1315,1207,1098,1082,938,1079,974,808,942,891,1051,934,831,1195,1053,1030,1194,1078,999,1168
"ko:K07393",445,367,300,281,491,467,427,510,367,396,364,350,432,368,392,375,349,310,416,547,401,417,414,499
"ko:K07395",140,122,65,66,133,131,89,106,85,137,123,99,87,114,113,106,120,85,100,112,112,128,94,124
"ko:K07397",42,32,34,37,62,61,59,58,36,51,52,43,28,38,39,51,44,150,96,54,28,71,70,39
"ko:K07399",260,256,168,217,369,324,349,343,220,310,282,269,291,238,301,266,224,179,332,329,334,359,347,377
"ko:K07400",77,59,59,55,99,83,64,65,67,79,49,54,73,59,65,62,82,271,77,89,81,100,87,103
"ko:K07401",101,94,52,58,122,94,82,69,72,101,58,67,89,56,89,78,96,84,87,168,142,113,170,137
"ko:K07402",543,409,383,339,672,608,520,633,452,601,413,391,419,415,468,412,414,617,479,473,560,470,535,557
"ko:K07404",101,76,77,72,121,77,121,102,91,105,77,91,97,65,93,96,66,68,85,95,99,122,102,118
"ko:K07406",340,284,213,253,404,285,272,305,328,313,291,284,278,287,248,297,358,297,254,408,351,340,380,361
"ko:K07407",209,227,148,153,343,230,218,235,212,213,213,189,187,187,179,198,221,182,210,259,243,253,244,292
"ko:K07442",570,475,397,365,727,614,661,616,409,502,493,456,492,513,455,499,384,384,558,648,559,575,530,654
"ko:K07443",14,6,12,14,16,24,16,24,22,18,9,18,12,6,16,12,20,95,8,27,14,26,16,22
"ko:K07444",35,51,31,28,56,62,48,48,49,68,54,34,68,41,37,56,31,27,42,62,34,47,38,58
"ko:K07447",228,239,156,154,316,265,273,317,214,253,198,204,191,254,219,199,196,339,239,205,298,227,227,244
"ko:K07448",38,50,23,40,44,53,53,54,39,45,44,33,41,54,39,39,39,34,58,46,44,44,46,62
"ko:K07452",174,159,135,133,249,212,186,214,118,187,163,160,164,138,189,163,141,779,190,180,174,183,206,226
"ko:K07454",24,26,15,20,35,28,28,22,37,22,18,29,20,14,26,10,22,28,22,24,26,36,24,37
"ko:K07460",146,149,130,126,221,207,191,186,163,192,157,129,162,163,170,145,121,258,230,165,192,182,195,184
"ko:K07461",20,12,13,14,16,24,6,10,8,11,12,18,14,12,4,10,13,229,18,18,20,16,27,16
"ko:K07461,ko:K15460",2,2,2,0,10,8,4,6,2,0,6,0,2,4,6,2,2,2,2,2,2,0,2,6
"ko:K07462",475,452,314,318,714,531,467,501,490,503,429,363,416,387,436,473,428,861,486,528,491,516,550,549
"ko:K07465",66,64,60,59,112,78,76,109,72,79,93,71,75,78,94,33,77,48,105,82,101,140,71,119
"ko:K07473",4,5,4,4,4,8,2,4,0,2,8,2,10,8,6,6,6,4,2,0,4,8,6,6
"ko:K07474",0,0,0,2,6,6,0,0,0,0,2,0,2,2,1,6,0,4,0,2,0,0,4,0
"ko:K07478",1957,1799,1381,1394,2495,2042,2074,2157,1801,2020,1711,1628,1652,1657,1736,1668,1572,1723,2018,1976,2143,1876,1922,2136
"ko:K07480",82,89,71,86,122,120,73,124,105,100,83,96,127,123,113,97,65,43,167,77,77,78,61,88
"ko:K07481",1061,1025,756,802,1312,1168,1198,1134,1122,1324,1193,1068,1109,1074,1168,1126,842,798,1143,1130,1197,1092,1179,1208
"ko:K07482",57,76,41,51,87,72,55,74,68,76,53,73,83,55,57,52,50,81,85,88,82,96,90,116
"ko:K07483",796,687,587,574,916,796,793,811,760,901,712,751,748,702,867,762,661,591,818,705,806,761,731,856
"ko:K07483,ko:K07497",29,36,18,16,46,28,34,30,27,30,28,26,22,39,44,29,32,12,35,28,27,28,26,30
"ko:K07484",977,904,606,765,1266,998,1003,1070,922,1139,950,882,893,954,1023,1018,722,732,1066,924,1005,928,1010,1124
"ko:K07485",137,110,127,126,199,193,176,166,128,169,124,103,140,118,130,131,92,107,184,187,152,118,131,170
"ko:K07486",1347,1360,902,1146,1560,1461,1383,1447,1392,1714,1353,1297,1399,1418,1452,1508,1273,1024,1587,1417,1531,1341,1398,1609
"ko:K07487",462,399,318,340,556,475,472,382,446,563,401,428,490,463,500,402,362,350,501,419,475,446,431,480
"ko:K07491",57,50,50,94,69,50,85,65,77,85,70,66,50,49,49,64,55,80,96,48,83,108,95,112
"ko:K07492",675,580,419,459,843,636,608,712,614,771,670,597,659,616,683,605,521,533,760,636,708,709,624,709
"ko:K07493",1723,1621,1237,1357,2320,1854,1742,1902,1799,2296,1983,1716,1810,1824,1865,1884,1483,1251,1995,1678,1745,1618,1689,1754
"ko:K07494",620,607,436,466,698,673,622,658,631,702,632,572,553,535,613,590,433,420,596,585,586,585,570,722
"ko:K07496",314,272,229,226,330,393,350,397,316,335,258,255,272,229,304,246,386,380,490,417,500,595,567,489
"ko:K07497",2441,2311,1777,2007,2938,2754,2519,2496,2429,2956,2473,2303,2462,2477,2585,2369,2170,2945,2658,2336,2648,2463,2561,2685
"ko:K07498",285,306,306,292,510,381,408,337,356,414,355,282,272,342,365,460,307,232,443,328,297,318,317,328
"ko:K07499",40,21,37,27,40,44,41,49,39,43,49,36,61,39,48,38,36,26,55,42,27,44,40,52
"ko:K07502",61,58,53,42,135,107,71,90,61,68,82,74,52,85,65,88,63,501,76,89,118,81,86,106
"ko:K07503",466,451,360,356,645,503,492,520,387,517,399,456,445,474,415,369,384,331,483,496,431,471,501,537
"ko:K07506",145,136,82,103,194,171,147,163,149,157,116,133,113,134,114,147,122,884,181,150,172,166,182,172
"ko:K07507",54,66,52,48,91,107,51,72,66,74,75,51,74,67,62,55,41,202,98,59,72,87,52,86
"ko:K07516",629,518,433,423,719,669,580,580,654,881,638,517,556,607,556,573,580,1273,617,698,677,606,711,660
"ko:K07518",164,168,91,98,201,168,151,163,181,174,148,139,131,160,158,127,124,661,149,126,163,163,150,147
"ko:K07533",4,2,0,0,22,12,0,4,2,4,2,2,8,14,12,4,2,4,6,2,8,14,12,2
"ko:K07535",157,156,111,110,230,179,163,151,141,157,140,113,126,129,160,133,101,86,152,146,151,108,109,136
"ko:K07536",4,0,2,1,0,1,0,0,4,2,4,2,1,0,4,2,0,2,0,4,2,0,4,0
"ko:K07544,ko:K07749",83,37,55,55,85,88,65,84,40,74,57,60,64,56,58,57,63,50,80,79,62,96,74,84
"ko:K07546,ko:K08299,ko:K15866",12,4,6,8,19,18,10,10,4,6,2,9,10,10,6,12,7,4,10,8,6,6,14,12
"ko:K07552",580,547,473,465,744,681,622,674,600,620,605,540,485,507,627,530,468,840,637,681,714,688,709,683
"ko:K07552,ko:K18552",29,37,32,23,30,52,44,32,30,52,26,26,34,23,25,44,52,40,38,62,43,30,38,40
"ko:K07559",35,32,16,22,48,31,53,58,46,45,54,46,43,40,45,34,46,215,66,43,54,50,60,53
"ko:K07560",182,204,178,171,263,233,222,203,185,193,168,182,187,180,198,172,147,294,226,204,232,187,184,227
"ko:K07566",331,323,266,210,438,370,366,444,302,350,292,291,296,292,304,289,292,434,421,372,363,366,323,426
"ko:K07568",331,313,208,243,460,390,334,393,321,419,329,284,283,250,315,309,257,587,337,409,338,330,338,416
"ko:K07574",74,64,52,67,84,82,72,78,82,109,118,102,96,62,107,80,90,168,87,83,92,94,93,99
"ko:K07576",115,115,113,74,134,137,103,95,130,137,104,125,88,106,105,94,96,494,127,91,127,88,126,116
"ko:K07577",387,387,267,257,459,393,354,388,386,455,351,361,370,317,420,354,331,298,323,409,473,408,411,394
"ko:K07586",28,24,20,10,27,36,13,34,10,30,21,24,18,16,24,12,15,10,36,26,22,16,21,36
"ko:K07588",1135,1051,828,875,1472,1287,1072,1418,1027,1108,982,1010,1012,1046,968,1090,856,728,1219,1120,1149,1166,1120,1222
"ko:K07590",2,0,2,0,2,0,0,2,0,2,2,0,4,2,2,4,2,0,4,0,2,4,2,2
"ko:K07636",268,205,190,160,333,271,233,283,234,237,204,204,221,248,226,210,241,566,257,262,293,250,272,281
"ko:K07636,ko:K07654",567,530,416,394,781,668,615,630,459,569,573,470,509,508,521,517,390,374,619,599,609,671,621,672
"ko:K07636,ko:K07768",27,47,25,42,57,45,52,47,33,50,56,50,33,36,55,30,46,25,47,28,52,32,46,39
"ko:K07637",123,129,78,101,132,111,108,116,89,101,97,91,89,100,115,106,97,502,119,104,168,102,154,131
"ko:K07638",565,492,371,423,600,567,471,564,503,541,497,443,492,488,493,492,429,368,490,484,521,517,494,569
"ko:K07641",145,93,110,96,152,173,161,133,127,163,108,120,131,110,153,106,84,465,175,117,130,115,134,141
"ko:K07642",50,36,24,18,52,48,52,49,28,42,24,52,36,53,46,52,32,38,52,28,40,65,58,47
"ko:K07644",47,46,28,32,65,62,78,48,65,48,58,56,52,46,30,62,44,445,70,68,69,50,47,74
"ko:K07644,ko:K07649",36,43,35,46,68,30,32,46,43,54,47,29,40,48,57,54,48,26,46,65,62,82,49,62
"ko:K07646",639,610,406,519,806,706,729,743,612,673,621,508,632,499,664,682,563,1246,759,721,788,682,771,767
"ko:K07647,ko:K07678",29,27,21,11,44,27,26,45,22,13,17,19,19,18,26,20,20,11,18,8,23,26,21,33
"ko:K07649",279,243,189,163,362,291,279,292,285,354,310,243,256,280,272,262,216,590,386,294,318,333,303,316
"ko:K07651",0,0,0,0,0,0,2,0,0,0,0,0,3,8,0,0,0,2,2,0,2,0,0,0
"ko:K07653",99,102,78,74,144,177,118,146,78,134,130,136,115,103,128,130,91,163,148,128,133,158,144,149
"ko:K07654",69,60,57,58,114,87,60,99,54,86,87,70,50,57,48,60,82,71,99,90,117,119,100,93
"ko:K07655",163,192,114,139,188,163,162,161,120,175,143,156,138,100,143,116,131,112,159,156,179,143,154,177
"ko:K07657",871,680,504,497,976,846,713,778,750,857,766,778,726,719,728,680,565,880,805,758,897,741,827,904
"ko:K07658",2,5,0,2,6,0,2,2,2,6,4,4,4,2,2,2,2,6,4,2,6,0,6,4
"ko:K07659",88,67,63,62,112,71,84,68,70,87,87,68,70,58,69,61,55,71,76,92,108,79,90,72
"ko:K07660",67,70,52,69,84,103,69,76,77,88,81,70,86,106,50,65,67,498,81,101,114,91,117,88
"ko:K07663",138,99,70,93,153,103,125,158,123,155,129,111,103,144,159,143,117,326,124,139,129,111,153,141
"ko:K07664",2,0,0,2,6,2,0,2,2,0,1,2,2,2,6,2,0,0,2,0,2,6,6,2
"ko:K07665",57,40,36,49,66,59,50,72,62,63,57,46,56,50,47,59,58,246,65,45,50,53,50,62
"ko:K07666,ko:K07771",2,2,0,7,4,0,4,4,4,2,6,6,10,2,2,6,4,2,5,0,5,0,1,4
"ko:K07667",255,218,208,199,295,313,224,285,274,244,222,253,200,193,217,235,205,393,249,250,308,217,287,266
"ko:K07669,ko:K07672",568,494,394,414,652,533,613,630,459,469,436,412,453,425,448,480,392,364,536,512,554,487,490,568
"ko:K07670",547,510,375,362,652,557,551,623,410,472,388,459,406,397,456,405,381,361,516,543,597,571,583,606
"ko:K07671",89,33,49,64,74,65,72,87,52,67,56,67,49,46,80,48,40,34,53,72,55,54,64,66
"ko:K07675",124,127,76,77,124,144,138,129,101,124,123,85,105,116,134,116,87,69,154,128,109,123,128,119
"ko:K07677,ko:K20974",153,115,104,100,178,161,116,130,126,135,124,106,113,115,133,110,113,1535,136,108,148,138,131,148
"ko:K07680",2,6,2,6,4,6,2,6,0,4,4,0,6,6,6,2,2,0,0,0,2,0,2,10
"ko:K07682",34,24,13,16,48,41,30,26,24,24,28,16,32,36,42,34,20,24,12,14,38,24,30,14
"ko:K07684",279,251,198,229,379,295,311,317,197,338,249,234,278,260,271,289,204,167,317,266,288,261,301,298
"ko:K07685",12,12,4,12,8,8,6,21,6,8,14,10,4,6,14,8,9,13,14,12,6,12,10,19
"ko:K07689",44,16,24,14,37,34,36,40,30,38,21,26,22,26,36,18,20,401,36,40,25,33,46,46
"ko:K07690",16,26,17,15,28,32,16,32,16,23,22,12,19,22,20,24,15,12,30,26,28,40,20,48
"ko:K07691",2,2,0,4,10,12,2,18,4,4,2,4,6,4,8,8,2,4,4,2,4,6,5,6
"ko:K07693",150,166,135,88,237,164,181,222,148,185,140,145,168,154,171,164,117,305,186,198,150,164,173,252
"ko:K07696",8,7,4,0,10,24,14,4,6,11,11,5,22,6,10,8,5,4,0,10,9,4,6,4
"ko:K07708",571,539,395,432,601,633,521,558,555,634,558,492,563,469,536,491,472,725,544,587,599,526,613,626
"ko:K07711",22,36,14,22,46,40,40,31,18,28,38,30,34,23,29,39,40,20,26,37,32,32,39,43
"ko:K07712",993,858,667,738,1189,1097,985,1036,1004,1122,938,939,945,902,929,825,820,1189,908,883,946,917,1018,1070
"ko:K07714",6,16,14,12,14,14,22,18,13,18,19,10,8,12,18,12,10,8,24,16,12,14,8,10
"ko:K07715",120,84,83,61,123,77,68,80,80,139,82,58,107,73,74,102,80,68,84,68,85,75,78,74
"ko:K07716",301,366,248,227,420,382,324,336,317,326,345,279,265,248,324,271,254,269,337,383,379,346,384,383
"ko:K07717",2,2,0,4,24,4,8,18,4,4,9,10,14,10,12,4,6,8,6,8,2,8,12,10
"ko:K07718",4,0,0,2,6,6,2,2,0,4,4,0,0,0,6,4,4,0,6,4,2,6,2,2
"ko:K07719",4,4,2,0,6,4,2,2,2,4,2,0,6,0,2,2,2,4,0,4,2,2,6,4
"ko:K07721",9,8,11,4,2,8,14,4,12,6,7,9,12,14,6,10,9,12,7,9,10,0,8,2
"ko:K07722",20,6,2,12,24,14,20,18,17,38,27,28,20,15,26,18,10,12,14,10,12,12,10,12
"ko:K07726",3,4,0,2,4,4,6,2,6,6,8,5,8,2,0,0,4,0,2,3,2,10,4,6
"ko:K07727",245,179,140,147,250,214,246,209,164,180,168,170,210,157,182,201,108,183,198,222,177,180,187,203
"ko:K07729",61,64,51,56,73,78,87,72,76,81,67,62,45,58,60,57,35,67,65,77,90,71,67,79
"ko:K07733",8,6,12,6,14,10,16,0,6,3,10,11,6,4,12,2,6,6,12,14,2,12,14,6
"ko:K07734",83,85,48,56,99,110,79,66,79,82,57,54,64,58,54,39,48,215,56,83,69,84,68,74
"ko:K07735",291,236,195,181,355,286,293,279,276,286,235,198,215,280,224,250,202,372,285,259,315,259,296,350
"ko:K07736",934,813,678,684,1072,888,857,923,705,776,829,703,782,738,828,715,708,623,860,853,963,837,899,862
"ko:K07738",764,624,449,509,962,759,703,796,618,752,640,618,684,662,678,649,565,762,661,630,727,634,671,751
"ko:K07742",81,78,65,57,106,83,95,95,73,75,76,81,116,87,94,85,112,98,89,101,110,95,125,88
"ko:K07746",33,44,17,22,14,29,21,32,35,43,20,20,32,29,30,32,30,25,28,34,45,26,36,28
"ko:K07749",1786,1605,1258,1338,2294,1894,1836,1825,1813,1923,1570,1474,1610,1721,1735,1676,1382,1257,1791,1738,1988,1632,1698,1969
"ko:K07749,ko:K18313",126,129,109,95,191,139,130,171,108,149,132,94,113,112,120,104,82,72,123,101,125,113,106,148
"ko:K07749,ko:K18702",8,12,2,6,10,8,7,8,9,6,10,16,10,8,10,2,4,10,8,5,9,7,14,2
"ko:K07755",198,196,165,182,297,298,226,311,196,251,197,198,190,205,256,207,154,129,230,203,258,201,184,241
"ko:K07768",323,288,240,246,476,340,379,381,270,337,299,334,293,276,285,309,223,223,381,344,426,348,350,374
"ko:K07774",58,51,44,50,90,68,74,61,54,54,59,46,74,50,38,50,52,227,61,64,66,72,77,56
"ko:K07776",395,438,345,344,565,529,496,522,372,451,367,406,363,350,407,360,336,271,436,467,428,458,443,416
"ko:K07777",4,6,4,0,12,4,6,6,6,6,5,6,6,2,9,2,4,9,6,4,2,0,6,0
"ko:K07778",126,107,77,94,177,130,135,147,109,148,119,87,150,115,133,108,85,475,136,120,123,147,133,134
"ko:K07782",17,8,8,8,24,4,10,8,16,8,22,12,10,6,16,4,16,14,12,8,10,10,12,27
"ko:K07782,ko:K15852",8,3,1,0,4,1,2,5,4,3,0,0,2,2,2,6,2,4,0,0,2,3,2,0
"ko:K07787",449,407,313,288,480,366,428,406,483,527,489,418,344,387,377,348,306,268,389,347,386,375,404,434
"ko:K07788",298,286,207,227,361,339,308,281,307,338,324,238,262,316,287,279,236,232,303,266,310,338,337,358
"ko:K07788,ko:K07789",32,25,27,25,27,54,36,41,33,26,39,37,27,18,31,28,29,40,55,24,26,43,55,20
"ko:K07788,ko:K21133",131,111,103,86,211,172,164,125,80,180,144,151,125,102,153,131,97,958,166,138,172,132,154,174
"ko:K07789",86,106,69,73,132,125,111,97,69,108,91,89,83,104,106,83,72,68,105,108,101,89,111,106
"ko:K07792",123,90,89,93,163,102,124,148,99,96,126,109,95,93,96,136,72,104,116,129,134,108,102,147
"ko:K07793",3993,3748,2942,3103,5191,4307,4385,4559,3787,4506,4028,3461,3835,3636,3954,3753,3182,3028,4321,4013,4532,3852,4116,4447
"ko:K07794",122,119,69,99,170,95,95,143,132,125,89,87,109,96,99,107,116,108,113,108,141,131,157,155
"ko:K07795",789,739,459,600,921,772,746,745,746,893,720,694,667,743,744,680,694,574,743,715,803,755,828,860
"ko:K07798",0,12,2,3,7,6,4,0,2,0,8,4,4,6,14,6,4,0,4,6,4,2,8,2
"ko:K07799",30,32,18,22,64,40,46,64,18,30,24,16,36,39,34,24,33,18,36,38,64,30,45,41
"ko:K07804",0,2,8,2,4,3,4,6,4,2,4,2,0,0,0,0,2,0,0,8,4,0,0,0
"ko:K07812,ko:K08351",61,63,51,34,82,59,63,69,71,62,54,60,48,48,70,56,56,41,84,55,70,56,56,102
"ko:K07814",43,47,32,37,58,44,51,54,50,45,42,61,14,38,44,27,44,24,42,41,46,26,39,36
"ko:K07816",35,75,44,48,82,67,64,36,46,66,31,60,46,36,48,41,40,22,45,73,47,38,58,58
"ko:K07823",156,196,134,171,219,227,218,256,167,185,163,213,181,171,183,174,126,132,177,181,170,167,214,191
"ko:K07979",52,67,37,57,102,58,63,84,71,82,70,65,60,66,75,51,64,184,94,83,100,66,81,108
"ko:K08070",43,59,57,39,75,59,47,52,65,54,47,49,69,58,61,41,45,38,58,52,50,56,45,76
"ko:K08081",100,92,44,83,123,100,113,128,80,110,98,79,110,92,65,66,67,359,103,152,136,120,120,116
"ko:K08082",144,106,88,115,171,150,164,157,147,194,119,129,143,123,161,149,123,473,199,154,197,140,134,168
"ko:K08083",121,88,85,104,146,113,108,136,134,135,162,152,91,145,144,120,93,335,145,133,158,122,165,188
"ko:K08084",38,22,26,28,46,36,30,24,24,28,14,26,16,24,30,39,14,348,44,50,38,39,23,32
"ko:K08086",196,204,130,120,242,182,239,187,193,188,177,142,182,183,183,190,158,641,196,241,224,194,191,243
"ko:K08093",4,4,0,0,21,7,2,4,2,2,6,2,10,8,5,4,2,0,10,2,0,4,2,4
"ko:K08094",0,4,0,0,14,6,6,4,0,0,2,4,4,6,4,8,6,2,0,2,4,2,6,0
"ko:K08095",72,70,43,52,67,57,59,52,54,48,44,56,60,44,72,58,42,44,54,62,69,47,74,49
"ko:K08139",152,110,91,94,138,159,105,140,112,115,94,98,96,93,109,90,77,111,117,126,121,166,119,164
"ko:K08139,ko:K13854",66,52,50,69,98,74,84,58,60,96,72,54,63,86,77,63,64,74,62,84,68,57,87,69
"ko:K08151",158,130,113,103,203,172,187,176,123,169,155,134,153,140,139,135,138,509,206,203,169,196,216,178
"ko:K08161",23,18,24,26,29,20,24,22,24,27,26,10,22,30,24,22,22,39,38,34,45,20,24,46
"ko:K08162,ko:K08226,ko:K16211",56,56,40,48,60,58,55,50,50,62,54,59,58,49,48,42,23,436,58,54,56,48,58,72
"ko:K08164",6,0,4,0,18,4,6,6,2,4,2,2,10,15,12,4,0,2,2,2,2,4,10,2
"ko:K08166",22,18,12,14,20,18,30,14,14,8,6,10,8,10,10,14,7,10,12,10,23,20,10,22
"ko:K08167",450,428,344,322,602,584,486,599,456,448,438,352,351,424,466,423,357,357,505,441,468,496,485,497
"ko:K08169",149,137,107,121,206,140,137,170,135,119,116,98,105,112,154,114,126,127,187,123,215,146,159,176
"ko:K08173",70,64,48,40,89,74,83,77,44,52,57,60,60,54,70,36,50,47,50,62,50,90,56,38
"ko:K08177",117,97,84,79,163,112,96,117,70,107,87,76,95,97,88,101,107,106,141,108,144,130,113,144
"ko:K08178",24,12,12,12,26,21,12,16,14,26,23,14,15,13,14,12,25,11,14,20,16,12,16,14
"ko:K08191",36,27,33,26,48,40,40,35,21,54,41,20,50,37,42,42,30,40,45,48,72,42,54,46
"ko:K08194",35,24,14,20,56,33,39,34,29,15,23,12,24,26,24,23,20,10,24,21,24,24,26,32
"ko:K08217",89,104,58,74,99,76,96,83,80,66,88,63,70,69,69,61,68,70,88,100,86,74,75,86
"ko:K08218",164,150,126,151,236,171,148,167,147,184,173,134,174,142,166,140,135,454,175,137,189,165,157,176
"ko:K08221",0,0,0,0,0,0,0,2,4,0,2,2,2,0,4,0,0,0,0,0,0,2,0,0
"ko:K08223",235,197,165,179,319,264,242,203,181,216,273,174,256,166,188,226,207,529,220,252,248,248,237,233
"ko:K08224",190,167,144,147,253,209,178,212,175,172,176,144,148,167,175,171,153,145,249,197,224,215,215,216
"ko:K08225",250,224,174,221,372,255,245,312,209,211,217,234,223,223,220,224,187,176,254,257,258,231,326,262
"ko:K08234",311,324,231,250,426,373,341,307,295,278,268,289,266,289,244,264,224,342,353,296,274,283,279,342
"ko:K08256",90,104,68,91,142,132,139,107,103,123,114,97,97,103,106,122,110,125,146,113,129,129,122,112
"ko:K08261,ko:K21620",96,69,48,54,99,73,72,84,51,79,68,56,62,73,77,85,80,68,73,81,102,63,86,115
"ko:K08281",181,160,135,147,245,238,189,201,199,199,158,148,155,190,189,156,144,147,227,192,205,202,207,190
"ko:K08282",73,56,45,35,92,81,74,76,62,65,52,56,61,55,69,66,42,40,66,55,54,63,65,70
"ko:K08282,ko:K13419",10,10,11,7,12,9,18,21,19,13,22,5,8,15,20,14,13,8,12,22,12,16,25,26
"ko:K08289",164,167,102,154,246,205,217,226,187,191,200,155,166,164,139,185,171,500,223,197,205,192,177,227
"ko:K08295",402,370,287,285,549,466,447,455,348,454,348,363,422,323,379,397,328,291,419,356,427,413,428,446
"ko:K08296",71,61,68,55,73,83,72,78,76,82,83,75,68,63,61,77,47,41,54,75,117,92,104,92
"ko:K08299",131,123,109,134,185,172,130,141,138,134,122,114,173,136,129,157,103,91,159,129,172,132,169,164
"ko:K08300",1438,1208,979,1055,1734,1397,1328,1365,1318,1608,1269,1296,1339,1208,1303,1306,1202,2048,1298,1354,1607,1438,1498,1545
"ko:K08300,ko:K08301",1089,1023,798,821,1394,1229,1098,1293,920,1034,894,852,932,878,1034,888,864,732,1107,1136,1114,1128,1030,1126
"ko:K08301",593,482,404,443,710,575,581,531,662,728,597,535,487,492,589,468,483,922,591,562,585,543,563,591
"ko:K08303",83,32,47,69,91,84,77,76,94,97,94,88,107,64,72,78,41,37,88,64,56,83,83,64
"ko:K08304",127,99,66,76,128,84,82,87,85,96,87,91,97,88,104,93,79,85,76,112,131,117,136,91
"ko:K08305",192,166,120,110,194,196,137,151,156,210,151,124,166,144,209,154,135,502,195,158,184,194,215,230
"ko:K08307",248,182,170,193,324,260,221,236,259,279,227,203,244,198,245,237,218,991,240,238,257,234,285,264
"ko:K08307,ko:K12204",16,20,22,16,46,22,28,25,12,23,20,18,18,29,22,32,6,12,29,26,26,16,8,22
"ko:K08309",287,272,175,219,329,338,293,312,260,339,256,243,278,274,271,240,288,845,310,311,344,336,374,397
"ko:K08310",38,44,28,18,57,46,45,66,42,52,53,36,43,42,49,37,38,32,34,33,34,61,53,48
"ko:K08311",108,98,61,75,123,112,97,107,96,118,112,119,79,109,88,83,110,281,88,81,120,118,109,152
"ko:K08312",34,30,28,18,58,21,26,34,29,31,34,18,26,38,40,22,38,223,36,38,54,45,52,42
"ko:K08316",300,253,193,203,382,309,268,331,219,313,274,246,257,243,265,251,199,367,283,277,292,303,256,306
"ko:K08317",2,6,4,0,12,12,10,4,4,2,0,8,14,16,10,6,0,2,0,0,4,8,12,4
"ko:K08319",11,6,8,0,19,14,6,16,6,8,16,18,14,10,10,12,14,10,6,14,14,12,21,26
"ko:K08321,ko:K11645",6,4,2,4,3,3,4,3,2,4,6,2,7,4,4,2,2,0,8,0,4,2,4,7
"ko:K08321,ko:K11645,ko:K18287",58,42,24,51,71,42,52,61,62,36,54,43,54,52,45,46,27,58,64,68,66,52,60,55
"ko:K08323",143,111,80,101,152,154,143,187,109,121,130,110,127,103,78,131,106,98,165,181,208,155,165,152
"ko:K08325",20,22,14,32,48,34,36,26,30,35,36,30,25,40,20,30,16,16,32,45,32,30,38,34
"ko:K08351",58,52,31,30,55,52,45,45,51,53,42,39,37,54,62,51,32,54,60,71,64,71,46,60
"ko:K08355",18,20,16,19,21,24,24,24,37,22,19,11,16,18,18,18,14,13,26,29,16,14,18,26
"ko:K08358,ko:K21308",32,23,44,23,37,38,33,31,29,38,31,44,27,26,34,22,27,29,47,33,28,33,34,32
"ko:K08365",24,20,12,12,32,30,26,15,30,13,25,18,10,21,21,28,32,19,28,20,19,36,48,40
"ko:K08369",130,124,103,99,176,172,117,156,101,126,86,134,127,135,129,104,98,90,190,128,136,137,147,174
"ko:K08372",393,318,238,295,597,462,453,455,363,437,394,365,345,339,397,315,265,277,415,442,426,382,452,476
"ko:K08481",14,2,10,4,12,6,14,18,12,13,18,9,9,8,8,6,7,4,16,6,14,12,4,9
"ko:K08482",293,281,215,216,375,268,273,284,244,287,292,234,273,215,259,256,189,216,293,262,281,277,286,300
"ko:K08483",440,383,291,309,567,502,413,545,413,459,387,382,415,400,357,409,340,872,562,495,451,491,473,528
"ko:K08484",860,758,572,668,1074,911,820,983,779,834,795,747,743,807,828,739,699,752,848,901,953,863,870,1049
"ko:K08591",139,137,116,96,199,167,135,139,133,154,142,104,122,123,137,96,110,259,144,128,145,148,163,218
"ko:K08591,ko:K19159",4,6,4,2,4,4,4,2,0,2,1,7,2,1,4,6,2,2,4,6,2,6,6,6
"ko:K08602",566,488,385,363,640,531,521,567,486,542,467,452,596,437,516,492,424,448,497,571,622,582,549,623
"ko:K08603",29,19,21,24,35,30,32,10,14,10,16,29,10,25,20,20,18,30,24,39,32,35,28,26
"ko:K08641",17,34,17,21,46,12,23,20,22,22,26,10,22,22,29,18,12,236,36,30,38,16,34,28
"ko:K08642",24,17,26,24,38,26,22,36,24,27,24,22,22,22,37,45,32,340,28,28,44,22,39,43
"ko:K08646",53,58,33,51,88,69,76,91,65,71,64,57,74,63,87,62,44,718,80,68,97,80,58,95
"ko:K08676",300,265,200,267,364,355,330,325,235,247,280,264,292,218,248,298,238,244,385,303,329,374,322,379
"ko:K08678",283,243,182,187,275,274,302,269,234,384,251,267,238,230,305,291,178,188,239,241,256,264,235,267
"ko:K08679",252,202,151,205,260,238,204,244,194,216,248,193,164,206,195,198,182,503,247,247,233,221,263,259
"ko:K08681",180,196,121,166,285,207,233,267,187,192,174,200,156,163,213,153,159,135,162,233,224,205,209,229
"ko:K08691",1148,1139,826,846,1565,1242,1206,1327,912,1057,966,962,1064,1014,1040,908,731,645,1001,1010,1132,1010,953,1099
"ko:K08717",6,14,2,6,20,12,6,20,10,14,10,10,10,14,20,6,7,6,14,10,16,14,12,10
"ko:K08738",165,165,153,138,257,174,215,211,209,240,197,200,223,181,199,200,157,168,213,206,239,221,221,217
"ko:K08884",112,49,49,59,133,117,102,93,74,101,56,87,102,89,61,77,76,82,111,97,95,123,59,102
"ko:K08884,ko:K12132",1464,1366,922,1044,1947,1774,1645,1716,1375,1475,1328,1317,1388,1391,1328,1298,1075,1150,1482,1472,1516,1431,1441,1564
"ko:K08963",339,338,244,268,472,374,409,390,370,395,336,337,405,388,355,347,320,531,382,367,371,430,376,379
"ko:K08964",34,42,43,40,86,72,42,55,45,47,62,31,43,55,70,48,73,259,60,40,74,56,90,68
"ko:K08967",58,57,36,42,61,48,47,55,56,35,48,54,67,54,64,56,59,241,54,56,66,78,71,76
"ko:K08968",49,48,43,21,71,66,74,76,67,62,49,49,67,48,60,60,47,235,70,77,90,90,58,72
"ko:K08970",104,101,87,81,145,136,104,128,116,128,103,149,86,129,109,123,112,100,120,108,136,165,156,148
"ko:K08972",77,59,52,69,98,76,77,76,65,80,51,76,56,66,70,71,60,58,79,84,63,66,74,108
"ko:K08973",118,98,98,92,95,114,80,93,105,134,89,99,98,103,133,100,81,185,114,117,133,98,117,91
"ko:K08976",2,2,0,4,0,4,0,2,2,5,8,4,6,8,2,2,2,6,6,8,4,4,2,2
"ko:K08981",155,174,115,130,246,182,182,176,165,148,177,149,171,146,179,156,170,593,179,145,188,211,177,179
"ko:K08982",13,6,3,2,22,8,10,10,8,10,4,6,15,4,8,6,14,6,10,9,21,2,14,19
"ko:K08983",40,34,24,38,54,24,40,34,38,25,42,29,32,16,24,38,25,152,28,28,36,37,59,47
"ko:K08984",22,20,16,20,40,36,32,38,32,36,26,24,22,18,34,26,27,183,42,21,32,32,30,28
"ko:K08987",120,98,97,107,134,107,127,144,73,122,96,94,106,105,99,93,83,207,110,122,126,121,112,123
"ko:K08988",10,8,10,14,18,14,10,14,6,10,12,14,12,10,16,4,6,12,18,10,12,8,14,14
"ko:K08989",53,56,35,39,67,80,74,56,61,70,37,52,62,80,53,55,41,185,68,47,60,48,76,69
"ko:K08990",123,94,60,119,142,116,126,117,120,128,107,93,114,88,127,107,101,91,121,134,165,140,108,167
"ko:K08995",12,26,12,8,8,10,14,8,8,15,9,8,15,10,14,10,9,14,10,8,11,18,8,4
"ko:K08997",123,137,103,101,169,161,130,135,155,118,152,96,100,135,130,149,131,110,145,137,126,167,137,162
"ko:K08998",94,97,74,83,133,96,80,85,88,109,108,77,73,93,68,79,84,61,115,82,88,110,90,85
"ko:K08999",555,577,392,490,689,563,581,621,421,599,489,438,511,410,567,480,447,340,487,456,468,452,465,483
"ko:K09001",214,184,98,169,246,219,201,190,172,158,172,166,197,150,197,156,176,535,168,211,257,183,246,214
"ko:K09003",128,127,123,113,177,166,133,172,148,202,131,124,142,96,147,144,109,154,133,160,163,143,145,186
"ko:K09005",32,34,41,30,65,71,38,56,42,36,30,31,44,30,52,16,37,141,56,38,49,62,64,60
"ko:K09007",135,154,98,102,233,152,132,141,176,161,151,163,144,146,125,130,116,388,150,151,126,158,118,138
"ko:K09009",156,114,111,120,180,177,165,183,138,133,117,130,103,109,124,146,120,91,186,146,147,120,139,201
"ko:K09011",14,12,14,6,8,22,14,26,13,24,16,14,12,15,20,12,20,42,26,18,8,12,4,12
"ko:K09013",1302,1161,923,908,1574,1184,1210,1323,1080,1212,1092,1055,1042,1049,1120,924,939,1078,1113,1157,1184,1058,1169,1207
"ko:K09014",3172,3004,2318,2346,3782,3087,2982,3154,2706,3238,2628,2770,2680,2546,2774,2444,2321,2464,2866,2731,2788,2644,2873,3078
"ko:K09015",633,514,383,406,768,643,598,633,561,641,527,494,497,512,507,504,409,776,551,540,670,606,568,617
"ko:K09017",262,220,154,192,306,284,245,224,235,311,211,210,228,200,272,196,194,201,267,247,296,295,222,223
"ko:K09018",19,19,16,13,17,12,12,19,15,26,11,10,27,20,12,14,23,19,20,17,24,14,24,33
"ko:K09019",113,93,98,57,127,82,100,129,86,126,93,80,123,89,138,99,82,293,120,141,144,124,130,140
"ko:K09020",82,53,45,43,69,47,51,61,59,88,56,54,74,46,62,59,70,44,78,59,86,47,86,66
"ko:K09021",6,5,0,4,9,4,2,8,4,8,4,5,8,2,7,6,8,8,0,6,8,4,6,10
"ko:K09021,ko:K15067",16,9,15,9,24,11,10,19,18,8,18,12,16,14,13,14,21,18,20,15,10,18,10,12
"ko:K09022",129,119,85,96,183,140,122,151,130,148,123,110,115,135,123,123,106,59,143,140,121,102,136,124
"ko:K09023",40,18,10,12,28,26,26,34,20,30,24,15,34,28,40,21,35,27,40,24,36,44,27,31
"ko:K09024,ko:K13786",8,4,2,6,10,6,6,4,7,6,7,0,8,2,4,10,10,5,24,16,8,30,24,0
"ko:K09065",67,78,76,82,160,88,72,94,89,141,79,88,82,72,90,98,107,397,115,120,123,122,156,146
"ko:K09065,ko:K13043",18,6,17,10,14,24,17,12,22,30,12,26,28,34,28,22,18,25,30,21,37,8,21,24
"ko:K09117",159,174,95,153,270,149,167,158,157,197,146,136,154,155,147,134,121,299,195,165,182,206,179,210
"ko:K09118",537,497,431,426,689,637,527,610,548,538,495,533,470,486,544,524,434,436,635,603,564,563,546,676
"ko:K09121",14,13,8,8,16,10,23,11,22,15,11,10,14,12,6,14,9,5,12,7,12,12,19,16
"ko:K09122",14,24,22,30,18,32,22,8,20,17,29,17,28,27,32,18,16,35,40,16,26,32,28,29
"ko:K09123",34,12,18,9,16,22,14,24,17,24,10,23,19,23,24,10,11,22,20,18,25,24,22,14
"ko:K09125",205,203,187,186,313,249,209,220,255,232,179,231,211,201,205,169,181,405,218,230,281,247,295,264
"ko:K09128",20,16,12,12,40,27,30,16,10,20,17,18,4,21,18,15,15,27,16,24,26,16,20,30
"ko:K09136",217,157,153,161,255,231,228,229,171,237,186,197,232,177,179,202,188,978,268,223,301,246,226,287
"ko:K09137",16,12,10,24,24,31,28,19,10,18,14,13,12,12,18,13,8,13,26,16,15,28,20,14
"ko:K09145",30,14,6,15,34,22,12,37,20,32,8,12,24,10,12,11,14,20,33,26,30,36,40,20
"ko:K09153",6,11,7,12,18,9,4,16,16,14,8,9,12,8,10,8,17,16,8,12,18,16,4,14
"ko:K09154",4,4,7,1,10,8,2,10,4,4,10,6,9,8,4,6,10,2,9,13,9,12,16,12
"ko:K09158",2,8,4,6,6,8,4,13,10,12,9,2,6,8,5,8,4,112,7,9,16,7,11,17
"ko:K09159",57,53,38,44,63,49,50,59,35,55,41,26,53,35,48,30,40,128,49,62,85,74,54,55
"ko:K09160",31,24,24,28,57,44,46,37,36,38,36,24,32,16,20,24,32,23,29,36,34,36,43,33
"ko:K09163",4,6,2,7,8,6,6,6,8,8,0,5,4,4,2,0,3,1,8,6,6,1,11,6
"ko:K09164",100,59,79,55,147,107,119,108,81,70,86,78,86,52,103,102,61,658,120,120,105,126,98,108
"ko:K09165",179,166,156,142,251,231,184,269,210,193,170,150,156,184,187,181,132,200,183,220,176,197,209,209
"ko:K09166",0,0,0,4,8,5,4,8,0,0,2,0,2,6,2,2,0,2,2,0,0,2,2,6
"ko:K09167",133,105,109,110,204,144,163,126,108,156,140,102,124,136,128,156,93,275,147,135,154,159,168,133
"ko:K09181",528,529,357,396,728,567,538,561,453,547,473,418,482,435,483,463,379,366,454,513,548,500,525,470
"ko:K09190",2,2,2,0,6,12,2,3,6,2,2,6,10,6,6,2,0,6,8,4,0,2,4,4
"ko:K09386",220,159,113,133,207,193,147,158,130,197,161,125,166,139,164,136,126,168,219,139,223,168,180,232
"ko:K09456",892,838,653,668,1266,1002,963,1096,826,987,792,817,924,850,886,818,775,1198,1012,978,1025,939,995,1107
"ko:K09457",228,197,152,143,252,207,180,214,181,228,219,156,177,202,214,199,207,183,202,242,214,251,183,244
"ko:K09458",2428,2153,1736,1769,3194,2600,2475,2706,2081,2634,2214,2038,2105,2165,2304,2274,1932,2185,2381,2347,2535,2400,2389,2568
"ko:K09458,ko:K11609",139,109,89,101,132,122,156,125,103,128,114,95,103,146,101,85,107,145,139,154,117,117,134,110
"ko:K09458,ko:K14660",4,6,2,5,4,4,3,4,2,2,1,10,2,0,0,0,0,0,0,4,0,2,2,0
"ko:K09459",34,31,20,19,34,17,31,26,21,29,16,17,28,16,41,26,13,28,17,18,16,16,16,30
"ko:K09461",497,485,328,362,674,543,473,552,398,486,436,439,473,372,487,470,399,364,480,550,447,545,440,483
"ko:K09471",82,72,62,41,90,86,66,71,67,72,70,44,72,45,58,72,50,492,62,92,94,83,92,93
"ko:K09472",241,200,141,162,282,218,261,255,193,226,223,201,183,205,214,171,194,189,238,241,272,271,262,309
"ko:K09472,ko:K12254",54,37,22,46,82,68,63,54,43,68,49,43,54,45,43,41,30,43,56,50,46,60,46,65
"ko:K09474",44,36,29,14,50,47,22,30,22,26,53,33,23,37,53,32,30,51,34,35,26,44,36,63
"ko:K09681",34,34,34,52,74,49,55,51,37,62,42,35,32,39,44,50,40,38,49,47,70,64,47,64
"ko:K09684",273,195,180,142,354,283,281,257,217,243,183,192,175,193,291,211,195,150,254,229,273,265,250,265
"ko:K09685",2,2,4,2,8,4,8,6,2,6,0,2,4,4,2,2,2,8,6,2,0,6,6,4
"ko:K09690",68,35,32,45,62,49,46,58,44,71,47,38,65,52,58,44,31,26,41,34,44,43,50,43
"ko:K09691",14,20,16,8,15,14,10,6,18,18,28,26,20,4,17,2,19,18,10,13,17,12,14,16
"ko:K09692",80,83,74,56,134,104,99,111,78,72,76,71,66,110,94,70,70,66,127,136,141,132,112,134
"ko:K09693",86,79,58,70,95,86,89,85,74,82,78,80,72,60,74,60,93,82,131,102,131,139,131,115
"ko:K09694",337,314,229,230,427,336,353,334,274,292,275,264,257,265,303,276,209,179,318,324,276,290,324,328
"ko:K09695",477,456,428,364,718,589,502,629,420,496,418,471,431,453,453,436,384,295,504,485,507,424,482,553
"ko:K09696",62,40,52,35,90,74,69,73,71,77,65,71,70,48,45,82,55,361,74,90,80,70,91,96
"ko:K09697",83,77,49,56,109,101,104,96,88,96,114,82,103,63,85,72,92,305,91,80,122,95,90,81
"ko:K09698",6,2,6,6,16,16,6,10,8,10,0,10,22,10,10,20,4,8,6,4,14,18,10,6
"ko:K09699",132,115,93,90,135,116,118,119,94,135,100,72,113,90,113,99,108,115,113,138,116,132,141,136
"ko:K09700",21,16,17,11,22,24,7,18,9,20,22,11,16,16,21,22,10,15,8,12,20,16,21,20
"ko:K09701",21,21,20,23,34,40,27,32,17,22,14,26,21,25,37,20,24,24,16,22,33,24,38,22
"ko:K09703",167,129,105,119,197,147,149,156,156,168,162,102,117,141,132,119,137,132,124,182,181,128,174,194
"ko:K09704",30,19,20,12,29,26,8,20,26,42,20,19,32,24,26,30,15,33,32,46,38,24,41,45
"ko:K09705",48,54,39,36,65,68,46,62,17,55,53,33,45,48,44,47,33,43,64,62,63,67,61,46
"ko:K09706",8,6,0,8,16,6,6,14,6,8,4,12,8,18,10,10,10,2,10,10,10,8,12,17
"ko:K09707",16,24,6,6,10,6,4,6,14,6,10,4,14,4,8,18,8,8,8,12,2,6,12,12
"ko:K09710",516,510,346,354,672,594,529,534,453,569,487,431,420,434,491,496,408,539,470,581,530,522,513,562
"ko:K09712",8,12,8,10,14,14,8,2,6,12,10,6,8,6,6,12,4,89,12,12,12,12,4,4
"ko:K09712,ko:K14475",8,5,4,10,4,4,16,8,4,2,10,6,4,10,4,10,2,1,8,0,8,10,0,4
"ko:K09740",32,39,23,29,43,28,38,46,45,36,62,20,37,36,26,20,28,26,48,21,68,30,27,53
"ko:K09747",321,250,187,192,330,331,315,268,260,285,240,243,264,298,273,241,230,371,294,313,273,273,308,335
"ko:K09748",234,157,141,120,266,176,213,172,174,216,163,178,173,180,176,180,158,376,218,202,200,214,214,206
"ko:K09758",226,169,182,165,224,214,203,177,188,231,163,145,211,228,190,163,135,122,178,206,203,209,189,241
"ko:K09760",572,504,317,396,659,587,544,580,501,517,476,487,467,461,492,468,397,856,503,499,714,580,578,536
"ko:K09761",149,152,131,81,234,163,172,190,151,159,147,122,168,142,142,157,122,363,187,161,192,170,178,157
"ko:K09762",576,432,385,385,642,579,575,624,420,509,392,431,430,448,434,531,398,378,544,572,483,551,559,548
"ko:K09763",25,13,23,12,40,40,25,34,35,28,35,20,26,25,40,26,18,18,36,28,18,21,42,32
"ko:K09764",38,54,18,39,46,46,42,70,31,40,40,42,34,41,47,44,28,34,46,32,35,43,34,50
"ko:K09765",18,21,26,18,22,30,24,18,20,29,6,32,14,14,17,18,25,260,42,30,32,31,31,30
"ko:K09767",304,302,216,232,345,336,310,312,220,240,247,273,240,213,292,217,233,393,249,383,256,265,286,315
"ko:K09768",102,90,60,88,151,103,102,122,101,105,89,110,110,78,97,71,101,252,119,101,107,120,108,121
"ko:K09769",320,236,164,188,303,236,268,287,201,276,253,248,229,247,281,234,197,201,277,300,264,259,278,273
"ko:K09770",0,0,2,2,6,4,4,4,4,4,2,2,10,7,6,4,0,2,6,0,2,0,2,6
"ko:K09771",92,65,51,51,114,84,74,107,61,83,105,43,96,61,76,83,86,62,133,91,81,87,84,108
"ko:K09772",331,318,271,243,410,340,347,360,349,320,270,309,286,244,312,262,262,192,323,323,359,380,342,401
"ko:K09773",534,454,341,321,603,570,511,602,502,543,443,459,441,428,524,450,426,659,508,511,601,503,461,517
"ko:K09774",74,80,40,55,114,90,90,86,88,112,65,62,80,65,61,64,46,240,74,74,99,84,83,104
"ko:K09776",4,3,3,2,3,0,0,2,4,3,2,1,0,2,0,2,2,6,4,2,1,2,7,2
"ko:K09778",62,39,40,36,93,52,70,79,54,55,93,57,73,44,83,58,43,34,72,52,77,58,64,58
"ko:K09779",12,6,6,4,8,14,10,14,6,8,8,2,10,10,11,14,11,4,4,2,12,8,5,9
"ko:K09780",58,47,30,21,44,51,23,42,43,52,34,59,40,52,39,51,46,154,40,80,63,55,83,80
"ko:K09781",163,179,147,143,274,217,208,248,185,202,209,193,191,210,242,181,177,228,231,203,244,217,222,241
"ko:K09786",268,252,175,184,373,268,279,244,266,334,273,257,225,247,340,224,193,169,267,238,321,234,296,291
"ko:K09787",0,0,0,0,4,4,0,1,0,0,0,4,10,2,4,1,0,0,2,2,0,2,0,2
"ko:K09790",26,43,18,24,24,28,28,30,29,26,31,29,22,18,32,30,12,165,34,28,48,36,26,19
"ko:K09791",216,180,111,156,239,223,241,228,198,218,200,213,168,169,220,178,149,150,219,196,218,222,205,253
"ko:K09792",30,12,16,15,21,30,21,28,20,27,26,16,23,35,16,20,10,12,22,16,24,19,35,13
"ko:K09793",34,30,20,28,56,49,38,33,32,46,24,30,32,33,37,50,25,210,37,50,34,42,33,63
"ko:K09794",10,15,4,10,11,10,5,10,12,14,8,8,6,4,10,10,16,3,15,4,16,8,12,6
"ko:K09795",37,32,25,34,60,42,38,46,22,36,30,42,32,36,23,26,34,36,52,22,30,29,30,51
"ko:K09796",149,109,74,86,104,115,120,93,98,115,109,76,108,93,109,96,105,376,125,103,127,122,94,174
"ko:K09797",6,1,0,6,5,0,2,3,6,7,2,3,3,4,11,2,2,2,2,2,1,4,0,2
"ko:K09798",58,40,35,27,63,65,44,55,47,52,62,46,49,48,61,30,32,34,47,68,63,46,53,73
"ko:K09799",121,74,75,72,128,118,65,102,83,91,80,82,79,80,95,58,96,92,96,106,135,146,90,177
"ko:K09800",544,494,331,414,626,619,522,643,480,579,439,501,503,515,532,467,485,1514,572,594,651,595,625,707
"ko:K09801",6,14,0,6,24,16,14,5,14,8,12,14,10,12,10,12,2,87,10,11,18,16,14,14
"ko:K09806",140,126,149,132,221,188,128,159,134,150,129,179,139,135,146,132,140,236,194,160,183,197,176,173
"ko:K09807",168,167,122,128,246,225,183,211,178,231,189,175,186,145,150,138,158,631,194,172,250,200,244,231
"ko:K09808",693,632,443,521,820,696,691,715,648,771,597,604,613,615,647,575,524,810,708,628,812,714,775,765
"ko:K09809",107,125,119,82,140,167,142,120,115,104,124,112,119,138,89,111,96,114,146,157,126,184,144,157
"ko:K09810",342,291,214,199,470,357,275,319,296,351,324,311,312,337,302,292,243,450,318,315,316,336,418,395
"ko:K09811",426,340,288,280,528,457,318,422,279,408,354,285,302,353,349,302,302,595,398,391,394,404,422,443
"ko:K09812",1425,1334,994,1092,1665,1507,1416,1452,1238,1315,1247,1232,1230,1256,1172,1149,1049,1182,1475,1336,1411,1430,1407,1632
"ko:K09815",56,40,32,26,37,50,33,60,30,33,33,39,28,40,35,29,30,35,40,46,31,35,53,50
"ko:K09816",125,146,104,105,166,145,192,192,136,145,125,137,111,121,123,127,100,88,183,179,117,143,147,170
"ko:K09817",124,79,61,80,121,114,109,118,101,103,105,90,95,89,103,122,107,91,112,164,170,128,154,150
"ko:K09818,ko:K11601",58,57,36,43,75,64,66,50,57,61,57,43,56,46,62,44,28,37,66,50,55,51,60,58
"ko:K09818,ko:K11604",4,0,2,2,6,2,4,6,0,4,6,0,4,4,2,8,0,2,8,0,8,6,6,10
"ko:K09819,ko:K11602,ko:K19975,ko:K19976",107,117,79,74,135,120,110,135,109,124,101,85,109,94,86,106,63,79,130,103,128,112,135,134
"ko:K09820,ko:K11603,ko:K11607",154,99,69,88,129,124,102,132,103,133,101,109,106,129,98,88,76,99,123,114,116,128,115,110
"ko:K09822",4,6,4,2,20,2,4,6,2,6,4,4,10,4,6,4,2,0,6,2,2,6,8,2
"ko:K09823",117,101,84,76,143,134,111,108,106,89,107,96,106,104,99,112,108,232,140,154,161,132,138,137
"ko:K09826",161,121,79,77,145,94,123,111,128,148,104,94,126,105,118,111,79,72,124,132,166,135,136,126
"ko:K09835,ko:K10027",8,12,4,12,13,4,8,2,2,6,4,10,6,2,2,4,4,4,4,4,16,8,6,6
"ko:K09845",26,34,24,17,48,47,26,34,30,25,29,27,36,40,20,14,17,26,36,32,44,28,39,37
"ko:K09846",65,57,45,47,99,61,62,58,71,65,61,46,56,71,58,53,24,69,69,48,54,56,72,76
"ko:K09858",31,30,28,34,43,49,26,37,16,30,37,26,30,27,31,18,40,145,30,24,30,48,54,33
"ko:K09861",58,55,38,58,74,82,102,73,61,64,41,65,46,37,53,62,51,34,69,72,72,86,67,71
"ko:K09862",27,16,24,17,33,35,15,16,36,29,14,24,27,21,23,20,24,23,22,30,19,28,28,30
"ko:K09880",53,50,25,31,75,64,52,87,61,88,51,51,53,54,52,48,54,270,52,75,67,50,50,64
"ko:K09882",664,648,566,461,813,726,587,696,621,667,673,593,624,626,644,551,638,580,610,718,759,668,668,815
"ko:K09883",898,849,674,622,1106,908,937,926,814,1002,858,778,785,782,877,750,731,689,857,820,947,859,927,941
"ko:K09888",154,93,89,81,129,126,109,125,118,115,111,95,101,126,115,91,95,198,102,133,121,142,128,165
"ko:K09889",71,81,42,65,120,99,109,101,70,105,76,71,75,74,90,54,49,261,66,71,83,92,65,91
"ko:K09892",6,6,2,8,5,13,4,17,3,11,6,15,10,8,7,8,5,105,8,12,14,10,15,8
"ko:K09895",27,14,16,16,34,30,31,24,16,46,20,28,16,14,30,28,28,196,22,32,26,26,24,43
"ko:K09902",6,4,8,2,10,2,4,8,10,6,2,2,2,2,4,10,5,107,6,8,7,8,11,12
"ko:K09903",1536,1343,1038,1127,1881,1592,1604,1657,1402,1590,1555,1369,1375,1325,1374,1253,1147,1372,1416,1386,1474,1441,1491,1509
"ko:K09912",63,60,36,22,69,51,52,65,53,50,50,60,66,53,68,53,51,429,58,49,53,76,55,72
"ko:K09913",6,8,4,4,0,14,8,4,9,8,6,0,18,10,12,9,6,4,6,2,2,16,9,10
"ko:K09915",40,35,35,36,44,43,59,48,36,38,25,35,36,50,42,44,35,172,38,47,46,50,52,35
"ko:K09919",224,172,103,119,223,184,167,152,180,204,177,141,159,143,152,140,166,517,197,233,241,194,223,204
"ko:K09920",25,20,23,19,33,36,30,29,36,44,27,38,34,26,36,29,26,229,38,27,53,44,37,47
"ko:K09921",69,44,63,59,120,75,92,89,93,88,73,47,87,75,70,86,99,262,78,85,130,52,105,112
"ko:K09922",201,159,145,129,240,211,157,184,177,211,206,157,196,191,218,138,152,286,212,179,220,179,189,209
"ko:K09924",64,52,42,47,70,70,52,68,59,47,65,50,46,52,50,48,25,211,47,40,79,44,46,49
"ko:K09927",390,380,287,281,538,478,434,446,281,425,360,369,370,342,378,384,266,700,419,470,467,426,435,479
"ko:K09928",18,8,11,22,28,20,14,26,16,19,14,4,27,16,15,16,34,19,24,10,28,16,28,26
"ko:K09929",21,32,14,24,44,32,24,20,34,24,18,18,38,25,24,33,12,243,38,36,40,30,38,30
"ko:K09930",198,149,150,122,285,238,207,175,212,220,214,174,136,171,191,198,141,707,188,228,231,229,248,208
"ko:K09931",23,40,25,10,34,46,38,48,31,24,27,19,28,29,28,26,26,32,48,38,26,38,44,43
"ko:K09932",11,9,9,8,12,5,0,6,2,1,5,6,2,4,9,0,2,3,8,9,5,8,13,7
"ko:K09933",30,32,16,32,51,37,44,46,30,34,22,40,36,30,20,35,34,282,36,36,24,27,50,41
"ko:K09936",20,12,14,19,10,18,4,15,16,16,8,8,10,10,16,12,14,7,16,12,22,15,24,22
"ko:K09937",22,6,3,4,6,31,6,6,8,14,15,3,5,10,12,4,6,15,22,8,8,6,12,14
"ko:K09938",53,44,46,43,60,74,60,58,38,65,42,54,48,50,48,34,43,351,67,48,69,70,74,60
"ko:K09939",38,44,24,22,36,56,52,34,33,24,40,23,32,27,28,39,31,236,60,29,30,32,40,28
"ko:K09940",24,10,21,18,30,30,16,28,18,26,20,26,28,10,18,32,10,160,36,15,18,36,22,22
"ko:K09941",50,33,12,37,54,54,39,35,30,38,44,26,31,34,35,38,35,242,60,52,56,56,58,46
"ko:K09945",24,19,19,24,42,30,22,16,14,39,25,20,24,16,14,22,16,6,14,17,23,23,16,27
"ko:K09946",14,8,16,5,20,20,18,20,16,20,20,25,20,18,15,13,18,114,22,16,32,14,23,23
"ko:K09947",32,32,27,26,38,32,26,36,29,19,24,22,31,28,18,22,31,22,26,34,48,36,24,42
"ko:K09948",123,153,95,103,113,120,105,136,116,143,124,117,155,107,141,99,87,175,99,121,167,104,111,141
"ko:K09949",58,70,45,46,91,56,48,62,58,66,45,47,67,53,54,60,51,42,65,74,82,94,81,52
"ko:K09950",18,36,14,12,38,29,22,32,14,26,21,14,34,28,34,22,24,19,28,28,36,30,46,18
"ko:K09954",12,5,0,0,6,8,10,2,6,4,11,12,4,14,4,4,2,7,8,10,10,2,12,5
"ko:K09955",181,144,114,134,222,190,205,192,183,179,187,175,164,134,153,173,136,644,203,202,218,197,181,183
"ko:K09956",12,4,12,4,7,10,2,4,8,6,12,6,12,10,10,6,18,3,10,14,4,4,6,10
"ko:K09957",81,79,34,37,69,74,78,56,58,61,77,78,61,54,76,64,44,54,53,56,76,83,51,74
"ko:K09958",241,204,91,173,222,228,202,194,226,255,174,182,173,177,219,204,164,347,240,184,199,208,211,213
"ko:K09959",53,42,61,29,66,67,58,69,37,61,53,47,56,43,53,56,62,59,59,71,61,41,54,61
"ko:K09964",6,6,16,16,34,10,16,6,16,16,14,16,18,8,10,14,14,146,6,20,8,14,20,16
"ko:K09966",221,234,186,173,331,262,283,226,219,246,207,201,218,191,240,192,159,143,260,233,212,214,204,273
"ko:K09967",66,62,43,73,112,99,77,94,76,71,58,48,81,60,86,87,64,61,68,74,69,78,85,75
"ko:K09969",245,255,198,182,367,259,287,262,266,247,217,189,186,197,275,224,217,154,239,233,291,211,263,264
"ko:K09970",151,133,150,122,189,165,164,157,108,149,166,145,170,138,141,140,116,102,179,168,177,174,162,173
"ko:K09971",238,280,200,183,318,260,274,272,227,313,227,242,255,251,293,253,244,191,271,277,321,268,253,366
"ko:K09972",154,136,111,119,171,115,139,150,150,153,138,121,127,143,136,115,129,89,130,126,152,177,162,175
"ko:K09972,ko:K10038",35,55,52,41,40,66,54,55,30,36,40,47,38,30,47,32,41,41,26,47,47,36,72,49
"ko:K09973",97,72,70,65,142,112,111,108,89,121,111,76,96,112,72,94,76,382,130,102,125,141,149,160
"ko:K09974",35,30,28,32,52,32,40,34,28,32,36,21,44,14,34,25,18,242,46,36,54,47,28,64
"ko:K09975",46,78,30,58,77,66,75,58,86,56,43,58,49,45,59,55,50,221,63,56,92,74,70,70
"ko:K09980",30,28,26,15,62,52,28,45,24,36,28,32,36,42,40,29,29,351,20,28,36,30,36,58
"ko:K09981",41,16,28,39,48,20,39,46,36,34,17,28,27,44,19,53,26,24,41,54,24,38,42,32
"ko:K09983",83,68,62,42,129,76,88,61,97,126,76,66,73,76,86,76,66,393,119,91,77,62,97,95
"ko:K09984",18,8,17,14,33,20,34,18,26,17,8,14,12,10,26,18,22,10,17,14,20,16,14,29
"ko:K09985",127,130,90,90,160,166,150,139,103,147,133,115,146,84,146,135,137,132,117,122,146,187,141,196
"ko:K09986",119,84,83,53,129,104,78,122,98,92,81,96,73,102,102,78,86,104,120,113,119,90,85,107
"ko:K09987",245,212,152,209,301,227,235,227,179,272,234,244,250,199,236,200,220,220,231,284,336,247,277,277
"ko:K09988",44,47,36,55,56,62,70,56,48,56,56,39,64,44,63,64,47,53,41,51,44,71,85,70
"ko:K09989",414,400,301,338,520,461,439,417,427,499,462,379,399,424,408,383,333,301,490,383,462,406,402,477
"ko:K09990",224,234,166,168,336,284,221,248,229,313,228,231,215,222,267,203,180,447,237,200,257,224,272,228
"ko:K09991",22,18,15,14,14,20,8,14,5,15,14,10,16,10,12,20,14,9,6,24,22,14,14,16
"ko:K09992",114,112,83,75,117,138,122,129,105,116,101,136,87,101,98,104,89,119,131,126,155,137,137,160
"ko:K10001",67,55,54,65,98,81,75,91,89,97,80,70,68,88,78,85,81,66,89,105,99,114,95,84
"ko:K10002",105,59,65,58,96,112,68,78,87,106,91,93,92,90,71,55,80,61,81,80,58,94,92,77
"ko:K10004",26,23,24,29,38,23,32,19,14,32,27,17,32,24,37,33,30,25,49,34,27,24,37,30
"ko:K10005",144,94,110,135,194,153,142,153,147,164,142,110,159,115,115,98,107,98,151,120,172,134,141,129
"ko:K10006",94,96,71,96,102,141,124,129,86,118,118,100,97,78,87,72,83,89,152,132,110,127,105,138
"ko:K10006,ko:K10040",75,61,46,68,100,70,69,92,66,67,51,59,72,50,80,57,52,42,86,105,70,74,86,95
"ko:K10007",180,176,132,157,248,232,215,228,177,169,195,131,167,179,200,142,132,157,208,212,222,227,256,226
"ko:K10008",448,384,324,309,488,435,380,423,309,372,350,356,325,333,360,323,302,268,379,411,440,460,428,439
"ko:K10009",42,34,44,26,52,49,54,46,40,43,36,33,60,36,45,37,45,48,48,52,61,48,59,48
"ko:K10009,ko:K16962",0,6,0,0,24,4,6,4,6,4,4,2,10,4,2,2,2,2,2,6,4,4,6,4
"ko:K10010",137,148,117,99,234,165,179,172,162,182,122,162,134,134,141,147,128,120,178,180,198,177,151,196
"ko:K10018",159,132,122,121,160,184,153,189,159,161,134,128,168,165,156,147,168,161,172,172,216,170,159,197
"ko:K10019",120,144,73,116,171,113,124,144,85,151,106,113,117,127,132,134,106,102,97,142,162,131,139,173
"ko:K10020",161,142,94,111,153,180,178,170,147,126,146,113,135,149,135,130,106,99,146,143,188,163,175,226
"ko:K10021",54,64,46,48,67,63,47,45,71,74,54,54,48,48,46,40,50,49,67,70,66,55,65,74
"ko:K10026",58,48,41,38,49,51,38,40,30,68,36,28,40,45,43,49,43,274,49,48,70,37,63,33
"ko:K10027",57,64,26,38,91,42,57,58,61,55,57,60,45,44,61,40,38,48,80,70,54,60,64,37
"ko:K10108",64,39,45,38,64,43,60,62,72,68,55,32,39,63,64,42,26,42,60,62,66,82,75,36
"ko:K10109",6,0,0,0,4,4,0,0,11,8,6,0,4,1,4,2,2,8,2,6,8,2,3,2
"ko:K10110",30,20,28,28,38,38,56,44,46,47,56,36,26,36,40,24,32,34,39,36,40,36,44,34
"ko:K10111",288,219,212,134,291,269,237,241,176,249,257,217,227,188,219,224,258,247,241,318,280,281,355,302
"ko:K10111,ko:K10112,ko:K10191",62,57,20,38,72,55,58,46,69,67,44,29,60,65,49,69,44,45,63,50,49,60,70,44
"ko:K10111,ko:K10191",20,18,13,12,18,22,10,16,15,23,19,5,11,14,15,13,16,12,21,18,24,8,20,26
"ko:K10111,ko:K10235",29,12,33,17,32,28,29,28,36,53,26,31,31,33,26,24,29,29,47,41,29,19,43,41
"ko:K10112",2867,2619,2135,2135,3364,3114,2899,2937,2597,3004,2617,2414,2594,2454,2683,2288,2347,2692,2944,3152,3253,3016,3055,3093
"ko:K10112,ko:K10195",7,16,16,7,14,19,19,4,6,11,12,15,12,14,17,12,11,11,18,6,10,12,16,22
"ko:K10112,ko:K17240",8,8,8,6,8,8,0,8,6,13,4,5,4,6,10,10,8,4,4,4,4,2,10,2
"ko:K10117",470,380,319,345,519,459,426,450,369,455,402,369,345,340,498,368,395,301,444,583,517,477,470,546
"ko:K10118",489,455,392,381,669,515,507,497,483,480,511,385,477,417,481,458,400,339,515,618,563,525,545,597
"ko:K10118,ko:K15771",15,10,11,17,6,7,4,14,5,15,11,4,8,6,8,16,12,11,22,10,15,18,17,12
"ko:K10119",246,274,211,203,411,290,296,336,266,291,263,224,265,249,271,295,211,201,349,312,302,290,278,371
"ko:K10119,ko:K10202",45,31,53,48,49,53,44,34,35,51,38,32,32,32,46,38,23,21,40,38,34,48,27,31
"ko:K10125",94,50,44,51,107,56,64,52,51,76,56,49,46,63,80,70,70,62,86,83,93,84,89,110
"ko:K10126",45,64,78,46,72,48,50,60,51,76,54,27,71,55,48,54,62,60,78,58,73,62,56,112
"ko:K10126,ko:K10941",76,61,68,78,113,104,110,64,105,98,95,80,76,80,85,83,44,56,98,39,95,85,81,100
"ko:K10156",16,14,11,8,16,15,28,18,15,24,9,20,8,12,23,26,24,30,32,28,24,34,26,38
"ko:K10188",44,44,24,32,120,67,42,67,70,70,52,34,40,56,50,38,74,63,50,88,60,99,72,85
"ko:K10189",62,39,42,33,66,42,56,42,54,61,50,35,38,47,42,26,39,34,50,57,52,59,61,61
"ko:K10191",75,66,34,39,65,53,39,37,60,74,63,37,46,46,58,61,66,60,71,94,76,60,57,78
"ko:K10192",18,26,12,14,18,26,18,28,28,27,23,14,10,20,18,14,16,12,17,14,28,20,16,35
"ko:K10194",13,22,20,10,28,15,25,20,16,17,32,25,8,24,12,9,18,15,18,12,24,18,28,40
"ko:K10200",61,54,40,41,81,65,49,58,36,86,30,49,49,60,44,44,46,44,83,77,64,71,52,61
"ko:K10201",28,18,28,28,39,40,18,25,41,20,26,19,18,18,22,16,38,26,44,59,35,45,34,46
"ko:K10202",27,51,30,21,42,52,39,44,32,33,26,23,26,17,36,26,40,38,47,39,48,54,38,56
"ko:K10206",109,77,65,71,134,91,84,117,132,180,136,110,117,85,117,107,68,55,103,77,84,88,61,92
"ko:K10215",86,98,59,70,145,100,120,120,75,108,83,96,88,85,87,87,65,102,92,132,78,110,103,88
"ko:K10216",59,65,58,48,87,54,52,64,67,58,47,56,82,44,63,57,53,41,44,54,62,89,73,76
"ko:K10217",34,33,32,36,48,60,40,40,29,36,38,26,56,32,22,20,42,26,62,28,54,38,50,38
"ko:K10218",202,127,128,143,261,225,224,177,174,221,224,171,175,200,245,154,148,154,206,169,187,180,164,159
"ko:K10219",201,194,151,198,255,258,218,211,234,261,233,198,207,192,198,218,160,143,207,200,226,169,180,166
"ko:K10220",103,103,78,86,153,119,117,110,124,128,125,112,137,99,123,121,88,102,113,84,144,122,113,125
"ko:K10221",96,84,57,100,114,119,119,111,107,174,163,118,114,109,107,88,89,106,138,105,98,108,152,117
"ko:K10227",14,9,4,8,35,28,17,22,15,32,20,23,13,28,20,22,16,16,13,24,22,31,12,17
"ko:K10228",166,158,101,144,210,150,166,161,199,142,187,124,140,189,154,150,166,145,155,187,168,201,190,156
"ko:K10229",248,229,186,210,342,263,280,248,206,240,263,208,196,215,237,242,205,199,226,261,273,233,234,297
"ko:K10229,ko:K17323",52,40,26,32,55,37,60,52,86,65,62,53,36,41,60,58,43,42,71,67,43,62,60,64
"ko:K10232",103,117,65,93,147,122,108,115,100,121,107,75,108,84,122,94,58,64,127,133,130,104,111,137
"ko:K10233",51,55,34,35,56,23,26,44,38,41,41,40,43,26,56,42,43,49,24,38,70,60,67,81
"ko:K10234",236,164,124,157,234,228,230,192,166,225,142,190,158,169,202,217,155,170,220,191,219,186,242,270
"ko:K10235",28,15,15,16,19,17,16,26,11,20,16,21,26,17,8,7,23,23,21,29,25,25,24,43
"ko:K10236",104,120,95,80,143,123,84,96,98,110,109,83,106,115,120,119,137,129,122,180,135,137,151,158
"ko:K10240",124,117,111,88,147,152,146,167,132,130,98,117,131,105,110,104,110,96,187,130,134,175,171,158
"ko:K10241",113,97,84,68,108,109,103,103,92,122,89,83,109,89,95,65,74,91,165,141,132,112,109,169
"ko:K10253",6,14,4,8,8,8,8,8,14,10,14,4,8,20,18,10,10,8,14,6,8,10,4,18
"ko:K10255",75,71,79,55,63,65,88,84,88,118,91,69,61,82,89,59,63,410,82,73,98,124,119,97
"ko:K10439",1955,1887,1377,1388,2479,2245,2034,2197,1876,2101,1612,1690,1839,1744,1821,1729,1500,1519,2085,2224,2184,2084,2131,2275
"ko:K10439,ko:K10440",72,48,41,29,84,73,55,59,60,54,59,49,48,36,76,56,54,58,54,59,60,65,64,72
"ko:K10439,ko:K10552",343,320,210,228,397,405,365,375,289,377,312,266,269,263,302,275,220,252,368,402,377,428,379,425
"ko:K10439,ko:K17202,ko:K17213",120,74,84,79,125,110,119,117,91,83,99,105,124,76,126,99,90,52,152,134,136,136,93,109
"ko:K10439,ko:K17213",119,123,94,99,124,150,115,109,141,145,110,106,112,133,108,136,89,162,122,137,140,127,158,187
"ko:K10440",2210,1880,1483,1707,2848,2336,2371,2302,1961,2092,2067,1817,1951,1803,2165,1945,1717,1617,2472,2358,2395,2317,2456,2566
"ko:K10440,ko:K10441",39,24,22,41,82,54,63,56,26,45,41,51,38,47,54,37,37,30,47,42,43,48,54,61
"ko:K10440,ko:K10553",44,34,28,19,40,35,58,32,54,55,40,25,35,32,34,50,36,17,36,38,29,48,30,54
"ko:K10440,ko:K10560",44,28,22,24,43,40,40,35,45,21,30,42,30,33,40,31,32,22,39,28,36,39,38,42
"ko:K10440,ko:K17203",103,80,64,68,136,107,98,129,124,135,89,71,88,106,106,93,89,84,92,105,97,145,132,117
"ko:K10440,ko:K17206",6,2,8,6,9,9,8,10,4,12,6,4,7,5,7,6,13,2,6,10,6,2,9,8
"ko:K10441",1364,1223,1000,1068,1758,1399,1371,1390,1129,1395,1168,1032,1196,1104,1268,1219,1100,1088,1465,1534,1579,1415,1465,1612
"ko:K10441,ko:K10539",28,10,20,17,30,29,17,20,17,38,12,24,10,32,14,22,22,22,16,39,32,34,32,32
"ko:K10441,ko:K10548,ko:K10562",8,8,8,2,13,4,10,6,6,19,6,4,8,10,10,6,6,10,12,8,13,12,6,10
"ko:K10441,ko:K10562",254,223,170,185,290,251,241,270,183,262,222,153,197,215,237,187,175,141,264,229,231,211,234,244
"ko:K10441,ko:K17210",101,120,81,81,132,102,106,144,112,124,91,96,86,108,107,118,83,111,97,86,130,120,103,155
"ko:K10441,ko:K17215",57,97,77,53,85,93,106,76,67,83,84,58,66,65,46,76,61,49,87,62,102,68,94,86
"ko:K10533",24,24,16,14,18,12,31,26,32,32,22,22,18,14,16,18,22,37,26,28,20,22,19,17
"ko:K10536",66,63,38,71,87,64,95,88,61,98,57,77,66,50,73,77,45,409,57,87,92,66,102,108
"ko:K10539",37,22,14,26,46,31,43,39,24,44,58,41,40,42,33,31,23,41,36,30,36,45,52,35
"ko:K10543",629,591,450,503,847,627,679,669,551,602,500,481,536,512,523,535,504,486,649,718,649,610,735,740
"ko:K10544",433,409,328,340,606,501,420,530,398,472,394,342,410,416,470,438,448,369,515,475,550,529,540,594
"ko:K10544,ko:K10547",117,121,109,87,164,141,102,165,86,107,112,87,116,112,112,118,99,102,142,135,91,137,115,174
"ko:K10545",267,310,233,231,360,325,331,336,286,355,260,250,274,300,276,306,285,277,352,418,341,343,337,317
"ko:K10546",209,185,180,145,246,215,215,225,193,151,164,143,143,177,189,148,207,170,252,238,254,280,271,264
"ko:K10547",310,258,237,238,422,323,337,359,348,360,283,268,301,236,311,325,259,232,362,361,379,339,418,395
"ko:K10548",425,348,287,313,508,383,382,503,347,431,389,344,317,355,374,321,396,318,460,493,552,448,467,526
"ko:K10552",138,131,91,113,150,142,109,133,121,152,127,89,120,93,118,138,124,97,156,145,177,121,147,145
"ko:K10553",470,391,351,337,573,500,516,509,396,475,461,363,456,368,437,408,382,302,489,453,521,466,499,541
"ko:K10554",297,233,206,199,326,306,265,279,270,273,261,267,260,247,302,209,220,224,264,291,317,277,315,327
"ko:K10556,ko:K10560",117,95,89,77,124,137,111,120,109,132,122,86,84,91,121,109,104,79,111,145,120,116,147,147
"ko:K10559",84,92,56,60,99,89,74,78,78,91,74,67,92,64,79,78,86,69,91,116,110,90,63,94
"ko:K10560",110,138,83,97,152,135,136,175,159,142,127,142,98,126,122,106,119,52,138,135,150,134,143,154
"ko:K10561",295,305,209,210,389,328,347,380,297,326,291,240,271,298,243,290,222,215,326,336,295,306,344,367
"ko:K10562",397,360,312,331,566,553,454,450,370,402,342,354,354,388,400,401,255,281,421,370,401,420,436,479
"ko:K10562,ko:K17215",10,12,8,7,10,10,16,2,8,16,9,6,9,12,17,10,16,12,12,7,21,14,10,14
"ko:K10563",1152,1082,806,827,1572,1322,1207,1319,987,1211,1003,916,1083,940,1059,977,908,1109,1286,1302,1224,1087,1148,1260
"ko:K10564",14,20,16,7,24,18,15,20,20,14,10,10,12,12,12,16,24,33,24,26,37,14,25,19
"ko:K10619",29,35,21,28,42,38,41,48,38,38,43,34,41,25,44,42,35,28,36,36,52,26,30,50
"ko:K10620",10,8,6,8,12,10,6,4,8,10,3,10,8,6,4,2,3,7,6,4,4,8,12,6
"ko:K10621",6,8,4,10,12,8,7,18,12,14,12,6,16,8,12,6,6,7,12,2,5,6,6,8
"ko:K10670",9,10,18,6,12,9,11,5,20,13,12,15,6,2,13,6,5,5,11,16,18,9,8,7
"ko:K10674",92,76,71,93,140,107,98,98,103,112,115,129,93,82,106,74,82,91,120,128,115,121,117,139
"ko:K10676",55,58,40,42,58,51,57,71,36,47,54,39,35,40,51,48,12,36,75,60,63,52,48,40
"ko:K10680",75,68,54,70,93,90,76,80,74,65,91,69,76,74,76,90,77,66,108,88,76,97,89,104
"ko:K10710",2,4,4,0,4,4,4,0,0,0,0,0,6,2,4,6,2,2,2,2,2,2,2,4
"ko:K10712",6,6,4,10,8,2,0,12,11,15,17,6,4,6,10,4,8,0,8,6,8,10,8,6
"ko:K10713",115,139,108,73,114,100,102,114,100,137,90,108,108,93,103,100,99,84,87,105,97,105,117,147
"ko:K10714",80,86,75,82,124,86,89,100,79,73,95,80,90,82,86,75,55,72,78,88,99,68,92,100
"ko:K10715",92,93,60,64,144,124,108,98,76,131,105,89,104,73,91,85,83,687,121,89,110,106,91,127
"ko:K10716",571,571,391,417,757,581,587,653,398,556,471,413,462,443,485,485,415,684,625,564,521,622,530,632
"ko:K10747",770,570,429,495,919,694,680,777,613,714,588,555,695,670,650,608,514,552,684,653,774,720,724,724
"ko:K10763",24,26,22,32,46,24,14,30,22,41,22,20,32,32,26,24,33,236,30,34,22,48,22,42
"ko:K10764",125,121,114,115,188,154,151,185,117,190,122,111,131,161,123,120,96,96,139,149,149,162,164,145
"ko:K10773",665,666,530,513,857,765,758,748,584,679,642,588,623,640,693,641,545,846,715,776,754,718,711,775
"ko:K10778",251,236,168,201,319,261,232,268,215,285,233,204,208,236,242,210,200,415,225,251,272,221,249,325
"ko:K10804",87,87,95,94,165,181,121,122,114,128,110,108,125,127,131,128,114,378,126,164,112,160,118,105
"ko:K10805",625,673,390,444,828,714,723,707,564,741,580,541,493,596,550,555,537,871,639,706,794,664,720,754
"ko:K10806",166,127,116,118,200,194,158,171,138,169,125,138,129,136,142,143,109,129,184,151,199,145,155,170
"ko:K10810",0,2,0,0,12,10,4,14,2,4,0,0,2,8,8,10,0,2,2,4,4,4,4,2
"ko:K10819",115,88,82,80,166,122,116,148,69,102,112,113,104,96,76,96,71,720,127,118,136,122,130,119
"ko:K10823",277,244,201,204,353,306,276,300,261,319,235,289,254,233,248,244,239,221,261,256,248,255,242,323
"ko:K10823,ko:K10824",5,7,2,4,6,10,5,5,8,4,2,4,6,16,9,2,7,1,4,6,11,5,6,11
"ko:K10831",14,12,4,8,32,15,9,20,14,19,23,11,18,19,14,13,9,16,12,18,25,24,16,24
"ko:K10843",834,737,606,672,1045,871,853,942,680,842,680,669,689,727,745,739,667,606,853,905,815,885,776,885
"ko:K10844",12,20,10,6,20,16,18,16,10,14,19,18,22,24,11,16,15,11,18,2,16,14,19,16
"ko:K10896",16,10,10,17,16,15,6,14,4,24,6,20,21,12,18,14,14,8,19,8,25,24,17,26
"ko:K10907",64,61,38,49,54,40,31,62,75,91,63,79,45,63,40,35,22,17,73,38,32,42,53,36
"ko:K10914",477,403,318,340,593,566,461,410,415,475,434,358,482,446,411,399,374,799,500,493,540,467,497,506
"ko:K10914,ko:K21561",30,23,23,31,24,30,26,28,40,22,11,21,17,23,20,17,16,18,16,15,20,18,33,30
"ko:K10915",32,16,23,28,32,24,9,16,27,23,44,23,18,16,18,15,22,14,16,10,16,18,15,18
"ko:K10941",6,16,9,12,22,26,25,18,20,28,15,8,17,10,35,18,22,20,16,16,12,16,8,12
"ko:K10943",246,289,194,219,364,299,287,346,274,340,243,284,218,245,262,238,238,249,271,282,311,246,293,267
"ko:K10947",145,139,79,111,129,165,135,127,112,113,128,123,144,131,127,144,113,245,179,128,155,152,120,170
"ko:K10974",6,8,10,6,8,10,8,10,12,8,12,11,12,12,8,10,6,6,14,21,12,6,10,16
"ko:K10979",498,453,372,399,637,558,536,545,550,492,473,400,422,428,476,456,391,711,521,522,581,562,525,537
"ko:K11003",85,69,70,71,113,119,89,102,86,118,62,59,64,89,66,73,77,504,126,56,82,108,106,109
"ko:K11004",63,40,30,28,60,34,46,36,34,57,61,45,34,66,58,38,36,680,54,53,63,64,48,67
"ko:K11005",60,48,50,52,84,72,59,59,59,58,54,34,56,34,48,51,29,39,64,54,80,54,70,47
"ko:K11065",32,40,24,34,54,44,52,30,37,44,36,34,35,35,43,34,24,33,32,28,26,32,42,30
"ko:K11068",273,239,173,197,343,228,310,252,216,274,212,237,265,222,235,207,211,432,259,338,278,280,254,333
"ko:K11069",297,265,219,199,308,242,231,277,231,244,255,250,216,247,273,229,221,201,246,297,280,281,240,314
"ko:K11070",450,405,368,362,628,527,510,562,393,445,372,417,364,384,435,442,358,288,459,479,430,447,420,482
"ko:K11071",648,576,457,447,816,654,604,735,562,671,572,580,489,537,580,533,472,404,655,668,625,581,638,720
"ko:K11072",367,402,281,302,428,414,434,426,293,391,353,342,317,361,391,336,292,218,346,397,408,383,340,410
"ko:K11072,ko:K11076",12,13,4,2,4,8,6,11,12,10,9,5,0,10,11,14,2,5,16,5,8,5,5,10
"ko:K11073",329,258,184,212,334,320,266,300,298,350,257,258,289,287,254,240,266,593,369,349,394,329,342,334
"ko:K11074",260,282,209,204,335,290,308,332,265,286,277,245,225,207,276,257,241,452,289,280,336,277,305,272
"ko:K11075",134,156,121,85,200,187,155,144,172,158,166,125,155,146,143,164,156,422,178,178,186,208,156,197
"ko:K11076",366,277,191,268,389,359,368,352,298,302,296,240,255,318,287,244,310,664,384,405,385,303,416,309
"ko:K11077",26,32,14,24,40,16,26,27,32,22,29,20,22,30,34,20,18,18,22,28,34,35,28,38
"ko:K11078",24,6,8,4,12,16,20,12,21,12,6,8,18,8,12,12,4,4,2,13,8,10,18,20
"ko:K11085",229,209,190,173,343,245,239,253,207,252,250,240,223,212,232,186,165,683,245,258,247,235,217,280
"ko:K11089",44,24,36,31,64,50,40,46,54,75,67,51,34,37,38,25,42,36,60,61,60,52,56,30
"ko:K11102",11,9,10,14,13,11,8,14,17,18,18,19,14,5,13,7,11,9,16,18,15,8,10,0
"ko:K11103",954,894,737,809,1256,1016,993,1026,948,1120,1008,816,842,885,953,857,809,1256,1247,988,1038,1062,1179,1150
"ko:K11105",253,236,164,183,384,305,269,343,274,257,246,240,239,197,235,213,253,221,306,327,309,288,280,333
"ko:K11106,ko:K14445",16,16,0,4,9,8,6,12,7,18,7,10,14,10,22,6,10,8,8,4,18,17,8,10
"ko:K11144",2,0,8,4,16,10,6,2,2,6,4,2,8,12,6,4,6,2,4,2,4,10,6,6
"ko:K11159",216,234,168,184,350,280,271,283,228,266,201,217,179,209,235,249,193,194,269,233,274,254,271,228
"ko:K11175",352,292,209,303,517,420,375,429,385,410,419,322,371,310,369,367,285,480,402,401,413,389,323,368
"ko:K11177",608,541,393,455,766,700,620,618,543,637,554,518,531,517,636,511,559,483,667,580,753,611,669,610
"ko:K11178",287,225,186,212,318,285,292,263,267,389,311,247,238,226,261,260,329,261,294,341,314,236,303,304
"ko:K11189",276,282,221,199,382,286,279,332,295,315,296,223,236,210,294,289,225,360,268,289,314,311,259,368
"ko:K11206",291,267,190,216,373,346,290,347,262,266,285,237,251,291,284,338,238,225,331,286,385,302,333,327
"ko:K11209",563,468,399,352,602,530,492,470,464,536,506,457,488,483,462,415,471,941,512,533,562,528,510,499
"ko:K11211",21,24,22,10,46,42,42,38,30,18,20,24,13,41,36,13,17,261,44,48,38,34,43,24
"ko:K11212",237,209,149,171,319,218,267,288,237,230,231,181,228,177,211,207,185,149,247,235,246,271,250,278
"ko:K11250",28,12,8,8,35,29,20,10,17,22,31,22,21,22,28,20,15,12,24,26,20,24,32,36
"ko:K11258",0,0,8,8,10,8,10,8,10,4,5,0,6,8,4,2,10,103,6,7,7,6,2,12
"ko:K11263",1431,1367,1110,1161,1791,1738,1549,1678,1239,1407,1264,1347,1237,1177,1267,1281,1202,1030,1567,1540,1313,1620,1558,1620
"ko:K11312",6,2,4,6,6,8,6,4,8,12,8,14,6,8,6,10,4,106,8,8,8,10,16,10
"ko:K11357",73,62,46,41,104,72,80,78,75,69,67,71,73,66,79,61,72,49,86,88,108,116,95,86
"ko:K11381",329,320,260,272,473,401,363,331,322,425,360,311,337,277,345,309,322,1074,336,422,432,395,443,451
"ko:K11381,ko:K21416",56,36,52,58,79,41,40,60,73,75,50,54,39,67,57,51,31,29,52,65,48,49,63,30
"ko:K11385",28,20,18,16,48,28,41,40,23,44,28,20,20,18,50,30,20,22,54,34,29,38,36,48
"ko:K11386,ko:K11387",80,88,59,76,108,122,78,135,89,93,80,81,105,79,101,60,85,109,89,112,125,96,100,118
"ko:K11387",102,87,70,79,145,119,90,106,83,117,94,66,127,71,84,82,115,72,136,101,74,101,70,100
"ko:K11440",6,8,4,2,9,12,10,12,6,8,4,4,8,4,10,6,4,0,8,6,2,6,2,2
"ko:K11443",316,283,201,247,329,309,247,266,266,294,227,252,256,226,249,293,259,229,264,267,303,198,242,324
"ko:K11444",42,48,20,30,52,48,48,42,23,59,52,36,32,54,42,37,32,317,74,44,44,34,64,62
"ko:K11472",36,33,35,23,60,56,40,58,34,37,27,33,56,37,71,38,41,49,64,46,42,59,44,61
"ko:K11473",441,417,360,307,582,519,528,497,393,485,425,374,418,399,411,453,280,620,408,422,510,433,502,545
"ko:K11475",66,73,50,34,70,56,72,65,80,68,58,40,43,65,57,68,49,56,72,64,66,71,64,73
"ko:K11477",46,56,24,38,50,76,70,50,45,73,33,51,46,55,64,47,44,340,84,28,70,49,32,72
"ko:K11527,ko:K20973",6,8,4,8,8,15,9,10,5,12,4,9,12,14,8,3,8,10,14,10,8,14,6,6
"ko:K11529",475,433,323,333,552,552,445,530,466,530,514,423,439,418,461,467,375,402,479,404,559,454,461,512
"ko:K11531",112,81,71,57,100,83,113,94,79,91,74,74,96,78,73,66,88,81,102,94,120,140,124,136
"ko:K11532",154,135,91,92,161,112,115,159,141,154,137,125,118,87,157,109,108,100,130,107,146,122,161,123
"ko:K11533",384,348,286,349,540,437,470,460,337,451,369,374,422,372,367,352,266,377,427,440,427,356,376,424
"ko:K11534",6,11,4,8,8,2,8,6,4,8,4,2,12,2,0,2,3,14,12,5,10,16,10,8
"ko:K11605",246,242,129,181,277,251,195,242,235,246,224,203,199,200,211,191,180,147,219,222,218,251,272,250
"ko:K11607",94,56,43,69,102,95,96,113,103,92,103,105,79,81,92,82,77,78,102,115,111,108,86,100
"ko:K11614,ko:K11637,ko:K11691",6,10,6,0,14,9,13,10,6,0,0,2,10,14,7,4,6,6,4,10,6,16,15,4
"ko:K11616",4,4,4,0,8,16,8,0,4,4,2,12,12,8,10,8,6,8,8,10,8,10,9,6
"ko:K11645",190,168,155,129,214,231,193,186,180,283,226,173,179,177,199,210,154,137,253,179,185,196,222,260
"ko:K11688",76,75,33,54,113,65,66,74,57,55,56,48,82,56,74,59,43,38,50,78,66,72,54,66
"ko:K11688,ko:K21395",39,38,30,28,85,58,50,54,42,68,30,46,64,57,30,25,57,34,47,71,44,66,60,76
"ko:K11690",94,86,69,88,160,118,116,139,114,125,93,113,91,116,85,76,77,45,127,102,90,96,92,118
"ko:K11690,ko:K21393",70,55,34,44,50,44,56,48,66,59,53,46,56,27,42,56,32,29,62,52,50,40,42,40
"ko:K11692",8,10,0,8,4,4,0,4,7,2,10,8,0,3,8,8,2,8,2,4,2,4,2,0
"ko:K11705,ko:K11708,ko:K19976",0,2,0,0,2,2,1,0,2,0,0,0,2,0,2,0,0,0,0,2,0,0,0,2
"ko:K11707",4,2,2,2,4,6,2,2,8,4,2,4,8,10,12,4,4,8,6,4,2,8,4,4
"ko:K11708",25,24,11,15,27,21,19,27,17,28,9,24,23,21,24,20,23,14,22,31,10,18,27,34
"ko:K11709",22,20,12,10,36,14,18,30,14,22,18,19,22,20,24,20,14,12,30,42,47,35,35,34
"ko:K11710",20,16,10,2,14,6,10,16,4,14,8,10,4,4,12,12,7,3,8,10,6,11,4,10
"ko:K11710,ko:K19973",15,8,6,13,16,10,15,10,1,10,3,12,10,10,10,10,13,12,12,6,14,12,8,21
"ko:K11711",112,83,80,91,175,104,106,88,149,176,137,115,126,105,104,97,63,77,136,121,82,92,110,110
"ko:K11717",1284,1147,901,954,1603,1394,1259,1338,1164,1237,1213,1035,1025,992,1187,1044,974,1310,1272,1174,1333,1206,1217,1356
"ko:K11717,ko:K21171",13,9,6,14,7,3,2,7,4,11,2,4,8,5,16,6,9,3,4,3,2,8,4,7
"ko:K11719",43,34,28,23,54,60,42,48,48,42,36,31,52,26,50,26,25,229,36,34,58,37,42,50
"ko:K11720",257,203,134,175,315,230,234,209,204,243,201,186,243,198,193,197,200,560,268,227,279,277,271,258
"ko:K11731",724,720,589,544,1008,733,791,867,630,755,722,708,627,661,670,681,503,499,594,548,682,593,609,644
"ko:K11735",4,8,0,2,3,2,2,2,0,4,0,1,2,0,0,0,0,0,2,4,0,2,4,0
"ko:K11735,ko:K16237",8,6,0,5,4,8,10,0,0,2,0,2,4,2,2,4,3,0,2,0,4,10,9,0
"ko:K11738",178,154,157,138,226,204,167,208,155,158,134,138,142,127,146,151,131,128,180,176,196,193,172,231
"ko:K11741",127,75,106,80,133,159,106,140,98,129,101,102,124,98,101,83,89,294,139,100,158,118,137,151
"ko:K11742",5,10,2,3,14,4,18,8,8,11,2,2,2,4,4,5,6,2,4,4,8,8,3,4
"ko:K11743",6,9,10,4,5,14,4,8,4,4,10,4,2,8,4,8,4,10,4,10,3,4,7,4
"ko:K11745,ko:K11747",190,172,161,133,291,234,230,204,164,219,164,166,183,150,174,181,152,723,184,197,220,195,221,226
"ko:K11747",150,148,111,109,235,179,155,174,121,176,136,113,155,111,101,121,103,589,156,213,180,148,202,157
"ko:K11749",553,511,387,392,670,603,547,601,513,624,453,461,453,458,509,478,454,838,613,567,599,617,691,621
"ko:K11751,ko:K17224",68,45,43,32,72,53,56,79,75,83,69,48,81,51,58,52,40,48,75,51,55,66,54,52
"ko:K11752",229,260,187,201,342,322,293,306,254,282,316,254,262,238,278,270,242,538,267,277,301,325,308,294
"ko:K11753",602,548,447,508,749,722,669,669,629,660,521,466,551,549,620,545,513,745,642,643,691,629,681,793
"ko:K11754",988,963,703,691,1239,1134,1026,1090,932,1026,897,835,844,912,902,902,713,1111,1113,1016,1026,1044,1034,990
"ko:K11755",51,53,44,56,92,79,99,82,51,88,59,67,63,52,75,80,58,243,78,54,67,51,69,81
"ko:K11779",636,735,572,598,986,749,786,870,630,670,624,626,659,583,625,604,521,512,758,693,721,729,765,787
"ko:K11779,ko:K11780,ko:K11781,ko:K11784,ko:K18285",18,27,11,10,34,25,19,22,21,24,15,16,19,26,21,22,23,17,14,6,29,25,16,28
"ko:K11779,ko:K11784",65,42,51,50,91,64,80,79,46,61,65,53,48,52,36,38,84,57,94,63,78,95,69,87
"ko:K11782",57,61,57,53,77,86,73,88,33,86,48,68,65,68,80,58,58,38,74,77,109,66,65,65
"ko:K11783",54,41,31,56,80,77,51,49,49,47,73,41,45,55,44,44,30,42,46,55,53,75,57,87
"ko:K11785",81,77,56,63,124,78,69,89,71,90,97,48,49,70,69,56,104,72,86,112,99,126,93,106
"ko:K11811",80,62,34,51,105,82,72,56,99,76,83,74,52,73,70,68,61,349,68,109,96,100,94,82
"ko:K11891",29,37,18,36,38,54,32,43,46,45,24,45,34,42,54,33,30,31,55,36,41,45,33,65
"ko:K11892",65,66,47,57,75,88,72,76,66,68,42,42,68,50,61,62,53,53,92,72,96,96,62,106
"ko:K11893",68,63,36,32,90,75,75,72,39,55,43,84,42,64,70,47,62,55,56,58,77,101,58,70
"ko:K11895",70,62,55,39,95,70,72,78,60,67,74,50,63,69,65,58,53,80,86,65,84,79,113,88
"ko:K11896",109,75,63,63,120,118,88,108,101,108,87,111,97,76,94,98,85,68,114,104,104,106,141,122
"ko:K11897",13,18,16,4,6,6,16,4,10,20,14,10,6,2,8,14,10,12,8,10,17,11,12,11
"ko:K11898",14,16,4,14,36,20,20,15,9,20,6,12,14,14,10,16,14,10,20,12,16,18,21,20
"ko:K11900",263,269,211,243,323,298,265,300,293,331,327,265,327,246,306,267,241,290,324,279,336,342,294,301
"ko:K11901",81,83,44,63,87,91,84,80,94,84,86,91,76,77,68,54,50,75,71,77,68,72,83,86
"ko:K11902",46,37,30,24,74,26,38,53,52,36,44,44,36,46,28,36,45,325,70,34,36,48,36,55
"ko:K11903",23,4,14,4,16,14,13,14,8,17,14,10,6,10,7,8,21,10,10,15,19,22,26,20
"ko:K11904",112,92,90,107,168,142,162,117,152,145,104,98,150,110,102,110,134,119,128,146,167,138,157,136
"ko:K11907",325,244,213,192,371,320,290,311,273,339,235,223,269,263,279,291,255,232,337,270,292,325,292,347
"ko:K11912",112,82,81,92,141,124,134,94,114,86,101,104,70,92,92,92,75,644,113,109,108,97,87,142
"ko:K11921",113,90,94,80,187,125,155,115,134,125,105,114,140,130,121,85,131,78,145,168,153,136,143,138
"ko:K11924",2,6,6,4,2,2,4,4,2,2,0,0,6,2,0,4,6,0,4,4,12,4,0,0
"ko:K11927",1423,1302,939,976,1722,1455,1354,1412,1364,1602,1324,1173,1275,1260,1344,1232,1218,1489,1440,1399,1395,1377,1450,1461
"ko:K11928",111,75,80,71,114,134,112,110,93,103,88,95,97,92,92,93,85,77,140,105,114,134,109,141
"ko:K11931",72,66,62,48,97,81,68,74,68,80,55,86,86,52,49,59,36,592,90,74,90,62,94,106
"ko:K11935",67,39,38,64,93,76,80,86,70,54,64,34,64,52,50,76,36,594,76,55,54,58,89,68
"ko:K11936",74,97,45,47,108,110,91,75,70,81,79,95,74,84,64,82,74,778,137,106,104,90,106,104
"ko:K11937",34,52,22,38,40,57,48,61,26,48,30,27,35,55,20,52,41,387,32,28,50,46,48,40
"ko:K11939",206,178,150,169,257,204,178,201,160,186,191,161,178,181,198,162,138,141,202,192,215,173,214,249
"ko:K11940",72,82,53,43,78,73,59,78,52,80,69,63,66,65,46,58,55,51,45,65,82,50,73,72
"ko:K11942",784,671,542,649,967,842,749,884,908,1012,919,822,795,775,760,650,766,1878,829,848,956,1031,925,944
"ko:K11959",1234,1052,795,825,1211,1072,1089,1117,1055,1219,1141,876,1011,926,1075,954,818,870,1192,1025,1157,1045,1090,1119
"ko:K11960",337,301,250,272,418,366,313,387,338,381,344,270,312,347,355,320,294,302,385,355,433,341,425,393
"ko:K11961",548,510,407,456,651,573,541,512,523,567,568,495,492,457,509,498,506,389,576,535,628,523,588,609
"ko:K11962",247,233,198,207,304,272,272,234,241,297,247,210,221,206,227,268,218,201,248,228,278,281,261,251
"ko:K11963",430,356,264,258,477,452,371,388,393,417,418,355,401,387,372,321,335,316,410,409,435,363,415,435
"ko:K11991",144,133,106,137,201,179,116,183,114,187,142,162,117,139,172,145,96,78,113,97,127,111,132,126
"ko:K12063",12,20,18,20,21,14,28,20,16,18,24,16,14,12,28,20,8,16,8,10,16,22,16,30
"ko:K12132",1962,1592,1256,1343,2384,2100,2057,2115,1720,2039,1839,1627,1771,1668,1811,1731,1373,5356,1987,1823,2123,1923,2034,2201
"ko:K12132,ko:K13419",42,38,32,19,50,53,35,36,27,28,18,27,42,38,46,32,30,27,52,36,38,50,56,46
"ko:K12137",26,28,25,30,46,49,49,39,44,26,18,15,34,28,28,22,26,14,43,38,32,40,41,25
"ko:K12140",189,192,129,154,217,169,199,185,172,217,151,163,164,149,172,168,109,127,142,152,212,174,172,208
"ko:K12141",246,270,220,200,302,295,334,297,290,305,276,273,259,253,286,258,236,173,289,230,316,222,251,237
"ko:K12234",167,172,160,150,230,227,240,209,155,207,164,188,181,124,206,162,168,160,225,232,240,255,231,258
"ko:K12241",20,20,20,22,22,32,44,24,19,28,26,22,18,28,20,24,30,20,27,18,23,37,16,26
"ko:K12250",31,22,18,10,30,38,18,32,18,20,30,7,28,22,28,30,19,18,31,30,28,24,34,32
"ko:K12251",197,200,175,122,290,215,197,208,202,274,214,182,182,200,200,193,217,448,203,228,248,229,220,292
"ko:K12256",82,62,69,61,86,70,95,94,64,111,85,76,78,86,94,95,62,99,56,103,111,116,66,90
"ko:K12262",108,82,48,75,117,100,96,102,97,103,98,89,72,92,103,91,85,446,94,126,106,108,124,110
"ko:K12278",10,8,2,8,14,12,18,12,10,6,18,8,10,16,8,13,8,4,11,18,10,10,10,16
"ko:K12297",109,117,80,106,187,141,127,144,129,160,143,101,110,120,133,129,145,824,150,168,190,152,171,165
"ko:K12308",353,297,240,256,503,393,423,385,342,359,324,315,380,309,329,277,290,832,422,422,460,466,460,432
"ko:K12339",85,52,40,49,80,68,57,55,89,103,101,64,55,44,70,72,75,57,64,45,76,77,72,62
"ko:K12339,ko:K21148",424,365,270,310,530,413,383,462,320,427,329,377,362,382,350,349,276,209,369,340,383,368,320,410
"ko:K12340",236,240,169,189,273,293,253,273,211,264,295,196,210,223,229,207,179,622,246,253,249,218,280,317
"ko:K12340,ko:K12543",18,26,12,17,22,22,18,19,18,8,18,18,14,16,36,14,28,18,18,29,32,28,22,32
"ko:K12368",425,363,272,291,508,350,333,400,379,392,332,317,340,358,358,364,383,364,405,472,466,391,399,476
"ko:K12369",251,272,155,172,344,280,256,300,288,261,190,192,235,238,230,205,183,183,260,261,293,244,261,259
"ko:K12371",140,110,111,96,142,103,112,105,123,131,116,93,127,110,117,87,158,184,141,177,174,144,135,167
"ko:K12372",221,210,166,164,298,184,226,198,239,238,225,181,227,215,197,211,187,187,242,263,273,216,250,244
"ko:K12373",438,429,281,331,509,509,404,512,359,434,394,386,359,419,383,382,331,1826,490,433,571,453,528,536
"ko:K12410",166,137,112,101,205,172,157,144,126,169,126,155,158,125,132,153,108,351,182,157,156,140,146,172
"ko:K12420",30,49,24,51,76,77,48,56,36,37,36,26,39,50,32,40,45,32,50,52,63,52,80,42
"ko:K12421",80,70,59,56,116,98,78,100,83,86,55,72,77,69,74,65,89,69,73,116,79,91,88,113
"ko:K12424",12,10,4,10,12,10,16,21,14,18,7,10,6,4,8,8,8,10,16,10,13,8,6,12
"ko:K12428",14,35,23,18,44,34,26,38,30,32,38,16,14,22,24,22,15,25,36,33,48,32,35,36
"ko:K12429,ko:K18662",174,117,105,144,238,171,225,212,139,168,164,136,183,153,177,152,116,121,156,165,187,152,173,215
"ko:K12437",110,103,68,76,106,91,101,111,85,89,86,71,74,90,76,80,75,76,126,79,93,90,90,100
"ko:K12440,ko:K12441,ko:K12443,ko:K15320",54,57,38,39,54,54,48,41,43,36,33,20,39,34,30,50,24,39,42,28,56,35,48,55
"ko:K12506",4,5,0,4,0,2,4,4,2,3,7,6,6,8,4,0,4,0,4,0,2,6,2,0
"ko:K12507",48,36,46,56,82,52,52,82,50,60,49,55,58,49,52,48,40,47,64,54,60,52,40,46
"ko:K12508",156,163,126,121,208,166,149,127,160,225,186,177,175,149,196,164,90,156,140,168,166,151,153,169
"ko:K12510",420,378,312,293,566,503,461,458,349,394,406,349,427,370,437,371,333,383,480,423,418,457,437,541
"ko:K12511",302,267,214,247,356,290,271,365,261,287,277,251,262,271,288,202,195,245,322,314,357,314,304,387
"ko:K12524",289,228,189,157,338,295,258,318,259,269,217,222,226,216,227,244,190,1271,292,299,345,338,287,291
"ko:K12526",184,162,116,149,240,203,187,175,206,263,177,200,173,195,205,188,177,979,248,248,227,243,216,205
"ko:K12539",44,43,28,25,66,41,39,70,47,69,42,30,49,53,45,40,23,25,30,28,54,52,32,43
"ko:K12541",137,135,88,89,178,117,124,164,125,123,142,116,106,132,112,116,93,97,139,151,145,140,150,139
"ko:K12542",40,40,11,36,47,48,52,58,32,36,16,20,64,42,33,34,36,41,38,56,38,44,45,24
"ko:K12542,ko:K16300",33,14,15,20,48,40,24,38,24,14,20,36,34,34,32,26,18,36,42,32,40,46,26,49
"ko:K12543",88,81,54,56,98,108,80,130,79,88,97,58,81,91,82,60,68,99,122,86,106,90,110,124
"ko:K12573",570,633,488,510,856,706,695,727,697,743,621,547,657,583,651,577,618,1423,673,814,710,757,719,826
"ko:K12574",1292,1274,946,1045,1801,1489,1467,1556,1056,1312,1116,1173,1148,1141,1212,1224,1055,1027,1383,1435,1287,1416,1340,1538
"ko:K12583",128,153,114,103,221,213,139,154,135,129,114,114,133,128,131,120,101,91,185,176,172,145,159,167
"ko:K12658",165,128,100,116,189,166,154,172,163,168,155,152,154,154,137,149,158,446,179,177,168,162,164,196
"ko:K12685",247,275,157,196,373,326,273,308,261,250,254,192,252,217,229,226,190,2340,283,254,290,319,276,306
"ko:K12685,ko:K19231",64,71,50,32,28,50,62,46,42,58,45,43,57,52,50,52,27,40,38,60,50,56,38,56
"ko:K12686",86,72,59,69,114,93,78,83,54,66,71,76,60,76,91,88,80,630,80,92,97,76,91,121
"ko:K12941",142,119,103,104,144,132,120,130,110,85,110,104,119,97,114,95,86,105,138,131,144,134,137,148
"ko:K12942",116,144,95,74,151,148,102,142,108,134,95,98,89,114,127,98,76,125,127,149,154,142,158,132
"ko:K12952",387,336,295,300,532,479,423,434,351,409,338,361,345,370,333,348,322,276,462,422,458,415,483,499
"ko:K12955",160,152,129,130,208,203,182,189,116,190,138,154,152,116,154,157,98,117,207,182,190,164,191,164
"ko:K12957,ko:K13979",32,15,10,22,18,34,22,24,22,25,27,23,14,6,27,12,17,9,22,13,30,26,17,30
"ko:K12960",233,190,148,160,345,268,260,240,200,243,187,183,216,186,177,180,195,545,234,202,283,262,273,286
"ko:K12972",218,193,129,152,281,230,246,198,211,235,212,208,191,199,222,191,168,156,212,227,209,226,260,239
"ko:K12979",50,34,24,24,52,30,45,60,32,62,36,50,30,26,36,28,32,328,48,47,54,59,49,45
"ko:K12982",80,83,67,74,96,99,101,72,89,76,79,47,82,70,78,89,78,456,90,115,129,112,95,114
"ko:K12989",40,45,25,21,38,34,44,42,20,32,28,22,24,28,26,28,31,41,52,53,44,41,30,46
"ko:K12990",58,57,34,40,92,88,90,82,65,104,62,74,64,38,46,82,54,644,68,63,68,82,88,90
"ko:K12995",269,228,169,170,276,286,263,227,244,262,216,244,220,219,208,224,159,182,208,213,232,274,246,305
"ko:K13010",24,31,16,38,48,12,40,40,30,17,22,14,20,27,21,26,18,13,30,22,22,39,32,38
"ko:K13013",146,145,90,91,171,160,136,162,114,162,141,142,129,118,142,126,114,108,174,146,180,138,164,147
"ko:K13015",119,101,77,94,123,137,143,130,105,114,91,75,105,83,96,114,94,92,162,152,139,141,159,163
"ko:K13018",32,31,22,16,32,28,39,30,46,68,30,50,27,46,35,40,36,34,30,30,36,26,54,34
"ko:K13020",2,3,7,2,0,0,6,4,5,3,6,2,6,2,8,4,4,4,8,2,6,6,2,10
"ko:K13021",18,18,12,20,27,6,28,12,19,23,19,19,28,10,15,19,15,8,12,16,26,28,16,26
"ko:K13038",494,449,419,341,649,651,633,609,485,527,445,407,497,464,537,490,419,661,589,537,635,533,604,558
"ko:K13038,ko:K21977",263,290,159,199,373,280,265,337,232,293,283,216,261,271,265,240,187,212,295,257,305,276,256,363
"ko:K13039",32,29,41,28,52,38,39,32,45,47,33,33,22,33,51,46,30,21,26,59,38,32,34,44
"ko:K13041",36,20,28,21,39,30,28,38,48,73,43,39,37,39,23,19,45,36,34,38,52,46,38,29
"ko:K13049",187,178,157,148,296,217,177,238,166,183,211,167,176,159,164,184,166,152,201,195,190,180,187,236
"ko:K13051",107,100,67,89,171,140,119,133,139,136,100,113,110,109,113,128,103,396,125,154,150,145,155,168
"ko:K13052",94,94,48,74,161,153,104,114,89,126,101,75,91,86,113,88,95,76,132,106,136,148,110,162
"ko:K13053",70,77,51,48,85,69,54,62,61,63,67,64,52,52,57,65,52,293,92,61,112,87,75,71
"ko:K13057",152,155,111,103,206,99,149,155,120,143,104,123,110,113,105,106,93,69,118,110,115,105,99,114
"ko:K13060",19,9,6,10,12,15,4,24,6,18,2,12,12,10,9,10,9,8,14,11,18,6,16,26
"ko:K13063",600,566,416,416,782,682,613,723,485,613,477,442,555,440,512,508,500,987,656,675,663,659,613,718
"ko:K13075",320,304,263,285,405,391,362,452,279,387,272,277,288,303,321,322,253,219,299,242,375,285,282,300
"ko:K13245",1015,980,705,652,1144,1053,964,996,831,924,915,800,861,834,870,932,778,735,921,900,1114,880,1038,1118
"ko:K13255",10,12,2,14,20,22,19,6,14,20,14,8,10,2,14,16,15,6,20,10,12,30,21,14
"ko:K13274",30,8,10,6,70,48,49,24,14,19,8,28,41,49,32,26,10,12,18,12,16,30,26,20
"ko:K13277",4,0,8,4,28,16,22,8,14,12,16,6,18,6,12,16,14,6,18,22,10,20,12,12
"ko:K13280",25,28,17,20,35,36,37,31,32,19,23,16,16,21,17,18,15,20,14,16,27,39,25,21
"ko:K13282",6,3,0,8,6,4,8,4,6,4,4,6,0,0,10,6,3,8,11,12,14,10,10,2
"ko:K13288",472,492,408,368,648,581,539,534,418,508,442,473,420,444,398,467,381,550,584,581,514,503,537,571
"ko:K13292",306,237,223,198,402,265,322,300,311,363,276,239,265,316,311,271,223,570,312,295,357,314,305,332
"ko:K13315",56,62,32,36,38,45,67,61,41,61,39,54,63,44,35,36,37,43,69,61,65,88,69,76
"ko:K13408",22,10,10,10,28,14,21,24,16,16,12,18,20,12,18,12,18,225,12,14,24,21,28,32
"ko:K13409",182,140,95,106,213,158,207,164,121,160,146,141,167,162,152,135,100,1433,176,164,154,213,213,175
"ko:K13481",205,213,155,193,269,211,220,213,200,221,214,175,203,165,202,205,189,187,233,223,228,251,224,253
"ko:K13482",835,902,672,698,1205,1015,916,986,847,959,789,745,774,836,835,866,702,717,891,1009,981,920,845,1055
"ko:K13483",269,277,219,232,349,252,303,322,270,323,285,286,265,287,260,248,245,245,303,237,331,306,272,320
"ko:K13487",67,79,50,52,86,124,84,99,99,84,70,76,76,46,99,64,58,510,82,70,58,82,86,94
"ko:K13488",12,10,6,8,10,12,18,16,16,14,12,28,16,20,10,10,11,154,10,18,20,20,12,12
"ko:K13489",28,20,4,10,40,23,22,20,10,20,12,14,10,12,20,25,10,200,34,8,20,12,30,17
"ko:K13490",106,78,74,98,144,126,126,147,83,118,111,91,116,132,77,101,76,808,120,100,127,117,90,99
"ko:K13491",68,64,24,34,76,90,68,69,60,56,76,56,70,81,75,46,62,363,47,48,61,66,64,56
"ko:K13503",166,149,130,133,192,170,154,144,135,188,169,136,119,125,153,118,200,144,195,188,206,220,204,213
"ko:K13522",32,35,28,45,36,36,52,42,22,42,38,46,44,34,33,38,34,356,30,26,20,42,50,52
"ko:K13525",251,247,187,147,378,256,287,289,251,280,230,232,274,237,237,207,217,180,261,235,255,233,250,242
"ko:K13527",707,596,475,598,831,674,632,662,523,628,566,522,575,565,545,602,498,460,680,660,654,642,628,709
"ko:K13529",281,294,233,212,409,359,298,350,291,296,274,307,244,256,298,226,230,724,337,288,368,334,331,334
"ko:K13532",2,4,4,4,18,6,8,2,2,4,2,2,8,10,3,2,8,4,0,0,2,4,2,4
"ko:K13533",14,8,6,6,26,10,6,7,14,0,6,8,12,15,7,8,10,4,2,2,8,6,10,8
"ko:K13541",52,57,38,47,72,86,49,70,83,69,63,64,52,60,62,56,52,42,67,68,83,88,96,86
"ko:K13542",40,42,40,38,57,55,48,58,53,42,38,52,55,44,50,43,31,44,36,35,42,44,47,73
"ko:K13566",47,65,44,51,75,52,43,68,35,56,48,50,54,30,51,54,71,285,51,69,74,87,72,53
"ko:K13570",154,117,99,102,131,131,147,161,94,133,106,98,131,88,144,100,80,78,174,134,132,171,134,191
"ko:K13571",1025,981,793,873,1401,1147,1139,1189,860,937,846,872,890,893,1002,893,849,709,1013,1037,1047,1039,1017,1218
"ko:K13571,ko:K20814",28,23,8,8,20,27,25,16,18,19,16,12,18,18,12,16,16,16,14,4,14,16,20,10
"ko:K13572,ko:K13573",292,264,223,209,319,309,268,301,224,300,210,232,291,231,286,251,233,184,317,295,289,268,325,316
"ko:K13573",354,388,267,285,491,377,409,455,302,387,293,334,281,330,376,361,253,240,363,303,385,393,382,388
"ko:K13581",595,581,447,430,769,613,524,638,524,676,606,516,575,611,606,546,462,462,584,599,732,648,617,688
"ko:K13583",69,91,62,61,96,90,74,119,72,76,80,86,60,74,93,57,65,74,56,96,78,111,77,113
"ko:K13584",97,68,49,44,130,77,52,69,49,84,44,73,52,62,72,64,69,55,74,80,84,61,59,71
"ko:K13587",732,665,500,552,836,781,713,759,681,789,632,603,688,561,666,620,538,605,647,689,781,746,790,808
"ko:K13588",82,65,45,40,90,71,43,60,50,71,68,63,49,56,56,42,41,48,60,72,60,56,62,63
"ko:K13589",251,199,162,220,310,225,228,220,220,274,220,232,194,218,209,188,169,189,181,234,211,218,252,254
"ko:K13590",128,95,80,74,104,99,72,98,89,70,141,94,80,92,75,79,67,57,90,100,100,103,118,108
"ko:K13592",26,12,28,12,24,14,6,14,18,22,8,16,24,10,22,25,22,12,24,26,21,21,20,22
"ko:K13593",50,72,50,52,80,46,46,47,53,57,44,36,30,45,30,32,32,36,58,50,74,65,61,65
"ko:K13598",499,519,411,380,639,527,474,529,475,539,446,399,481,488,479,447,422,453,477,537,514,444,489,584
"ko:K13599",879,817,661,694,1092,923,869,829,747,995,823,767,760,785,786,742,673,632,852,855,882,885,886,889
"ko:K13611,ko:K13614",56,44,64,38,196,117,93,69,64,57,40,48,104,108,95,89,46,36,68,39,60,90,96,76
"ko:K13612,ko:K13613,ko:K13615",22,12,16,12,71,25,33,22,12,4,6,8,21,20,14,18,10,8,16,14,14,24,10,14
"ko:K13622",26,15,38,13,33,28,34,23,29,26,20,29,20,30,36,25,36,29,34,30,52,36,29,52
"ko:K13623",24,14,11,10,14,16,26,12,17,25,12,22,14,20,14,22,14,25,18,26,20,40,12,37
"ko:K13628",443,481,290,358,568,434,443,479,406,485,432,369,370,417,369,370,404,509,458,460,490,417,424,468
"ko:K13628,ko:K15724",133,106,92,117,130,142,127,168,122,159,121,101,167,118,134,133,87,79,160,145,162,152,140,150
"ko:K13633",32,46,26,20,61,45,62,40,50,70,43,38,54,36,32,28,38,382,48,43,54,38,40,50
"ko:K13634",49,31,31,31,45,39,60,43,78,73,69,75,54,43,50,36,33,22,56,42,60,54,48,34
"ko:K13634,ko:K13635",115,115,84,97,174,108,128,134,124,167,139,103,121,123,115,133,111,82,147,154,120,118,147,142
"ko:K13637",31,20,18,20,58,33,32,40,19,38,26,34,32,21,51,30,27,19,18,38,32,40,36,32
"ko:K13639",342,355,249,278,493,408,380,476,350,393,330,311,416,330,373,344,296,416,357,364,449,429,329,442
"ko:K13640",144,137,112,118,194,159,163,177,96,136,140,133,120,125,151,107,95,85,153,134,167,131,171,187
"ko:K13641",180,157,138,146,264,209,251,210,187,209,185,184,184,167,176,126,199,155,205,185,280,215,218,243
"ko:K13641,ko:K19333",16,15,9,16,16,6,27,10,16,22,19,16,13,24,16,16,13,16,20,26,12,17,22,21
"ko:K13641,ko:K21602",6,11,2,8,4,12,10,8,4,4,10,4,10,10,8,2,6,4,10,2,4,13,14,6
"ko:K13643",253,213,170,196,299,300,297,279,250,277,250,236,235,218,302,244,167,207,271,271,249,245,223,284
"ko:K13652",48,58,36,28,81,64,58,64,56,48,58,42,58,43,64,55,34,567,60,52,50,39,46,62
"ko:K13652,ko:K13653",14,18,14,18,11,16,2,4,14,10,2,16,16,16,19,8,12,10,8,6,12,27,14,17
"ko:K13653",52,45,25,32,60,47,54,48,43,44,57,49,46,64,32,44,38,32,39,81,38,53,47,46
"ko:K13656,ko:K20997",10,5,2,6,6,6,4,8,0,0,6,2,4,4,2,11,5,7,4,6,6,14,14,2
"ko:K13660",62,55,16,49,77,61,68,40,51,54,49,46,44,47,48,54,16,457,62,46,66,42,51,60
"ko:K13668",72,47,38,55,73,62,66,80,44,65,43,47,69,64,55,40,56,65,64,45,65,83,62,88
"ko:K13669",20,32,16,25,30,48,36,32,27,20,30,22,21,24,36,24,25,23,24,40,24,33,34,32
"ko:K13671",47,39,24,18,68,47,40,44,32,39,26,35,40,34,34,52,21,31,42,35,42,30,32,48
"ko:K13686",6,6,10,12,9,8,14,20,8,5,2,10,16,8,12,8,10,6,11,3,6,8,11,4
"ko:K13687",20,13,24,18,22,15,12,22,14,9,26,13,6,23,28,14,14,9,14,18,26,8,16,22
"ko:K13688",115,125,89,71,142,153,170,155,134,153,119,108,131,109,96,135,91,80,143,143,152,167,140,208
"ko:K13688,ko:K18786",553,496,401,377,550,587,461,511,533,541,500,386,482,467,518,459,542,489,563,554,609,610,615,720
"ko:K13693",180,184,121,162,245,212,173,235,172,184,147,177,169,187,169,176,149,144,208,153,207,159,196,144
"ko:K13694,ko:K13695",0,2,0,0,0,0,0,0,0,2,0,0,2,0,0,0,0,5,0,0,0,2,0,0
"ko:K13695,ko:K19303",12,20,20,12,34,31,18,34,36,34,36,24,28,37,22,24,29,20,28,36,26,34,52,30
"ko:K13747",10,4,0,4,4,6,8,4,14,6,0,4,6,4,8,8,4,3,6,6,0,2,2,6
"ko:K13766",148,165,128,160,250,213,195,195,146,146,187,189,191,170,177,165,136,402,205,174,200,239,176,206
"ko:K13766,ko:K15312",32,25,34,26,38,28,40,39,46,40,22,25,32,22,37,24,23,24,30,41,34,42,37,24
"ko:K13767",3,0,0,6,18,14,6,6,2,2,4,2,2,10,6,10,0,2,6,0,0,4,4,6
"ko:K13771",16,13,12,22,30,38,16,12,22,31,22,16,20,18,12,10,26,14,6,20,24,22,26,26
"ko:K13771,ko:K13772",15,6,8,14,14,6,8,12,14,4,8,10,10,10,4,4,18,9,6,10,4,20,8,12
"ko:K13772",6,7,9,10,10,10,14,4,8,6,14,2,10,0,8,12,15,14,10,5,13,14,12,14
"ko:K13775",354,309,255,240,430,422,405,368,352,443,344,290,293,310,321,292,313,539,397,386,422,348,343,392
"ko:K13778",28,23,16,27,23,26,20,18,28,28,26,35,24,27,24,16,35,18,28,21,27,36,40,26
"ko:K13787",217,190,139,187,315,289,230,248,222,234,208,204,232,197,229,203,163,139,268,233,239,247,260,255
"ko:K13788",432,353,323,303,486,442,513,433,369,462,336,336,385,337,381,389,394,336,450,421,498,444,428,480
"ko:K13789",187,133,103,135,184,146,166,160,136,152,138,119,126,117,138,122,134,64,113,112,166,144,117,130
"ko:K13794",28,18,26,24,40,30,42,34,21,18,45,22,44,30,20,30,32,35,30,41,44,63,26,22
"ko:K13795",14,5,3,6,19,11,10,4,0,7,8,13,2,7,12,6,9,14,11,2,9,10,2,7
"ko:K13796",170,158,106,150,237,244,196,215,155,218,160,143,177,172,207,158,156,148,161,182,191,155,200,160
"ko:K13815",138,105,93,92,173,147,147,147,95,151,142,118,109,82,100,99,104,443,134,124,134,175,167,156
"ko:K13816",59,54,42,44,71,58,61,68,66,64,56,70,57,44,59,56,65,320,77,70,90,63,90,85
"ko:K13821",1369,1309,884,999,1789,1463,1355,1394,1325,1514,1277,1221,1273,1201,1330,1196,1225,2141,1351,1430,1633,1483,1639,1594
"ko:K13874",7,14,6,10,12,8,4,12,0,0,6,3,6,8,6,6,15,10,12,8,30,12,12,10
"ko:K13874,ko:K14274",9,4,6,10,5,7,10,4,2,22,11,14,16,14,10,4,16,12,5,14,21,10,8,12
"ko:K13874,ko:K22217",18,20,10,18,38,26,22,34,16,11,24,20,28,20,32,18,23,31,18,19,18,31,18,32
"ko:K13875",364,324,249,266,429,368,383,342,308,404,383,276,286,273,330,347,348,269,364,345,408,322,390,382
"ko:K13875,ko:K22186",69,64,46,56,87,75,57,56,69,84,63,50,60,43,85,76,47,50,59,43,96,51,71,60
"ko:K13876",68,28,37,32,75,47,54,48,57,73,42,60,60,29,38,46,38,42,49,46,55,72,41,36
"ko:K13877,ko:K14519",62,76,59,58,108,91,109,65,66,82,92,64,74,54,75,67,72,35,76,107,93,90,101,93
"ko:K13890",32,36,28,31,60,26,39,47,31,34,37,46,26,32,31,40,39,23,47,62,55,32,64,70
"ko:K13891",8,0,8,8,6,5,3,10,5,0,0,10,3,2,4,5,11,0,4,0,6,7,4,8
"ko:K13893",340,349,215,252,424,394,303,328,314,327,292,295,321,291,335,287,285,301,358,329,311,312,339,319
"ko:K13894",672,643,528,505,764,680,692,654,599,645,584,545,612,596,649,572,524,584,633,690,649,612,562,781
"ko:K13895",668,652,490,489,801,683,688,758,612,772,580,522,586,518,633,598,498,520,609,583,701,739,753,798
"ko:K13924",99,96,77,71,135,95,128,131,115,99,77,92,105,91,97,101,72,109,101,104,125,112,126,114
"ko:K13929",53,65,48,39,68,72,72,58,46,59,48,61,46,55,63,35,62,58,56,54,63,71,48,68
"ko:K13931",0,0,0,4,2,4,2,0,2,0,6,6,6,0,2,2,4,0,6,8,8,0,6,0
"ko:K13932",50,55,38,46,80,57,53,67,53,64,63,59,55,59,42,35,41,47,56,42,52,64,70,72
"ko:K13933",18,24,13,14,26,28,12,22,38,23,28,22,22,16,33,22,13,14,22,22,20,34,29,20
"ko:K13950",193,149,114,129,263,201,148,192,152,186,175,161,170,123,154,177,122,1448,186,185,172,182,194,196
"ko:K13953",356,326,255,287,468,426,410,474,305,439,347,346,356,292,335,284,315,294,471,374,388,377,371,429
"ko:K13953,ko:K18382",41,35,30,43,77,45,44,55,47,62,41,52,59,62,57,51,48,44,52,41,57,61,48,61
"ko:K13963",0,0,2,4,20,19,8,4,0,6,6,2,12,6,2,8,6,2,0,2,4,2,7,2
"ko:K13979",790,651,498,517,911,706,632,839,621,798,595,620,585,542,655,554,567,876,633,560,700,641,680,700
"ko:K13993",243,238,169,217,330,220,253,273,208,212,189,181,194,178,246,196,181,138,242,214,242,311,223,270
"ko:K13995",92,86,48,83,103,93,99,77,69,95,109,95,77,63,84,55,74,60,86,77,86,76,76,100
"ko:K14058",318,230,181,221,349,325,312,273,283,310,307,301,309,273,269,236,282,542,340,386,307,344,361,343
"ko:K14083",426,405,330,327,522,460,453,429,408,484,419,385,424,379,466,346,420,364,488,473,495,387,468,541
"ko:K14136",103,84,47,92,121,101,108,129,75,72,90,89,73,100,79,97,65,86,107,77,117,90,109,121
"ko:K14155",163,115,94,88,165,152,126,152,132,148,144,102,126,96,99,92,84,77,121,138,121,109,123,146
"ko:K14160",38,56,32,14,56,44,58,64,45,54,44,43,35,28,57,30,27,31,60,47,42,51,58,57
"ko:K14161",273,241,176,217,343,301,258,282,260,267,257,219,269,233,281,228,207,620,289,262,254,275,241,284
"ko:K14162",1765,1735,1306,1368,2454,2126,1983,2087,1652,1761,1527,1560,1643,1493,1615,1649,1392,2212,1896,1839,1886,1833,1798,2144
"ko:K14166",60,71,28,42,74,62,73,81,71,49,56,70,64,62,56,58,52,36,86,71,84,82,75,98
"ko:K14170",243,218,161,205,306,242,241,227,276,305,254,179,234,217,230,250,208,650,276,218,285,267,257,316
"ko:K14188",4,0,0,0,8,4,0,8,2,2,0,0,0,0,0,1,0,0,0,2,0,0,2,0
"ko:K14189",43,49,35,36,81,53,67,77,38,54,60,60,55,30,60,41,35,42,63,36,52,58,54,72
"ko:K14205",86,81,58,80,140,127,122,117,112,150,116,87,124,110,89,76,98,822,112,96,96,103,131,127
"ko:K14250",2,3,2,0,5,2,0,4,0,0,0,2,4,2,0,0,4,3,4,0,0,4,0,2
"ko:K14251",34,17,8,23,42,32,41,27,16,40,22,16,30,25,31,13,34,26,50,42,40,40,44,44
"ko:K14257",9,4,4,13,4,11,4,10,21,10,16,10,8,4,12,8,10,2,10,13,22,10,16,21
"ko:K14260",271,224,199,172,278,292,245,236,307,329,286,229,248,247,302,266,277,586,301,240,267,355,319,276
"ko:K14261",819,784,602,580,975,915,813,802,735,928,815,764,813,709,786,695,665,653,817,792,846,816,878,906
"ko:K14266",46,69,53,54,99,78,65,66,63,83,73,62,48,65,64,68,60,59,115,73,91,61,95,73
"ko:K14267",30,16,16,10,18,26,10,13,33,25,27,36,24,24,24,9,20,14,22,34,30,22,22,24
"ko:K14274",109,149,103,91,200,146,152,188,147,142,145,116,121,103,115,170,90,103,168,137,139,120,128,160
"ko:K14287",200,150,116,122,232,232,173,214,181,235,214,189,148,210,210,187,190,509,202,229,238,179,223,208
"ko:K14335",82,78,71,67,136,94,105,163,44,71,68,86,58,69,91,88,89,73,114,137,111,134,112,124
"ko:K14337,ko:K14339",89,89,92,58,104,91,90,86,58,84,70,75,91,62,79,63,58,79,90,86,73,68,75,91
"ko:K14338",74,53,40,53,113,78,81,85,57,88,44,38,73,65,92,81,59,66,86,66,81,87,77,76
"ko:K14339",62,42,39,30,81,36,52,46,33,58,49,50,61,46,52,48,37,41,44,53,54,52,42,66
"ko:K14347",124,107,71,107,160,100,119,141,86,123,124,89,116,93,112,96,102,463,135,117,151,143,118,149
"ko:K14392",23,16,18,6,22,16,6,12,31,9,14,24,16,24,7,12,15,19,29,16,9,22,20,19
"ko:K14393",1804,1885,1406,1443,2465,2127,1965,2148,1707,2038,1744,1699,1598,1694,1801,1785,1494,1455,2007,2013,1956,1914,1994,2068
"ko:K14414",146,124,84,97,218,131,142,175,145,157,166,148,167,143,115,140,115,626,148,148,148,130,167,155
"ko:K14415",540,490,383,439,796,700,614,645,518,605,530,493,495,510,532,514,454,1256,604,493,588,612,610,649
"ko:K14441",1113,993,775,793,1370,1274,968,1246,979,1197,1024,905,877,1004,1035,948,919,1224,1060,1111,1147,1037,1106,1160
"ko:K14445",140,170,86,108,161,164,117,149,104,110,105,154,98,93,124,115,95,70,95,93,110,109,117,152
"ko:K14446",413,409,357,301,558,478,478,467,376,437,390,388,382,367,410,346,257,216,374,326,415,404,386,432
"ko:K14446,ko:K17829",6,16,13,13,22,10,16,18,13,24,12,15,18,13,12,24,16,12,18,11,21,14,18,34
"ko:K14447",1430,1303,1491,1860,1929,2501,2592,2045,1799,2373,1937,1467,1515,1259,1581,1664,1690,1285,3371,1873,1401,2788,2520,1339
"ko:K14448",342,313,231,280,426,336,372,368,276,322,299,275,282,311,312,296,286,214,317,272,337,289,320,373
"ko:K14449",152,119,103,130,225,178,169,123,122,137,101,101,121,127,101,136,96,95,172,144,154,128,162,169
"ko:K14470",220,220,151,185,254,244,287,262,192,248,217,244,263,257,258,196,188,128,246,199,267,213,244,246
"ko:K14519",95,73,59,60,104,111,99,118,68,86,89,63,92,75,101,104,69,72,111,108,119,114,102,98
"ko:K14520",52,47,44,46,56,57,60,71,60,48,43,44,38,44,62,52,40,52,44,68,66,40,44,56
"ko:K14534",10,27,26,30,41,26,34,26,30,36,28,18,22,26,37,36,23,13,26,20,35,22,34,39
"ko:K14540",45,38,10,20,49,44,38,51,38,23,38,23,34,40,30,24,34,39,61,56,46,53,20,34
"ko:K14584",8,4,6,8,14,2,4,6,4,21,2,6,8,8,2,8,4,10,12,14,12,14,6,10
"ko:K14645",775,738,424,504,985,768,787,859,712,835,689,672,625,643,701,750,586,4549,871,744,982,828,830,919
"ko:K14652",1722,1560,1082,1264,2353,2014,1817,1890,1494,1684,1582,1527,1496,1539,1580,1508,1182,1529,1678,1576,1731,1620,1620,1795
"ko:K14660",42,49,42,45,57,61,52,58,48,45,32,26,35,40,50,48,31,41,60,36,46,50,58,54
"ko:K14667",51,40,44,32,72,61,48,56,47,58,33,28,27,51,47,54,44,47,64,85,68,69,90,84
"ko:K14668",36,31,20,30,38,31,51,55,41,30,50,24,32,30,30,16,28,20,45,40,28,52,26,53
"ko:K14669",18,12,8,2,12,8,9,12,0,4,2,2,12,6,8,2,3,8,14,4,18,10,18,2
"ko:K14670",18,17,10,6,22,30,22,21,25,12,14,12,18,8,16,10,6,16,28,27,36,22,17,24
"ko:K14671",6,8,6,10,7,4,12,14,4,11,13,2,6,10,4,4,4,12,4,6,2,10,10,13
"ko:K14672",2,6,6,2,8,12,6,8,2,6,10,6,4,2,0,0,8,2,10,4,10,8,12,5
"ko:K14673",22,10,7,11,9,30,16,19,18,20,15,17,16,10,6,8,21,12,25,27,29,14,19,24
"ko:K14682",224,193,133,130,217,157,202,202,267,253,236,221,185,188,198,204,154,134,254,191,190,208,206,205
"ko:K14727",30,24,7,14,25,24,26,30,28,18,19,22,19,17,14,14,8,17,36,22,12,6,22,28
"ko:K14728",26,26,14,16,26,18,20,22,20,19,13,14,18,10,29,14,22,18,28,30,26,30,15,28
"ko:K14731",45,54,58,38,72,56,71,81,43,78,63,47,49,53,51,53,51,22,72,67,45,41,42,54
"ko:K14733",139,137,93,115,226,147,175,177,113,158,113,127,139,122,135,154,109,137,169,120,161,135,151,164
"ko:K14742",146,131,100,134,190,145,181,161,111,156,120,113,156,141,102,127,109,323,161,135,125,141,164,142
"ko:K14743",118,74,76,95,149,141,122,112,128,103,118,97,105,121,109,100,78,77,139,134,150,102,123,108
"ko:K14744",6,6,10,10,6,11,6,14,4,4,8,2,4,2,4,6,2,2,6,2,2,10,12,6
"ko:K14761",59,51,41,45,70,79,64,63,58,71,51,70,44,41,63,47,47,111,62,56,72,67,65,71
"ko:K14941",81,74,42,44,110,69,61,75,72,62,72,41,50,90,74,55,57,56,58,96,64,100,80,58
"ko:K14949",275,268,199,173,339,322,307,302,252,269,185,205,262,220,232,251,233,256,278,261,326,281,295,333
"ko:K14952",83,113,83,71,106,97,105,65,84,94,68,89,78,60,64,62,60,84,82,105,85,92,90,81
"ko:K14953",22,14,17,22,36,22,18,21,14,24,22,15,30,28,26,22,12,18,34,40,28,12,32,13
"ko:K14956",29,13,4,12,16,26,12,23,18,12,23,6,6,0,20,18,8,4,16,15,10,16,8,8
"ko:K14977",262,284,194,215,341,315,284,329,230,297,275,193,224,249,250,226,240,200,294,278,304,263,273,391
"ko:K14980",282,295,233,258,392,336,318,302,275,290,333,273,282,278,297,286,289,277,299,335,392,361,368,345
"ko:K14981",598,568,413,461,716,527,530,558,529,566,575,524,488,457,549,491,529,451,544,622,673,578,579,624
"ko:K14986",86,90,48,67,124,97,67,95,81,109,98,85,88,100,88,64,68,49,79,94,92,82,89,104
"ko:K14987",73,60,36,48,89,69,65,59,57,47,55,57,59,63,68,44,36,43,53,62,55,65,46,72
"ko:K14998",88,69,56,52,112,86,102,102,78,60,93,56,62,74,74,62,37,285,81,74,94,74,77,60
"ko:K15011",364,324,235,233,481,381,338,333,285,345,268,292,340,302,340,297,284,969,351,361,362,334,355,394
"ko:K15012",468,344,296,332,535,400,458,436,396,500,451,360,381,382,426,418,361,829,431,485,479,457,417,478
"ko:K15022",752,702,522,627,886,672,682,682,700,810,759,658,698,664,618,635,522,577,591,608,758,616,750,714
"ko:K15034",190,183,131,134,238,216,227,262,202,219,175,171,222,190,212,200,171,319,223,233,229,248,186,228
"ko:K15052",50,78,61,56,94,87,72,95,69,49,51,44,69,70,76,62,50,41,70,54,48,60,77,83
"ko:K15060",1,0,6,0,6,4,0,4,1,2,8,2,4,8,0,2,2,0,2,0,2,0,4,4
"ko:K15064",41,27,32,19,32,29,31,27,12,36,41,30,46,38,47,28,22,31,42,31,36,26,38,40
"ko:K15066",70,40,45,43,70,74,54,85,58,60,69,80,52,59,62,51,39,61,61,70,67,59,67,57
"ko:K15067",16,18,27,16,23,38,39,32,22,22,30,42,15,28,28,20,27,171,28,24,39,29,34,15
"ko:K15125",420,391,303,314,523,416,417,458,358,460,375,346,362,419,385,388,292,3185,520,395,492,421,549,517
"ko:K15231",26,28,23,25,28,26,24,24,26,38,36,34,29,34,31,24,24,19,25,18,28,18,26,40
"ko:K15232",108,118,99,90,167,139,128,97,114,103,109,101,95,103,128,130,83,74,79,82,113,111,88,95
"ko:K15241",21,13,9,4,26,2,16,16,6,13,14,12,10,8,8,23,4,18,14,15,12,16,17,10
"ko:K15256",16,14,16,10,24,20,26,14,16,16,10,13,16,14,18,14,10,256,8,18,26,20,28,30
"ko:K15257",34,31,32,21,49,40,30,28,32,30,30,13,16,26,25,53,28,30,32,12,33,24,28,38
"ko:K15268",157,124,93,91,190,170,161,170,141,157,141,126,130,124,193,142,129,355,140,144,171,194,155,186
"ko:K15269",111,95,64,68,131,102,118,102,98,72,98,76,116,105,74,94,72,286,133,88,105,110,116,103
"ko:K15270",291,212,196,218,332,275,257,242,219,246,222,203,248,205,217,258,206,208,267,277,288,281,284,279
"ko:K15342",8,18,6,12,6,12,12,27,12,16,8,6,10,8,22,8,2,18,16,8,14,8,26,12
"ko:K15357",29,12,10,7,4,16,10,6,13,18,21,19,16,11,20,20,12,10,18,14,22,16,20,30
"ko:K15358",64,45,44,58,90,84,62,58,67,83,46,50,66,62,46,64,40,48,88,57,90,84,61,60
"ko:K15371",2042,1788,1478,1581,2701,2374,2230,2239,1855,2216,1746,1678,1853,1685,1890,1855,1762,3233,2244,2384,2295,2204,2140,2555
"ko:K15372",641,560,411,537,790,710,639,712,560,650,599,483,530,569,563,600,441,472,688,606,597,608,658,715
"ko:K15383",14,8,2,3,14,4,2,4,7,4,4,4,3,7,2,4,9,6,8,8,8,4,8,12
"ko:K15396",43,31,32,34,55,54,41,41,39,69,48,39,31,45,37,41,51,287,56,54,82,50,56,46
"ko:K15460",68,58,36,39,57,64,63,73,58,48,52,47,63,43,67,50,29,39,58,66,50,62,66,58
"ko:K15461",6,15,10,10,12,12,8,12,14,4,12,8,8,16,8,6,11,10,12,12,16,28,20,18
"ko:K15468,ko:K16593",8,8,10,2,30,28,18,16,10,8,4,6,34,12,8,10,8,9,12,6,6,16,10,2
"ko:K15509",310,332,257,249,443,388,369,384,353,370,313,272,317,369,355,315,195,262,345,317,404,338,307,349
"ko:K15510",441,410,295,294,597,439,368,496,365,405,349,300,319,313,368,316,260,265,379,409,376,405,366,485
"ko:K15512",512,480,359,381,573,607,505,544,488,565,551,516,448,463,446,449,407,378,464,425,530,444,529,539
"ko:K15513",298,237,171,244,378,276,308,285,251,325,234,251,264,255,300,271,225,227,302,239,293,298,282,320
"ko:K15514",8,4,12,8,14,7,6,14,19,4,12,13,9,4,12,4,1,6,12,6,16,6,16,10
"ko:K15518",2,0,2,2,7,0,4,6,2,8,0,0,4,8,2,4,6,4,2,2,4,6,2,4
"ko:K15519",0,2,4,0,9,2,4,4,0,2,2,2,2,6,6,0,0,2,4,0,2,2,3,3
"ko:K15520",2,0,0,0,1,1,4,0,2,6,8,0,0,2,6,6,2,0,3,2,4,6,4,6
"ko:K15521",315,306,232,212,468,372,353,381,290,279,261,253,272,278,284,311,233,204,317,389,303,381,343,379
"ko:K15525",111,96,95,102,167,117,162,138,85,127,89,122,104,99,112,105,83,100,145,125,154,143,137,142
"ko:K15526",78,73,72,50,91,115,75,88,78,80,69,85,73,77,80,47,72,47,88,62,88,95,86,100
"ko:K15532",6,4,6,2,14,12,8,8,4,4,6,2,14,10,10,4,4,8,4,6,8,7,12,18
"ko:K15538",44,36,26,28,50,30,30,46,46,34,30,20,34,32,32,44,28,322,60,28,36,46,56,42
"ko:K15539",23,27,24,28,39,22,44,42,30,53,34,30,13,27,28,32,25,255,40,50,44,50,46,26
"ko:K15546",25,20,17,15,22,20,22,16,35,30,31,18,34,19,32,13,12,24,12,21,30,16,28,20
"ko:K15551",58,48,31,38,73,92,75,51,60,74,71,48,54,58,65,51,53,44,48,70,58,70,64,49
"ko:K15552",68,58,59,34,67,92,74,70,57,67,62,60,68,58,34,60,46,37,68,84,80,68,64,65
"ko:K15553",410,314,289,290,552,434,349,502,412,436,388,381,403,436,397,353,356,329,499,379,451,379,445,431
"ko:K15554",262,233,123,185,268,246,200,250,216,216,190,189,203,212,217,189,167,184,220,230,286,254,230,288
"ko:K15555",147,120,78,104,151,130,159,108,90,139,125,124,125,145,114,121,97,97,134,123,144,115,138,142
"ko:K15576",664,578,456,487,758,607,598,600,658,635,628,505,612,592,592,529,564,527,630,596,765,644,740,635
"ko:K15576,ko:K22067",43,71,37,30,56,60,50,82,44,70,46,38,29,66,44,58,47,35,66,68,68,53,36,66
"ko:K15577",48,25,22,40,64,62,38,48,53,45,54,47,64,50,54,48,43,22,62,48,61,55,72,46
"ko:K15578",56,63,35,61,86,81,109,75,56,77,67,64,72,77,53,66,72,69,94,89,70,64,81,68
"ko:K15580",92,66,36,55,116,108,98,120,75,75,66,69,98,53,94,80,80,610,110,85,86,113,109,82
"ko:K15581",129,76,86,98,165,121,128,116,104,124,104,77,117,102,117,105,90,95,121,94,147,106,124,120
"ko:K15582",224,225,164,185,358,284,260,190,242,234,220,172,256,211,217,265,200,166,202,255,254,220,239,254
"ko:K15582,ko:K16201",0,8,0,2,20,14,20,14,2,6,10,4,10,11,10,6,2,2,2,8,6,4,2,14
"ko:K15583",93,102,40,77,107,100,78,95,89,87,74,57,92,89,84,73,36,53,80,51,71,82,58,86
"ko:K15598",40,37,37,39,82,44,53,46,58,51,38,56,34,42,50,26,35,56,36,30,40,34,40,48
"ko:K15599",22,12,18,8,12,7,12,10,12,18,24,11,10,12,12,4,16,21,8,11,16,18,16,14
"ko:K15633",295,272,173,202,361,280,247,270,325,311,287,280,259,254,261,242,172,697,298,289,283,278,279,284
"ko:K15634",23,27,20,20,26,31,26,37,17,19,25,26,15,26,14,24,24,19,31,20,26,22,18,27
"ko:K15634,ko:K15640",0,0,0,0,9,0,0,2,2,0,0,0,0,6,2,0,0,0,0,0,0,2,0,4
"ko:K15635",6,2,2,2,8,2,12,8,16,7,4,10,8,10,8,4,4,2,1,0,4,4,8,8
"ko:K15652",0,0,0,0,0,2,0,0,0,0,0,0,4,2,0,0,0,0,0,0,0,2,0,0
"ko:K15654",56,37,50,34,83,60,58,50,56,65,63,42,32,36,46,48,79,48,68,54,68,78,68,77
"ko:K15654,ko:K15655,ko:K16119",40,30,15,12,108,93,48,45,20,33,21,48,73,44,46,70,15,26,26,22,36,44,36,42
"ko:K15654,ko:K15655,ko:K16120",8,2,4,2,14,12,8,12,2,14,8,4,18,19,14,2,2,2,10,0,0,10,14,6
"ko:K15656,ko:K16121",20,16,10,2,46,37,16,10,16,8,14,10,26,40,36,20,18,10,10,10,17,18,26,16
"ko:K15657",0,6,0,10,8,6,10,6,6,4,0,4,14,12,4,6,2,4,6,2,4,8,6,6
"ko:K15661",4,6,6,2,16,17,16,6,6,2,6,6,6,6,10,4,0,2,2,8,4,6,14,0
"ko:K15662,ko:K15663",26,7,4,18,86,44,39,22,24,18,22,14,56,36,56,23,10,18,14,12,20,28,28,32
"ko:K15664,ko:K15666,ko:K15667",24,20,6,12,99,60,50,42,22,12,20,18,46,41,39,30,15,18,22,10,23,21,32,24
"ko:K15665",0,4,2,2,8,9,6,10,0,4,2,2,10,23,14,10,4,6,8,14,8,14,2,8
"ko:K15724",208,196,134,182,253,226,213,168,213,242,196,208,162,173,212,210,226,289,200,207,231,233,193,251
"ko:K15725",90,60,36,58,81,95,84,110,60,68,65,67,56,66,66,48,56,373,70,52,64,75,78,92
"ko:K15726",410,413,294,356,558,492,487,499,443,527,416,381,421,406,440,407,386,1483,501,463,515,457,566,526
"ko:K15727",28,38,16,42,74,37,50,42,56,19,36,50,48,26,30,40,25,323,48,49,62,50,50,45
"ko:K15731",20,9,18,12,18,40,24,10,20,28,14,8,14,14,18,15,8,232,14,14,30,16,22,16
"ko:K15733",34,26,37,30,64,54,40,64,30,49,31,34,24,28,44,36,40,42,65,50,60,62,58,63
"ko:K15736",40,22,12,32,39,42,40,63,28,27,26,22,19,24,32,22,31,18,39,27,28,42,42,52
"ko:K15738",2025,1806,1414,1533,2541,2124,2005,2115,1860,2153,1848,1757,1679,1733,1869,1593,1495,2079,1989,2082,2213,1926,2033,2159
"ko:K15770",137,144,73,107,191,150,151,192,113,153,145,121,114,136,133,123,108,79,194,135,151,154,168,191
"ko:K15771",215,172,142,161,244,208,189,171,182,199,154,170,172,153,158,180,117,120,172,190,172,173,180,180
"ko:K15772",149,100,77,73,115,137,117,139,97,115,89,125,124,115,147,122,81,94,120,142,102,129,100,163
"ko:K15773",8,7,0,2,6,8,2,14,2,6,6,4,6,2,6,6,4,7,13,9,4,10,2,13
"ko:K15777",348,310,284,265,425,390,392,430,285,328,297,295,285,314,305,350,264,595,339,362,317,353,322,414
"ko:K15778",681,568,467,479,879,707,661,646,571,823,635,609,606,618,661,597,530,1256,612,725,731,673,742,687
"ko:K15781",54,44,24,24,41,48,49,37,38,52,35,24,28,30,41,42,21,28,35,32,61,42,42,35
"ko:K15782",20,22,16,8,6,4,12,12,17,14,20,4,17,8,12,18,9,20,18,9,18,16,22,4
"ko:K15785",199,167,121,92,207,188,151,134,116,165,140,122,143,149,159,106,139,193,144,202,177,155,190,187
"ko:K15786",77,77,56,63,93,75,73,83,79,80,64,77,82,59,83,67,87,66,82,104,96,90,92,117
"ko:K15852,ko:K19666",20,22,14,12,36,22,16,24,24,16,18,24,10,22,20,22,12,262,30,18,28,15,39,26
"ko:K15864",66,72,30,45,61,71,56,77,68,84,112,79,57,58,80,42,50,28,82,76,68,58,73,74
"ko:K15866",481,479,318,386,570,584,517,495,391,462,406,388,462,471,463,402,348,311,486,473,482,443,486,557
"ko:K15894,ko:K17716",65,57,26,35,64,31,53,50,41,38,44,37,52,26,50,37,30,19,42,42,38,49,51,48
"ko:K15916",105,95,81,83,141,137,155,165,123,135,92,104,107,104,132,87,93,119,142,127,136,137,182,144
"ko:K15918",44,34,16,16,26,36,42,46,30,48,27,34,28,32,28,26,20,313,30,31,54,42,52,48
"ko:K15922",60,61,48,55,90,70,51,87,42,49,52,50,56,59,80,55,44,51,61,75,76,95,78,74
"ko:K15923",131,102,78,79,154,145,116,118,114,155,134,112,106,112,128,106,95,161,128,144,176,158,156,146
"ko:K15924",6,2,0,0,18,18,14,6,4,4,0,0,10,6,4,8,2,0,2,4,0,8,8,2
"ko:K15942",52,56,44,50,92,65,69,59,57,70,71,47,48,50,68,42,43,32,55,28,44,54,44,50
"ko:K15973",6,2,0,6,13,4,14,10,0,0,10,2,13,2,8,4,4,6,10,0,12,2,2,4
"ko:K15975",215,171,154,139,229,206,201,250,167,204,172,170,119,163,207,173,173,143,208,227,224,230,231,267
"ko:K15977",192,139,92,107,222,147,175,173,148,175,123,126,132,141,131,123,134,686,155,145,211,148,144,188
"ko:K15977,ko:K16937",34,24,20,20,32,22,24,22,16,28,27,40,14,25,20,10,21,12,18,24,18,18,24,24
"ko:K15981",224,203,148,155,264,211,264,237,187,224,161,188,219,173,215,208,216,205,234,267,273,216,222,244
"ko:K15982",175,172,105,121,166,178,152,178,108,122,150,147,147,119,122,114,120,246,202,187,179,167,143,183
"ko:K15983",79,71,81,61,85,96,101,79,60,79,72,58,67,74,99,79,58,59,80,81,84,92,58,103
"ko:K15987",3277,2841,2348,2320,4018,3373,3178,3521,2878,3211,3047,2677,2828,2589,2849,2756,2543,3060,3102,2904,3187,3081,3120,3314
"ko:K16011",59,73,60,53,77,56,70,60,77,90,61,57,58,65,79,68,64,496,74,86,81,56,98,99
"ko:K16013",6,5,4,12,10,16,8,14,8,6,12,9,10,4,9,4,2,4,16,13,10,6,6,2
"ko:K16013,ko:K16014",205,189,122,141,270,225,255,235,199,206,159,163,149,153,212,181,190,153,222,182,254,245,253,305
"ko:K16033",22,28,26,12,34,30,24,24,43,22,28,22,21,22,26,28,19,16,29,24,20,18,30,18
"ko:K16045,ko:K22320",50,36,10,34,32,46,28,52,28,39,14,30,40,28,35,29,34,22,52,36,40,46,36,32
"ko:K16046",23,30,21,26,14,25,18,28,18,22,14,22,28,13,35,24,26,23,23,14,32,10,16,28
"ko:K16047",330,267,157,150,350,261,268,256,217,242,225,229,245,247,218,232,235,200,272,246,247,247,268,292
"ko:K16047,ko:K20942",64,32,30,34,60,52,44,30,38,51,52,28,28,49,34,40,34,30,49,53,58,62,50,60
"ko:K16048",73,55,40,45,68,55,66,64,46,53,47,51,47,38,52,45,62,38,59,47,56,33,27,69
"ko:K16049",181,197,143,135,183,206,140,216,158,170,150,141,134,152,127,169,130,159,183,198,154,170,169,210
"ko:K16050",44,7,16,24,46,33,19,18,22,23,10,19,14,23,29,18,27,25,16,24,16,41,35,25
"ko:K16051",50,44,49,31,72,78,69,62,40,56,52,67,51,46,60,57,32,49,66,56,52,46,65,52
"ko:K16074",54,56,46,36,76,46,42,38,60,87,66,58,48,57,59,50,41,61,75,62,68,82,70,74
"ko:K16079",132,94,58,48,103,104,68,82,47,71,74,51,82,76,64,74,65,55,99,96,78,82,90,88
"ko:K16087",196,165,106,154,321,243,204,187,210,197,178,134,184,171,179,147,150,1465,216,223,223,208,263,242
"ko:K16089",49,50,46,44,80,84,46,69,59,70,48,46,62,48,44,52,36,693,58,87,74,82,74,71
"ko:K16090",74,86,47,76,136,118,81,92,96,80,99,85,85,70,86,70,66,812,129,72,135,137,86,123
"ko:K16091",14,8,10,11,12,14,14,14,14,14,16,16,8,10,22,26,12,13,8,8,18,18,24,20
"ko:K16092",227,182,155,165,303,248,224,220,189,220,209,179,214,199,215,213,165,1248,289,230,248,230,246,290
"ko:K16137",142,135,101,121,210,156,168,146,155,153,141,84,128,113,141,126,126,493,125,157,196,180,159,187
"ko:K16146",137,150,99,95,177,168,142,155,123,125,102,119,118,141,150,118,94,80,175,129,125,126,160,166
"ko:K16147",688,632,545,524,902,715,731,820,532,725,588,564,614,646,560,564,482,525,762,640,722,700,653,793
"ko:K16148",521,569,445,438,783,628,614,533,483,609,431,485,544,511,514,542,436,441,623,556,641,600,567,586
"ko:K16149",46,62,34,50,71,58,54,56,37,59,37,45,42,60,36,52,45,52,55,40,47,38,58,59
"ko:K16150",207,157,166,167,278,203,250,304,187,214,208,207,218,200,184,169,131,125,180,167,229,161,180,183
"ko:K16164",38,16,12,15,43,29,40,34,28,28,22,16,20,26,40,34,12,8,26,29,40,22,14,40
"ko:K16165",195,219,163,129,257,191,174,234,194,246,215,168,185,183,167,166,195,352,220,210,254,206,210,200
"ko:K16167",161,157,130,141,234,173,240,171,139,173,148,161,157,150,139,165,125,112,236,210,151,211,169,212
"ko:K16167,ko:K16424",12,4,4,8,8,10,2,18,0,10,8,0,4,6,6,4,8,5,6,6,6,16,5,6
"ko:K16168",24,15,20,9,24,24,28,28,25,36,26,30,41,34,32,19,13,15,34,12,24,24,30,24
"ko:K16171",385,390,279,302,462,456,388,429,389,540,413,402,390,411,394,353,397,708,518,428,472,448,463,474
"ko:K16173",15,13,7,5,17,19,24,2,11,11,8,15,0,6,24,8,9,5,2,12,21,10,6,12
"ko:K16191,ko:K20276",4,6,2,2,10,0,2,2,2,10,1,4,3,2,3,4,3,0,4,2,2,3,4,5
"ko:K16200",10,0,6,0,16,6,14,6,2,4,2,6,12,16,6,8,2,6,4,2,6,10,8,6
"ko:K16203",46,27,33,18,42,32,56,43,34,29,39,36,32,30,47,24,25,31,42,46,38,72,43,62
"ko:K16211",120,102,100,75,153,122,139,100,120,118,123,103,111,89,98,96,107,563,122,122,152,124,98,145
"ko:K16213",4,6,2,2,4,8,2,6,4,5,10,5,0,2,2,4,1,0,2,0,6,8,4,6
"ko:K16216",0,2,6,0,2,0,6,6,6,0,2,2,0,3,4,0,4,0,2,2,2,0,4,2
"ko:K16217",37,20,12,21,39,26,31,20,33,26,8,26,24,18,17,17,20,29,30,42,36,20,31,30
"ko:K16218",22,24,28,18,42,40,44,48,18,36,28,34,26,21,36,10,20,36,24,36,40,40,42,35
"ko:K16238",281,249,228,180,382,359,315,369,266,292,266,286,243,248,233,233,199,213,294,287,321,295,314,316
"ko:K16243,ko:K18224",19,22,10,20,16,22,24,22,16,16,20,13,12,13,8,18,14,16,6,18,14,24,26,36
"ko:K16263",78,70,49,70,157,78,95,106,70,95,90,69,66,72,111,82,62,53,82,80,93,78,83,103
"ko:K16264",296,336,328,252,483,397,386,367,372,331,339,312,323,295,325,308,302,810,406,400,437,455,409,475
"ko:K16267",4,2,2,2,0,4,0,0,0,0,2,1,2,3,7,2,0,1,2,2,2,2,0,0
"ko:K16291",60,40,46,41,76,52,40,52,63,70,68,62,49,49,44,30,52,48,58,44,53,79,46,57
"ko:K16301",70,85,63,63,104,76,79,73,64,57,83,61,62,76,82,72,56,73,84,97,91,94,81,108
"ko:K16319",22,4,4,11,24,16,13,6,12,22,16,12,8,15,24,6,8,6,14,4,14,22,18,13
"ko:K16319,ko:K18074",20,10,9,18,10,10,9,2,8,12,3,8,10,10,6,17,7,4,14,2,16,12,12,12
"ko:K16328",93,107,49,65,96,53,76,70,76,66,52,55,59,58,76,61,57,48,52,71,50,104,77,92
"ko:K16329",167,172,128,143,269,234,206,195,217,208,169,132,153,170,188,195,189,185,187,211,220,223,223,196
"ko:K16348",4,6,4,2,2,2,2,6,2,2,4,6,4,6,2,8,1,2,4,5,4,2,8,12
"ko:K16363",43,27,10,29,32,40,28,27,75,35,50,32,34,44,38,40,24,38,34,24,38,36,66,33
"ko:K16371",63,56,36,42,98,95,88,64,62,73,50,67,56,46,62,48,80,445,80,86,73,100,100,68
"ko:K16371,ko:K21622",3,8,6,4,14,12,11,16,6,10,12,8,8,6,16,5,8,8,12,0,6,10,10,12
"ko:K16422",4,10,14,8,8,16,16,6,4,12,12,12,10,6,18,12,6,8,10,18,12,10,10,10
"ko:K16427",47,34,25,28,68,55,66,43,44,48,47,31,64,56,53,48,40,22,42,28,65,29,47,52
"ko:K16428,ko:K16429",57,45,42,38,74,54,70,70,53,43,36,57,48,49,57,70,51,57,67,79,85,66,86,67
"ko:K16436",12,18,7,10,26,28,20,22,12,14,13,27,18,8,16,14,21,14,14,12,11,11,23,26
"ko:K16444",12,17,6,8,20,20,29,18,5,6,13,11,18,14,10,22,16,15,20,14,12,18,22,26
"ko:K16514",142,107,110,82,186,131,151,144,132,143,117,107,143,152,104,116,116,101,155,137,136,128,136,178
"ko:K16515",78,119,48,58,86,84,75,104,74,64,80,84,82,85,53,92,89,61,124,82,107,95,83,99
"ko:K16552",35,42,35,22,64,41,40,40,38,48,48,48,34,54,28,40,50,38,52,40,38,44,30,42
"ko:K16554",219,222,162,179,267,255,238,254,210,262,190,192,212,229,195,201,190,196,246,257,266,230,194,306
"ko:K16554,ko:K16692",57,45,58,45,76,59,64,50,39,65,38,32,46,46,44,37,47,40,63,76,90,96,74,50
"ko:K16555",20,24,20,16,26,24,18,28,26,22,30,16,24,18,29,16,6,13,19,18,40,22,20,30
"ko:K16556",36,29,23,32,53,36,32,61,37,51,29,32,41,59,44,36,28,22,48,48,57,38,34,52
"ko:K16557",48,29,28,39,52,51,34,58,39,45,50,36,38,50,51,46,37,35,60,54,56,62,54,66
"ko:K16558",14,24,10,18,16,23,12,20,11,22,20,16,26,24,20,18,14,15,15,21,30,20,34,32
"ko:K16559",22,10,8,4,14,15,18,8,12,4,12,14,2,8,12,4,16,18,16,10,22,16,16,25
"ko:K16560",23,23,11,10,24,27,15,14,16,10,18,14,18,13,28,24,28,16,24,12,24,23,12,34
"ko:K16562",14,6,6,12,20,16,12,18,8,32,12,15,6,9,14,14,18,8,20,12,18,17,30,26
"ko:K16563,ko:K21154",20,22,4,11,6,26,8,14,8,14,8,10,18,4,12,20,8,13,20,16,14,8,12,24
"ko:K16564",18,16,10,12,32,29,36,21,14,27,12,20,18,28,16,4,12,12,22,25,14,25,14,26
"ko:K16567",22,16,10,12,22,15,26,26,19,22,26,14,12,26,27,18,24,28,20,15,30,28,30,32
"ko:K16568",17,6,15,8,28,12,10,14,13,18,6,5,16,7,14,16,6,16,12,8,14,20,24,36
"ko:K16645",24,40,33,39,50,30,50,37,29,29,28,38,30,47,38,42,27,26,48,47,48,46,36,39
"ko:K16647",36,28,12,18,26,22,42,23,30,15,17,11,32,22,32,14,20,21,30,20,32,28,35,34
"ko:K16648",102,125,79,90,163,131,138,128,106,145,103,119,118,108,144,117,104,99,162,177,143,114,133,138
"ko:K16649",20,26,14,21,32,32,20,14,24,21,10,14,18,20,16,22,10,20,14,15,22,8,12,16
"ko:K16650",35,31,21,28,66,64,59,56,31,55,45,33,26,23,27,34,29,49,43,62,31,47,54,46
"ko:K16651",18,24,36,36,62,50,28,34,28,51,26,36,24,16,18,44,25,270,37,24,28,48,32,40
"ko:K16652",65,70,40,53,101,83,64,48,46,72,52,34,52,38,61,49,67,56,46,25,64,65,82,84
"ko:K16653",126,123,86,80,180,140,176,148,115,113,87,94,133,102,135,109,105,128,166,119,170,129,142,196
"ko:K16692",78,68,48,60,107,81,98,84,57,106,79,59,74,78,76,68,36,727,98,78,88,72,106,90
"ko:K16697",4,4,0,4,22,12,17,4,2,0,2,2,12,10,11,6,2,2,2,0,10,6,4,6
"ko:K16704",27,33,10,22,39,28,28,36,18,13,16,10,14,20,18,10,10,13,22,14,18,14,24,16
"ko:K16705",2,0,0,0,6,4,4,2,2,2,4,6,4,2,3,0,0,6,2,2,2,4,4,4
"ko:K16710",19,8,10,4,2,12,8,8,4,8,2,4,4,10,8,6,6,10,4,8,14,8,12,8
"ko:K16712",58,32,48,34,68,52,62,68,61,68,64,53,62,46,70,46,34,418,54,59,68,86,72,73
"ko:K16783",64,40,48,40,94,54,57,72,36,62,56,56,59,44,58,46,35,45,88,49,66,75,68,78
"ko:K16783,ko:K16785",15,6,0,4,10,5,8,0,2,16,5,6,0,10,0,11,4,6,0,8,4,8,2,8
"ko:K16784",85,94,66,82,136,111,104,141,79,108,94,83,76,107,84,92,56,73,123,120,118,132,91,125
"ko:K16785",140,171,92,103,224,189,173,200,167,141,183,157,152,145,134,127,140,114,181,147,156,186,167,211
"ko:K16785,ko:K16786,ko:K16787",74,56,38,48,108,85,74,82,59,83,70,87,75,36,66,54,48,41,80,64,72,78,58,84
"ko:K16786",10,18,10,4,25,12,22,34,12,33,6,14,21,19,8,7,11,17,14,12,12,20,18,6
"ko:K16786,ko:K16787",64,56,32,51,95,68,72,80,68,71,58,51,64,55,65,61,35,77,42,79,71,57,63,74
"ko:K16787",6,4,0,2,26,2,10,8,2,2,0,4,8,14,12,18,2,4,6,0,10,2,8,2
"ko:K16789",2,6,4,2,4,2,6,6,0,6,6,4,6,6,12,8,2,4,6,2,4,6,2,6
"ko:K16840",18,16,6,14,10,22,23,12,20,18,20,14,8,9,22,8,24,10,24,20,11,30,14,12
"ko:K16841",88,93,48,54,123,104,115,108,79,102,62,80,69,71,73,80,77,82,118,96,120,89,122,134
"ko:K16844",54,61,50,48,68,55,58,58,49,57,43,42,58,48,44,52,59,41,84,78,74,49,89,75
"ko:K16845",64,58,45,85,116,73,88,86,85,85,89,71,88,68,66,53,54,40,69,84,68,104,65,83
"ko:K16846",142,122,110,113,188,138,117,161,123,156,119,117,145,122,97,109,103,81,123,95,115,93,107,147
"ko:K16846,ko:K16850",260,254,190,171,352,253,235,270,236,275,207,210,259,232,203,258,184,173,254,216,266,222,241,264
"ko:K16869,ko:K18821",6,8,4,0,18,12,12,0,4,6,4,6,16,6,11,6,0,6,0,12,4,8,6,8
"ko:K16870",36,29,18,25,58,44,27,28,35,34,22,53,36,38,34,38,29,22,42,28,33,30,26,28
"ko:K16871",190,141,122,129,192,157,107,170,159,141,135,95,164,117,118,100,140,103,128,157,211,185,132,177
"ko:K16872",34,27,14,30,41,38,46,47,22,35,46,28,18,32,34,30,38,23,32,52,38,43,42,26
"ko:K16873",16,7,6,2,4,3,10,2,9,5,10,8,2,10,4,2,3,6,8,8,18,12,4,0
"ko:K16877",56,42,40,33,90,78,58,65,59,73,52,55,42,53,60,50,26,38,54,38,74,54,46,44
"ko:K16880",99,108,60,84,148,118,106,89,75,90,95,109,78,119,98,78,65,66,97,108,91,110,116,108
"ko:K16881",344,291,209,240,407,315,310,315,269,265,278,291,236,220,246,216,210,193,349,280,315,299,305,317
"ko:K16898",291,320,244,236,379,290,297,340,261,321,268,256,306,289,302,305,243,295,297,306,371,338,325,368
"ko:K16899",222,222,174,185,283,249,202,244,210,257,197,186,186,198,229,165,190,157,222,233,234,262,240,295
"ko:K16920",6,0,4,0,14,6,8,9,4,0,4,6,6,6,8,10,2,0,12,8,6,12,16,14
"ko:K16922",91,89,68,71,123,101,82,100,45,85,54,69,72,90,91,62,68,54,85,99,63,107,72,102
"ko:K16925",113,103,71,83,140,145,147,114,99,133,108,109,133,79,95,155,68,86,143,133,116,135,126,132
"ko:K16927",14,12,6,14,18,12,14,14,11,25,14,13,6,3,16,8,0,4,6,14,10,12,8,14
"ko:K16928",5,1,7,5,11,12,14,10,7,6,6,4,5,10,8,5,4,4,8,6,8,12,2,6
"ko:K16937",34,64,33,16,68,66,52,70,54,57,39,60,51,24,38,42,40,50,40,53,38,30,72,75
"ko:K16960",12,4,8,2,8,9,6,8,4,6,10,8,4,10,8,12,10,10,24,21,12,8,12,20
"ko:K16960,ko:K16963",11,4,8,12,20,18,10,12,4,10,4,16,23,12,21,8,6,10,6,12,6,16,4,10
"ko:K16961",2,2,2,2,10,4,4,2,2,2,6,0,2,6,4,4,0,4,0,2,2,4,2,2
"ko:K16968",22,23,23,19,25,23,15,16,15,22,17,23,19,24,7,19,11,13,23,11,14,12,26,11
"ko:K16969",0,2,0,0,0,2,0,2,0,0,1,2,0,4,0,2,0,0,0,2,0,0,0,1
"ko:K17067",32,34,17,36,47,36,36,51,40,28,26,25,29,36,32,34,28,19,43,22,26,44,33,22
"ko:K17103",389,395,312,472,589,680,614,529,400,579,534,322,389,410,415,428,449,775,715,492,454,779,760,515
"ko:K17202",36,36,29,33,30,54,22,40,51,52,46,32,42,31,37,34,50,63,40,37,77,31,58,56
"ko:K17203",64,50,44,42,90,50,73,82,56,66,62,61,52,45,84,58,35,53,52,53,80,77,72,106
"ko:K17204",55,41,34,29,52,52,46,61,29,51,54,36,51,64,43,46,60,43,38,101,78,82,59,75
"ko:K17214",16,16,7,2,17,4,6,2,8,10,12,4,12,4,4,8,9,15,18,18,10,22,12,10
"ko:K17215",129,108,85,83,135,152,106,141,118,152,178,103,106,114,149,142,152,141,169,170,191,146,194,199
"ko:K17218",137,133,79,87,145,150,135,119,127,121,92,103,99,105,105,110,99,73,121,117,168,113,124,121
"ko:K17218,ko:K17229",78,51,26,39,78,43,68,64,59,67,46,43,42,50,58,52,34,51,44,55,64,49,60,52
"ko:K17222",149,152,75,104,157,142,127,153,122,186,171,120,107,131,143,130,108,85,134,133,165,136,131,162
"ko:K17223",40,41,22,25,32,39,29,34,23,57,22,24,36,33,36,22,42,10,40,38,46,40,44,37
"ko:K17224",58,58,45,55,94,62,62,32,43,65,60,43,67,44,53,48,30,39,50,34,58,52,59,72
"ko:K17225",322,299,213,214,336,277,304,286,295,344,281,255,260,266,284,274,196,173,261,277,294,249,307,284
"ko:K17226",90,77,79,80,90,132,105,121,133,104,107,82,101,84,104,78,59,106,87,112,134,163,138,127
"ko:K17227",69,56,67,49,68,86,61,70,70,92,66,70,83,58,81,56,72,59,99,71,76,89,63,77
"ko:K17228",43,47,31,41,51,34,31,31,28,44,52,37,40,32,55,48,27,42,52,45,49,43,45,43
"ko:K17235",0,0,2,0,6,6,7,8,4,2,2,0,2,4,4,7,0,2,0,2,0,4,4,4
"ko:K17236",2,2,0,4,4,6,5,6,2,6,4,2,4,4,4,8,4,0,0,10,2,4,2,4
"ko:K17237",54,54,26,33,65,71,53,46,56,61,43,52,48,61,58,53,34,37,52,65,79,46,58,76
"ko:K17238",66,53,32,56,103,66,79,54,66,68,48,63,50,54,92,62,47,54,98,57,80,78,82,87
"ko:K17239",69,81,54,68,119,104,121,98,93,99,100,72,90,62,105,111,65,46,92,76,106,70,87,99
"ko:K17240",45,51,37,36,67,52,52,69,59,82,46,49,59,30,58,52,52,50,62,58,68,54,56,70
"ko:K17241",56,90,54,47,86,72,60,78,63,53,48,59,64,64,64,62,96,61,78,78,81,90,77,75
"ko:K17242",91,92,77,86,106,98,79,127,79,111,117,94,71,90,95,83,69,63,102,71,98,120,122,127
"ko:K17243",20,23,20,19,34,36,7,30,31,33,25,16,21,28,15,50,24,10,28,24,34,24,20,28
"ko:K17247",82,44,35,41,95,65,78,66,70,59,63,78,76,70,84,59,61,241,68,62,65,83,89,68
"ko:K17285",807,776,554,650,1025,838,775,789,698,882,797,773,834,769,762,767,647,575,754,605,812,761,751,808
"ko:K17315",243,225,149,172,308,268,212,265,239,261,200,171,226,215,224,216,201,201,235,250,320,266,292,292
"ko:K17316",304,270,222,186,326,286,273,289,308,352,260,247,273,226,273,236,262,252,315,340,367,346,314,363
"ko:K17317",208,153,186,141,258,180,201,188,195,192,224,205,220,187,208,197,170,168,183,223,261,209,211,235
"ko:K17318",44,33,32,58,96,110,67,50,63,59,46,40,69,67,66,57,53,22,93,54,64,64,72,78
"ko:K17319",44,36,18,29,57,38,48,50,31,34,31,22,58,26,56,29,35,39,44,61,49,36,54,50
"ko:K17320",48,38,24,34,56,47,52,38,16,36,36,22,38,48,48,45,21,30,50,36,58,71,36,56
"ko:K17321",674,571,405,422,709,598,500,586,631,721,622,514,570,643,687,622,550,522,625,709,705,604,756,791
"ko:K17322",257,262,203,181,353,295,228,252,291,301,278,242,269,236,281,244,262,237,260,284,300,258,327,288
"ko:K17323",345,255,191,245,404,310,247,268,356,427,311,259,317,292,359,306,289,258,302,313,379,347,380,356
"ko:K17324",396,320,221,206,431,400,316,340,325,412,356,271,293,327,368,290,304,311,349,357,445,381,378,397
"ko:K17325",252,256,181,196,318,262,211,215,265,269,221,241,202,221,221,208,221,193,217,303,266,255,273,244
"ko:K17327",38,30,22,32,42,25,36,46,30,40,34,23,26,41,38,20,26,26,44,52,44,39,34,39
"ko:K17328",2,8,6,4,16,10,4,14,4,0,2,6,10,10,10,7,9,2,8,18,12,4,2,4
"ko:K17329",234,223,162,189,267,222,253,242,234,221,177,199,199,211,206,175,174,174,234,235,232,270,252,236
"ko:K17330",137,123,94,127,143,153,155,176,125,137,100,111,141,129,113,108,113,100,212,177,156,138,164,172
"ko:K17331",120,86,67,68,166,143,92,163,103,115,123,97,96,86,114,117,121,109,176,93,144,143,149,147
"ko:K17474",134,109,86,103,188,123,103,116,116,107,102,102,100,127,117,121,78,74,95,129,141,94,105,132
"ko:K17640",17,16,10,14,14,17,32,17,6,21,6,19,14,4,16,16,17,14,19,16,7,30,12,17
"ko:K17641",122,131,81,98,200,211,172,154,108,148,114,142,142,115,118,152,118,110,168,219,170,156,167,194
"ko:K17662",34,39,24,40,38,26,24,36,23,42,32,30,33,24,37,34,23,24,36,38,40,52,40,42
"ko:K17675",590,569,499,449,933,590,644,705,609,709,585,545,597,549,622,535,463,484,601,675,723,653,595,692
"ko:K17680",2,0,0,0,0,0,0,2,0,0,4,2,0,2,0,0,0,0,0,0,2,0,2,2
"ko:K17686",1959,1838,1370,1502,2566,2097,2093,2205,1979,2113,1947,1754,1797,1782,1905,1829,1599,2038,1806,1854,1955,1843,1872,2262
"ko:K17713",84,25,61,45,108,92,58,80,44,67,54,61,66,55,54,56,48,389,93,44,94,56,61,82
"ko:K17722",130,122,91,67,138,134,130,147,126,174,144,123,123,140,110,152,129,120,126,198,145,136,139,164
"ko:K17723",296,240,227,203,289,360,280,300,257,334,296,284,235,239,270,281,239,236,305,274,350,298,303,327
"ko:K17723,ko:K17828",56,49,48,70,81,72,72,42,78,71,78,82,68,51,72,69,57,65,49,69,72,89,81,53
"ko:K17733",38,26,31,20,48,27,35,36,26,51,40,35,44,22,32,32,13,355,38,30,41,32,36,39
"ko:K17734",156,131,90,112,210,149,154,155,126,150,107,117,123,132,134,144,102,826,151,111,196,173,161,173
"ko:K17735",147,153,106,129,240,168,192,186,142,160,154,121,138,153,172,175,143,124,144,205,168,180,174,247
"ko:K17752",2,2,4,7,4,6,11,6,2,8,2,3,11,0,2,12,2,0,6,2,4,2,8,2
"ko:K17758,ko:K17759",181,179,116,118,249,219,224,233,190,249,185,191,170,196,217,138,170,577,213,220,240,202,220,235
"ko:K17760",132,107,74,110,142,124,127,99,103,133,112,82,101,92,103,68,83,90,116,104,112,121,118,94
"ko:K17760,ko:K20936",16,16,10,10,13,12,8,20,10,11,10,15,20,4,5,12,13,15,6,7,14,14,13,16
"ko:K17762",129,149,141,128,202,201,196,181,158,180,132,133,165,149,155,170,112,87,179,110,155,139,153,137
"ko:K17763",706,643,534,601,835,796,797,792,582,704,560,598,608,641,688,630,476,456,641,613,692,606,594,714
"ko:K17810",26,19,20,24,40,36,33,36,19,42,9,12,12,14,20,29,20,20,45,13,24,34,18,33
"ko:K17828",91,80,78,67,155,104,110,131,103,133,109,75,80,96,94,88,61,50,97,88,122,122,111,94
"ko:K17829",445,417,358,315,597,458,441,533,359,340,343,319,322,354,374,388,347,284,441,507,441,463,422,520
"ko:K17835",12,21,11,11,16,25,17,18,12,23,12,18,20,16,16,16,18,20,38,28,42,35,32,20
"ko:K17836",197,166,112,114,242,220,185,221,202,224,166,158,162,209,151,198,134,497,208,187,198,240,226,244
"ko:K17837",34,28,21,18,46,40,32,40,24,26,34,26,26,24,32,40,34,267,46,28,52,26,54,36
"ko:K17838",39,39,20,18,48,60,36,36,53,24,41,33,32,34,45,41,28,30,42,26,66,42,39,40
"ko:K17840",16,12,24,10,28,18,32,30,22,18,16,6,24,16,24,14,8,16,34,16,26,16,14,31
"ko:K17850",42,76,36,30,68,39,40,50,32,59,42,43,34,38,50,40,33,309,52,54,32,80,56,54
"ko:K17865",122,103,72,96,157,126,110,148,91,132,116,85,94,121,125,110,86,84,135,100,123,137,125,141
"ko:K17876",26,33,22,22,42,26,46,34,24,19,25,40,30,30,35,26,30,39,55,36,20,33,26,45
"ko:K17882",30,20,8,29,39,35,40,36,14,29,11,16,29,26,16,23,28,331,22,26,24,44,22,26
"ko:K17883",38,62,27,35,59,36,75,73,45,30,46,47,42,40,36,23,22,28,54,55,52,35,32,42
"ko:K17892",6,8,10,11,7,6,6,10,8,9,8,14,9,10,4,2,5,3,4,4,10,9,4,8
"ko:K17938",11,11,17,12,20,22,15,28,10,18,18,6,20,20,32,20,16,18,32,16,17,20,20,30
"ko:K17947",78,75,70,40,117,110,91,104,90,100,68,81,79,72,67,77,65,55,116,105,104,112,94,100
"ko:K18009",38,28,24,26,30,34,19,49,40,31,40,16,30,36,42,47,38,35,47,56,46,52,37,62
"ko:K18011",194,168,160,113,257,207,202,210,138,143,144,139,151,149,168,162,131,126,192,171,173,163,158,149
"ko:K18012",228,195,152,203,297,241,234,263,219,206,146,166,182,213,204,218,144,132,203,164,234,201,240,236
"ko:K18013",181,173,136,134,223,191,199,185,137,199,162,164,141,131,170,132,125,119,158,146,162,139,164,157
"ko:K18014",21,21,19,22,32,30,28,27,18,18,28,20,12,17,24,15,16,10,26,28,37,34,21,33
"ko:K18028",112,111,70,103,174,106,141,122,133,129,98,74,76,95,116,114,83,77,121,103,122,112,134,135
"ko:K18029",16,16,2,8,10,12,12,7,12,8,17,10,10,10,12,12,4,8,12,16,6,6,9,14
"ko:K18030",139,86,82,69,140,95,102,107,128,125,96,67,120,104,97,94,109,88,129,113,121,127,153,152
"ko:K18068",32,24,21,14,64,28,20,28,20,38,25,27,8,13,37,29,27,19,22,16,33,26,24,37
"ko:K18087",12,4,12,20,12,16,12,20,8,15,17,8,15,14,10,6,11,3,10,24,19,12,1,23
"ko:K18096",13,20,10,11,10,14,14,12,12,17,11,15,12,22,16,10,20,12,8,20,10,8,32,19
"ko:K18098",18,7,14,16,14,12,8,18,2,16,12,10,8,20,26,16,12,12,14,4,15,18,28,6
"ko:K18098,ko:K19733",10,11,8,13,18,4,10,16,6,12,12,6,10,16,14,10,5,4,10,14,14,22,16,10
"ko:K18106",32,38,22,28,30,45,34,38,36,40,19,36,14,34,30,24,35,13,26,30,36,20,14,24
"ko:K18115",0,0,4,0,12,2,7,2,0,0,0,0,2,3,2,1,0,0,0,0,0,0,0,0
"ko:K18118",24,32,33,31,69,57,40,54,21,34,29,37,32,40,24,38,20,13,42,26,26,30,38,44
"ko:K18138",1100,1027,844,819,1582,1316,1252,1233,1094,1214,1150,1027,1112,1034,1009,1008,967,1801,1222,1153,1354,1170,1203,1290
"ko:K18138,ko:K18146",137,130,98,87,110,115,123,104,105,144,124,90,105,118,104,94,91,83,112,80,154,110,136,137
"ko:K18138,ko:K18146,ko:K18902",21,22,11,27,16,31,18,22,17,15,19,19,12,18,27,26,22,10,10,14,30,22,24,21
"ko:K18138,ko:K18303",13,12,12,6,21,24,3,6,17,12,9,12,9,6,14,18,7,10,10,4,16,14,9,20
"ko:K18138,ko:K18307",346,313,225,235,442,366,380,393,337,318,355,260,299,320,285,279,262,310,321,371,372,324,370,353
"ko:K18139",62,85,57,32,66,60,70,44,80,56,48,48,67,56,60,74,40,396,80,52,58,72,80,60
"ko:K18197,ko:K18198",2,0,2,2,14,4,5,4,2,6,2,2,12,2,6,2,0,3,10,2,8,8,4,4
"ko:K18199",8,4,4,0,4,5,4,2,4,4,9,6,2,6,0,2,0,0,2,2,4,2,4,2
"ko:K18206",38,36,40,38,52,49,48,34,40,64,53,36,46,30,36,28,38,42,50,53,43,51,72,40
"ko:K18215",147,123,154,99,211,183,153,194,138,173,139,138,134,166,157,113,116,127,178,136,170,146,150,141
"ko:K18220",67,65,60,52,82,64,90,69,61,82,66,45,48,46,59,67,41,46,76,63,58,49,59,51
"ko:K18223",221,203,161,163,223,244,183,204,166,216,171,135,170,193,169,169,159,177,228,186,184,148,183,173
"ko:K18230",60,57,48,49,104,107,74,87,44,80,52,57,65,33,69,72,46,33,80,70,60,80,75,67
"ko:K18231",6,4,0,2,18,8,4,8,7,3,4,2,14,12,3,4,6,10,6,4,2,4,2,2
"ko:K18232",59,53,45,51,75,64,49,72,40,57,46,61,56,60,56,46,33,39,74,48,56,58,61,74
"ko:K18234",18,36,10,21,32,18,30,28,21,24,25,38,16,18,40,22,18,253,29,32,19,30,26,14
"ko:K18235",18,25,11,14,26,24,34,24,15,23,35,14,28,29,20,24,14,13,26,26,29,10,20,24
"ko:K18240",79,68,66,44,74,88,80,72,70,80,66,40,82,64,44,78,56,346,96,102,76,99,69,60
"ko:K18277",0,8,5,13,10,21,12,4,8,14,2,6,6,12,8,2,9,2,4,10,6,7,8,8
"ko:K18285",75,50,45,64,55,71,64,70,55,78,69,52,56,42,44,28,68,53,78,74,82,71,72,92
"ko:K18298,ko:K19586",39,48,44,45,71,67,63,60,86,80,63,56,54,52,68,54,46,480,74,72,88,83,88,70
"ko:K18299,ko:K18902",241,195,149,167,305,233,242,194,201,238,245,181,194,200,205,191,245,244,234,275,281,245,287,297
"ko:K18299,ko:K18902,ko:K19594",79,59,45,65,75,101,54,68,58,62,45,64,60,89,75,56,64,63,78,65,109,80,99,85
"ko:K18300",32,22,17,20,37,27,46,38,36,40,33,30,32,39,42,49,18,27,38,32,44,36,26,38
"ko:K18302",54,43,28,30,68,49,42,52,48,36,58,47,64,46,33,39,35,348,68,42,57,49,34,64
"ko:K18303",247,269,197,194,368,278,301,253,269,353,285,244,301,278,299,279,263,1210,267,280,322,348,329,355
"ko:K18305",4,8,6,2,6,10,6,2,6,12,4,2,6,14,8,0,4,7,9,12,12,8,2,8
"ko:K18314",21,8,14,9,30,15,19,22,12,26,14,20,12,20,8,11,15,6,24,12,10,30,23,24
"ko:K18334",462,387,334,339,598,585,465,559,416,535,414,346,351,370,423,395,442,439,572,513,525,494,596,548
"ko:K18335",128,110,61,72,134,135,115,122,111,106,103,94,139,90,93,132,120,138,141,181,111,158,114,131
"ko:K18336",8,6,2,0,4,8,2,14,5,4,4,10,3,6,4,6,4,6,4,6,2,2,10,10
"ko:K18350",108,84,82,78,131,112,122,103,87,91,73,83,102,105,68,83,77,90,115,109,109,102,117,131
"ko:K18351",744,681,533,552,775,757,708,781,554,609,557,522,569,536,574,584,417,433,567,550,642,597,553,622
"ko:K18352",388,396,227,270,497,477,388,426,324,309,317,350,268,272,327,297,276,302,370,328,337,310,303,333
"ko:K18353",43,49,38,38,76,124,87,90,59,57,51,64,59,77,52,61,64,55,96,69,62,70,82,97
"ko:K18356",2,0,6,2,4,6,6,0,0,7,4,8,0,0,2,6,2,5,4,2,6,4,2,0
"ko:K18364",10,16,6,22,22,14,16,2,23,18,18,25,12,24,13,14,18,7,20,22,26,16,24,16
"ko:K18365",18,20,17,26,14,12,14,10,17,24,20,23,21,16,18,16,24,4,12,16,14,19,25,12
"ko:K18366",49,61,48,55,76,67,74,76,61,77,52,53,56,67,72,76,41,47,50,52,54,51,65,78
"ko:K18369",182,166,134,141,204,235,227,213,173,169,154,174,182,154,171,152,157,138,192,184,142,185,144,143
"ko:K18382",144,104,112,84,195,136,146,176,112,173,148,146,98,113,131,137,91,71,110,116,144,112,107,137
"ko:K18383",0,4,2,2,0,0,4,0,3,6,2,0,2,0,3,0,6,0,0,2,2,2,0,2
"ko:K18425",78,79,48,59,90,96,83,72,79,58,66,80,61,62,77,71,68,48,88,70,89,60,96,86
"ko:K18455",448,385,288,365,549,535,444,527,356,387,382,381,333,352,413,381,369,264,450,424,444,432,449,481
"ko:K18456",76,60,44,61,76,62,51,68,57,61,49,61,54,44,51,48,40,32,60,60,73,59,49,68
"ko:K18472",388,346,274,256,496,438,379,424,311,314,286,271,309,324,372,308,271,273,331,365,384,341,313,387
"ko:K18476",45,46,38,44,82,50,91,80,44,63,52,41,48,56,62,50,38,38,70,82,104,60,62,54
"ko:K18480",84,59,64,41,93,85,56,68,70,52,81,72,75,74,71,61,69,252,82,62,64,80,72,94
"ko:K18545",24,16,28,34,40,12,30,36,18,46,27,24,20,28,20,20,21,33,40,36,51,48,26,32
"ko:K18546",110,52,53,60,104,115,123,88,90,119,88,90,86,96,87,83,59,768,92,68,93,87,125,121
"ko:K18547",121,123,122,103,214,159,158,146,107,122,114,116,120,117,102,105,121,107,167,166,169,191,177,186
"ko:K18563",49,55,36,30,78,60,57,73,33,68,48,44,49,56,64,52,36,38,61,52,60,56,80,66
"ko:K18567,ko:K19577",60,36,26,22,58,60,46,54,30,32,27,28,54,32,40,30,30,417,39,44,58,38,51,42
"ko:K18568",112,108,69,92,162,137,117,127,122,112,120,103,133,105,99,124,77,72,102,101,114,82,112,128
"ko:K18572",75,82,78,68,100,86,81,113,71,68,74,61,54,63,70,83,60,64,92,104,84,90,110,103
"ko:K18579",28,16,20,26,22,32,30,31,36,20,29,18,12,21,30,30,25,31,41,24,41,40,44,40
"ko:K18581",40,34,28,35,64,42,58,42,40,51,44,33,44,24,31,32,43,34,42,53,40,40,40,54
"ko:K18588",56,67,32,39,57,50,46,40,44,48,42,33,45,50,61,65,24,49,69,42,67,57,54,64
"ko:K18642",30,16,14,9,38,14,36,25,18,26,16,10,12,24,26,16,16,23,26,18,40,26,30,39
"ko:K18652",46,32,34,28,38,48,34,68,34,32,30,44,28,34,38,37,40,24,62,42,41,28,50,54
"ko:K18661",199,201,166,168,306,223,266,249,181,227,243,199,190,177,232,193,213,145,212,208,233,237,218,280
"ko:K18676",72,63,46,43,62,52,52,58,54,56,43,28,46,34,51,47,38,38,54,42,70,52,48,86
"ko:K18682",524,518,366,366,651,604,463,581,462,617,507,508,477,485,490,478,399,306,463,436,432,421,447,465
"ko:K18687",184,174,127,143,285,196,180,195,184,192,147,184,169,172,181,205,147,170,187,206,192,197,220,234
"ko:K18688",178,193,122,139,237,199,211,185,152,154,171,163,171,145,180,151,145,166,224,184,205,199,204,186
"ko:K18697",48,15,20,20,52,34,35,30,18,27,20,22,28,22,42,28,32,282,42,28,62,36,37,44
"ko:K18702",156,181,87,126,226,188,201,212,142,161,160,153,145,154,139,137,135,125,209,159,207,202,154,163
"ko:K18707",131,93,70,69,121,87,96,103,109,104,93,81,105,115,114,90,86,102,138,113,128,95,103,131
"ko:K18778",43,47,16,27,39,30,36,34,36,67,59,29,47,50,46,34,20,33,52,34,44,58,56,42
"ko:K18785",12,8,4,8,10,12,10,10,4,12,10,2,12,10,5,4,10,6,10,8,10,12,14,4
"ko:K18786",45,44,26,34,80,36,34,62,28,30,36,25,50,48,51,36,35,31,62,76,60,74,49,54
"ko:K18828",12,8,8,4,6,4,10,8,1,4,8,0,4,8,2,2,6,13,4,10,6,6,10,2
"ko:K18829",8,4,2,8,4,8,8,0,10,3,4,8,6,4,8,4,4,14,0,4,14,2,8,6
"ko:K18831",8,14,10,14,34,12,18,19,16,24,12,14,7,16,10,14,13,15,16,16,12,8,24,18
"ko:K18833",159,177,85,102,187,184,146,173,159,191,160,163,129,161,149,144,86,114,166,192,188,172,164,192
"ko:K18841",13,16,4,8,20,12,16,16,10,8,14,7,8,14,10,16,14,6,8,14,16,8,7,18
"ko:K18850",104,75,48,67,105,105,78,100,73,89,65,72,72,82,77,73,69,438,108,115,124,88,95,118
"ko:K18851",116,139,121,145,198,114,181,138,134,177,143,126,142,91,122,118,87,128,142,161,133,108,121,155
"ko:K18893",64,61,57,49,85,100,53,72,71,108,54,62,78,66,67,66,63,595,88,102,63,74,80,79
"ko:K18901",63,64,56,42,79,81,58,71,55,82,56,55,50,50,58,47,66,34,79,68,79,58,70,65
"ko:K18902",245,229,173,174,357,267,278,227,323,349,312,262,217,244,252,257,207,208,302,254,267,281,276,282
"ko:K18904",27,34,32,19,30,30,38,36,32,44,33,32,38,32,20,26,32,20,20,21,28,52,24,38
"ko:K18910",163,161,122,85,188,169,167,132,154,208,159,123,173,184,167,119,154,144,201,220,179,178,211,201
"ko:K18911",111,97,95,81,136,117,129,137,95,137,86,92,66,74,93,92,86,84,135,139,131,125,117,143
"ko:K18912",413,356,235,264,454,424,435,428,370,383,302,363,326,316,344,342,302,245,318,364,356,360,396,457
"ko:K18913",2,7,2,0,6,11,19,6,6,6,8,0,8,2,4,8,3,3,2,4,4,6,6,10
"ko:K18917",30,34,27,26,54,44,33,30,32,34,24,23,31,34,37,38,39,15,55,37,44,41,46,48
"ko:K18926",113,123,96,111,235,177,162,154,135,172,120,113,117,139,162,141,123,112,147,209,156,152,155,183
"ko:K18928",477,487,326,363,625,515,503,573,460,510,446,411,419,483,448,450,340,350,476,419,450,468,450,443
"ko:K18929",744,705,604,581,1040,861,764,895,697,894,662,644,672,708,744,696,576,550,816,755,818,755,695,822
"ko:K18930",30,27,22,22,64,47,34,48,32,48,22,30,41,32,52,26,36,12,38,42,38,30,38,55
"ko:K18955",508,473,373,381,643,565,454,539,395,454,377,436,373,390,397,377,435,404,565,580,530,492,503,537
"ko:K18958",113,66,97,82,108,135,93,116,59,98,71,68,69,68,70,82,75,96,101,129,84,95,103,96
"ko:K18968",36,32,30,26,44,55,42,34,30,36,31,36,38,42,28,29,44,364,46,36,46,40,30,50
"ko:K18979",355,318,257,250,499,381,398,390,358,420,285,300,295,343,330,323,314,599,349,396,402,295,367,369
"ko:K18981",22,31,25,40,64,50,47,37,35,59,28,25,25,49,33,42,33,20,49,46,44,54,32,44
"ko:K18981,ko:K19243",2,4,4,4,8,18,6,8,2,6,2,8,8,8,10,6,6,4,8,4,7,15,2,4
"ko:K18982",2,1,0,2,2,4,2,4,2,2,0,2,0,0,0,6,2,0,2,0,4,2,2,0
"ko:K18983",78,88,50,68,121,100,104,82,66,104,70,81,94,84,108,60,75,62,124,95,141,102,116,113
"ko:K18983,ko:K20023",130,143,125,137,210,197,160,154,158,193,120,136,156,124,147,151,118,80,151,169,144,133,184,165
"ko:K18988",21,33,23,27,24,32,46,32,16,34,28,22,24,26,42,21,34,14,28,22,30,15,40,56
"ko:K18989",228,180,107,123,176,183,171,168,137,177,183,141,145,152,140,154,135,132,169,179,194,194,200,197
"ko:K18996",52,41,36,38,73,60,49,51,44,37,36,32,45,42,40,61,40,59,54,66,60,103,60,99
"ko:K18997",22,17,18,12,21,24,10,18,6,26,10,25,16,22,16,26,21,14,20,13,23,12,32,33
"ko:K19033",42,32,18,23,31,22,19,36,32,34,28,14,25,23,26,16,16,117,26,25,34,30,29,32
"ko:K19046",21,34,19,30,47,34,35,50,20,55,32,23,28,38,42,20,20,21,30,24,54,39,37,46
"ko:K19055",115,99,86,80,109,90,92,109,83,98,107,74,91,101,96,92,73,83,103,112,114,115,105,120
"ko:K19066,ko:K19067",17,14,7,13,41,4,18,8,8,12,3,18,13,21,9,11,6,5,23,12,4,9,15,19
"ko:K19085",6,7,0,2,14,7,7,20,10,10,2,2,2,10,4,2,6,12,6,6,12,16,2,10
"ko:K19092",15,12,13,21,30,4,12,32,14,6,10,12,10,12,10,6,8,12,10,14,14,18,20,16
"ko:K19147",92,62,42,64,108,78,111,96,56,75,58,58,75,66,76,61,59,480,113,69,108,101,93,98
"ko:K19158",14,6,3,4,6,12,8,7,11,6,2,2,6,8,12,9,8,6,8,7,2,2,6,4
"ko:K19159",10,6,9,8,22,15,12,20,6,14,9,8,10,16,14,17,1,5,16,13,4,12,10,8
"ko:K19164",6,14,4,4,14,2,8,10,6,29,6,10,19,6,8,14,6,10,4,7,10,5,8,17
"ko:K19166",8,16,5,10,11,10,2,6,4,10,8,9,6,6,9,9,9,4,7,10,8,4,11,6
"ko:K19168",16,12,7,8,25,12,11,19,12,9,12,15,18,13,16,4,10,3,14,12,6,14,10,31
"ko:K19180",16,14,16,16,22,15,16,6,6,23,18,4,18,19,10,10,23,14,10,8,20,12,10,34
"ko:K19181",32,32,13,30,40,48,41,27,29,42,52,30,40,33,27,38,35,45,41,35,72,36,50,46
"ko:K19191",774,777,571,600,962,864,773,847,774,831,723,629,699,689,736,740,643,558,754,884,896,850,853,881
"ko:K19221",361,370,288,270,516,376,356,427,356,352,324,343,333,353,362,398,275,468,402,343,401,395,402,448
"ko:K19222",16,22,8,11,28,6,10,16,25,24,24,8,35,29,20,28,17,16,4,25,20,12,24,24
"ko:K19225",61,31,30,35,44,30,47,63,21,33,29,57,56,54,36,42,25,30,38,46,51,47,53,60
"ko:K19231",374,272,229,240,401,454,351,349,349,397,328,305,292,294,341,309,205,2722,356,321,393,370,397,396
"ko:K19231,ko:K21449",44,38,32,42,44,36,48,36,36,46,32,43,46,46,30,55,32,380,44,40,22,48,50,70
"ko:K19232,ko:K21449",28,56,24,14,46,42,26,38,28,26,44,16,22,26,38,24,39,48,42,60,66,42,32,38
"ko:K19265",723,646,478,558,859,828,718,773,595,718,705,589,667,597,699,671,588,489,794,813,691,665,718,815
"ko:K19267",181,154,100,110,182,186,130,172,140,156,166,128,151,156,137,124,133,147,181,158,205,204,191,198
"ko:K19270",28,24,19,22,50,42,35,29,15,47,19,20,44,25,25,32,25,28,33,37,48,34,30,57
"ko:K19294",29,35,46,17,79,52,27,49,55,44,38,35,58,48,54,38,60,34,53,29,47,55,70,48
"ko:K19302",303,301,179,201,381,355,360,429,242,323,307,270,267,269,299,279,207,627,344,331,362,307,302,362
"ko:K19336",59,56,44,40,82,69,46,73,57,77,50,50,82,45,54,64,41,273,91,71,77,80,45,76
"ko:K19337",76,65,59,74,95,95,89,70,83,74,82,84,94,85,69,72,73,312,74,65,66,72,93,78
"ko:K19338",34,19,26,19,26,20,24,16,20,21,26,14,26,36,30,22,20,26,26,42,24,38,32,44
"ko:K19342",15,16,5,10,18,13,13,5,10,12,18,12,9,16,14,14,14,19,8,18,14,13,8,10
"ko:K19345",33,37,25,36,65,50,55,44,26,37,24,54,36,24,19,32,26,32,33,36,54,38,40,46
"ko:K19405",26,8,10,16,12,12,4,36,32,31,23,16,24,12,20,34,23,4,16,18,16,14,21,17
"ko:K19416",16,21,18,21,18,19,16,18,17,24,39,18,30,26,28,20,19,8,32,20,10,20,20,39
"ko:K19420",0,4,2,2,21,10,6,4,8,6,4,4,12,12,8,0,2,2,2,0,2,6,0,8
"ko:K19421",18,12,6,14,30,14,24,18,4,6,10,12,8,26,16,22,8,10,4,6,10,20,16,12
"ko:K19424",26,33,26,14,31,39,34,36,22,26,40,30,40,26,12,22,24,18,40,46,55,37,34,38
"ko:K19426",0,2,0,0,4,6,6,12,6,2,4,6,6,6,7,8,0,12,4,4,8,2,10,2
"ko:K19548",4,4,4,2,26,16,6,2,0,2,4,2,6,4,6,8,4,4,12,4,0,4,4,4
"ko:K19577",611,519,458,499,770,630,655,713,526,551,540,526,584,467,576,522,456,859,677,722,727,717,710,683
"ko:K19585",698,715,514,493,839,871,717,759,659,810,733,617,698,616,694,630,630,2544,843,788,870,830,899,873
"ko:K19591",93,82,89,79,143,89,84,100,97,104,79,95,106,85,118,101,92,226,114,107,127,76,104,131
"ko:K19595",36,16,13,14,18,26,14,21,20,32,10,14,34,16,13,20,21,33,18,20,34,20,32,12
"ko:K19640",68,56,52,56,93,62,56,74,62,60,65,51,68,58,57,73,37,516,59,76,82,66,73,77
"ko:K19670",94,113,94,86,110,107,101,113,105,107,93,75,80,111,92,81,82,78,68,88,140,100,102,78
"ko:K19686",14,22,2,12,14,16,13,12,22,19,8,13,12,10,14,8,2,8,12,14,8,4,12,18
"ko:K19689",172,160,118,128,191,174,188,177,189,211,157,134,134,142,171,182,161,145,173,203,173,208,173,180
"ko:K19696",90,67,52,68,121,118,74,86,68,87,66,60,68,77,57,76,63,303,83,98,103,111,99,116
"ko:K19701",0,2,0,2,10,4,6,2,0,2,4,0,0,2,4,0,2,0,0,0,0,0,0,2
"ko:K19702",26,35,24,20,58,32,36,34,22,30,35,38,30,32,32,26,30,305,26,36,30,42,50,30
"ko:K19707",33,35,18,22,49,36,44,44,42,53,34,44,37,21,44,32,25,26,36,64,47,35,35,38
"ko:K19710",199,187,113,150,210,188,209,236,191,154,149,154,145,164,150,147,130,111,215,186,193,186,172,224
"ko:K19713",18,26,15,14,28,26,16,28,16,34,14,27,11,11,28,18,16,13,12,14,20,30,19,18
"ko:K19733",0,1,3,0,2,4,2,0,2,0,4,2,0,2,4,0,3,8,0,2,6,6,4,16
"ko:K19745",124,91,91,74,168,151,104,98,106,129,126,75,126,125,133,126,88,97,133,125,155,120,121,110
"ko:K19746",58,54,27,21,54,58,50,42,58,31,26,33,48,36,34,30,49,27,48,41,36,40,58,61
"ko:K19784",173,139,132,151,206,164,148,152,167,160,130,121,130,163,137,162,137,93,155,113,155,134,147,138
"ko:K19802",353,291,240,231,429,320,396,347,250,441,297,316,279,287,296,326,312,582,344,315,461,362,354,393
"ko:K19804",128,183,139,129,231,210,131,154,176,169,165,117,144,123,136,143,140,462,154,206,186,188,193,195
"ko:K19955",8,4,12,6,20,16,14,10,0,3,8,0,16,10,8,8,2,2,3,10,2,6,2,2
"ko:K19956",61,39,18,25,40,36,32,59,40,41,22,22,28,23,39,42,39,26,25,43,28,48,54,65
"ko:K19978",26,23,12,12,12,24,32,30,15,22,11,14,12,19,22,12,10,16,20,8,22,22,2,8
"ko:K19982",111,88,94,88,143,126,104,122,86,91,82,75,101,75,106,102,113,73,128,108,119,150,109,189
"ko:K20023",226,212,182,179,325,280,255,245,266,255,246,228,194,268,304,194,219,144,264,233,297,247,294,312
"ko:K20034",108,117,75,85,138,84,106,132,140,160,126,119,119,131,134,93,87,94,106,115,101,92,123,135
"ko:K20035",392,308,300,262,512,392,417,443,433,481,440,413,422,436,478,421,337,299,476,365,437,436,469,439
"ko:K20036",78,68,36,45,60,59,87,64,58,86,95,57,59,90,90,73,56,33,72,82,85,60,83,82
"ko:K20074",527,529,481,464,849,717,707,645,630,664,643,590,567,571,686,558,478,678,699,645,718,645,751,839
"ko:K20116,ko:K20117,ko:K20118",0,0,0,0,2,4,0,3,0,0,4,0,0,0,0,0,2,0,0,0,0,3,2,0
"ko:K20260",14,2,6,2,10,10,12,6,4,6,2,14,14,14,14,8,12,183,4,5,14,6,12,8
"ko:K20262",6,16,8,6,18,12,12,14,10,8,10,14,8,12,14,10,4,285,4,10,20,6,14,10
"ko:K20265",261,233,227,230,374,270,289,267,203,291,233,232,224,238,211,222,181,208,243,258,275,275,216,246
"ko:K20266",4,0,8,11,4,2,6,8,8,9,8,7,12,6,6,10,4,4,8,6,12,10,6,12
"ko:K20273",245,256,158,172,323,287,255,327,233,268,227,186,221,223,238,267,179,1688,285,274,329,264,287,321
"ko:K20276",150,152,95,112,198,203,184,206,158,182,184,172,152,190,160,142,149,1274,214,203,228,183,203,232
"ko:K20345",0,0,0,0,2,4,2,0,2,4,0,4,6,2,4,4,0,6,4,6,2,3,4,6
"ko:K20418",0,0,0,0,0,3,2,0,0,0,0,0,0,2,0,0,0,0,0,0,0,0,0,0
"ko:K20420",32,30,20,36,61,72,38,63,33,59,36,36,42,22,34,35,42,33,56,51,88,58,54,55
"ko:K20421",47,22,19,16,54,26,17,43,32,22,32,20,32,30,22,20,14,28,38,25,45,34,27,32
"ko:K20423,ko:K21191",38,40,14,46,63,43,47,66,48,68,35,33,52,50,43,48,39,30,57,47,74,71,67,70
"ko:K20444",12,12,4,7,12,14,8,8,10,4,16,6,8,8,4,8,16,11,18,14,24,18,10,22
"ko:K20449",124,115,94,97,184,142,136,136,130,146,185,147,131,92,119,104,116,130,136,137,150,154,136,129
"ko:K20454",18,12,11,14,20,16,12,14,12,22,9,14,14,11,18,13,6,8,9,14,18,16,10,10
"ko:K20467",4,6,2,2,2,2,4,4,4,6,5,2,3,0,0,0,0,0,0,2,2,4,0,2
"ko:K20468",22,48,24,38,50,48,32,42,42,40,38,46,40,25,48,32,24,20,24,54,41,54,32,48
"ko:K20469",269,252,197,179,338,279,307,332,241,248,242,218,237,233,264,256,153,171,284,202,229,272,259,333
"ko:K20483",34,38,22,40,66,61,55,44,40,38,22,40,36,24,28,40,32,47,53,44,40,60,46,42
"ko:K20497",106,95,84,102,137,140,117,143,109,100,74,82,119,95,80,87,68,58,96,115,129,128,102,122
"ko:K20530",26,14,16,22,28,22,26,30,24,21,38,43,35,13,34,20,16,28,28,12,22,32,12,18
"ko:K20534",239,196,163,154,292,209,258,224,244,238,265,187,216,202,265,221,184,421,240,217,263,223,231,244
"ko:K20541",68,61,38,66,80,92,58,48,52,52,68,59,50,63,88,57,37,22,68,57,40,70,64,60
"ko:K20542",22,21,14,14,18,16,14,38,22,24,12,22,17,14,10,28,14,22,19,22,24,15,30,24
"ko:K20543",118,98,65,57,107,158,125,120,129,82,86,106,88,98,94,73,86,76,122,127,104,124,129,142
"ko:K20616",53,38,34,25,73,70,36,52,43,45,53,56,30,38,39,59,29,30,47,49,45,42,52,69
"ko:K20628",32,39,10,26,48,32,18,44,24,30,52,27,30,20,12,29,32,30,47,20,33,36,54,36
"ko:K20757",135,136,110,94,183,155,132,120,120,155,138,108,146,146,135,126,131,137,143,128,109,131,115,141
"ko:K20760",11,5,10,5,6,13,6,13,4,7,8,12,6,6,2,10,2,2,2,8,2,6,6,4
"ko:K20760,ko:K20761",2,4,6,2,6,2,8,2,10,14,2,6,9,2,4,6,2,2,4,4,4,8,0,6
"ko:K20765",3,4,10,6,10,2,4,6,8,10,2,7,4,2,6,2,2,2,6,2,2,6,6,4
"ko:K20807",32,31,27,34,41,54,44,38,39,37,52,30,50,51,59,48,45,61,46,45,58,54,46,41
"ko:K20810",32,26,14,19,28,38,15,36,16,29,16,26,6,18,26,13,22,16,28,24,28,40,16,18
"ko:K20814",507,450,374,331,663,530,536,568,374,395,398,412,433,388,387,398,411,282,492,478,513,495,545,553
"ko:K20830,ko:K20832",24,48,24,25,58,40,34,58,37,48,36,30,18,26,33,10,25,398,32,16,44,50,46,42
"ko:K20862",65,50,60,56,107,105,92,92,76,81,76,61,83,78,81,78,70,269,102,47,98,68,81,79
"ko:K20885",23,15,10,16,31,26,20,35,14,31,24,26,30,18,26,12,19,14,20,15,22,26,28,16
"ko:K20938",128,123,83,75,144,122,128,114,97,127,99,88,104,92,90,117,102,82,117,87,105,84,122,111
"ko:K20940",283,289,249,220,430,310,372,385,334,361,314,315,284,322,292,286,201,578,375,337,359,299,349,346
"ko:K20946",62,40,60,40,72,52,61,70,42,58,42,54,35,36,46,38,30,439,49,52,58,72,64,62
"ko:K20947",40,50,28,26,46,39,42,44,30,30,30,40,32,36,48,32,27,456,28,68,32,62,60,48
"ko:K20966",59,54,55,34,45,52,65,52,43,53,40,53,66,62,54,46,39,44,52,56,64,54,50,61
"ko:K20975",20,22,22,16,26,20,12,24,24,18,19,16,18,24,10,12,10,18,18,14,26,20,14,23
"ko:K20998",38,50,38,22,52,37,48,48,58,42,40,52,58,20,42,58,35,422,54,26,52,56,62,64
"ko:K21002",40,34,20,48,66,43,46,56,40,48,40,48,46,24,36,54,44,405,54,50,52,30,42,50
"ko:K21011",14,15,17,14,28,18,20,20,21,40,25,16,28,16,28,18,16,11,22,15,14,21,20,16
"ko:K21019",10,21,9,20,22,28,15,32,15,20,17,12,12,8,16,18,17,16,15,12,31,28,14,21
"ko:K21025",90,68,50,63,131,106,81,103,87,100,81,76,72,91,123,122,104,659,114,100,113,121,125,119
"ko:K21029",204,199,139,182,244,238,243,225,194,288,193,205,209,204,248,187,155,146,195,188,242,205,175,228
"ko:K21029,ko:K21147",361,372,308,294,516,378,383,406,319,361,298,291,328,334,309,351,304,280,406,356,354,356,361,378
"ko:K21033",36,25,26,2,52,40,34,21,30,22,36,34,39,38,20,38,40,425,30,26,58,26,30,64
"ko:K21034",6,7,3,7,14,13,12,6,4,4,4,6,14,4,11,4,6,4,6,6,6,0,8,3
"ko:K21054",30,22,12,27,35,44,27,30,34,34,18,21,24,32,26,17,14,24,31,33,12,18,30,40
"ko:K21061",48,30,28,26,58,46,34,52,30,37,38,40,34,34,30,46,26,346,38,43,32,44,44,42
"ko:K21062",68,62,42,40,80,71,85,85,68,81,62,50,90,80,65,58,47,306,68,70,126,97,99,92
"ko:K21064",6,4,2,2,22,12,0,6,2,12,4,2,20,6,10,4,4,6,2,2,0,4,4,9
"ko:K21071",874,786,498,594,1067,861,819,956,804,876,732,803,748,796,785,799,703,1008,840,805,813,850,892,893
"ko:K21119",63,62,32,59,74,75,60,82,82,68,68,51,58,56,62,62,49,33,82,47,73,60,62,79
"ko:K21134",721,677,460,525,824,740,692,783,706,806,621,646,631,680,722,654,615,468,726,686,817,670,811,839
"ko:K21135",72,61,38,36,61,87,78,94,56,68,68,52,76,46,60,56,63,348,73,72,68,64,72,79
"ko:K21136",52,36,32,16,42,42,32,40,31,41,39,16,38,45,36,50,34,46,48,32,52,72,38,57
"ko:K21137",54,63,30,32,68,57,58,62,36,62,35,36,31,61,66,46,36,38,45,50,48,61,49,70
"ko:K21140",157,162,140,148,263,201,158,204,109,135,141,137,136,127,156,140,147,100,166,215,190,143,160,199
"ko:K21147",568,518,393,439,707,584,590,559,462,584,458,426,414,488,513,488,403,334,528,481,503,516,473,517
"ko:K21148",438,438,310,376,544,516,510,523,408,423,363,357,375,354,385,477,363,321,568,496,428,443,410,506
"ko:K21159",229,195,119,149,270,198,223,184,175,200,180,200,174,149,158,157,156,144,185,220,217,243,233,226
"ko:K21185",18,2,12,3,22,10,10,8,8,12,6,11,4,8,7,12,10,6,6,14,6,10,11,6
"ko:K21209",45,52,39,53,83,67,76,64,68,78,56,47,44,46,66,76,43,39,62,62,64,68,90,68
"ko:K21214",43,26,31,43,50,34,60,38,35,28,27,45,42,34,35,30,43,41,71,56,22,67,46,58
"ko:K21284",51,43,30,32,80,35,55,62,28,70,51,29,62,36,47,46,28,43,40,54,68,78,95,74
"ko:K21303",16,12,12,12,28,12,10,10,32,12,21,8,7,10,12,6,12,14,22,16,30,31,19,16
"ko:K21307",285,266,208,223,425,373,281,347,321,407,315,299,312,308,360,272,333,1112,315,402,421,367,389,442
"ko:K21308",69,84,74,46,73,80,90,82,85,82,67,57,86,93,83,68,87,302,69,64,94,84,88,105
"ko:K21309",6,7,1,2,2,0,0,6,4,11,4,0,0,2,2,4,0,5,2,4,8,4,8,4
"ko:K21310",10,6,10,10,10,5,21,7,7,12,6,8,14,12,12,6,11,7,8,10,8,10,8,10
"ko:K21323",93,53,51,69,69,82,82,73,48,86,42,69,41,61,56,56,59,55,82,54,76,60,81,74
"ko:K21345",6,10,10,6,28,10,11,8,14,25,11,4,4,10,15,14,22,6,18,14,12,5,16,21
"ko:K21377",18,17,5,4,25,19,16,23,10,24,16,21,15,14,19,12,16,2,12,15,5,12,14,12
"ko:K21393",408,384,273,346,508,456,433,437,428,502,387,368,397,361,486,407,321,267,465,420,466,427,497,468
"ko:K21394",89,92,53,94,138,109,90,130,91,115,83,96,92,119,90,99,71,84,111,112,70,107,111,101
"ko:K21395",474,397,335,327,499,449,437,470,463,477,441,422,435,366,460,391,380,303,415,467,523,455,458,476
"ko:K21401",321,330,207,206,368,301,370,386,283,290,271,254,249,254,245,290,241,209,311,324,323,332,374,362
"ko:K21405",102,109,57,72,142,124,98,108,96,97,86,71,102,89,85,100,66,115,94,110,93,117,93,127
"ko:K21416",211,213,161,163,241,222,199,191,179,257,219,157,201,153,170,235,172,174,224,233,200,221,241,253
"ko:K21417",243,213,160,194,359,227,226,286,237,267,271,216,205,210,229,197,204,225,193,238,224,228,198,257
"ko:K21420",407,403,305,311,503,453,440,405,429,490,441,415,414,389,401,383,387,577,400,438,453,461,449,482
"ko:K21430",168,125,123,118,206,173,163,172,148,178,162,149,131,149,134,166,144,811,173,179,166,169,182,191
"ko:K21449",1070,1003,724,797,1421,1203,1083,1233,970,1035,949,975,975,975,1010,922,843,6499,1174,1143,1217,1091,1175,1255
"ko:K21470",95,88,52,61,94,104,68,81,78,94,88,74,76,68,65,93,82,56,97,98,82,82,72,82
"ko:K21470,ko:K21572",136,113,97,110,180,173,134,146,137,171,130,98,129,131,132,149,114,99,156,158,142,173,138,152
"ko:K21471",388,347,296,298,582,396,452,482,401,362,342,360,352,375,408,366,314,290,445,451,457,505,466,504
"ko:K21471,ko:K21473",46,78,71,57,122,82,99,98,76,135,77,75,64,83,58,44,98,55,104,83,84,86,81,104
"ko:K21474",17,14,6,18,32,19,24,28,25,8,12,14,12,20,16,4,15,10,10,14,14,20,14,11
"ko:K21480",66,88,77,66,133,71,92,93,70,91,78,79,78,69,109,87,51,53,111,82,83,113,86,94
"ko:K21481",74,45,49,61,91,80,93,57,64,75,66,50,63,60,63,61,56,46,76,85,63,69,85,67
"ko:K21495",15,6,2,4,8,12,10,8,8,10,2,8,2,6,6,6,2,6,6,6,2,12,4,8
"ko:K21498",106,101,44,70,129,103,107,84,92,126,93,93,102,104,84,80,85,85,96,91,131,98,120,126
"ko:K21511",20,14,8,11,28,8,38,28,4,6,2,6,8,14,10,6,4,6,8,6,20,6,12,12
"ko:K21512",14,14,17,8,28,14,24,32,12,6,4,6,8,2,10,2,9,0,9,4,2,6,8,0
"ko:K21514",44,19,32,37,54,52,43,56,38,52,35,22,45,46,33,38,26,47,52,30,62,68,37,50
"ko:K21564",69,51,39,56,86,58,62,71,50,70,69,57,71,48,84,93,49,42,81,57,65,62,92,82
"ko:K21567",243,208,160,170,344,226,254,280,189,207,195,216,235,206,214,202,162,149,229,270,197,177,255,231
"ko:K21572",0,2,2,0,0,2,0,2,6,2,0,0,0,4,2,0,0,41,6,8,0,0,2,0
"ko:K21600",347,355,250,239,439,377,344,374,276,293,261,263,280,241,267,329,248,236,337,332,301,338,328,406
"ko:K21603",67,35,32,27,38,38,28,26,32,38,14,22,29,6,32,24,30,58,28,46,47,29,61,32
"ko:K21613",36,21,26,33,59,22,49,35,50,43,30,38,40,48,44,44,51,42,41,52,63,40,51,54
"ko:K21617",36,40,16,12,34,32,24,36,16,27,16,12,16,18,28,36,26,28,32,30,37,18,48,32
"ko:K21672",376,306,271,203,466,387,299,364,248,291,323,322,285,259,312,286,225,221,342,339,357,282,348,374
"ko:K21677",36,30,19,14,48,22,21,44,24,14,26,34,30,28,28,15,26,25,24,25,43,41,39,26
"ko:K21685",28,20,8,18,45,32,36,22,18,36,33,14,26,20,32,47,24,37,42,28,24,18,34,24
"ko:K21686",32,18,18,29,60,42,34,44,34,29,32,27,28,36,25,22,31,19,28,26,41,32,41,43
"ko:K21687",25,38,16,45,49,33,32,36,24,26,28,16,26,33,28,23,25,17,37,27,14,30,31,32
"ko:K21688",59,40,45,41,67,53,60,44,38,66,52,60,40,42,61,54,42,25,48,38,52,50,48,77
"ko:K21699",10,10,18,23,26,25,14,22,20,20,15,14,16,20,20,12,19,8,28,18,22,37,42,18
"ko:K21700",64,53,38,45,43,56,70,56,28,62,34,41,50,61,68,39,52,34,64,47,43,45,63,61
"ko:K21701",0,0,0,0,6,4,4,2,0,2,0,0,0,2,10,0,0,2,0,4,0,0,0,5
"ko:K21703",106,66,64,46,105,75,64,73,62,72,86,65,52,56,57,69,74,77,84,99,104,83,118,119
"ko:K21741",9,9,6,6,4,4,2,2,4,4,1,2,2,12,8,3,8,10,14,2,10,2,6,4
"ko:K21744",11,8,15,11,14,16,14,8,6,11,9,9,8,4,6,10,8,4,6,2,7,8,11,4
"ko:K21793",120,142,109,93,175,136,126,144,117,150,96,123,102,122,124,103,89,72,109,95,124,118,102,115
"ko:K21802",117,75,80,84,148,133,100,123,102,82,94,64,98,98,72,69,72,102,135,87,113,114,133,117
"ko:K21826",30,21,22,17,26,28,29,36,15,32,16,21,16,10,32,20,31,20,34,32,37,26,26,24
"ko:K21832",42,26,34,14,34,53,41,28,27,36,34,44,30,26,26,37,23,19,35,29,46,38,42,26
"ko:K21832,ko:K22343",12,2,8,2,8,8,6,4,11,8,4,10,4,6,6,8,10,6,15,4,10,6,8,9
"ko:K21833",223,220,211,147,319,245,261,272,271,299,257,229,231,221,302,269,208,212,250,248,323,264,292,323
"ko:K21883",160,137,85,81,160,142,137,133,104,180,108,132,126,138,104,116,83,94,146,122,167,116,157,157
"ko:K21885",55,67,45,57,88,87,88,90,68,67,59,54,44,56,65,58,70,41,91,74,48,66,98,60
"ko:K21900",2,2,2,0,8,10,10,4,4,2,7,4,14,6,6,10,0,4,4,4,0,2,4,4
"ko:K21902",0,0,2,0,8,5,3,0,0,4,4,4,2,2,8,8,0,0,4,0,2,2,3,9
"ko:K21903",12,2,2,8,20,6,4,6,6,16,4,12,4,4,0,8,3,8,16,12,6,8,4,10
"ko:K21929",482,476,301,329,590,514,468,564,427,489,425,426,422,411,398,436,328,355,491,470,528,521,480,526
"ko:K21947",24,46,33,18,41,51,29,30,41,22,35,24,33,37,55,37,30,35,34,43,28,35,29,59
"ko:K21948",60,97,53,84,78,71,64,83,61,52,75,33,46,54,67,64,75,65,95,75,82,69,68,84
"ko:K21949",20,16,13,13,19,18,16,19,13,19,17,14,12,10,4,17,17,0,24,4,6,12,16,12
"ko:K21959",0,2,2,6,16,2,10,6,2,4,2,4,6,10,8,4,2,4,4,0,0,6,6,2
"ko:K21962",22,22,10,14,16,24,25,24,16,22,23,18,17,8,25,19,11,18,28,22,24,20,22,17
"ko:K22003",6,14,6,5,12,8,18,2,15,13,10,12,6,19,10,12,2,6,12,14,12,8,10,14
"ko:K22010",366,385,319,315,547,385,433,463,325,375,353,326,371,314,381,340,314,280,455,428,381,379,346,404
"ko:K22025",226,216,164,149,294,262,218,293,188,244,223,218,204,244,237,209,199,172,242,208,269,238,254,305
"ko:K22027",51,46,36,52,69,66,52,48,56,51,41,33,64,43,42,42,41,51,58,68,58,54,54,39
"ko:K22041",26,10,14,8,18,21,21,26,14,20,18,18,14,30,24,22,14,214,30,24,30,24,30,18
"ko:K22042",12,0,6,6,4,10,8,2,6,8,14,14,10,4,6,6,8,5,4,2,7,0,0,6
"ko:K22044",346,308,237,232,420,333,277,316,238,324,313,280,302,350,311,301,229,252,353,312,329,353,362,384
"ko:K22067",42,44,29,40,44,46,42,34,32,36,33,38,38,16,38,47,26,348,58,48,48,40,52,33
"ko:K22081",46,54,42,27,67,56,42,58,45,48,47,43,54,47,35,47,63,49,60,76,68,66,82,82
"ko:K22082",197,171,136,156,230,205,186,180,140,204,161,151,193,132,174,170,126,110,187,164,182,194,177,200
"ko:K22083",1173,1157,822,862,1513,1453,1297,1306,1042,1281,1048,1052,1034,1046,1205,1052,917,728,1085,1049,1232,1123,1131,1313
"ko:K22084",44,33,29,24,63,60,61,40,47,45,42,35,52,39,36,34,42,31,31,26,41,48,32,54
"ko:K22085",4,0,2,4,6,2,2,0,0,4,0,2,2,0,4,0,2,2,0,2,2,2,4,2
"ko:K22105",28,14,29,16,44,28,45,26,32,52,26,16,23,12,26,33,16,226,30,12,39,26,39,22
"ko:K22107",129,127,102,92,221,149,122,161,116,173,135,104,111,96,101,92,104,138,136,154,158,178,131,176
"ko:K22108",178,168,143,178,327,253,272,239,161,262,171,191,211,211,210,203,183,157,269,219,255,293,218,264
"ko:K22110",2,8,0,5,13,2,2,8,2,9,8,7,10,10,6,4,2,6,10,6,10,3,4,12
"ko:K22116",9,6,4,2,10,6,16,6,0,10,12,2,8,4,2,4,10,2,8,14,18,18,10,6
"ko:K22129",20,10,10,10,35,30,18,19,42,23,24,6,24,24,28,14,27,17,34,24,36,38,42,35
"ko:K22130",74,74,58,52,67,78,59,66,75,49,57,46,71,44,58,45,63,64,62,54,94,52,59,97
"ko:K22131",18,22,12,12,16,13,6,8,16,25,19,10,16,16,16,8,19,7,22,14,16,20,20,22
"ko:K22132",65,71,61,79,131,84,100,88,118,117,115,88,72,108,79,96,62,359,78,90,80,77,78,117
"ko:K22185",39,46,38,31,47,45,35,26,40,43,59,43,33,35,20,55,26,22,29,40,40,29,27,47
"ko:K22185,ko:K22215",38,52,22,24,38,38,36,38,28,20,35,22,36,38,51,22,34,32,29,33,43,28,38,36
"ko:K22186",271,263,209,189,354,271,318,340,250,288,281,254,261,263,260,255,232,225,321,332,330,295,256,320
"ko:K22187",753,719,559,675,975,841,721,784,766,855,795,700,730,666,826,660,690,622,841,774,800,745,879,840
"ko:K22205",10,16,8,15,26,8,6,12,13,2,10,8,8,14,12,2,14,2,6,4,4,6,8,8
"ko:K22209",306,348,256,284,432,358,333,390,316,460,303,330,351,329,362,362,346,265,395,369,322,348,340,332
"ko:K22213",45,46,24,28,54,48,41,38,35,42,36,46,32,48,37,43,28,11,31,43,59,66,71,49
"ko:K22230",4,2,0,4,8,8,2,6,2,6,2,0,16,8,10,8,0,0,6,2,0,0,2,0
"ko:K22270",23,37,17,17,44,44,30,31,20,25,21,16,25,40,33,20,19,19,22,10,36,30,36,35
"ko:K22278",324,272,232,246,439,363,336,298,283,280,281,260,295,259,243,276,238,193,276,276,270,260,308,337
"ko:K22292",32,43,27,18,50,61,53,44,32,47,30,29,37,24,29,22,39,269,32,34,34,52,70,37
"ko:K22293",89,93,63,79,127,90,91,66,87,98,86,60,80,62,75,94,80,79,127,86,134,101,98,102
"ko:K22295",9,21,8,10,26,20,13,30,20,12,10,23,24,26,17,12,14,23,16,22,16,22,22,24
"ko:K22296",0,4,8,6,4,2,2,4,4,4,8,2,4,6,2,8,3,10,2,10,2,3,10,10
"ko:K22297",181,158,117,122,180,194,203,210,127,165,140,153,143,135,161,144,116,147,195,218,197,152,146,182
"ko:K22298",39,52,32,22,62,70,42,59,41,50,54,42,33,34,70,42,32,31,64,35,66,46,63,76
"ko:K22303",148,120,91,103,181,138,143,143,123,155,117,98,132,172,141,109,108,135,138,158,176,196,146,148
"ko:K22310",107,119,78,105,170,126,127,155,104,95,132,90,104,95,105,125,106,94,122,144,131,119,147,142
"ko:K22311",31,21,8,19,36,28,44,45,29,37,31,27,27,28,26,28,40,52,54,27,42,34,52,32
"ko:K22317",120,104,92,74,128,169,122,141,142,164,101,122,121,140,128,124,189,402,149,127,171,155,170,155
"ko:K22318",66,76,56,58,113,81,72,82,69,90,73,58,72,41,81,69,69,366,108,78,92,108,46,99
"ko:K22319",128,136,115,98,216,167,169,155,140,179,133,112,134,170,146,127,120,637,191,175,187,194,169,199
"ko:K22320",86,75,56,66,83,66,60,75,109,76,91,67,67,76,85,67,77,389,89,85,76,69,91,99
"ko:K22322",3,8,4,6,4,7,10,5,9,4,7,4,2,2,2,2,8,7,6,2,8,6,2,6
"ko:K22336",115,97,70,81,184,125,108,111,100,108,92,108,86,111,119,114,90,65,120,127,115,93,108,112
"ko:K22342",85,56,48,49,62,62,51,80,55,73,58,34,47,65,31,35,81,66,80,59,76,60,68,92
"ko:K22347",82,76,33,82,103,67,84,86,44,78,59,60,66,58,87,66,35,51,69,90,61,74,83,53
"ko:K22348",205,204,143,152,263,210,181,197,242,289,202,171,193,195,212,212,173,164,218,177,230,193,231,234
"ko:K22369",54,36,50,26,46,80,73,42,48,47,77,46,58,48,56,89,40,50,71,40,67,72,52,52
"ko:K22373",15,16,10,16,30,16,32,12,8,21,12,28,14,10,22,20,6,2,10,14,20,22,20,18
"ko:K22396",78,57,57,64,116,117,94,106,83,93,93,64,73,93,96,68,74,59,99,94,126,99,120,126
"ko:K22405",312,302,260,266,472,281,298,436,259,390,280,314,257,301,296,261,193,184,295,202,278,247,252,251
"ko:K22441",18,14,14,10,16,6,24,16,18,16,6,14,16,16,16,26,8,203,18,24,26,12,16,26
"ko:K22445",47,34,31,53,58,68,44,50,29,48,40,50,40,44,47,40,32,40,42,44,50,54,29,73
"ko:K22452",86,69,64,66,96,99,109,98,81,101,83,61,78,48,97,98,63,675,114,78,107,88,76,96
"ko:K22468",1027,864,664,753,1135,989,989,978,825,1075,834,779,943,857,874,800,769,672,978,961,1055,989,898,1021
"ko:K22476",6,15,7,18,22,22,12,16,10,15,16,9,14,10,25,7,14,17,20,11,24,25,24,18
"ko:K22477",4,6,12,4,9,20,22,10,19,8,14,11,10,6,10,6,6,20,18,12,14,16,25,14
"ko:K22478",103,71,46,60,116,100,64,88,77,110,87,61,86,75,72,77,96,547,96,115,123,142,120,114
"ko:K22479",29,18,12,21,37,43,27,32,24,18,32,39,20,31,18,24,22,200,41,38,31,24,24,27
"ko:K22489",10,13,9,6,10,20,11,12,18,13,12,9,8,19,8,8,11,6,10,12,18,12,22,27
