"KO","baseMean","log2FoldChange","lfcSE","stat","pvalue","padj","reference","tax","description"
"ko:K00031",3239.46500818665,0.109228704343321,0.0280196680125068,3.8982868852895,9.68756057189779e-05,0.00752570494953744,"k87_19271_4","COG0538@1|root,COG0538@2|Bacteria,1MUIB@1224|Proteobacteria,2TQWD@28211|Alphaproteobacteria,2K05F@204457|Sphingomonadales","Belongs to the isocitrate and isopropylmalate dehydrogenases family"
"ko:K00031",3239.46500818665,0.109228704343321,0.0280196680125068,3.8982868852895,9.68756057189779e-05,0.00752570494953744,"k87_253787_2","COG0538@1|root,COG0538@2|Bacteria,1MUIB@1224|Proteobacteria,2TQWD@28211|Alphaproteobacteria,3EXZR@335928|Xanthobacteraceae","Isocitrate/isopropylmalate dehydrogenase"
"ko:K00031",3239.46500818665,0.109228704343321,0.0280196680125068,3.8982868852895,9.68756057189779e-05,0.00752570494953744,"k87_347223_3","COG0473@1|root,arCOG01163@2157|Archaea,41S5U@651137|Thaumarchaeota","Isocitrate isopropylmalate dehydrogenase"
"ko:K00031",3239.46500818665,0.109228704343321,0.0280196680125068,3.8982868852895,9.68756057189779e-05,0.00752570494953744,"k87_416998_5","COG2838@1|root,COG2838@2|Bacteria,1MV6Q@1224|Proteobacteria,1RPG4@1236|Gammaproteobacteria,1X3M6@135614|Xanthomonadales","NADP-specific, catalyzes the formation of 2-oxoglutarate from isocitrate or oxalosuccinate"
"ko:K00031",3239.46500818665,0.109228704343321,0.0280196680125068,3.8982868852895,9.68756057189779e-05,0.00752570494953744,"k87_446090_2","COG0538@1|root,COG0538@2|Bacteria,1MW3J@1224|Proteobacteria,2VHVD@28216|Betaproteobacteria,2KUTI@206389|Rhodocyclales","Isocitrate/isopropylmalate dehydrogenase"
"ko:K00031",3239.46500818665,0.109228704343321,0.0280196680125068,3.8982868852895,9.68756057189779e-05,0.00752570494953744,"k87_461965_1","COG0538@1|root,COG0538@2|Bacteria,2GM3D@201174|Actinobacteria","Belongs to the isocitrate and isopropylmalate dehydrogenases family"
"ko:K00031",3239.46500818665,0.109228704343321,0.0280196680125068,3.8982868852895,9.68756057189779e-05,0.00752570494953744,"k87_583431_1","COG2838@1|root,COG2838@2|Bacteria","Isocitrate dehydrogenase"
"ko:K00031",3239.46500818665,0.109228704343321,0.0280196680125068,3.8982868852895,9.68756057189779e-05,0.00752570494953744,"k87_584240_1","COG2838@1|root,COG2838@2|Bacteria,1MV6Q@1224|Proteobacteria,1RPG4@1236|Gammaproteobacteria,464R6@72275|Alteromonadaceae","Isocitrate dehydrogenase"
"ko:K00031",3239.46500818665,0.109228704343321,0.0280196680125068,3.8982868852895,9.68756057189779e-05,0.00752570494953744,"k87_821303_2","COG0538@1|root,COG0538@2|Bacteria,2GM3D@201174|Actinobacteria","Belongs to the isocitrate and isopropylmalate dehydrogenases family"
"ko:K00031",3239.46500818665,0.109228704343321,0.0280196680125068,3.8982868852895,9.68756057189779e-05,0.00752570494953744,"k87_942087_1","COG2838@1|root,COG2838@2|Bacteria,2GJ1C@201174|Actinobacteria,4EBXI@85010|Pseudonocardiales","Monomeric isocitrate dehydrogenase"
"ko:K00031",3239.46500818665,0.109228704343321,0.0280196680125068,3.8982868852895,9.68756057189779e-05,0.00752570494953744,"k87_946606_1","COG2838@1|root,COG2838@2|Bacteria,2GJ1C@201174|Actinobacteria,4FFA1@85021|Intrasporangiaceae","NADP-specific, catalyzes the formation of 2-oxoglutarate from isocitrate or oxalosuccinate"
"ko:K00031",3239.46500818665,0.109228704343321,0.0280196680125068,3.8982868852895,9.68756057189779e-05,0.00752570494953744,"k87_962125_1","COG2838@1|root,COG2838@2|Bacteria,46TNM@74201|Verrucomicrobia,3K755@414999|Opitutae","Isocitrate dehydrogenase"
"ko:K00031",3239.46500818665,0.109228704343321,0.0280196680125068,3.8982868852895,9.68756057189779e-05,0.00752570494953744,"k87_1135087_1","COG0538@1|root,COG0538@2|Bacteria,1MUIB@1224|Proteobacteria,2TQWD@28211|Alphaproteobacteria,4B99K@82115|Rhizobiaceae","Belongs to the isocitrate and isopropylmalate dehydrogenases family"
"ko:K00031",3239.46500818665,0.109228704343321,0.0280196680125068,3.8982868852895,9.68756057189779e-05,0.00752570494953744,"k87_1181071_1","COG0538@1|root,COG0538@2|Bacteria,1MW3J@1224|Proteobacteria,2VHVD@28216|Betaproteobacteria,4ABW5@80864|Comamonadaceae","TIGRFAM isocitrate dehydrogenase, NADP-dependent"
"ko:K00031",3239.46500818665,0.109228704343321,0.0280196680125068,3.8982868852895,9.68756057189779e-05,0.00752570494953744,"k87_1181774_1","COG0538@1|root,COG0538@2|Bacteria,1MW3J@1224|Proteobacteria,2VHVD@28216|Betaproteobacteria,4ABW5@80864|Comamonadaceae","TIGRFAM isocitrate dehydrogenase, NADP-dependent"
"ko:K00031",3239.46500818665,0.109228704343321,0.0280196680125068,3.8982868852895,9.68756057189779e-05,0.00752570494953744,"k87_1194667_1","COG2838@1|root,COG2838@2|Bacteria,2GJ1C@201174|Actinobacteria,233H0@1762|Mycobacteriaceae","Isocitrate dehydrogenase"
"ko:K00031",3239.46500818665,0.109228704343321,0.0280196680125068,3.8982868852895,9.68756057189779e-05,0.00752570494953744,"k87_1265997_1","COG0538@1|root,COG0538@2|Bacteria,1MW3J@1224|Proteobacteria,2VHVD@28216|Betaproteobacteria,1K0EF@119060|Burkholderiaceae","Isocitrate dehydrogenase"
"ko:K00031",3239.46500818665,0.109228704343321,0.0280196680125068,3.8982868852895,9.68756057189779e-05,0.00752570494953744,"k87_1347726_1","COG0538@1|root,COG0538@2|Bacteria,1MW3J@1224|Proteobacteria,2VHVD@28216|Betaproteobacteria,1KJAK@119065|unclassified Burkholderiales","Isocitrate dehydrogenase"
"ko:K00031",3239.46500818665,0.109228704343321,0.0280196680125068,3.8982868852895,9.68756057189779e-05,0.00752570494953744,"k87_1484891_4","COG2838@1|root,COG2838@2|Bacteria,1MV6Q@1224|Proteobacteria,2VI36@28216|Betaproteobacteria,4AC3T@80864|Comamonadaceae","PFAM Isocitrate dehydrogenase NADP-dependent monomeric type"
"ko:K00031",3239.46500818665,0.109228704343321,0.0280196680125068,3.8982868852895,9.68756057189779e-05,0.00752570494953744,"k87_1487541_2","COG0538@1|root,COG0538@2|Bacteria,2GM3D@201174|Actinobacteria","Belongs to the isocitrate and isopropylmalate dehydrogenases family"
"ko:K00031",3239.46500818665,0.109228704343321,0.0280196680125068,3.8982868852895,9.68756057189779e-05,0.00752570494953744,"k87_1518274_1","COG0538@1|root,COG0538@2|Bacteria,1MUIB@1224|Proteobacteria,2TQWD@28211|Alphaproteobacteria","Belongs to the isocitrate and isopropylmalate dehydrogenases family"
"ko:K00031",3239.46500818665,0.109228704343321,0.0280196680125068,3.8982868852895,9.68756057189779e-05,0.00752570494953744,"k87_1656634_4","COG0538@1|root,COG0538@2|Bacteria,1MUIB@1224|Proteobacteria,2TQWD@28211|Alphaproteobacteria,3N9KE@45404|Beijerinckiaceae","Belongs to the isocitrate and isopropylmalate dehydrogenases family"
"ko:K00031",3239.46500818665,0.109228704343321,0.0280196680125068,3.8982868852895,9.68756057189779e-05,0.00752570494953744,"k87_1783189_1","COG0538@1|root,COG0538@2|Bacteria,2GM3D@201174|Actinobacteria,4EFHD@85012|Streptosporangiales","Isocitrate/isopropylmalate dehydrogenase"
"ko:K00031",3239.46500818665,0.109228704343321,0.0280196680125068,3.8982868852895,9.68756057189779e-05,0.00752570494953744,"k87_2143459_2","COG0538@1|root,COG0538@2|Bacteria,1MW3J@1224|Proteobacteria,1RNMD@1236|Gammaproteobacteria,1X3IR@135614|Xanthomonadales","Isocitrate/isopropylmalate dehydrogenase"
"ko:K00031",3239.46500818665,0.109228704343321,0.0280196680125068,3.8982868852895,9.68756057189779e-05,0.00752570494953744,"k87_2225574_1","COG2838@1|root,COG2838@2|Bacteria,1MV6Q@1224|Proteobacteria,1RPG4@1236|Gammaproteobacteria,3NKCF@468|Moraxellaceae","Isocitrate dehydrogenase"
"ko:K00031",3239.46500818665,0.109228704343321,0.0280196680125068,3.8982868852895,9.68756057189779e-05,0.00752570494953744,"k87_2519587_3","COG2838@1|root,COG2838@2|Bacteria,1MV6Q@1224|Proteobacteria,2VI36@28216|Betaproteobacteria,44VC6@713636|Nitrosomonadales","PFAM Isocitrate dehydrogenase NADP-dependent monomeric type"
"ko:K00031",3239.46500818665,0.109228704343321,0.0280196680125068,3.8982868852895,9.68756057189779e-05,0.00752570494953744,"k87_2599880_1","COG0538@1|root,COG0538@2|Bacteria,2GM3D@201174|Actinobacteria,4EFHD@85012|Streptosporangiales","Isocitrate/isopropylmalate dehydrogenase"
"ko:K00031",3239.46500818665,0.109228704343321,0.0280196680125068,3.8982868852895,9.68756057189779e-05,0.00752570494953744,"k87_2799514_2","COG0538@1|root,COG0538@2|Bacteria,1MUIB@1224|Proteobacteria,2TQWD@28211|Alphaproteobacteria,43HA6@69277|Phyllobacteriaceae","Belongs to the isocitrate and isopropylmalate dehydrogenases family"
"ko:K00031",3239.46500818665,0.109228704343321,0.0280196680125068,3.8982868852895,9.68756057189779e-05,0.00752570494953744,"k87_2940982_1","COG0473@1|root,COG0473@2|Bacteria,3Y3BC@57723|Acidobacteria,2JKC7@204432|Acidobacteriia","Isocitrate/isopropylmalate dehydrogenase"
"ko:K00031",3239.46500818665,0.109228704343321,0.0280196680125068,3.8982868852895,9.68756057189779e-05,0.00752570494953744,"k87_2950660_3","COG0538@1|root,COG0538@2|Bacteria,1UHPE@1239|Firmicutes,4H9US@91061|Bacilli,278W0@186823|Alicyclobacillaceae","Isocitrate/isopropylmalate dehydrogenase"
"ko:K00031",3239.46500818665,0.109228704343321,0.0280196680125068,3.8982868852895,9.68756057189779e-05,0.00752570494953744,"k87_2972399_1","COG0538@1|root,COG0538@2|Bacteria,1MW3J@1224|Proteobacteria,1RNMD@1236|Gammaproteobacteria,1X3IR@135614|Xanthomonadales","Isocitrate/isopropylmalate dehydrogenase"
"ko:K00031",3239.46500818665,0.109228704343321,0.0280196680125068,3.8982868852895,9.68756057189779e-05,0.00752570494953744,"k87_3109857_1","COG0538@1|root,COG0538@2|Bacteria,2GM3D@201174|Actinobacteria,4FM0H@85023|Microbacteriaceae","Belongs to the isocitrate and isopropylmalate dehydrogenases family"
"ko:K00031",3239.46500818665,0.109228704343321,0.0280196680125068,3.8982868852895,9.68756057189779e-05,0.00752570494953744,"k87_3308507_2","COG0538@1|root,COG0538@2|Bacteria,1MW3J@1224|Proteobacteria,1RNMD@1236|Gammaproteobacteria,1X3IR@135614|Xanthomonadales","Isocitrate/isopropylmalate dehydrogenase"
"ko:K00031",3239.46500818665,0.109228704343321,0.0280196680125068,3.8982868852895,9.68756057189779e-05,0.00752570494953744,"k87_3604451_1","COG2838@1|root,COG2838@2|Bacteria,2GJ1C@201174|Actinobacteria,4DPVX@85009|Propionibacteriales","Isocitrate dehydrogenase"
"ko:K00031",3239.46500818665,0.109228704343321,0.0280196680125068,3.8982868852895,9.68756057189779e-05,0.00752570494953744,"k87_3724323_1","COG2838@1|root,COG2838@2|Bacteria,2GJ1C@201174|Actinobacteria,4DPVX@85009|Propionibacteriales","Isocitrate dehydrogenase"
"ko:K00031",3239.46500818665,0.109228704343321,0.0280196680125068,3.8982868852895,9.68756057189779e-05,0.00752570494953744,"k87_3983822_1","COG2838@1|root,COG2838@2|Bacteria,2GJ1C@201174|Actinobacteria,4DPVX@85009|Propionibacteriales","Isocitrate dehydrogenase"
"ko:K00031",3239.46500818665,0.109228704343321,0.0280196680125068,3.8982868852895,9.68756057189779e-05,0.00752570494953744,"k87_4103938_2","COG0538@1|root,COG0538@2|Bacteria,1MUIB@1224|Proteobacteria,2TQWD@28211|Alphaproteobacteria","Belongs to the isocitrate and isopropylmalate dehydrogenases family"
"ko:K00031",3239.46500818665,0.109228704343321,0.0280196680125068,3.8982868852895,9.68756057189779e-05,0.00752570494953744,"k87_4196678_1","COG2838@1|root,COG2838@2|Bacteria,2GJ1C@201174|Actinobacteria,4FM5H@85023|Microbacteriaceae","Monomeric isocitrate dehydrogenase"
"ko:K00031",3239.46500818665,0.109228704343321,0.0280196680125068,3.8982868852895,9.68756057189779e-05,0.00752570494953744,"k87_4273850_7","COG2838@1|root,COG2838@2|Bacteria","Isocitrate dehydrogenase"
"ko:K00031",3239.46500818665,0.109228704343321,0.0280196680125068,3.8982868852895,9.68756057189779e-05,0.00752570494953744,"k87_4618041_3","COG0538@1|root,COG0538@2|Bacteria,1MW3J@1224|Proteobacteria,2VHVD@28216|Betaproteobacteria,2KPCS@206351|Neisseriales","Isocitrate/isopropylmalate dehydrogenase"
"ko:K00031",3239.46500818665,0.109228704343321,0.0280196680125068,3.8982868852895,9.68756057189779e-05,0.00752570494953744,"k87_5009472_3","COG0538@1|root,COG0538@2|Bacteria,1MUIB@1224|Proteobacteria,2TQWD@28211|Alphaproteobacteria,43HA6@69277|Phyllobacteriaceae","Belongs to the isocitrate and isopropylmalate dehydrogenases family"
"ko:K00031",3239.46500818665,0.109228704343321,0.0280196680125068,3.8982868852895,9.68756057189779e-05,0.00752570494953744,"k87_5078541_1","COG2838@1|root,COG2838@2|Bacteria,2GJ1C@201174|Actinobacteria","Isocitrate dehydrogenase"
"ko:K00031",3239.46500818665,0.109228704343321,0.0280196680125068,3.8982868852895,9.68756057189779e-05,0.00752570494953744,"k87_5156237_1","COG2838@1|root,COG2838@2|Bacteria,2GJ1C@201174|Actinobacteria,233H0@1762|Mycobacteriaceae","Isocitrate dehydrogenase"
"ko:K00031",3239.46500818665,0.109228704343321,0.0280196680125068,3.8982868852895,9.68756057189779e-05,0.00752570494953744,"k87_5235730_1","COG2838@1|root,COG2838@2|Bacteria,2GJ1C@201174|Actinobacteria,4DPVX@85009|Propionibacteriales","Isocitrate dehydrogenase"
"ko:K00031",3239.46500818665,0.109228704343321,0.0280196680125068,3.8982868852895,9.68756057189779e-05,0.00752570494953744,"k87_5472478_8","COG0538@1|root,COG0538@2|Bacteria,1MUIB@1224|Proteobacteria,2TQWD@28211|Alphaproteobacteria,4B99K@82115|Rhizobiaceae","Belongs to the isocitrate and isopropylmalate dehydrogenases family"
"ko:K00031",3239.46500818665,0.109228704343321,0.0280196680125068,3.8982868852895,9.68756057189779e-05,0.00752570494953744,"k87_5480121_3","COG0538@1|root,COG0538@2|Bacteria,1MUIB@1224|Proteobacteria,2TQWD@28211|Alphaproteobacteria,4B99K@82115|Rhizobiaceae","Belongs to the isocitrate and isopropylmalate dehydrogenases family"
"ko:K00031",3239.46500818665,0.109228704343321,0.0280196680125068,3.8982868852895,9.68756057189779e-05,0.00752570494953744,"k87_5579539_1","COG2838@1|root,COG2838@2|Bacteria","Isocitrate dehydrogenase"
"ko:K00031",3239.46500818665,0.109228704343321,0.0280196680125068,3.8982868852895,9.68756057189779e-05,0.00752570494953744,"k87_5644525_1","COG0538@1|root,COG0538@2|Bacteria,1MUIB@1224|Proteobacteria,2TQWD@28211|Alphaproteobacteria,4B99K@82115|Rhizobiaceae","Belongs to the isocitrate and isopropylmalate dehydrogenases family"
"ko:K00031",3239.46500818665,0.109228704343321,0.0280196680125068,3.8982868852895,9.68756057189779e-05,0.00752570494953744,"k87_5645055_2","COG0538@1|root,COG0538@2|Bacteria,1MUIB@1224|Proteobacteria,2TQWD@28211|Alphaproteobacteria,1JRPB@119045|Methylobacteriaceae","Belongs to the isocitrate and isopropylmalate dehydrogenases family"
"ko:K00031",3239.46500818665,0.109228704343321,0.0280196680125068,3.8982868852895,9.68756057189779e-05,0.00752570494953744,"k87_5879110_3","COG0538@1|root,COG0538@2|Bacteria,1MW3J@1224|Proteobacteria,2VHVD@28216|Betaproteobacteria,3T256@506|Alcaligenaceae","Converts isocitrate to alpha ketoglutarate"
"ko:K00031",3239.46500818665,0.109228704343321,0.0280196680125068,3.8982868852895,9.68756057189779e-05,0.00752570494953744,"k87_6006118_2","COG0538@1|root,COG0538@2|Bacteria,1MW3J@1224|Proteobacteria,2VHVD@28216|Betaproteobacteria,1K0EF@119060|Burkholderiaceae","Isocitrate dehydrogenase"
"ko:K00031",3239.46500818665,0.109228704343321,0.0280196680125068,3.8982868852895,9.68756057189779e-05,0.00752570494953744,"k87_6051067_1","COG0538@1|root,COG0538@2|Bacteria,1ZUHH@142182|Gemmatimonadetes","Isocitrate/isopropylmalate dehydrogenase"
"ko:K00031",3239.46500818665,0.109228704343321,0.0280196680125068,3.8982868852895,9.68756057189779e-05,0.00752570494953744,"k87_6147752_2","COG2838@1|root,COG2838@2|Bacteria,2GJ1C@201174|Actinobacteria,4DPVX@85009|Propionibacteriales","Isocitrate dehydrogenase"
"ko:K00031",3239.46500818665,0.109228704343321,0.0280196680125068,3.8982868852895,9.68756057189779e-05,0.00752570494953744,"k87_6421090_1","COG0538@1|root,COG0538@2|Bacteria,1MUIB@1224|Proteobacteria,2TQWD@28211|Alphaproteobacteria,2K05F@204457|Sphingomonadales","Belongs to the isocitrate and isopropylmalate dehydrogenases family"
"ko:K00031",3239.46500818665,0.109228704343321,0.0280196680125068,3.8982868852895,9.68756057189779e-05,0.00752570494953744,"k87_6699413_2","COG0538@1|root,COG0538@2|Bacteria,1MUIB@1224|Proteobacteria,2TQWD@28211|Alphaproteobacteria,1FBJ0@1060|Rhodobacter","Belongs to the isocitrate and isopropylmalate dehydrogenases family"
"ko:K00031",3239.46500818665,0.109228704343321,0.0280196680125068,3.8982868852895,9.68756057189779e-05,0.00752570494953744,"k87_6735424_1","COG0538@1|root,COG0538@2|Bacteria,1MUIB@1224|Proteobacteria,2TQWD@28211|Alphaproteobacteria,2K05F@204457|Sphingomonadales","Belongs to the isocitrate and isopropylmalate dehydrogenases family"
"ko:K00031",3239.46500818665,0.109228704343321,0.0280196680125068,3.8982868852895,9.68756057189779e-05,0.00752570494953744,"k87_6970595_3","COG0538@1|root,COG0538@2|Bacteria,1MW3J@1224|Proteobacteria,2VHVD@28216|Betaproteobacteria,2KPCS@206351|Neisseriales","Isocitrate/isopropylmalate dehydrogenase"
"ko:K00208",1544.82863429668,0.142849927185658,0.0434062978700754,3.29099541299835,0.000998335411464513,0.0409317518700451,"k87_5050_6","COG0623@1|root,COG0623@2|Bacteria,1MV05@1224|Proteobacteria,2TSU4@28211|Alphaproteobacteria,43HWA@69277|Phyllobacteriaceae","Enoyl- acyl-carrier-protein reductase NADH"
"ko:K00208",1544.82863429668,0.142849927185658,0.0434062978700754,3.29099541299835,0.000998335411464513,0.0409317518700451,"k87_33996_1","COG0623@1|root,COG0623@2|Bacteria,1MV05@1224|Proteobacteria,2TSU4@28211|Alphaproteobacteria,3EZ1A@335928|Xanthobacteraceae","Enoyl- acyl-carrier-protein reductase NADH"
"ko:K00208",1544.82863429668,0.142849927185658,0.0434062978700754,3.29099541299835,0.000998335411464513,0.0409317518700451,"k87_33996_2","COG0623@1|root,COG0623@2|Bacteria,1MV05@1224|Proteobacteria,2TSU4@28211|Alphaproteobacteria,4BAM0@82115|Rhizobiaceae","Enoyl-(Acyl carrier protein) reductase"
"ko:K00208",1544.82863429668,0.142849927185658,0.0434062978700754,3.29099541299835,0.000998335411464513,0.0409317518700451,"k87_65339_2","COG0623@1|root,COG0623@2|Bacteria,1MV05@1224|Proteobacteria,2TSU4@28211|Alphaproteobacteria,2K0BH@204457|Sphingomonadales","Enoyl- acyl-carrier-protein reductase NADH"
"ko:K00208",1544.82863429668,0.142849927185658,0.0434062978700754,3.29099541299835,0.000998335411464513,0.0409317518700451,"k87_81904_1","COG0623@1|root,COG0623@2|Bacteria,1MV05@1224|Proteobacteria,2TSU4@28211|Alphaproteobacteria,4BAM0@82115|Rhizobiaceae","Enoyl-(Acyl carrier protein) reductase"
"ko:K00208",1544.82863429668,0.142849927185658,0.0434062978700754,3.29099541299835,0.000998335411464513,0.0409317518700451,"k87_158330_1","COG0623@1|root,COG0623@2|Bacteria,1MV05@1224|Proteobacteria,2TSU4@28211|Alphaproteobacteria,43HWA@69277|Phyllobacteriaceae","Enoyl- acyl-carrier-protein reductase NADH"
"ko:K00208",1544.82863429668,0.142849927185658,0.0434062978700754,3.29099541299835,0.000998335411464513,0.0409317518700451,"k87_169759_1","COG0623@1|root,COG0623@2|Bacteria,1MV05@1224|Proteobacteria,2TSU4@28211|Alphaproteobacteria,1JSPP@119045|Methylobacteriaceae","Enoyl- acyl-carrier-protein reductase NADH"
"ko:K00208",1544.82863429668,0.142849927185658,0.0434062978700754,3.29099541299835,0.000998335411464513,0.0409317518700451,"k87_232115_2","COG0623@1|root,COG0623@2|Bacteria,1MV05@1224|Proteobacteria,2TSU4@28211|Alphaproteobacteria,3JS6H@41294|Bradyrhizobiaceae","Enoyl- acyl-carrier-protein reductase NADH"
"ko:K00208",1544.82863429668,0.142849927185658,0.0434062978700754,3.29099541299835,0.000998335411464513,0.0409317518700451,"k87_237645_1","COG0623@1|root,COG0623@2|Bacteria,1MV05@1224|Proteobacteria,2TSU4@28211|Alphaproteobacteria,2JPNH@204441|Rhodospirillales","Enoyl- acyl-carrier-protein reductase NADH"
"ko:K00208",1544.82863429668,0.142849927185658,0.0434062978700754,3.29099541299835,0.000998335411464513,0.0409317518700451,"k87_294965_3","COG0623@1|root,COG0623@2|Bacteria,1MV05@1224|Proteobacteria,2TSU4@28211|Alphaproteobacteria,4BAM0@82115|Rhizobiaceae","Enoyl-(Acyl carrier protein) reductase"
"ko:K00208",1544.82863429668,0.142849927185658,0.0434062978700754,3.29099541299835,0.000998335411464513,0.0409317518700451,"k87_485065_1","COG0623@1|root,COG0623@2|Bacteria,1MV05@1224|Proteobacteria,2TSU4@28211|Alphaproteobacteria,3JUB3@41294|Bradyrhizobiaceae","Enoyl- acyl-carrier-protein reductase NADH"
"ko:K00208",1544.82863429668,0.142849927185658,0.0434062978700754,3.29099541299835,0.000998335411464513,0.0409317518700451,"k87_559567_1","COG0623@1|root,COG0623@2|Bacteria,2GJ65@201174|Actinobacteria,4CP6Q@84995|Rubrobacteria","Enoyl- acyl-carrier-protein reductase NADH"
"ko:K00208",1544.82863429668,0.142849927185658,0.0434062978700754,3.29099541299835,0.000998335411464513,0.0409317518700451,"k87_563832_1","COG0623@1|root,COG0623@2|Bacteria,3J11E@40117|Nitrospirae","Enoyl-(Acyl carrier protein) reductase"
"ko:K00208",1544.82863429668,0.142849927185658,0.0434062978700754,3.29099541299835,0.000998335411464513,0.0409317518700451,"k87_746133_1","COG0623@1|root,COG0623@2|Bacteria,1MV05@1224|Proteobacteria,2TSU4@28211|Alphaproteobacteria,3JUB3@41294|Bradyrhizobiaceae","Enoyl- acyl-carrier-protein reductase NADH"
"ko:K00208",1544.82863429668,0.142849927185658,0.0434062978700754,3.29099541299835,0.000998335411464513,0.0409317518700451,"k87_790803_1","COG0623@1|root,COG0623@2|Bacteria,1MV05@1224|Proteobacteria,2TSU4@28211|Alphaproteobacteria,1JSPP@119045|Methylobacteriaceae","Enoyl- acyl-carrier-protein reductase NADH"
"ko:K00208",1544.82863429668,0.142849927185658,0.0434062978700754,3.29099541299835,0.000998335411464513,0.0409317518700451,"k87_940069_1","COG0623@1|root,COG0623@2|Bacteria,1MV05@1224|Proteobacteria,2TSU4@28211|Alphaproteobacteria,2K0BH@204457|Sphingomonadales","Enoyl- acyl-carrier-protein reductase NADH"
"ko:K00208",1544.82863429668,0.142849927185658,0.0434062978700754,3.29099541299835,0.000998335411464513,0.0409317518700451,"k87_950242_3","COG0623@1|root,COG0623@2|Bacteria,1MV05@1224|Proteobacteria,2TSU4@28211|Alphaproteobacteria,4BAM0@82115|Rhizobiaceae","Enoyl-(Acyl carrier protein) reductase"
"ko:K00208",1544.82863429668,0.142849927185658,0.0434062978700754,3.29099541299835,0.000998335411464513,0.0409317518700451,"k87_976862_3","COG0623@1|root,COG0623@2|Bacteria,2GJ65@201174|Actinobacteria,4CP6Q@84995|Rubrobacteria","Enoyl- acyl-carrier-protein reductase NADH"
"ko:K00208",1544.82863429668,0.142849927185658,0.0434062978700754,3.29099541299835,0.000998335411464513,0.0409317518700451,"k87_1126166_1","COG0623@1|root,COG0623@2|Bacteria,1MV05@1224|Proteobacteria,2TSU4@28211|Alphaproteobacteria,2JPYY@204441|Rhodospirillales","Enoyl- acyl-carrier-protein reductase NADH"
"ko:K00208",1544.82863429668,0.142849927185658,0.0434062978700754,3.29099541299835,0.000998335411464513,0.0409317518700451,"k87_1160731_1","COG0623@1|root,COG0623@2|Bacteria,1MV05@1224|Proteobacteria,2TSU4@28211|Alphaproteobacteria,4B9KM@82115|Rhizobiaceae","Enoyl- acyl-carrier-protein reductase NADH"
"ko:K00208",1544.82863429668,0.142849927185658,0.0434062978700754,3.29099541299835,0.000998335411464513,0.0409317518700451,"k87_1315435_1","COG0623@1|root,COG0623@2|Bacteria,1MV05@1224|Proteobacteria,2TSU4@28211|Alphaproteobacteria,3JUB3@41294|Bradyrhizobiaceae","Enoyl- acyl-carrier-protein reductase NADH"
"ko:K00208",1544.82863429668,0.142849927185658,0.0434062978700754,3.29099541299835,0.000998335411464513,0.0409317518700451,"k87_1409436_1","COG0623@1|root,COG0623@2|Bacteria,1MV05@1224|Proteobacteria,2TSU4@28211|Alphaproteobacteria,3JUB3@41294|Bradyrhizobiaceae","Enoyl- acyl-carrier-protein reductase NADH"
"ko:K00208",1544.82863429668,0.142849927185658,0.0434062978700754,3.29099541299835,0.000998335411464513,0.0409317518700451,"k87_1574693_2","COG0623@1|root,COG0623@2|Bacteria,1MV05@1224|Proteobacteria,2TSU4@28211|Alphaproteobacteria","Enoyl- acyl-carrier-protein reductase NADH"
"ko:K00208",1544.82863429668,0.142849927185658,0.0434062978700754,3.29099541299835,0.000998335411464513,0.0409317518700451,"k87_1577018_3","COG0623@1|root,COG0623@2|Bacteria,1MV05@1224|Proteobacteria,2TSU4@28211|Alphaproteobacteria,3NAVF@45404|Beijerinckiaceae","Enoyl-(Acyl carrier protein) reductase"
"ko:K00208",1544.82863429668,0.142849927185658,0.0434062978700754,3.29099541299835,0.000998335411464513,0.0409317518700451,"k87_1720860_5","COG0623@1|root,COG0623@2|Bacteria,3J11E@40117|Nitrospirae","Enoyl-(Acyl carrier protein) reductase"
"ko:K00208",1544.82863429668,0.142849927185658,0.0434062978700754,3.29099541299835,0.000998335411464513,0.0409317518700451,"k87_2238997_1","COG0623@1|root,COG0623@2|Bacteria,1MV05@1224|Proteobacteria,2VIHE@28216|Betaproteobacteria,4ABQ3@80864|Comamonadaceae","Enoyl- acyl-carrier-protein reductase NADH"
"ko:K00208",1544.82863429668,0.142849927185658,0.0434062978700754,3.29099541299835,0.000998335411464513,0.0409317518700451,"k87_2274364_2","COG0623@1|root,COG0623@2|Bacteria,1MV05@1224|Proteobacteria,2TSU4@28211|Alphaproteobacteria,43GPU@69277|Phyllobacteriaceae","Enoyl- acyl-carrier-protein reductase NADH"
"ko:K00208",1544.82863429668,0.142849927185658,0.0434062978700754,3.29099541299835,0.000998335411464513,0.0409317518700451,"k87_2332335_2","COG0623@1|root,COG0623@2|Bacteria,2GJ65@201174|Actinobacteria,4DNM7@85009|Propionibacteriales","Enoyl- acyl-carrier-protein reductase NADH"
"ko:K00208",1544.82863429668,0.142849927185658,0.0434062978700754,3.29099541299835,0.000998335411464513,0.0409317518700451,"k87_2401000_2","COG0623@1|root,COG0623@2|Bacteria,1MV05@1224|Proteobacteria,2VIHE@28216|Betaproteobacteria,4ABQ3@80864|Comamonadaceae","Enoyl- acyl-carrier-protein reductase NADH"
"ko:K00208",1544.82863429668,0.142849927185658,0.0434062978700754,3.29099541299835,0.000998335411464513,0.0409317518700451,"k87_2516537_1","COG0623@1|root,COG0623@2|Bacteria,1MV05@1224|Proteobacteria,2TSU4@28211|Alphaproteobacteria,43HWA@69277|Phyllobacteriaceae","Enoyl- acyl-carrier-protein reductase NADH"
"ko:K00208",1544.82863429668,0.142849927185658,0.0434062978700754,3.29099541299835,0.000998335411464513,0.0409317518700451,"k87_2536247_1","COG0623@1|root,COG0623@2|Bacteria,1MV05@1224|Proteobacteria,2TSU4@28211|Alphaproteobacteria,2JPNH@204441|Rhodospirillales","Enoyl- acyl-carrier-protein reductase NADH"
"ko:K00208",1544.82863429668,0.142849927185658,0.0434062978700754,3.29099541299835,0.000998335411464513,0.0409317518700451,"k87_2605533_2","COG0623@1|root,COG0623@2|Bacteria,1MV05@1224|Proteobacteria,2TSU4@28211|Alphaproteobacteria,1JSPP@119045|Methylobacteriaceae","Enoyl- acyl-carrier-protein reductase NADH"
"ko:K00208",1544.82863429668,0.142849927185658,0.0434062978700754,3.29099541299835,0.000998335411464513,0.0409317518700451,"k87_2766992_3","COG0623@1|root,COG0623@2|Bacteria,2GJ65@201174|Actinobacteria,4CP6Q@84995|Rubrobacteria","Enoyl- acyl-carrier-protein reductase NADH"
"ko:K00208",1544.82863429668,0.142849927185658,0.0434062978700754,3.29099541299835,0.000998335411464513,0.0409317518700451,"k87_2799432_1","COG0623@1|root,COG0623@2|Bacteria,1MV05@1224|Proteobacteria,2TSU4@28211|Alphaproteobacteria,4B7U2@82115|Rhizobiaceae","Enoyl- acyl-carrier-protein reductase NADH"
"ko:K00208",1544.82863429668,0.142849927185658,0.0434062978700754,3.29099541299835,0.000998335411464513,0.0409317518700451,"k87_3019361_3","COG0623@1|root,COG0623@2|Bacteria,2GJ65@201174|Actinobacteria,4ERER@85013|Frankiales","Enoyl- acyl-carrier-protein reductase NADH"
"ko:K00208",1544.82863429668,0.142849927185658,0.0434062978700754,3.29099541299835,0.000998335411464513,0.0409317518700451,"k87_3132059_1","COG0623@1|root,COG0623@2|Bacteria,2GJ65@201174|Actinobacteria,4EGGP@85012|Streptosporangiales","Enoyl-(Acyl carrier protein) reductase"
"ko:K00208",1544.82863429668,0.142849927185658,0.0434062978700754,3.29099541299835,0.000998335411464513,0.0409317518700451,"k87_3245419_1","COG0623@1|root,COG0623@2|Bacteria,1MV05@1224|Proteobacteria,2TSU4@28211|Alphaproteobacteria,3ZGM5@58840|unclassified Rhodobacteraceae","Enoyl- acyl-carrier-protein reductase NADH"
"ko:K00208",1544.82863429668,0.142849927185658,0.0434062978700754,3.29099541299835,0.000998335411464513,0.0409317518700451,"k87_3286751_1","COG0623@1|root,COG0623@2|Bacteria,2GJ65@201174|Actinobacteria,4DNM7@85009|Propionibacteriales","Enoyl- acyl-carrier-protein reductase NADH"
"ko:K00208",1544.82863429668,0.142849927185658,0.0434062978700754,3.29099541299835,0.000998335411464513,0.0409317518700451,"k87_3402362_2","COG0623@1|root,COG0623@2|Bacteria,1MV05@1224|Proteobacteria,2TSU4@28211|Alphaproteobacteria,3JS6H@41294|Bradyrhizobiaceae","Enoyl- acyl-carrier-protein reductase NADH"
"ko:K00208",1544.82863429668,0.142849927185658,0.0434062978700754,3.29099541299835,0.000998335411464513,0.0409317518700451,"k87_3475622_2","COG0623@1|root,COG0623@2|Bacteria,2GJ65@201174|Actinobacteria,4CP6Q@84995|Rubrobacteria","Enoyl- acyl-carrier-protein reductase NADH"
"ko:K00208",1544.82863429668,0.142849927185658,0.0434062978700754,3.29099541299835,0.000998335411464513,0.0409317518700451,"k87_3522535_1","COG0623@1|root,COG0623@2|Bacteria,2GJ65@201174|Actinobacteria,4CP6Q@84995|Rubrobacteria","Enoyl- acyl-carrier-protein reductase NADH"
"ko:K00208",1544.82863429668,0.142849927185658,0.0434062978700754,3.29099541299835,0.000998335411464513,0.0409317518700451,"k87_3586382_2","COG0623@1|root,COG0623@2|Bacteria,2GJ65@201174|Actinobacteria,4CP6Q@84995|Rubrobacteria","Enoyl- acyl-carrier-protein reductase NADH"
"ko:K00208",1544.82863429668,0.142849927185658,0.0434062978700754,3.29099541299835,0.000998335411464513,0.0409317518700451,"k87_3671611_2","COG0623@1|root,COG0623@2|Bacteria,2GJ65@201174|Actinobacteria,4DNM7@85009|Propionibacteriales","Enoyl- acyl-carrier-protein reductase NADH"
"ko:K00208",1544.82863429668,0.142849927185658,0.0434062978700754,3.29099541299835,0.000998335411464513,0.0409317518700451,"k87_3702942_1","COG0623@1|root,COG0623@2|Bacteria,1MV05@1224|Proteobacteria,2VIHE@28216|Betaproteobacteria,3T1RP@506|Alcaligenaceae","Enoyl- acyl-carrier-protein reductase NADH"
"ko:K00208",1544.82863429668,0.142849927185658,0.0434062978700754,3.29099541299835,0.000998335411464513,0.0409317518700451,"k87_3733769_1","COG0623@1|root,COG0623@2|Bacteria,1MV05@1224|Proteobacteria,2VJQ0@28216|Betaproteobacteria,3T2UI@506|Alcaligenaceae","Enoyl- acyl-carrier-protein reductase NADH"
"ko:K00208",1544.82863429668,0.142849927185658,0.0434062978700754,3.29099541299835,0.000998335411464513,0.0409317518700451,"k87_3808011_2","COG0623@1|root,COG0623@2|Bacteria","enoyl-[acyl-carrier-protein] reductase (NADH) activity"
"ko:K00208",1544.82863429668,0.142849927185658,0.0434062978700754,3.29099541299835,0.000998335411464513,0.0409317518700451,"k87_3861327_3","COG0623@1|root,COG0623@2|Bacteria,1MV05@1224|Proteobacteria,2TSU4@28211|Alphaproteobacteria,4BAM0@82115|Rhizobiaceae","Enoyl-(Acyl carrier protein) reductase"
"ko:K00208",1544.82863429668,0.142849927185658,0.0434062978700754,3.29099541299835,0.000998335411464513,0.0409317518700451,"k87_3885922_2","COG0623@1|root,COG0623@2|Bacteria,46TU1@74201|Verrucomicrobia,3K780@414999|Opitutae","Enoyl- acyl-carrier-protein reductase NADH"
"ko:K00208",1544.82863429668,0.142849927185658,0.0434062978700754,3.29099541299835,0.000998335411464513,0.0409317518700451,"k87_3922132_2","COG0623@1|root,COG0623@2|Bacteria,1MV05@1224|Proteobacteria,2TSU4@28211|Alphaproteobacteria,2K0BH@204457|Sphingomonadales","Enoyl- acyl-carrier-protein reductase NADH"
"ko:K00208",1544.82863429668,0.142849927185658,0.0434062978700754,3.29099541299835,0.000998335411464513,0.0409317518700451,"k87_4020363_2","COG0623@1|root,COG0623@2|Bacteria,1MV05@1224|Proteobacteria,1RNMW@1236|Gammaproteobacteria,1X4CF@135614|Xanthomonadales","Catalyzes a key regulatory step in fatty acid biosynthesis"
"ko:K00208",1544.82863429668,0.142849927185658,0.0434062978700754,3.29099541299835,0.000998335411464513,0.0409317518700451,"k87_4097505_2","COG0623@1|root,COG0623@2|Bacteria,2GJ65@201174|Actinobacteria,4CP6Q@84995|Rubrobacteria","Enoyl- acyl-carrier-protein reductase NADH"
"ko:K00208",1544.82863429668,0.142849927185658,0.0434062978700754,3.29099541299835,0.000998335411464513,0.0409317518700451,"k87_4335275_3","COG0623@1|root,COG0623@2|Bacteria,1MV05@1224|Proteobacteria,2VJQ0@28216|Betaproteobacteria,2KQMC@206351|Neisseriales","Enoyl- acyl-carrier-protein reductase NADH"
"ko:K00208",1544.82863429668,0.142849927185658,0.0434062978700754,3.29099541299835,0.000998335411464513,0.0409317518700451,"k87_4430976_1","COG0623@1|root,COG0623@2|Bacteria,1MV05@1224|Proteobacteria,2TSU4@28211|Alphaproteobacteria","Enoyl- acyl-carrier-protein reductase NADH"
"ko:K00208",1544.82863429668,0.142849927185658,0.0434062978700754,3.29099541299835,0.000998335411464513,0.0409317518700451,"k87_4580108_3","COG0623@1|root,COG0623@2|Bacteria,1MV05@1224|Proteobacteria,2TSU4@28211|Alphaproteobacteria","Enoyl- acyl-carrier-protein reductase NADH"
"ko:K00208",1544.82863429668,0.142849927185658,0.0434062978700754,3.29099541299835,0.000998335411464513,0.0409317518700451,"k87_4629554_1","COG0623@1|root,COG0623@2|Bacteria,1MV05@1224|Proteobacteria,2TSU4@28211|Alphaproteobacteria,3JUUR@41294|Bradyrhizobiaceae","Enoyl- acyl-carrier-protein reductase NADH"
"ko:K00208",1544.82863429668,0.142849927185658,0.0434062978700754,3.29099541299835,0.000998335411464513,0.0409317518700451,"k87_4652552_2","COG0623@1|root,COG0623@2|Bacteria,1MV05@1224|Proteobacteria,2TSU4@28211|Alphaproteobacteria,1JRTE@119045|Methylobacteriaceae","Enoyl- acyl-carrier-protein reductase NADH"
"ko:K00208",1544.82863429668,0.142849927185658,0.0434062978700754,3.29099541299835,0.000998335411464513,0.0409317518700451,"k87_5046883_2","COG0623@1|root,COG0623@2|Bacteria,1MV05@1224|Proteobacteria,1RNMW@1236|Gammaproteobacteria,1X4CF@135614|Xanthomonadales","Catalyzes a key regulatory step in fatty acid biosynthesis"
"ko:K00208",1544.82863429668,0.142849927185658,0.0434062978700754,3.29099541299835,0.000998335411464513,0.0409317518700451,"k87_5436542_1","COG0623@1|root,COG0623@2|Bacteria,1MV05@1224|Proteobacteria,2TSU4@28211|Alphaproteobacteria,4B9KM@82115|Rhizobiaceae","Enoyl- acyl-carrier-protein reductase NADH"
"ko:K00208",1544.82863429668,0.142849927185658,0.0434062978700754,3.29099541299835,0.000998335411464513,0.0409317518700451,"k87_5652173_1","COG0623@1|root,COG0623@2|Bacteria,1MV05@1224|Proteobacteria,2TSU4@28211|Alphaproteobacteria,1JSPP@119045|Methylobacteriaceae","Enoyl- acyl-carrier-protein reductase NADH"
"ko:K00208",1544.82863429668,0.142849927185658,0.0434062978700754,3.29099541299835,0.000998335411464513,0.0409317518700451,"k87_5725502_1","COG0623@1|root,COG0623@2|Bacteria,1MV05@1224|Proteobacteria,2VIHE@28216|Betaproteobacteria,4ABQ3@80864|Comamonadaceae","Enoyl- acyl-carrier-protein reductase NADH"
"ko:K00208",1544.82863429668,0.142849927185658,0.0434062978700754,3.29099541299835,0.000998335411464513,0.0409317518700451,"k87_6032161_1","COG0623@1|root,COG0623@2|Bacteria,2GJ65@201174|Actinobacteria,4DNM7@85009|Propionibacteriales","Enoyl- acyl-carrier-protein reductase NADH"
"ko:K00208",1544.82863429668,0.142849927185658,0.0434062978700754,3.29099541299835,0.000998335411464513,0.0409317518700451,"k87_6114641_2","COG0623@1|root,COG0623@2|Bacteria,2GJ65@201174|Actinobacteria,4DNM7@85009|Propionibacteriales","Enoyl- acyl-carrier-protein reductase NADH"
"ko:K00208",1544.82863429668,0.142849927185658,0.0434062978700754,3.29099541299835,0.000998335411464513,0.0409317518700451,"k87_6220580_1","COG0623@1|root,COG0623@2|Bacteria,1MV05@1224|Proteobacteria,2TSU4@28211|Alphaproteobacteria,1JRTE@119045|Methylobacteriaceae","Enoyl- acyl-carrier-protein reductase NADH"
"ko:K00208",1544.82863429668,0.142849927185658,0.0434062978700754,3.29099541299835,0.000998335411464513,0.0409317518700451,"k87_6404133_2","COG0623@1|root,COG0623@2|Bacteria,1MV05@1224|Proteobacteria,2TSU4@28211|Alphaproteobacteria,3EZ1A@335928|Xanthobacteraceae","Enoyl- acyl-carrier-protein reductase NADH"
"ko:K00208",1544.82863429668,0.142849927185658,0.0434062978700754,3.29099541299835,0.000998335411464513,0.0409317518700451,"k87_6404764_1","COG0623@1|root,COG0623@2|Bacteria,1MV05@1224|Proteobacteria,2TSU4@28211|Alphaproteobacteria,4BAM0@82115|Rhizobiaceae","Enoyl-(Acyl carrier protein) reductase"
"ko:K00208",1544.82863429668,0.142849927185658,0.0434062978700754,3.29099541299835,0.000998335411464513,0.0409317518700451,"k87_6614318_2","COG0623@1|root,COG0623@2|Bacteria,1MV05@1224|Proteobacteria,2TSU4@28211|Alphaproteobacteria,43GPU@69277|Phyllobacteriaceae","Enoyl- acyl-carrier-protein reductase NADH"
"ko:K00208",1544.82863429668,0.142849927185658,0.0434062978700754,3.29099541299835,0.000998335411464513,0.0409317518700451,"k87_7031949_3","COG0623@1|root,COG0623@2|Bacteria,1MV05@1224|Proteobacteria,2VIHE@28216|Betaproteobacteria,1KK4T@119065|unclassified Burkholderiales","Enoyl- acyl-carrier-protein reductase NADH"
"ko:K00331",1603.76106585669,0.131726996620644,0.0399810019148607,3.29473975917751,0.00098512865934137,0.0409317518700451,"k87_66975_1","COG0377@1|root,arCOG01554@2157|Archaea,41S6D@651137|Thaumarchaeota","Belongs to the complex I 20 kDa subunit family"
"ko:K00331",1603.76106585669,0.131726996620644,0.0399810019148607,3.29473975917751,0.00098512865934137,0.0409317518700451,"k87_111342_1","COG0377@1|root,COG0377@2|Bacteria,1MUI2@1224|Proteobacteria,42MDJ@68525|delta/epsilon subdivisions,2WN9U@28221|Deltaproteobacteria,43TJ5@69541|Desulfuromonadales","NDH-1 shuttles electrons from NADH, via FMN and iron- sulfur (Fe-S) centers, to quinones in the respiratory chain. The immediate electron acceptor for the enzyme in this species is believed to be ubiquinone. Couples the redox reaction to proton translocation (for every two electrons transferred, four hydrogen ions are translocated across the cytoplasmic membrane), and thus conserves the redox energy in a proton gradient"
"ko:K00331",1603.76106585669,0.131726996620644,0.0399810019148607,3.29473975917751,0.00098512865934137,0.0409317518700451,"k87_120225_1","COG0377@1|root,arCOG01554@2157|Archaea,41S6D@651137|Thaumarchaeota","Belongs to the complex I 20 kDa subunit family"
"ko:K00331",1603.76106585669,0.131726996620644,0.0399810019148607,3.29473975917751,0.00098512865934137,0.0409317518700451,"k87_146922_2","COG0377@1|root,arCOG01554@2157|Archaea,41S6D@651137|Thaumarchaeota","Belongs to the complex I 20 kDa subunit family"
"ko:K00331",1603.76106585669,0.131726996620644,0.0399810019148607,3.29473975917751,0.00098512865934137,0.0409317518700451,"k87_327110_1","COG0377@1|root,COG0377@2|Bacteria,2GJXR@201174|Actinobacteria,4CMXA@84992|Acidimicrobiia","NDH-1 shuttles electrons from NADH, via FMN and iron- sulfur (Fe-S) centers, to quinones in the respiratory chain. The immediate electron acceptor for the enzyme in this species is believed to be a menaquinone. Couples the redox reaction to proton translocation (for every two electrons transferred, four hydrogen ions are translocated across the cytoplasmic membrane), and thus conserves the redox energy in a proton gradient"
"ko:K00331",1603.76106585669,0.131726996620644,0.0399810019148607,3.29473975917751,0.00098512865934137,0.0409317518700451,"k87_333397_1","COG0377@1|root,COG0377@2|Bacteria,4NFKT@976|Bacteroidetes,1INQ8@117747|Sphingobacteriia","NDH-1 shuttles electrons from NADH, via FMN and iron- sulfur (Fe-S) centers, to quinones in the respiratory chain. The immediate electron acceptor for the enzyme in this species is believed to be a menaquinone. Couples the redox reaction to proton translocation (for every two electrons transferred, four hydrogen ions are translocated across the cytoplasmic membrane), and thus conserves the redox energy in a proton gradient"
"ko:K00331",1603.76106585669,0.131726996620644,0.0399810019148607,3.29473975917751,0.00098512865934137,0.0409317518700451,"k87_367217_3","COG0377@1|root,COG0377@2|Bacteria,2GJXR@201174|Actinobacteria,4D8NQ@85008|Micromonosporales","NDH-1 shuttles electrons from NADH, via FMN and iron- sulfur (Fe-S) centers, to quinones in the respiratory chain. The immediate electron acceptor for the enzyme in this species is believed to be a menaquinone. Couples the redox reaction to proton translocation (for every two electrons transferred, four hydrogen ions are translocated across the cytoplasmic membrane), and thus conserves the redox energy in a proton gradient"
"ko:K00331",1603.76106585669,0.131726996620644,0.0399810019148607,3.29473975917751,0.00098512865934137,0.0409317518700451,"k87_401767_5","COG0377@1|root,COG0377@2|Bacteria,2GJXR@201174|Actinobacteria,4ERM4@85013|Frankiales","NDH-1 shuttles electrons from NADH, via FMN and iron- sulfur (Fe-S) centers, to quinones in the respiratory chain. The immediate electron acceptor for the enzyme in this species is believed to be a menaquinone. Couples the redox reaction to proton translocation (for every two electrons transferred, four hydrogen ions are translocated across the cytoplasmic membrane), and thus conserves the redox energy in a proton gradient"
"ko:K00331",1603.76106585669,0.131726996620644,0.0399810019148607,3.29473975917751,0.00098512865934137,0.0409317518700451,"k87_573692_2","COG0377@1|root,COG0377@2|Bacteria,4NFKT@976|Bacteroidetes,1INQ8@117747|Sphingobacteriia","NDH-1 shuttles electrons from NADH, via FMN and iron- sulfur (Fe-S) centers, to quinones in the respiratory chain. The immediate electron acceptor for the enzyme in this species is believed to be a menaquinone. Couples the redox reaction to proton translocation (for every two electrons transferred, four hydrogen ions are translocated across the cytoplasmic membrane), and thus conserves the redox energy in a proton gradient"
"ko:K00331",1603.76106585669,0.131726996620644,0.0399810019148607,3.29473975917751,0.00098512865934137,0.0409317518700451,"k87_642757_2","COG0377@1|root,arCOG01554@2157|Archaea,41S6D@651137|Thaumarchaeota","Belongs to the complex I 20 kDa subunit family"
"ko:K00331",1603.76106585669,0.131726996620644,0.0399810019148607,3.29473975917751,0.00098512865934137,0.0409317518700451,"k87_699408_2","COG0377@1|root,COG0377@2|Bacteria,1MUI2@1224|Proteobacteria,2TQK3@28211|Alphaproteobacteria,2JQ20@204441|Rhodospirillales","NDH-1 shuttles electrons from NADH, via FMN and iron- sulfur (Fe-S) centers, to quinones in the respiratory chain. The immediate electron acceptor for the enzyme in this species is believed to be ubiquinone. Couples the redox reaction to proton translocation (for every two electrons transferred, four hydrogen ions are translocated across the cytoplasmic membrane), and thus conserves the redox energy in a proton gradient"
"ko:K00331",1603.76106585669,0.131726996620644,0.0399810019148607,3.29473975917751,0.00098512865934137,0.0409317518700451,"k87_702221_1","COG0377@1|root,COG0377@2|Bacteria,1MUI2@1224|Proteobacteria,2TQK3@28211|Alphaproteobacteria,4B8RC@82115|Rhizobiaceae","NDH-1 shuttles electrons from NADH, via FMN and iron- sulfur (Fe-S) centers, to quinones in the respiratory chain. The immediate electron acceptor for the enzyme in this species is believed to be ubiquinone. Couples the redox reaction to proton translocation (for every two electrons transferred, four hydrogen ions are translocated across the cytoplasmic membrane), and thus conserves the redox energy in a proton gradient"
"ko:K00331",1603.76106585669,0.131726996620644,0.0399810019148607,3.29473975917751,0.00098512865934137,0.0409317518700451,"k87_702581_1","COG0377@1|root,COG0377@2|Bacteria,1MUI2@1224|Proteobacteria,2VIWK@28216|Betaproteobacteria,1KK8V@119065|unclassified Burkholderiales","NDH-1 shuttles electrons from NADH, via FMN and iron- sulfur (Fe-S) centers, to quinones in the respiratory chain. The immediate electron acceptor for the enzyme in this species is believed to be ubiquinone. Couples the redox reaction to proton translocation (for every two electrons transferred, four hydrogen ions are translocated across the cytoplasmic membrane), and thus conserves the redox energy in a proton gradient"
"ko:K00331",1603.76106585669,0.131726996620644,0.0399810019148607,3.29473975917751,0.00098512865934137,0.0409317518700451,"k87_710652_3","COG0377@1|root,COG0377@2|Bacteria,2GJXR@201174|Actinobacteria","NDH-1 shuttles electrons from NADH, via FMN and iron- sulfur (Fe-S) centers, to quinones in the respiratory chain. The immediate electron acceptor for the enzyme in this species is believed to be a menaquinone. Couples the redox reaction to proton translocation (for every two electrons transferred, four hydrogen ions are translocated across the cytoplasmic membrane), and thus conserves the redox energy in a proton gradient"
"ko:K00331",1603.76106585669,0.131726996620644,0.0399810019148607,3.29473975917751,0.00098512865934137,0.0409317518700451,"k87_766197_1","COG0377@1|root,COG0377@2|Bacteria,1MUI2@1224|Proteobacteria,2TQK3@28211|Alphaproteobacteria,4B8RC@82115|Rhizobiaceae","NDH-1 shuttles electrons from NADH, via FMN and iron- sulfur (Fe-S) centers, to quinones in the respiratory chain. The immediate electron acceptor for the enzyme in this species is believed to be ubiquinone. Couples the redox reaction to proton translocation (for every two electrons transferred, four hydrogen ions are translocated across the cytoplasmic membrane), and thus conserves the redox energy in a proton gradient"
"ko:K00331",1603.76106585669,0.131726996620644,0.0399810019148607,3.29473975917751,0.00098512865934137,0.0409317518700451,"k87_872821_1","COG0377@1|root,COG0377@2|Bacteria,2GJP5@201174|Actinobacteria","NDH-1 shuttles electrons from NADH, via FMN and iron- sulfur (Fe-S) centers, to quinones in the respiratory chain. The immediate electron acceptor for the enzyme in this species is believed to be a menaquinone. Couples the redox reaction to proton translocation (for every two electrons transferred, four hydrogen ions are translocated across the cytoplasmic membrane), and thus conserves the redox energy in a proton gradient"
"ko:K00331",1603.76106585669,0.131726996620644,0.0399810019148607,3.29473975917751,0.00098512865934137,0.0409317518700451,"k87_974782_1","COG0377@1|root,COG0377@2|Bacteria,2GJP5@201174|Actinobacteria","NDH-1 shuttles electrons from NADH, via FMN and iron- sulfur (Fe-S) centers, to quinones in the respiratory chain. The immediate electron acceptor for the enzyme in this species is believed to be a menaquinone. Couples the redox reaction to proton translocation (for every two electrons transferred, four hydrogen ions are translocated across the cytoplasmic membrane), and thus conserves the redox energy in a proton gradient"
"ko:K00331",1603.76106585669,0.131726996620644,0.0399810019148607,3.29473975917751,0.00098512865934137,0.0409317518700451,"k87_991127_1","COG0377@1|root,COG0377@2|Bacteria,2GJXR@201174|Actinobacteria,23482@1762|Mycobacteriaceae","NDH-1 shuttles electrons from NADH, via FMN and iron- sulfur (Fe-S) centers, to quinones in the respiratory chain. The immediate electron acceptor for the enzyme in this species is believed to be a menaquinone. Couples the redox reaction to proton translocation (for every two electrons transferred, four hydrogen ions are translocated across the cytoplasmic membrane), and thus conserves the redox energy in a proton gradient"
"ko:K00331",1603.76106585669,0.131726996620644,0.0399810019148607,3.29473975917751,0.00098512865934137,0.0409317518700451,"k87_1000063_7","COG0377@1|root,COG0377@2|Bacteria,3J11S@40117|Nitrospirae","NDH-1 shuttles electrons from NADH, via FMN and iron- sulfur (Fe-S) centers, to quinones in the respiratory chain. The immediate electron acceptor for the enzyme in this species is believed to be ubiquinone. Couples the redox reaction to proton translocation (for every two electrons transferred, four hydrogen ions are translocated across the cytoplasmic membrane), and thus conserves the redox energy in a proton gradient"
"ko:K00331",1603.76106585669,0.131726996620644,0.0399810019148607,3.29473975917751,0.00098512865934137,0.0409317518700451,"k87_1029869_4","COG0377@1|root,COG0377@2|Bacteria,1MUI2@1224|Proteobacteria,2TQK3@28211|Alphaproteobacteria","NDH-1 shuttles electrons from NADH, via FMN and iron- sulfur (Fe-S) centers, to quinones in the respiratory chain. The immediate electron acceptor for the enzyme in this species is believed to be ubiquinone. Couples the redox reaction to proton translocation (for every two electrons transferred, four hydrogen ions are translocated across the cytoplasmic membrane), and thus conserves the redox energy in a proton gradient"
"ko:K00331",1603.76106585669,0.131726996620644,0.0399810019148607,3.29473975917751,0.00098512865934137,0.0409317518700451,"k87_1073095_1","COG0377@1|root,COG0377@2|Bacteria,1MUI2@1224|Proteobacteria,2TQK3@28211|Alphaproteobacteria,2K0KE@204457|Sphingomonadales","NDH-1 shuttles electrons from NADH, via FMN and iron- sulfur (Fe-S) centers, to quinones in the respiratory chain. The immediate electron acceptor for the enzyme in this species is believed to be ubiquinone. Couples the redox reaction to proton translocation (for every two electrons transferred, four hydrogen ions are translocated across the cytoplasmic membrane), and thus conserves the redox energy in a proton gradient"
"ko:K00331",1603.76106585669,0.131726996620644,0.0399810019148607,3.29473975917751,0.00098512865934137,0.0409317518700451,"k87_1084400_3","COG0377@1|root,COG0377@2|Bacteria,2GJXR@201174|Actinobacteria","NDH-1 shuttles electrons from NADH, via FMN and iron- sulfur (Fe-S) centers, to quinones in the respiratory chain. The immediate electron acceptor for the enzyme in this species is believed to be a menaquinone. Couples the redox reaction to proton translocation (for every two electrons transferred, four hydrogen ions are translocated across the cytoplasmic membrane), and thus conserves the redox energy in a proton gradient"
"ko:K00331",1603.76106585669,0.131726996620644,0.0399810019148607,3.29473975917751,0.00098512865934137,0.0409317518700451,"k87_1131524_2","COG0377@1|root,COG0377@2|Bacteria,2GJP5@201174|Actinobacteria,4D9WR@85008|Micromonosporales","NDH-1 shuttles electrons from NADH, via FMN and iron- sulfur (Fe-S) centers, to quinones in the respiratory chain. The immediate electron acceptor for the enzyme in this species is believed to be a menaquinone. Couples the redox reaction to proton translocation (for every two electrons transferred, four hydrogen ions are translocated across the cytoplasmic membrane), and thus conserves the redox energy in a proton gradient"
"ko:K00331",1603.76106585669,0.131726996620644,0.0399810019148607,3.29473975917751,0.00098512865934137,0.0409317518700451,"k87_1138103_2","COG0377@1|root,COG0377@2|Bacteria,2GJXR@201174|Actinobacteria,4CPGB@84995|Rubrobacteria","NDH-1 shuttles electrons from NADH, via FMN and iron- sulfur (Fe-S) centers, to quinones in the respiratory chain. The immediate electron acceptor for the enzyme in this species is believed to be a menaquinone. Couples the redox reaction to proton translocation (for every two electrons transferred, four hydrogen ions are translocated across the cytoplasmic membrane), and thus conserves the redox energy in a proton gradient"
"ko:K00331",1603.76106585669,0.131726996620644,0.0399810019148607,3.29473975917751,0.00098512865934137,0.0409317518700451,"k87_1145531_1","COG0377@1|root,COG0377@2|Bacteria,1MUI2@1224|Proteobacteria,2TQK3@28211|Alphaproteobacteria,3N9KR@45404|Beijerinckiaceae","NDH-1 shuttles electrons from NADH, via FMN and iron- sulfur (Fe-S) centers, to quinones in the respiratory chain. The immediate electron acceptor for the enzyme in this species is believed to be ubiquinone. Couples the redox reaction to proton translocation (for every two electrons transferred, four hydrogen ions are translocated across the cytoplasmic membrane), and thus conserves the redox energy in a proton gradient"
"ko:K00331",1603.76106585669,0.131726996620644,0.0399810019148607,3.29473975917751,0.00098512865934137,0.0409317518700451,"k87_1157328_5","COG0377@1|root,COG0377@2|Bacteria,1MUI2@1224|Proteobacteria,2TQK3@28211|Alphaproteobacteria,36XMJ@31993|Methylocystaceae","NADH ubiquinone oxidoreductase, 20 Kd subunit"
"ko:K00331",1603.76106585669,0.131726996620644,0.0399810019148607,3.29473975917751,0.00098512865934137,0.0409317518700451,"k87_1186048_3","COG0377@1|root,COG0377@2|Bacteria,1MUI2@1224|Proteobacteria,2TQK3@28211|Alphaproteobacteria,43HYS@69277|Phyllobacteriaceae","NDH-1 shuttles electrons from NADH, via FMN and iron- sulfur (Fe-S) centers, to quinones in the respiratory chain. The immediate electron acceptor for the enzyme in this species is believed to be ubiquinone. Couples the redox reaction to proton translocation (for every two electrons transferred, four hydrogen ions are translocated across the cytoplasmic membrane), and thus conserves the redox energy in a proton gradient"
"ko:K00331",1603.76106585669,0.131726996620644,0.0399810019148607,3.29473975917751,0.00098512865934137,0.0409317518700451,"k87_1187745_1","COG0377@1|root,COG0377@2|Bacteria,2GJP5@201174|Actinobacteria,4D9WR@85008|Micromonosporales","NDH-1 shuttles electrons from NADH, via FMN and iron- sulfur (Fe-S) centers, to quinones in the respiratory chain. The immediate electron acceptor for the enzyme in this species is believed to be a menaquinone. Couples the redox reaction to proton translocation (for every two electrons transferred, four hydrogen ions are translocated across the cytoplasmic membrane), and thus conserves the redox energy in a proton gradient"
"ko:K00331",1603.76106585669,0.131726996620644,0.0399810019148607,3.29473975917751,0.00098512865934137,0.0409317518700451,"k87_1221838_1","COG0377@1|root,COG0377@2|Bacteria,2GJP5@201174|Actinobacteria,4D9WR@85008|Micromonosporales","NDH-1 shuttles electrons from NADH, via FMN and iron- sulfur (Fe-S) centers, to quinones in the respiratory chain. The immediate electron acceptor for the enzyme in this species is believed to be a menaquinone. Couples the redox reaction to proton translocation (for every two electrons transferred, four hydrogen ions are translocated across the cytoplasmic membrane), and thus conserves the redox energy in a proton gradient"
"ko:K00331",1603.76106585669,0.131726996620644,0.0399810019148607,3.29473975917751,0.00098512865934137,0.0409317518700451,"k87_1224383_3","COG0377@1|root,COG0377@2|Bacteria,1MUI2@1224|Proteobacteria,1RP4R@1236|Gammaproteobacteria,2NBQJ@225057|Acidithiobacillales","NDH-1 shuttles electrons from NADH, via FMN and iron- sulfur (Fe-S) centers, to quinones in the respiratory chain. The immediate electron acceptor for the enzyme in this species is believed to be ubiquinone. Couples the redox reaction to proton translocation (for every two electrons transferred, four hydrogen ions are translocated across the cytoplasmic membrane), and thus conserves the redox energy in a proton gradient"
"ko:K00331",1603.76106585669,0.131726996620644,0.0399810019148607,3.29473975917751,0.00098512865934137,0.0409317518700451,"k87_1425450_3","COG0377@1|root,COG0377@2|Bacteria,1ZT85@142182|Gemmatimonadetes","NDH-1 shuttles electrons from NADH, via FMN and iron- sulfur (Fe-S) centers, to quinones in the respiratory chain. The immediate electron acceptor for the enzyme in this species is believed to be ubiquinone. Couples the redox reaction to proton translocation (for every two electrons transferred, four hydrogen ions are translocated across the cytoplasmic membrane), and thus conserves the redox energy in a proton gradient"
"ko:K00331",1603.76106585669,0.131726996620644,0.0399810019148607,3.29473975917751,0.00098512865934137,0.0409317518700451,"k87_1539403_3","COG0377@1|root,COG0377@2|Bacteria,2GJXR@201174|Actinobacteria,4DNIV@85009|Propionibacteriales","NDH-1 shuttles electrons from NADH, via FMN and iron- sulfur (Fe-S) centers, to quinones in the respiratory chain. The immediate electron acceptor for the enzyme in this species is believed to be a menaquinone. Couples the redox reaction to proton translocation (for every two electrons transferred, four hydrogen ions are translocated across the cytoplasmic membrane), and thus conserves the redox energy in a proton gradient"
"ko:K00331",1603.76106585669,0.131726996620644,0.0399810019148607,3.29473975917751,0.00098512865934137,0.0409317518700451,"k87_1542451_1","COG0377@1|root,COG0377@2|Bacteria,1WIVW@1297|Deinococcus-Thermus","NDH-1 shuttles electrons from NADH, via FMN and iron- sulfur (Fe-S) centers, to quinones in the respiratory chain. The immediate electron acceptor for the enzyme in this species is believed to be a menaquinone. Couples the redox reaction to proton translocation (for every two electrons transferred, four hydrogen ions are translocated across the cytoplasmic membrane), and thus conserves the redox energy in a proton gradient"
"ko:K00331",1603.76106585669,0.131726996620644,0.0399810019148607,3.29473975917751,0.00098512865934137,0.0409317518700451,"k87_1600668_1","COG0377@1|root,COG0377@2|Bacteria,2GJXR@201174|Actinobacteria,4CPGB@84995|Rubrobacteria","NDH-1 shuttles electrons from NADH, via FMN and iron- sulfur (Fe-S) centers, to quinones in the respiratory chain. The immediate electron acceptor for the enzyme in this species is believed to be a menaquinone. Couples the redox reaction to proton translocation (for every two electrons transferred, four hydrogen ions are translocated across the cytoplasmic membrane), and thus conserves the redox energy in a proton gradient"
"ko:K00331",1603.76106585669,0.131726996620644,0.0399810019148607,3.29473975917751,0.00098512865934137,0.0409317518700451,"k87_1600668_6","COG0377@1|root,COG0377@2|Bacteria,2GJXR@201174|Actinobacteria,4CPGB@84995|Rubrobacteria","NDH-1 shuttles electrons from NADH, via FMN and iron- sulfur (Fe-S) centers, to quinones in the respiratory chain. The immediate electron acceptor for the enzyme in this species is believed to be a menaquinone. Couples the redox reaction to proton translocation (for every two electrons transferred, four hydrogen ions are translocated across the cytoplasmic membrane), and thus conserves the redox energy in a proton gradient"
"ko:K00331",1603.76106585669,0.131726996620644,0.0399810019148607,3.29473975917751,0.00098512865934137,0.0409317518700451,"k87_1607652_1","COG0377@1|root,COG0377@2|Bacteria,1MUI2@1224|Proteobacteria,2VIWK@28216|Betaproteobacteria,2KVKP@206389|Rhodocyclales","NDH-1 shuttles electrons from NADH, via FMN and iron- sulfur (Fe-S) centers, to quinones in the respiratory chain. The immediate electron acceptor for the enzyme in this species is believed to be ubiquinone. Couples the redox reaction to proton translocation (for every two electrons transferred, four hydrogen ions are translocated across the cytoplasmic membrane), and thus conserves the redox energy in a proton gradient"
"ko:K00331",1603.76106585669,0.131726996620644,0.0399810019148607,3.29473975917751,0.00098512865934137,0.0409317518700451,"k87_1693649_1","COG0377@1|root,COG0377@2|Bacteria,2GJXR@201174|Actinobacteria,23482@1762|Mycobacteriaceae","NDH-1 shuttles electrons from NADH, via FMN and iron- sulfur (Fe-S) centers, to quinones in the respiratory chain. The immediate electron acceptor for the enzyme in this species is believed to be a menaquinone. Couples the redox reaction to proton translocation (for every two electrons transferred, four hydrogen ions are translocated across the cytoplasmic membrane), and thus conserves the redox energy in a proton gradient"
"ko:K00331",1603.76106585669,0.131726996620644,0.0399810019148607,3.29473975917751,0.00098512865934137,0.0409317518700451,"k87_1733220_5","COG0377@1|root,arCOG01554@2157|Archaea,41S6D@651137|Thaumarchaeota","Belongs to the complex I 20 kDa subunit family"
"ko:K00331",1603.76106585669,0.131726996620644,0.0399810019148607,3.29473975917751,0.00098512865934137,0.0409317518700451,"k87_1809765_4","COG0377@1|root,COG0377@2|Bacteria,1MUI2@1224|Proteobacteria,1RP4R@1236|Gammaproteobacteria,1X4BY@135614|Xanthomonadales","NDH-1 shuttles electrons from NADH, via FMN and iron- sulfur (Fe-S) centers, to quinones in the respiratory chain. The immediate electron acceptor for the enzyme in this species is believed to be ubiquinone. Couples the redox reaction to proton translocation (for every two electrons transferred, four hydrogen ions are translocated across the cytoplasmic membrane), and thus conserves the redox energy in a proton gradient"
"ko:K00331",1603.76106585669,0.131726996620644,0.0399810019148607,3.29473975917751,0.00098512865934137,0.0409317518700451,"k87_1850710_2","COG0377@1|root,COG0377@2|Bacteria,3J11S@40117|Nitrospirae","NDH-1 shuttles electrons from NADH, via FMN and iron- sulfur (Fe-S) centers, to quinones in the respiratory chain. The immediate electron acceptor for the enzyme in this species is believed to be ubiquinone. Couples the redox reaction to proton translocation (for every two electrons transferred, four hydrogen ions are translocated across the cytoplasmic membrane), and thus conserves the redox energy in a proton gradient"
"ko:K00331",1603.76106585669,0.131726996620644,0.0399810019148607,3.29473975917751,0.00098512865934137,0.0409317518700451,"k87_1859614_1","COG0377@1|root,COG0377@2|Bacteria,1MUI2@1224|Proteobacteria,2UNM8@28211|Alphaproteobacteria,4BC3A@82115|Rhizobiaceae","NDH-1 shuttles electrons from NADH, via FMN and iron- sulfur (Fe-S) centers, to quinones in the respiratory chain. The immediate electron acceptor for the enzyme in this species is believed to be ubiquinone. Couples the redox reaction to proton translocation (for every two electrons transferred, four hydrogen ions are translocated across the cytoplasmic membrane), and thus conserves the redox energy in a proton gradient"
"ko:K00331",1603.76106585669,0.131726996620644,0.0399810019148607,3.29473975917751,0.00098512865934137,0.0409317518700451,"k87_1860681_1","COG0377@1|root,COG0377@2|Bacteria,1MUI2@1224|Proteobacteria,1RP4R@1236|Gammaproteobacteria,2NBQJ@225057|Acidithiobacillales","NDH-1 shuttles electrons from NADH, via FMN and iron- sulfur (Fe-S) centers, to quinones in the respiratory chain. The immediate electron acceptor for the enzyme in this species is believed to be ubiquinone. Couples the redox reaction to proton translocation (for every two electrons transferred, four hydrogen ions are translocated across the cytoplasmic membrane), and thus conserves the redox energy in a proton gradient"
"ko:K00331",1603.76106585669,0.131726996620644,0.0399810019148607,3.29473975917751,0.00098512865934137,0.0409317518700451,"k87_2080489_1","COG0377@1|root,COG0377@2|Bacteria,1MUI2@1224|Proteobacteria,2TQK3@28211|Alphaproteobacteria,36XMJ@31993|Methylocystaceae","NADH ubiquinone oxidoreductase, 20 Kd subunit"
"ko:K00331",1603.76106585669,0.131726996620644,0.0399810019148607,3.29473975917751,0.00098512865934137,0.0409317518700451,"k87_2100931_2","COG0377@1|root,COG0377@2|Bacteria,46SMM@74201|Verrucomicrobia","NDH-1 shuttles electrons from NADH, via FMN and iron- sulfur (Fe-S) centers, to quinones in the respiratory chain. The immediate electron acceptor for the enzyme in this species is believed to be ubiquinone. Couples the redox reaction to proton translocation (for every two electrons transferred, four hydrogen ions are translocated across the cytoplasmic membrane), and thus conserves the redox energy in a proton gradient"
"ko:K00331",1603.76106585669,0.131726996620644,0.0399810019148607,3.29473975917751,0.00098512865934137,0.0409317518700451,"k87_2148352_1","COG0377@1|root,COG0377@2|Bacteria,2GJP5@201174|Actinobacteria,4D9WR@85008|Micromonosporales","NDH-1 shuttles electrons from NADH, via FMN and iron- sulfur (Fe-S) centers, to quinones in the respiratory chain. The immediate electron acceptor for the enzyme in this species is believed to be a menaquinone. Couples the redox reaction to proton translocation (for every two electrons transferred, four hydrogen ions are translocated across the cytoplasmic membrane), and thus conserves the redox energy in a proton gradient"
"ko:K00331",1603.76106585669,0.131726996620644,0.0399810019148607,3.29473975917751,0.00098512865934137,0.0409317518700451,"k87_2167313_1","COG0377@1|root,arCOG01554@2157|Archaea,2XTP1@28890|Euryarchaeota,23U14@183963|Halobacteria","Belongs to the complex I 20 kDa subunit family"
"ko:K00331",1603.76106585669,0.131726996620644,0.0399810019148607,3.29473975917751,0.00098512865934137,0.0409317518700451,"k87_2197349_3","COG0377@1|root,arCOG01554@2157|Archaea,41S6D@651137|Thaumarchaeota","Belongs to the complex I 20 kDa subunit family"
"ko:K00331",1603.76106585669,0.131726996620644,0.0399810019148607,3.29473975917751,0.00098512865934137,0.0409317518700451,"k87_2310207_1","COG0377@1|root,arCOG01554@2157|Archaea,41S6D@651137|Thaumarchaeota","Belongs to the complex I 20 kDa subunit family"
"ko:K00331",1603.76106585669,0.131726996620644,0.0399810019148607,3.29473975917751,0.00098512865934137,0.0409317518700451,"k87_2325239_3","COG0377@1|root,COG0377@2|Bacteria,2GJXR@201174|Actinobacteria,4CMXA@84992|Acidimicrobiia","NDH-1 shuttles electrons from NADH, via FMN and iron- sulfur (Fe-S) centers, to quinones in the respiratory chain. The immediate electron acceptor for the enzyme in this species is believed to be a menaquinone. Couples the redox reaction to proton translocation (for every two electrons transferred, four hydrogen ions are translocated across the cytoplasmic membrane), and thus conserves the redox energy in a proton gradient"
"ko:K00331",1603.76106585669,0.131726996620644,0.0399810019148607,3.29473975917751,0.00098512865934137,0.0409317518700451,"k87_2491766_4","COG0377@1|root,COG0377@2|Bacteria,2GJP5@201174|Actinobacteria","NDH-1 shuttles electrons from NADH, via FMN and iron- sulfur (Fe-S) centers, to quinones in the respiratory chain. The immediate electron acceptor for the enzyme in this species is believed to be a menaquinone. Couples the redox reaction to proton translocation (for every two electrons transferred, four hydrogen ions are translocated across the cytoplasmic membrane), and thus conserves the redox energy in a proton gradient"
"ko:K00331",1603.76106585669,0.131726996620644,0.0399810019148607,3.29473975917751,0.00098512865934137,0.0409317518700451,"k87_2514543_1","COG0377@1|root,COG0377@2|Bacteria,2GJXR@201174|Actinobacteria,4DNIV@85009|Propionibacteriales","NDH-1 shuttles electrons from NADH, via FMN and iron- sulfur (Fe-S) centers, to quinones in the respiratory chain. The immediate electron acceptor for the enzyme in this species is believed to be a menaquinone. Couples the redox reaction to proton translocation (for every two electrons transferred, four hydrogen ions are translocated across the cytoplasmic membrane), and thus conserves the redox energy in a proton gradient"
"ko:K00331",1603.76106585669,0.131726996620644,0.0399810019148607,3.29473975917751,0.00098512865934137,0.0409317518700451,"k87_2589748_3","COG0377@1|root,COG0377@2|Bacteria,2GJP5@201174|Actinobacteria,4FEIN@85021|Intrasporangiaceae","NDH-1 shuttles electrons from NADH, via FMN and iron- sulfur (Fe-S) centers, to quinones in the respiratory chain. The immediate electron acceptor for the enzyme in this species is believed to be a menaquinone. Couples the redox reaction to proton translocation (for every two electrons transferred, four hydrogen ions are translocated across the cytoplasmic membrane), and thus conserves the redox energy in a proton gradient"
"ko:K00331",1603.76106585669,0.131726996620644,0.0399810019148607,3.29473975917751,0.00098512865934137,0.0409317518700451,"k87_2619355_4","COG0377@1|root,arCOG01554@2157|Archaea,41S6D@651137|Thaumarchaeota","Belongs to the complex I 20 kDa subunit family"
"ko:K00331",1603.76106585669,0.131726996620644,0.0399810019148607,3.29473975917751,0.00098512865934137,0.0409317518700451,"k87_2687283_2","COG0377@1|root,COG0377@2|Bacteria,2GJXR@201174|Actinobacteria,4CPGB@84995|Rubrobacteria","NDH-1 shuttles electrons from NADH, via FMN and iron- sulfur (Fe-S) centers, to quinones in the respiratory chain. The immediate electron acceptor for the enzyme in this species is believed to be a menaquinone. Couples the redox reaction to proton translocation (for every two electrons transferred, four hydrogen ions are translocated across the cytoplasmic membrane), and thus conserves the redox energy in a proton gradient"
"ko:K00331",1603.76106585669,0.131726996620644,0.0399810019148607,3.29473975917751,0.00098512865934137,0.0409317518700451,"k87_2688806_3","COG0377@1|root,arCOG01554@2157|Archaea,41S6D@651137|Thaumarchaeota","Belongs to the complex I 20 kDa subunit family"
"ko:K00331",1603.76106585669,0.131726996620644,0.0399810019148607,3.29473975917751,0.00098512865934137,0.0409317518700451,"k87_2712608_1","COG0377@1|root,COG0377@2|Bacteria,2GJXR@201174|Actinobacteria,4DNIV@85009|Propionibacteriales","NDH-1 shuttles electrons from NADH, via FMN and iron- sulfur (Fe-S) centers, to quinones in the respiratory chain. The immediate electron acceptor for the enzyme in this species is believed to be a menaquinone. Couples the redox reaction to proton translocation (for every two electrons transferred, four hydrogen ions are translocated across the cytoplasmic membrane), and thus conserves the redox energy in a proton gradient"
"ko:K00331",1603.76106585669,0.131726996620644,0.0399810019148607,3.29473975917751,0.00098512865934137,0.0409317518700451,"k87_2828700_1","COG0377@1|root,COG0377@2|Bacteria,1MUI2@1224|Proteobacteria,1RP4R@1236|Gammaproteobacteria,46002@72273|Thiotrichales","NDH-1 shuttles electrons from NADH, via FMN and iron- sulfur (Fe-S) centers, to quinones in the respiratory chain. The immediate electron acceptor for the enzyme in this species is believed to be ubiquinone. Couples the redox reaction to proton translocation (for every two electrons transferred, four hydrogen ions are translocated across the cytoplasmic membrane), and thus conserves the redox energy in a proton gradient"
"ko:K00331",1603.76106585669,0.131726996620644,0.0399810019148607,3.29473975917751,0.00098512865934137,0.0409317518700451,"k87_2882752_2","COG0377@1|root,arCOG01554@2157|Archaea,41S6D@651137|Thaumarchaeota","Belongs to the complex I 20 kDa subunit family"
"ko:K00331",1603.76106585669,0.131726996620644,0.0399810019148607,3.29473975917751,0.00098512865934137,0.0409317518700451,"k87_3183449_1","COG0377@1|root,COG0377@2|Bacteria,2GJXR@201174|Actinobacteria,4DNIV@85009|Propionibacteriales","NDH-1 shuttles electrons from NADH, via FMN and iron- sulfur (Fe-S) centers, to quinones in the respiratory chain. The immediate electron acceptor for the enzyme in this species is believed to be a menaquinone. Couples the redox reaction to proton translocation (for every two electrons transferred, four hydrogen ions are translocated across the cytoplasmic membrane), and thus conserves the redox energy in a proton gradient"
"ko:K00331",1603.76106585669,0.131726996620644,0.0399810019148607,3.29473975917751,0.00098512865934137,0.0409317518700451,"k87_3221251_1","COG0377@1|root,COG0377@2|Bacteria,1MUI2@1224|Proteobacteria,2UNM8@28211|Alphaproteobacteria,4BC3A@82115|Rhizobiaceae","NDH-1 shuttles electrons from NADH, via FMN and iron- sulfur (Fe-S) centers, to quinones in the respiratory chain. The immediate electron acceptor for the enzyme in this species is believed to be ubiquinone. Couples the redox reaction to proton translocation (for every two electrons transferred, four hydrogen ions are translocated across the cytoplasmic membrane), and thus conserves the redox energy in a proton gradient"
"ko:K00331",1603.76106585669,0.131726996620644,0.0399810019148607,3.29473975917751,0.00098512865934137,0.0409317518700451,"k87_3289602_1","COG0377@1|root,COG0377@2|Bacteria,2GJXR@201174|Actinobacteria","NDH-1 shuttles electrons from NADH, via FMN and iron- sulfur (Fe-S) centers, to quinones in the respiratory chain. The immediate electron acceptor for the enzyme in this species is believed to be a menaquinone. Couples the redox reaction to proton translocation (for every two electrons transferred, four hydrogen ions are translocated across the cytoplasmic membrane), and thus conserves the redox energy in a proton gradient"
"ko:K00331",1603.76106585669,0.131726996620644,0.0399810019148607,3.29473975917751,0.00098512865934137,0.0409317518700451,"k87_3301420_3","COG0377@1|root,COG0377@2|Bacteria,2GJXR@201174|Actinobacteria,4D8NQ@85008|Micromonosporales","NDH-1 shuttles electrons from NADH, via FMN and iron- sulfur (Fe-S) centers, to quinones in the respiratory chain. The immediate electron acceptor for the enzyme in this species is believed to be a menaquinone. Couples the redox reaction to proton translocation (for every two electrons transferred, four hydrogen ions are translocated across the cytoplasmic membrane), and thus conserves the redox energy in a proton gradient"
"ko:K00331",1603.76106585669,0.131726996620644,0.0399810019148607,3.29473975917751,0.00098512865934137,0.0409317518700451,"k87_3355943_2","COG0377@1|root,arCOG01554@2157|Archaea,41S6D@651137|Thaumarchaeota","Belongs to the complex I 20 kDa subunit family"
"ko:K00331",1603.76106585669,0.131726996620644,0.0399810019148607,3.29473975917751,0.00098512865934137,0.0409317518700451,"k87_3517283_3","COG0377@1|root,COG0377@2|Bacteria,1WIVW@1297|Deinococcus-Thermus","NDH-1 shuttles electrons from NADH, via FMN and iron- sulfur (Fe-S) centers, to quinones in the respiratory chain. The immediate electron acceptor for the enzyme in this species is believed to be a menaquinone. Couples the redox reaction to proton translocation (for every two electrons transferred, four hydrogen ions are translocated across the cytoplasmic membrane), and thus conserves the redox energy in a proton gradient"
"ko:K00331",1603.76106585669,0.131726996620644,0.0399810019148607,3.29473975917751,0.00098512865934137,0.0409317518700451,"k87_3541113_1","COG0377@1|root,COG0377@2|Bacteria,2GJP5@201174|Actinobacteria,4D9WR@85008|Micromonosporales","NDH-1 shuttles electrons from NADH, via FMN and iron- sulfur (Fe-S) centers, to quinones in the respiratory chain. The immediate electron acceptor for the enzyme in this species is believed to be a menaquinone. Couples the redox reaction to proton translocation (for every two electrons transferred, four hydrogen ions are translocated across the cytoplasmic membrane), and thus conserves the redox energy in a proton gradient"
"ko:K00331",1603.76106585669,0.131726996620644,0.0399810019148607,3.29473975917751,0.00098512865934137,0.0409317518700451,"k87_3649067_2","COG0377@1|root,COG0377@2|Bacteria,2GJXR@201174|Actinobacteria,4CMXA@84992|Acidimicrobiia","NDH-1 shuttles electrons from NADH, via FMN and iron- sulfur (Fe-S) centers, to quinones in the respiratory chain. The immediate electron acceptor for the enzyme in this species is believed to be a menaquinone. Couples the redox reaction to proton translocation (for every two electrons transferred, four hydrogen ions are translocated across the cytoplasmic membrane), and thus conserves the redox energy in a proton gradient"
"ko:K00331",1603.76106585669,0.131726996620644,0.0399810019148607,3.29473975917751,0.00098512865934137,0.0409317518700451,"k87_3687285_3","COG0377@1|root,COG0377@2|Bacteria,1MUI2@1224|Proteobacteria,2TQK3@28211|Alphaproteobacteria,2K0KE@204457|Sphingomonadales","NDH-1 shuttles electrons from NADH, via FMN and iron- sulfur (Fe-S) centers, to quinones in the respiratory chain. The immediate electron acceptor for the enzyme in this species is believed to be ubiquinone. Couples the redox reaction to proton translocation (for every two electrons transferred, four hydrogen ions are translocated across the cytoplasmic membrane), and thus conserves the redox energy in a proton gradient"
"ko:K00331",1603.76106585669,0.131726996620644,0.0399810019148607,3.29473975917751,0.00098512865934137,0.0409317518700451,"k87_3777951_1","COG0377@1|root,COG0377@2|Bacteria,1MUI2@1224|Proteobacteria,1RP4R@1236|Gammaproteobacteria,2NBQJ@225057|Acidithiobacillales","NDH-1 shuttles electrons from NADH, via FMN and iron- sulfur (Fe-S) centers, to quinones in the respiratory chain. The immediate electron acceptor for the enzyme in this species is believed to be ubiquinone. Couples the redox reaction to proton translocation (for every two electrons transferred, four hydrogen ions are translocated across the cytoplasmic membrane), and thus conserves the redox energy in a proton gradient"
"ko:K00331",1603.76106585669,0.131726996620644,0.0399810019148607,3.29473975917751,0.00098512865934137,0.0409317518700451,"k87_3799197_1","COG0377@1|root,COG0377@2|Bacteria,2GJXR@201174|Actinobacteria,4ERM4@85013|Frankiales","NDH-1 shuttles electrons from NADH, via FMN and iron- sulfur (Fe-S) centers, to quinones in the respiratory chain. The immediate electron acceptor for the enzyme in this species is believed to be a menaquinone. Couples the redox reaction to proton translocation (for every two electrons transferred, four hydrogen ions are translocated across the cytoplasmic membrane), and thus conserves the redox energy in a proton gradient"
"ko:K00331",1603.76106585669,0.131726996620644,0.0399810019148607,3.29473975917751,0.00098512865934137,0.0409317518700451,"k87_3907413_2","COG0377@1|root,COG0377@2|Bacteria,2GJXR@201174|Actinobacteria,4ERM4@85013|Frankiales","NDH-1 shuttles electrons from NADH, via FMN and iron- sulfur (Fe-S) centers, to quinones in the respiratory chain. The immediate electron acceptor for the enzyme in this species is believed to be a menaquinone. Couples the redox reaction to proton translocation (for every two electrons transferred, four hydrogen ions are translocated across the cytoplasmic membrane), and thus conserves the redox energy in a proton gradient"
"ko:K00331",1603.76106585669,0.131726996620644,0.0399810019148607,3.29473975917751,0.00098512865934137,0.0409317518700451,"k87_4290043_4","COG0377@1|root,COG0377@2|Bacteria,1MUI2@1224|Proteobacteria,2UNM8@28211|Alphaproteobacteria,4BC3A@82115|Rhizobiaceae","NDH-1 shuttles electrons from NADH, via FMN and iron- sulfur (Fe-S) centers, to quinones in the respiratory chain. The immediate electron acceptor for the enzyme in this species is believed to be ubiquinone. Couples the redox reaction to proton translocation (for every two electrons transferred, four hydrogen ions are translocated across the cytoplasmic membrane), and thus conserves the redox energy in a proton gradient"
"ko:K00331",1603.76106585669,0.131726996620644,0.0399810019148607,3.29473975917751,0.00098512865934137,0.0409317518700451,"k87_4335796_1","COG0377@1|root,COG0377@2|Bacteria,2GJP5@201174|Actinobacteria","NDH-1 shuttles electrons from NADH, via FMN and iron- sulfur (Fe-S) centers, to quinones in the respiratory chain. The immediate electron acceptor for the enzyme in this species is believed to be a menaquinone. Couples the redox reaction to proton translocation (for every two electrons transferred, four hydrogen ions are translocated across the cytoplasmic membrane), and thus conserves the redox energy in a proton gradient"
"ko:K00331",1603.76106585669,0.131726996620644,0.0399810019148607,3.29473975917751,0.00098512865934137,0.0409317518700451,"k87_4788847_1","COG0377@1|root,COG0377@2|Bacteria,2GJXR@201174|Actinobacteria,4CMXA@84992|Acidimicrobiia","NDH-1 shuttles electrons from NADH, via FMN and iron- sulfur (Fe-S) centers, to quinones in the respiratory chain. The immediate electron acceptor for the enzyme in this species is believed to be a menaquinone. Couples the redox reaction to proton translocation (for every two electrons transferred, four hydrogen ions are translocated across the cytoplasmic membrane), and thus conserves the redox energy in a proton gradient"
"ko:K00331",1603.76106585669,0.131726996620644,0.0399810019148607,3.29473975917751,0.00098512865934137,0.0409317518700451,"k87_4827198_6","COG0377@1|root,COG0377@2|Bacteria,2GJXR@201174|Actinobacteria","NDH-1 shuttles electrons from NADH, via FMN and iron- sulfur (Fe-S) centers, to quinones in the respiratory chain. The immediate electron acceptor for the enzyme in this species is believed to be a menaquinone. Couples the redox reaction to proton translocation (for every two electrons transferred, four hydrogen ions are translocated across the cytoplasmic membrane), and thus conserves the redox energy in a proton gradient"
"ko:K00331",1603.76106585669,0.131726996620644,0.0399810019148607,3.29473975917751,0.00098512865934137,0.0409317518700451,"k87_4845136_1","COG0377@1|root,COG0377@2|Bacteria,2GJXR@201174|Actinobacteria,4CMXA@84992|Acidimicrobiia","NDH-1 shuttles electrons from NADH, via FMN and iron- sulfur (Fe-S) centers, to quinones in the respiratory chain. The immediate electron acceptor for the enzyme in this species is believed to be a menaquinone. Couples the redox reaction to proton translocation (for every two electrons transferred, four hydrogen ions are translocated across the cytoplasmic membrane), and thus conserves the redox energy in a proton gradient"
"ko:K00331",1603.76106585669,0.131726996620644,0.0399810019148607,3.29473975917751,0.00098512865934137,0.0409317518700451,"k87_4845315_1","COG0377@1|root,COG0377@2|Bacteria,1MUI2@1224|Proteobacteria,2UNM8@28211|Alphaproteobacteria,4BC3A@82115|Rhizobiaceae","NDH-1 shuttles electrons from NADH, via FMN and iron- sulfur (Fe-S) centers, to quinones in the respiratory chain. The immediate electron acceptor for the enzyme in this species is believed to be ubiquinone. Couples the redox reaction to proton translocation (for every two electrons transferred, four hydrogen ions are translocated across the cytoplasmic membrane), and thus conserves the redox energy in a proton gradient"
"ko:K00331",1603.76106585669,0.131726996620644,0.0399810019148607,3.29473975917751,0.00098512865934137,0.0409317518700451,"k87_4897946_2","COG0377@1|root,COG0377@2|Bacteria,1MUI2@1224|Proteobacteria,2TQK3@28211|Alphaproteobacteria,3N6IK@45401|Hyphomicrobiaceae","NDH-1 shuttles electrons from NADH, via FMN and iron- sulfur (Fe-S) centers, to quinones in the respiratory chain. The immediate electron acceptor for the enzyme in this species is believed to be ubiquinone. Couples the redox reaction to proton translocation (for every two electrons transferred, four hydrogen ions are translocated across the cytoplasmic membrane), and thus conserves the redox energy in a proton gradient"
"ko:K00331",1603.76106585669,0.131726996620644,0.0399810019148607,3.29473975917751,0.00098512865934137,0.0409317518700451,"k87_5015207_2","COG0377@1|root,COG0377@2|Bacteria,1MUI2@1224|Proteobacteria,2TQK3@28211|Alphaproteobacteria,3JTBJ@41294|Bradyrhizobiaceae","NDH-1 shuttles electrons from NADH, via FMN and iron- sulfur (Fe-S) centers, to quinones in the respiratory chain. The immediate electron acceptor for the enzyme in this species is believed to be ubiquinone. Couples the redox reaction to proton translocation (for every two electrons transferred, four hydrogen ions are translocated across the cytoplasmic membrane), and thus conserves the redox energy in a proton gradient"
"ko:K00331",1603.76106585669,0.131726996620644,0.0399810019148607,3.29473975917751,0.00098512865934137,0.0409317518700451,"k87_5045738_3","COG0377@1|root,COG0377@2|Bacteria,3J11S@40117|Nitrospirae","NDH-1 shuttles electrons from NADH, via FMN and iron- sulfur (Fe-S) centers, to quinones in the respiratory chain. The immediate electron acceptor for the enzyme in this species is believed to be ubiquinone. Couples the redox reaction to proton translocation (for every two electrons transferred, four hydrogen ions are translocated across the cytoplasmic membrane), and thus conserves the redox energy in a proton gradient"
"ko:K00331",1603.76106585669,0.131726996620644,0.0399810019148607,3.29473975917751,0.00098512865934137,0.0409317518700451,"k87_5082511_1","COG0377@1|root,COG0377@2|Bacteria,2GJP5@201174|Actinobacteria,4FEIN@85021|Intrasporangiaceae","NDH-1 shuttles electrons from NADH, via FMN and iron- sulfur (Fe-S) centers, to quinones in the respiratory chain. The immediate electron acceptor for the enzyme in this species is believed to be a menaquinone. Couples the redox reaction to proton translocation (for every two electrons transferred, four hydrogen ions are translocated across the cytoplasmic membrane), and thus conserves the redox energy in a proton gradient"
"ko:K00331",1603.76106585669,0.131726996620644,0.0399810019148607,3.29473975917751,0.00098512865934137,0.0409317518700451,"k87_5133008_1","COG0377@1|root,COG0377@2|Bacteria,2NP84@2323|unclassified Bacteria","NDH-1 shuttles electrons from NADH, via FMN and iron- sulfur (Fe-S) centers, to quinones in the respiratory chain. The immediate electron acceptor for the enzyme in this species is believed to be ubiquinone. Couples the redox reaction to proton translocation (for every two electrons transferred, four hydrogen ions are translocated across the cytoplasmic membrane), and thus conserves the redox energy in a proton gradient"
"ko:K00331",1603.76106585669,0.131726996620644,0.0399810019148607,3.29473975917751,0.00098512865934137,0.0409317518700451,"k87_5441929_3","COG0377@1|root,COG0377@2|Bacteria,1MUI2@1224|Proteobacteria,2VIWK@28216|Betaproteobacteria,473FT@75682|Oxalobacteraceae","NDH-1 shuttles electrons from NADH, via FMN and iron- sulfur (Fe-S) centers, to quinones in the respiratory chain. The immediate electron acceptor for the enzyme in this species is believed to be ubiquinone. Couples the redox reaction to proton translocation (for every two electrons transferred, four hydrogen ions are translocated across the cytoplasmic membrane), and thus conserves the redox energy in a proton gradient"
"ko:K00331",1603.76106585669,0.131726996620644,0.0399810019148607,3.29473975917751,0.00098512865934137,0.0409317518700451,"k87_5546517_3","COG0377@1|root,COG0377@2|Bacteria,1MUI2@1224|Proteobacteria,42MDJ@68525|delta/epsilon subdivisions,2WNNV@28221|Deltaproteobacteria,2Z08H@29|Myxococcales","Couples the redox reaction to proton translocation (for every two electrons transferred, four hydrogen ions are translocated across the cytoplasmic membrane), and thus conserves the redox energy in a proton gradient"
"ko:K00331",1603.76106585669,0.131726996620644,0.0399810019148607,3.29473975917751,0.00098512865934137,0.0409317518700451,"k87_5799994_1","COG0377@1|root,COG0377@2|Bacteria,2GJP5@201174|Actinobacteria,4D9WR@85008|Micromonosporales","NDH-1 shuttles electrons from NADH, via FMN and iron- sulfur (Fe-S) centers, to quinones in the respiratory chain. The immediate electron acceptor for the enzyme in this species is believed to be a menaquinone. Couples the redox reaction to proton translocation (for every two electrons transferred, four hydrogen ions are translocated across the cytoplasmic membrane), and thus conserves the redox energy in a proton gradient"
"ko:K00331",1603.76106585669,0.131726996620644,0.0399810019148607,3.29473975917751,0.00098512865934137,0.0409317518700451,"k87_5806733_1","COG0377@1|root,COG0377@2|Bacteria,1MUI2@1224|Proteobacteria,2TQK3@28211|Alphaproteobacteria,4B8RC@82115|Rhizobiaceae","NDH-1 shuttles electrons from NADH, via FMN and iron- sulfur (Fe-S) centers, to quinones in the respiratory chain. The immediate electron acceptor for the enzyme in this species is believed to be ubiquinone. Couples the redox reaction to proton translocation (for every two electrons transferred, four hydrogen ions are translocated across the cytoplasmic membrane), and thus conserves the redox energy in a proton gradient"
"ko:K00331",1603.76106585669,0.131726996620644,0.0399810019148607,3.29473975917751,0.00098512865934137,0.0409317518700451,"k87_6141787_1","COG0377@1|root,COG0377@2|Bacteria,1MUI2@1224|Proteobacteria,2TQK3@28211|Alphaproteobacteria,43HYS@69277|Phyllobacteriaceae","NDH-1 shuttles electrons from NADH, via FMN and iron- sulfur (Fe-S) centers, to quinones in the respiratory chain. The immediate electron acceptor for the enzyme in this species is believed to be ubiquinone. Couples the redox reaction to proton translocation (for every two electrons transferred, four hydrogen ions are translocated across the cytoplasmic membrane), and thus conserves the redox energy in a proton gradient"
"ko:K00331",1603.76106585669,0.131726996620644,0.0399810019148607,3.29473975917751,0.00098512865934137,0.0409317518700451,"k87_6314594_3","COG0377@1|root,COG0377@2|Bacteria,2GEU3@200930|Deferribacteres","NDH-1 shuttles electrons from NADH, via FMN and iron- sulfur (Fe-S) centers, to quinones in the respiratory chain. The immediate electron acceptor for the enzyme in this species is believed to be ubiquinone. Couples the redox reaction to proton translocation (for every two electrons transferred, four hydrogen ions are translocated across the cytoplasmic membrane), and thus conserves the redox energy in a proton gradient"
"ko:K00331",1603.76106585669,0.131726996620644,0.0399810019148607,3.29473975917751,0.00098512865934137,0.0409317518700451,"k87_6360458_2","COG0377@1|root,COG0377@2|Bacteria,1ZT85@142182|Gemmatimonadetes","NDH-1 shuttles electrons from NADH, via FMN and iron- sulfur (Fe-S) centers, to quinones in the respiratory chain. The immediate electron acceptor for the enzyme in this species is believed to be ubiquinone. Couples the redox reaction to proton translocation (for every two electrons transferred, four hydrogen ions are translocated across the cytoplasmic membrane), and thus conserves the redox energy in a proton gradient"
"ko:K00331",1603.76106585669,0.131726996620644,0.0399810019148607,3.29473975917751,0.00098512865934137,0.0409317518700451,"k87_6466627_1","COG0377@1|root,COG0377@2|Bacteria,2GJXR@201174|Actinobacteria","NDH-1 shuttles electrons from NADH, via FMN and iron- sulfur (Fe-S) centers, to quinones in the respiratory chain. The immediate electron acceptor for the enzyme in this species is believed to be a menaquinone. Couples the redox reaction to proton translocation (for every two electrons transferred, four hydrogen ions are translocated across the cytoplasmic membrane), and thus conserves the redox energy in a proton gradient"
"ko:K00331",1603.76106585669,0.131726996620644,0.0399810019148607,3.29473975917751,0.00098512865934137,0.0409317518700451,"k87_6692792_1","COG0377@1|root,COG0377@2|Bacteria,3Y475@57723|Acidobacteria","NDH-1 shuttles electrons from NADH, via FMN and iron- sulfur (Fe-S) centers, to quinones in the respiratory chain. The immediate electron acceptor for the enzyme in this species is believed to be ubiquinone. Couples the redox reaction to proton translocation (for every two electrons transferred, four hydrogen ions are translocated across the cytoplasmic membrane), and thus conserves the redox energy in a proton gradient"
"ko:K00331",1603.76106585669,0.131726996620644,0.0399810019148607,3.29473975917751,0.00098512865934137,0.0409317518700451,"k87_6705467_11","COG0377@1|root,COG0377@2|Bacteria,1MUI2@1224|Proteobacteria,1RP4R@1236|Gammaproteobacteria,1X4BY@135614|Xanthomonadales","NDH-1 shuttles electrons from NADH, via FMN and iron- sulfur (Fe-S) centers, to quinones in the respiratory chain. The immediate electron acceptor for the enzyme in this species is believed to be ubiquinone. Couples the redox reaction to proton translocation (for every two electrons transferred, four hydrogen ions are translocated across the cytoplasmic membrane), and thus conserves the redox energy in a proton gradient"
"ko:K00525",3940.52018876002,0.105363205040774,0.0262393520982975,4.01546519312153,5.93286547383111e-05,0.0054730683996092,"k87_141360_1","COG0209@1|root,COG0209@2|Bacteria,1MUJ8@1224|Proteobacteria,2VJIV@28216|Betaproteobacteria,372QB@32003|Nitrosomonadales","Catalyzes the reduction of ribonucleotides to deoxyribonucleotides. May function to provide a pool of deoxyribonucleotide precursors for DNA repair during oxygen limitation and or for immediate growth after restoration of oxygen"
"ko:K00525",3940.52018876002,0.105363205040774,0.0262393520982975,4.01546519312153,5.93286547383111e-05,0.0054730683996092,"k87_145452_2","COG0209@1|root,arCOG01917@1|root,arCOG03713@1|root,arCOG01917@2157|Archaea,arCOG03713@2157|Archaea,arCOG04276@2157|Archaea,41SAH@651137|Thaumarchaeota","Catalyzes the reduction of ribonucleotides to deoxyribonucleotides. May function to provide a pool of deoxyribonucleotide precursors for DNA repair during oxygen limitation and or for immediate growth after restoration of oxygen"
"ko:K00525",3940.52018876002,0.105363205040774,0.0262393520982975,4.01546519312153,5.93286547383111e-05,0.0054730683996092,"k87_148857_1","COG0209@1|root,COG0209@2|Bacteria,2GKX9@201174|Actinobacteria,4CP7K@84995|Rubrobacteria","Catalyzes the reduction of ribonucleotides to deoxyribonucleotides. May function to provide a pool of deoxyribonucleotide precursors for DNA repair during oxygen limitation and or for immediate growth after restoration of oxygen"
"ko:K00525",3940.52018876002,0.105363205040774,0.0262393520982975,4.01546519312153,5.93286547383111e-05,0.0054730683996092,"k87_209445_1","COG0209@1|root,arCOG01917@1|root,arCOG03713@1|root,arCOG01917@2157|Archaea,arCOG03713@2157|Archaea,arCOG04276@2157|Archaea,41SAH@651137|Thaumarchaeota","Catalyzes the reduction of ribonucleotides to deoxyribonucleotides. May function to provide a pool of deoxyribonucleotide precursors for DNA repair during oxygen limitation and or for immediate growth after restoration of oxygen"
"ko:K00525",3940.52018876002,0.105363205040774,0.0262393520982975,4.01546519312153,5.93286547383111e-05,0.0054730683996092,"k87_218681_3","COG0209@1|root,arCOG01917@1|root,arCOG03713@1|root,arCOG01917@2157|Archaea,arCOG03713@2157|Archaea,arCOG04276@2157|Archaea,41SAH@651137|Thaumarchaeota","Catalyzes the reduction of ribonucleotides to deoxyribonucleotides. May function to provide a pool of deoxyribonucleotide precursors for DNA repair during oxygen limitation and or for immediate growth after restoration of oxygen"
"ko:K00525",3940.52018876002,0.105363205040774,0.0262393520982975,4.01546519312153,5.93286547383111e-05,0.0054730683996092,"k87_312790_2","COG0209@1|root,arCOG01917@1|root,arCOG03713@1|root,arCOG01917@2157|Archaea,arCOG03713@2157|Archaea,arCOG04276@2157|Archaea,41SAH@651137|Thaumarchaeota","Catalyzes the reduction of ribonucleotides to deoxyribonucleotides. May function to provide a pool of deoxyribonucleotide precursors for DNA repair during oxygen limitation and or for immediate growth after restoration of oxygen"
"ko:K00525",3940.52018876002,0.105363205040774,0.0262393520982975,4.01546519312153,5.93286547383111e-05,0.0054730683996092,"k87_382515_1","COG0209@1|root,COG0209@2|Bacteria,1MUJ8@1224|Proteobacteria,2TS19@28211|Alphaproteobacteria,43HHH@69277|Phyllobacteriaceae","Provides the precursors necessary for DNA synthesis. Catalyzes the biosynthesis of deoxyribonucleotides from the corresponding ribonucleotides"
"ko:K00525",3940.52018876002,0.105363205040774,0.0262393520982975,4.01546519312153,5.93286547383111e-05,0.0054730683996092,"k87_386794_1","COG0209@1|root,COG0209@2|Bacteria,1MUJ8@1224|Proteobacteria,2TS2I@28211|Alphaproteobacteria,3N67W@45401|Hyphomicrobiaceae","Catalyzes the reduction of ribonucleotides to deoxyribonucleotides. May function to provide a pool of deoxyribonucleotide precursors for DNA repair during oxygen limitation and or for immediate growth after restoration of oxygen"
"ko:K00525",3940.52018876002,0.105363205040774,0.0262393520982975,4.01546519312153,5.93286547383111e-05,0.0054730683996092,"k87_451746_1","COG0209@1|root,COG0209@2|Bacteria,1MUJ8@1224|Proteobacteria,2TS19@28211|Alphaproteobacteria,2K0F8@204457|Sphingomonadales","Provides the precursors necessary for DNA synthesis. Catalyzes the biosynthesis of deoxyribonucleotides from the corresponding ribonucleotides"
"ko:K00525",3940.52018876002,0.105363205040774,0.0262393520982975,4.01546519312153,5.93286547383111e-05,0.0054730683996092,"k87_490267_1","COG0209@1|root,COG0209@2|Bacteria,3J0MG@40117|Nitrospirae","Catalyzes the reduction of ribonucleotides to deoxyribonucleotides. May function to provide a pool of deoxyribonucleotide precursors for DNA repair during oxygen limitation and or for immediate growth after restoration of oxygen"
"ko:K00525",3940.52018876002,0.105363205040774,0.0262393520982975,4.01546519312153,5.93286547383111e-05,0.0054730683996092,"k87_582595_2","COG0209@1|root,COG0209@2|Bacteria,2GKX9@201174|Actinobacteria","Provides the precursors necessary for DNA synthesis. Catalyzes the biosynthesis of deoxyribonucleotides from the corresponding ribonucleotides"
"ko:K00525",3940.52018876002,0.105363205040774,0.0262393520982975,4.01546519312153,5.93286547383111e-05,0.0054730683996092,"k87_657824_1","COG0209@1|root,arCOG01917@1|root,arCOG03713@1|root,arCOG01917@2157|Archaea,arCOG03713@2157|Archaea,arCOG04276@2157|Archaea,41SAH@651137|Thaumarchaeota","Catalyzes the reduction of ribonucleotides to deoxyribonucleotides. May function to provide a pool of deoxyribonucleotide precursors for DNA repair during oxygen limitation and or for immediate growth after restoration of oxygen"
"ko:K00525",3940.52018876002,0.105363205040774,0.0262393520982975,4.01546519312153,5.93286547383111e-05,0.0054730683996092,"k87_700560_2","COG0209@1|root,COG0209@2|Bacteria,2GKX9@201174|Actinobacteria,4CP7K@84995|Rubrobacteria","Catalyzes the reduction of ribonucleotides to deoxyribonucleotides. May function to provide a pool of deoxyribonucleotide precursors for DNA repair during oxygen limitation and or for immediate growth after restoration of oxygen"
"ko:K00525",3940.52018876002,0.105363205040774,0.0262393520982975,4.01546519312153,5.93286547383111e-05,0.0054730683996092,"k87_724445_1","COG0209@1|root,COG0209@2|Bacteria,1MUJ8@1224|Proteobacteria,2TS2I@28211|Alphaproteobacteria,43HJU@69277|Phyllobacteriaceae","Catalyzes the reduction of ribonucleotides to deoxyribonucleotides. May function to provide a pool of deoxyribonucleotide precursors for DNA repair during oxygen limitation and or for immediate growth after restoration of oxygen"
"ko:K00525",3940.52018876002,0.105363205040774,0.0262393520982975,4.01546519312153,5.93286547383111e-05,0.0054730683996092,"k87_726624_13","COG0209@1|root,COG0209@2|Bacteria,1MUJ8@1224|Proteobacteria,1RMPV@1236|Gammaproteobacteria,1X48F@135614|Xanthomonadales","Provides the precursors necessary for DNA synthesis. Catalyzes the biosynthesis of deoxyribonucleotides from the corresponding ribonucleotides"
"ko:K00525",3940.52018876002,0.105363205040774,0.0262393520982975,4.01546519312153,5.93286547383111e-05,0.0054730683996092,"k87_816171_2","COG0209@1|root,COG0209@2|Bacteria,1MUJ8@1224|Proteobacteria,2TS2I@28211|Alphaproteobacteria,2JQA4@204441|Rhodospirillales","Catalyzes the reduction of ribonucleotides to deoxyribonucleotides. May function to provide a pool of deoxyribonucleotide precursors for DNA repair during oxygen limitation and or for immediate growth after restoration of oxygen"
"ko:K00525",3940.52018876002,0.105363205040774,0.0262393520982975,4.01546519312153,5.93286547383111e-05,0.0054730683996092,"k87_826271_1","COG0209@1|root,COG0209@2|Bacteria,2GKX9@201174|Actinobacteria,4DP4H@85009|Propionibacteriales","Catalyzes the reduction of ribonucleotides to deoxyribonucleotides. May function to provide a pool of deoxyribonucleotide precursors for DNA repair during oxygen limitation and or for immediate growth after restoration of oxygen"
"ko:K00525",3940.52018876002,0.105363205040774,0.0262393520982975,4.01546519312153,5.93286547383111e-05,0.0054730683996092,"k87_834680_2","COG0209@1|root,COG0209@2|Bacteria,2GKX9@201174|Actinobacteria","Provides the precursors necessary for DNA synthesis. Catalyzes the biosynthesis of deoxyribonucleotides from the corresponding ribonucleotides"
"ko:K00525",3940.52018876002,0.105363205040774,0.0262393520982975,4.01546519312153,5.93286547383111e-05,0.0054730683996092,"k87_894578_1","COG0209@1|root,COG0209@2|Bacteria,1ZSU9@142182|Gemmatimonadetes","Catalyzes the reduction of ribonucleotides to deoxyribonucleotides. May function to provide a pool of deoxyribonucleotide precursors for DNA repair during oxygen limitation and or for immediate growth after restoration of oxygen"
"ko:K00525",3940.52018876002,0.105363205040774,0.0262393520982975,4.01546519312153,5.93286547383111e-05,0.0054730683996092,"k87_999621_2","COG0209@1|root,COG0209@2|Bacteria,1MUJ8@1224|Proteobacteria,2TS19@28211|Alphaproteobacteria,4BC9Y@82115|Rhizobiaceae","Provides the precursors necessary for DNA synthesis. Catalyzes the biosynthesis of deoxyribonucleotides from the corresponding ribonucleotides"
"ko:K00525",3940.52018876002,0.105363205040774,0.0262393520982975,4.01546519312153,5.93286547383111e-05,0.0054730683996092,"k87_1012663_3","COG0209@1|root,COG0209@2|Bacteria,1MUJ8@1224|Proteobacteria,1RQUR@1236|Gammaproteobacteria,1X2Z8@135614|Xanthomonadales","Catalyzes the reduction of ribonucleotides to deoxyribonucleotides. May function to provide a pool of deoxyribonucleotide precursors for DNA repair during oxygen limitation and or for immediate growth after restoration of oxygen"
"ko:K00525",3940.52018876002,0.105363205040774,0.0262393520982975,4.01546519312153,5.93286547383111e-05,0.0054730683996092,"k87_1138678_1","COG0209@1|root,COG0209@2|Bacteria,2GKX9@201174|Actinobacteria,4DP4H@85009|Propionibacteriales","Catalyzes the reduction of ribonucleotides to deoxyribonucleotides. May function to provide a pool of deoxyribonucleotide precursors for DNA repair during oxygen limitation and or for immediate growth after restoration of oxygen"
"ko:K00525",3940.52018876002,0.105363205040774,0.0262393520982975,4.01546519312153,5.93286547383111e-05,0.0054730683996092,"k87_1139042_1","COG0209@1|root,COG0209@2|Bacteria,1MUJ8@1224|Proteobacteria,2VJIV@28216|Betaproteobacteria,4A9NR@80864|Comamonadaceae","Provides the precursors necessary for DNA synthesis. Catalyzes the biosynthesis of deoxyribonucleotides from the corresponding ribonucleotides"
"ko:K00525",3940.52018876002,0.105363205040774,0.0262393520982975,4.01546519312153,5.93286547383111e-05,0.0054730683996092,"k87_1208065_2","COG0209@1|root,COG0209@2|Bacteria,1MUJ8@1224|Proteobacteria,1RQUR@1236|Gammaproteobacteria,1X2Z8@135614|Xanthomonadales","Catalyzes the reduction of ribonucleotides to deoxyribonucleotides. May function to provide a pool of deoxyribonucleotide precursors for DNA repair during oxygen limitation and or for immediate growth after restoration of oxygen"
"ko:K00525",3940.52018876002,0.105363205040774,0.0262393520982975,4.01546519312153,5.93286547383111e-05,0.0054730683996092,"k87_1258388_1","COG0209@1|root,COG0209@2|Bacteria,1MUJ8@1224|Proteobacteria,1RMPV@1236|Gammaproteobacteria,1X48F@135614|Xanthomonadales","Provides the precursors necessary for DNA synthesis. Catalyzes the biosynthesis of deoxyribonucleotides from the corresponding ribonucleotides"
"ko:K00525",3940.52018876002,0.105363205040774,0.0262393520982975,4.01546519312153,5.93286547383111e-05,0.0054730683996092,"k87_1265948_1","COG0209@1|root,COG0209@2|Bacteria,2GKX9@201174|Actinobacteria,4DP4H@85009|Propionibacteriales","Catalyzes the reduction of ribonucleotides to deoxyribonucleotides. May function to provide a pool of deoxyribonucleotide precursors for DNA repair during oxygen limitation and or for immediate growth after restoration of oxygen"
"ko:K00525",3940.52018876002,0.105363205040774,0.0262393520982975,4.01546519312153,5.93286547383111e-05,0.0054730683996092,"k87_1312532_1","COG0209@1|root,COG0209@2|Bacteria,46SFJ@74201|Verrucomicrobia,3K76K@414999|Opitutae","Provides the precursors necessary for DNA synthesis. Catalyzes the biosynthesis of deoxyribonucleotides from the corresponding ribonucleotides"
"ko:K00525",3940.52018876002,0.105363205040774,0.0262393520982975,4.01546519312153,5.93286547383111e-05,0.0054730683996092,"k87_1329830_1","COG0209@1|root,COG0209@2|Bacteria,46SFJ@74201|Verrucomicrobia,3K76K@414999|Opitutae","Provides the precursors necessary for DNA synthesis. Catalyzes the biosynthesis of deoxyribonucleotides from the corresponding ribonucleotides"
"ko:K00525",3940.52018876002,0.105363205040774,0.0262393520982975,4.01546519312153,5.93286547383111e-05,0.0054730683996092,"k87_1417332_8","COG0209@1|root,COG0209@2|Bacteria,3J0MG@40117|Nitrospirae","Catalyzes the reduction of ribonucleotides to deoxyribonucleotides. May function to provide a pool of deoxyribonucleotide precursors for DNA repair during oxygen limitation and or for immediate growth after restoration of oxygen"
"ko:K00525",3940.52018876002,0.105363205040774,0.0262393520982975,4.01546519312153,5.93286547383111e-05,0.0054730683996092,"k87_1447060_1","COG0209@1|root,COG0209@2|Bacteria,1MUJ8@1224|Proteobacteria,2TS2I@28211|Alphaproteobacteria,2XMGE@285107|Thioclava","Catalyzes the reduction of ribonucleotides to deoxyribonucleotides. May function to provide a pool of deoxyribonucleotide precursors for DNA repair during oxygen limitation and or for immediate growth after restoration of oxygen"
"ko:K00525",3940.52018876002,0.105363205040774,0.0262393520982975,4.01546519312153,5.93286547383111e-05,0.0054730683996092,"k87_1599632_4","COG0209@1|root,COG0209@2|Bacteria,2GKX9@201174|Actinobacteria,4CP7K@84995|Rubrobacteria","Catalyzes the reduction of ribonucleotides to deoxyribonucleotides. May function to provide a pool of deoxyribonucleotide precursors for DNA repair during oxygen limitation and or for immediate growth after restoration of oxygen"
"ko:K00525",3940.52018876002,0.105363205040774,0.0262393520982975,4.01546519312153,5.93286547383111e-05,0.0054730683996092,"k87_1623204_1","COG0209@1|root,arCOG01917@1|root,arCOG03713@1|root,arCOG01917@2157|Archaea,arCOG03713@2157|Archaea,arCOG04276@2157|Archaea,41SAH@651137|Thaumarchaeota","Catalyzes the reduction of ribonucleotides to deoxyribonucleotides. May function to provide a pool of deoxyribonucleotide precursors for DNA repair during oxygen limitation and or for immediate growth after restoration of oxygen"
"ko:K00525",3940.52018876002,0.105363205040774,0.0262393520982975,4.01546519312153,5.93286547383111e-05,0.0054730683996092,"k87_1704391_2","COG0209@1|root,COG0209@2|Bacteria,1MUJ8@1224|Proteobacteria,42N8M@68525|delta/epsilon subdivisions,2WJRT@28221|Deltaproteobacteria,2YUBZ@29|Myxococcales","Catalyzes the reduction of ribonucleotides to deoxyribonucleotides. May function to provide a pool of deoxyribonucleotide precursors for DNA repair during oxygen limitation and or for immediate growth after restoration of oxygen"
"ko:K00525",3940.52018876002,0.105363205040774,0.0262393520982975,4.01546519312153,5.93286547383111e-05,0.0054730683996092,"k87_1785885_1","COG0209@1|root,COG0209@2|Bacteria,1MUJ8@1224|Proteobacteria,2TS2I@28211|Alphaproteobacteria,1JQPH@119045|Methylobacteriaceae","Catalyzes the reduction of ribonucleotides to deoxyribonucleotides. May function to provide a pool of deoxyribonucleotide precursors for DNA repair during oxygen limitation and or for immediate growth after restoration of oxygen"
"ko:K00525",3940.52018876002,0.105363205040774,0.0262393520982975,4.01546519312153,5.93286547383111e-05,0.0054730683996092,"k87_1849192_2","COG0209@1|root,COG0209@2|Bacteria,1MUJ8@1224|Proteobacteria,2VJIV@28216|Betaproteobacteria,4A9NR@80864|Comamonadaceae","Provides the precursors necessary for DNA synthesis. Catalyzes the biosynthesis of deoxyribonucleotides from the corresponding ribonucleotides"
"ko:K00525",3940.52018876002,0.105363205040774,0.0262393520982975,4.01546519312153,5.93286547383111e-05,0.0054730683996092,"k87_1871426_1","COG0209@1|root,COG0209@2|Bacteria,4NEHQ@976|Bacteroidetes,1IRF8@117747|Sphingobacteriia","Catalyzes the reduction of ribonucleotides to deoxyribonucleotides. May function to provide a pool of deoxyribonucleotide precursors for DNA repair during oxygen limitation and or for immediate growth after restoration of oxygen"
"ko:K00525",3940.52018876002,0.105363205040774,0.0262393520982975,4.01546519312153,5.93286547383111e-05,0.0054730683996092,"k87_1988899_1","COG0209@1|root,COG0209@2|Bacteria,2GKX9@201174|Actinobacteria,4FWF5@85025|Nocardiaceae","Catalyzes the reduction of ribonucleotides to deoxyribonucleotides. May function to provide a pool of deoxyribonucleotide precursors for DNA repair during oxygen limitation and or for immediate growth after restoration of oxygen"
"ko:K00525",3940.52018876002,0.105363205040774,0.0262393520982975,4.01546519312153,5.93286547383111e-05,0.0054730683996092,"k87_2031611_1","COG0209@1|root,COG0209@2|Bacteria,1MUJ8@1224|Proteobacteria,2TS2I@28211|Alphaproteobacteria,3JSVM@41294|Bradyrhizobiaceae","Catalyzes the reduction of ribonucleotides to deoxyribonucleotides. May function to provide a pool of deoxyribonucleotide precursors for DNA repair during oxygen limitation and or for immediate growth after restoration of oxygen"
"ko:K00525",3940.52018876002,0.105363205040774,0.0262393520982975,4.01546519312153,5.93286547383111e-05,0.0054730683996092,"k87_2065650_4","COG0209@1|root,COG1372@1|root,COG0209@2|Bacteria,COG1372@2|Bacteria,2GKX9@201174|Actinobacteria,4EN5U@85012|Streptosporangiales","LAGLIDADG-like domain"
"ko:K00525",3940.52018876002,0.105363205040774,0.0262393520982975,4.01546519312153,5.93286547383111e-05,0.0054730683996092,"k87_2193089_1","COG0209@1|root,COG0209@2|Bacteria,1MUJ8@1224|Proteobacteria,2TS19@28211|Alphaproteobacteria,43HHH@69277|Phyllobacteriaceae","Provides the precursors necessary for DNA synthesis. Catalyzes the biosynthesis of deoxyribonucleotides from the corresponding ribonucleotides"
"ko:K00525",3940.52018876002,0.105363205040774,0.0262393520982975,4.01546519312153,5.93286547383111e-05,0.0054730683996092,"k87_2243362_1","COG0209@1|root,COG0209@2|Bacteria,1MUJ8@1224|Proteobacteria,2VJIV@28216|Betaproteobacteria,1KIWA@119065|unclassified Burkholderiales","Provides the precursors necessary for DNA synthesis. Catalyzes the biosynthesis of deoxyribonucleotides from the corresponding ribonucleotides"
"ko:K00525",3940.52018876002,0.105363205040774,0.0262393520982975,4.01546519312153,5.93286547383111e-05,0.0054730683996092,"k87_2259654_1","COG0209@1|root,COG0209@2|Bacteria,2GKX9@201174|Actinobacteria,4CP7K@84995|Rubrobacteria","Catalyzes the reduction of ribonucleotides to deoxyribonucleotides. May function to provide a pool of deoxyribonucleotide precursors for DNA repair during oxygen limitation and or for immediate growth after restoration of oxygen"
"ko:K00525",3940.52018876002,0.105363205040774,0.0262393520982975,4.01546519312153,5.93286547383111e-05,0.0054730683996092,"k87_2281074_1","COG0209@1|root,COG0209@2|Bacteria,1MUJ8@1224|Proteobacteria,2TS19@28211|Alphaproteobacteria,2K0F8@204457|Sphingomonadales","Provides the precursors necessary for DNA synthesis. Catalyzes the biosynthesis of deoxyribonucleotides from the corresponding ribonucleotides"
"ko:K00525",3940.52018876002,0.105363205040774,0.0262393520982975,4.01546519312153,5.93286547383111e-05,0.0054730683996092,"k87_2365470_1","COG0209@1|root,COG0209@2|Bacteria,2GKX9@201174|Actinobacteria,4CP7K@84995|Rubrobacteria","Catalyzes the reduction of ribonucleotides to deoxyribonucleotides. May function to provide a pool of deoxyribonucleotide precursors for DNA repair during oxygen limitation and or for immediate growth after restoration of oxygen"
"ko:K00525",3940.52018876002,0.105363205040774,0.0262393520982975,4.01546519312153,5.93286547383111e-05,0.0054730683996092,"k87_3350127_1","COG0209@1|root,COG0209@2|Bacteria,1MUJ8@1224|Proteobacteria,2TS2I@28211|Alphaproteobacteria,43HJU@69277|Phyllobacteriaceae","Catalyzes the reduction of ribonucleotides to deoxyribonucleotides. May function to provide a pool of deoxyribonucleotide precursors for DNA repair during oxygen limitation and or for immediate growth after restoration of oxygen"
"ko:K00525",3940.52018876002,0.105363205040774,0.0262393520982975,4.01546519312153,5.93286547383111e-05,0.0054730683996092,"k87_3446653_1","COG0209@1|root,COG0209@2|Bacteria,2GKX9@201174|Actinobacteria,4CP7K@84995|Rubrobacteria","Catalyzes the reduction of ribonucleotides to deoxyribonucleotides. May function to provide a pool of deoxyribonucleotide precursors for DNA repair during oxygen limitation and or for immediate growth after restoration of oxygen"
"ko:K00525",3940.52018876002,0.105363205040774,0.0262393520982975,4.01546519312153,5.93286547383111e-05,0.0054730683996092,"k87_3447126_1","COG0209@1|root,COG0209@2|Bacteria,1MUJ8@1224|Proteobacteria,2VJIV@28216|Betaproteobacteria,1KIWA@119065|unclassified Burkholderiales","Provides the precursors necessary for DNA synthesis. Catalyzes the biosynthesis of deoxyribonucleotides from the corresponding ribonucleotides"
"ko:K00525",3940.52018876002,0.105363205040774,0.0262393520982975,4.01546519312153,5.93286547383111e-05,0.0054730683996092,"k87_3493192_3","COG0209@1|root,COG0209@2|Bacteria,2GKX9@201174|Actinobacteria,232JS@1762|Mycobacteriaceae","Provides the precursors necessary for DNA synthesis. Catalyzes the biosynthesis of deoxyribonucleotides from the corresponding ribonucleotides"
"ko:K00525",3940.52018876002,0.105363205040774,0.0262393520982975,4.01546519312153,5.93286547383111e-05,0.0054730683996092,"k87_3572490_1","COG0209@1|root,COG0209@2|Bacteria,2GKX9@201174|Actinobacteria,4DP8A@85009|Propionibacteriales","Provides the precursors necessary for DNA synthesis. Catalyzes the biosynthesis of deoxyribonucleotides from the corresponding ribonucleotides"
"ko:K00525",3940.52018876002,0.105363205040774,0.0262393520982975,4.01546519312153,5.93286547383111e-05,0.0054730683996092,"k87_4094314_1","COG0209@1|root,COG0209@2|Bacteria,1MUJ8@1224|Proteobacteria,2TS2I@28211|Alphaproteobacteria","Catalyzes the reduction of ribonucleotides to deoxyribonucleotides. May function to provide a pool of deoxyribonucleotide precursors for DNA repair during oxygen limitation and or for immediate growth after restoration of oxygen"
"ko:K00525",3940.52018876002,0.105363205040774,0.0262393520982975,4.01546519312153,5.93286547383111e-05,0.0054730683996092,"k87_4248964_1","COG0209@1|root,COG0209@2|Bacteria,1MUJ8@1224|Proteobacteria,2TS2I@28211|Alphaproteobacteria","Catalyzes the reduction of ribonucleotides to deoxyribonucleotides. May function to provide a pool of deoxyribonucleotide precursors for DNA repair during oxygen limitation and or for immediate growth after restoration of oxygen"
"ko:K00525",3940.52018876002,0.105363205040774,0.0262393520982975,4.01546519312153,5.93286547383111e-05,0.0054730683996092,"k87_4511442_1","COG0209@1|root,COG0209@2|Bacteria,1MUJ8@1224|Proteobacteria,2TS2I@28211|Alphaproteobacteria,3JSVM@41294|Bradyrhizobiaceae","Catalyzes the reduction of ribonucleotides to deoxyribonucleotides. May function to provide a pool of deoxyribonucleotide precursors for DNA repair during oxygen limitation and or for immediate growth after restoration of oxygen"
"ko:K00525",3940.52018876002,0.105363205040774,0.0262393520982975,4.01546519312153,5.93286547383111e-05,0.0054730683996092,"k87_4631982_1","COG0209@1|root,COG0209@2|Bacteria,2GKX9@201174|Actinobacteria,4CP7K@84995|Rubrobacteria","Catalyzes the reduction of ribonucleotides to deoxyribonucleotides. May function to provide a pool of deoxyribonucleotide precursors for DNA repair during oxygen limitation and or for immediate growth after restoration of oxygen"
"ko:K00525",3940.52018876002,0.105363205040774,0.0262393520982975,4.01546519312153,5.93286547383111e-05,0.0054730683996092,"k87_4648696_2","COG0209@1|root,COG0209@2|Bacteria,2GKX9@201174|Actinobacteria","Provides the precursors necessary for DNA synthesis. Catalyzes the biosynthesis of deoxyribonucleotides from the corresponding ribonucleotides"
"ko:K00525",3940.52018876002,0.105363205040774,0.0262393520982975,4.01546519312153,5.93286547383111e-05,0.0054730683996092,"k87_4699701_1","COG0209@1|root,COG0209@2|Bacteria,1MUJ8@1224|Proteobacteria,2TS2I@28211|Alphaproteobacteria,3JSVM@41294|Bradyrhizobiaceae","Catalyzes the reduction of ribonucleotides to deoxyribonucleotides. May function to provide a pool of deoxyribonucleotide precursors for DNA repair during oxygen limitation and or for immediate growth after restoration of oxygen"
"ko:K00525",3940.52018876002,0.105363205040774,0.0262393520982975,4.01546519312153,5.93286547383111e-05,0.0054730683996092,"k87_4748941_2","COG0209@1|root,COG0209@2|Bacteria,1MUJ8@1224|Proteobacteria,2VJIV@28216|Betaproteobacteria,4A9NR@80864|Comamonadaceae","Provides the precursors necessary for DNA synthesis. Catalyzes the biosynthesis of deoxyribonucleotides from the corresponding ribonucleotides"
"ko:K00525",3940.52018876002,0.105363205040774,0.0262393520982975,4.01546519312153,5.93286547383111e-05,0.0054730683996092,"k87_5034440_2","COG0209@1|root,COG0209@2|Bacteria,1MUJ8@1224|Proteobacteria,2TS2I@28211|Alphaproteobacteria,43HJU@69277|Phyllobacteriaceae","Catalyzes the reduction of ribonucleotides to deoxyribonucleotides. May function to provide a pool of deoxyribonucleotide precursors for DNA repair during oxygen limitation and or for immediate growth after restoration of oxygen"
"ko:K00525",3940.52018876002,0.105363205040774,0.0262393520982975,4.01546519312153,5.93286547383111e-05,0.0054730683996092,"k87_5176395_1","COG0209@1|root,COG0209@2|Bacteria,1MUJ8@1224|Proteobacteria,2VJIV@28216|Betaproteobacteria,4A9NR@80864|Comamonadaceae","Provides the precursors necessary for DNA synthesis. Catalyzes the biosynthesis of deoxyribonucleotides from the corresponding ribonucleotides"
"ko:K00525",3940.52018876002,0.105363205040774,0.0262393520982975,4.01546519312153,5.93286547383111e-05,0.0054730683996092,"k87_5274185_2","COG0209@1|root,COG0209@2|Bacteria,3J0MG@40117|Nitrospirae","Catalyzes the reduction of ribonucleotides to deoxyribonucleotides. May function to provide a pool of deoxyribonucleotide precursors for DNA repair during oxygen limitation and or for immediate growth after restoration of oxygen"
"ko:K00525",3940.52018876002,0.105363205040774,0.0262393520982975,4.01546519312153,5.93286547383111e-05,0.0054730683996092,"k87_5329393_2","COG0209@1|root,COG0209@2|Bacteria,2GKX9@201174|Actinobacteria","Provides the precursors necessary for DNA synthesis. Catalyzes the biosynthesis of deoxyribonucleotides from the corresponding ribonucleotides"
"ko:K00525",3940.52018876002,0.105363205040774,0.0262393520982975,4.01546519312153,5.93286547383111e-05,0.0054730683996092,"k87_5423010_1","COG0209@1|root,COG0209@2|Bacteria,1MUJ8@1224|Proteobacteria,2TS2I@28211|Alphaproteobacteria,2JQA4@204441|Rhodospirillales","Catalyzes the reduction of ribonucleotides to deoxyribonucleotides. May function to provide a pool of deoxyribonucleotide precursors for DNA repair during oxygen limitation and or for immediate growth after restoration of oxygen"
"ko:K00525",3940.52018876002,0.105363205040774,0.0262393520982975,4.01546519312153,5.93286547383111e-05,0.0054730683996092,"k87_5915759_1","COG0209@1|root,COG0209@2|Bacteria,2GKX9@201174|Actinobacteria,4CP7K@84995|Rubrobacteria","Catalyzes the reduction of ribonucleotides to deoxyribonucleotides. May function to provide a pool of deoxyribonucleotide precursors for DNA repair during oxygen limitation and or for immediate growth after restoration of oxygen"
"ko:K00525",3940.52018876002,0.105363205040774,0.0262393520982975,4.01546519312153,5.93286547383111e-05,0.0054730683996092,"k87_6173897_1","COG0209@1|root,COG0209@2|Bacteria,1MUJ8@1224|Proteobacteria,2VJIV@28216|Betaproteobacteria,4A9NR@80864|Comamonadaceae","Provides the precursors necessary for DNA synthesis. Catalyzes the biosynthesis of deoxyribonucleotides from the corresponding ribonucleotides"
"ko:K00525",3940.52018876002,0.105363205040774,0.0262393520982975,4.01546519312153,5.93286547383111e-05,0.0054730683996092,"k87_6420584_1","COG0209@1|root,COG0209@2|Bacteria,1MUJ8@1224|Proteobacteria,2TS2I@28211|Alphaproteobacteria,4BAED@82115|Rhizobiaceae","Catalyzes the reduction of ribonucleotides to deoxyribonucleotides. May function to provide a pool of deoxyribonucleotide precursors for DNA repair during oxygen limitation and or for immediate growth after restoration of oxygen"
"ko:K00525",3940.52018876002,0.105363205040774,0.0262393520982975,4.01546519312153,5.93286547383111e-05,0.0054730683996092,"k87_6703901_1","COG0209@1|root,COG0209@2|Bacteria,1MUJ8@1224|Proteobacteria,2TS2I@28211|Alphaproteobacteria,2JQA4@204441|Rhodospirillales","Catalyzes the reduction of ribonucleotides to deoxyribonucleotides. May function to provide a pool of deoxyribonucleotide precursors for DNA repair during oxygen limitation and or for immediate growth after restoration of oxygen"
"ko:K00525",3940.52018876002,0.105363205040774,0.0262393520982975,4.01546519312153,5.93286547383111e-05,0.0054730683996092,"k87_6706147_2","COG0209@1|root,COG0209@2|Bacteria,1MUJ8@1224|Proteobacteria,1RQUR@1236|Gammaproteobacteria,1X2Z8@135614|Xanthomonadales","Catalyzes the reduction of ribonucleotides to deoxyribonucleotides. May function to provide a pool of deoxyribonucleotide precursors for DNA repair during oxygen limitation and or for immediate growth after restoration of oxygen"
"ko:K00525",3940.52018876002,0.105363205040774,0.0262393520982975,4.01546519312153,5.93286547383111e-05,0.0054730683996092,"k87_6719956_1","COG0209@1|root,COG0209@2|Bacteria,2GKX9@201174|Actinobacteria,4CP7K@84995|Rubrobacteria","Catalyzes the reduction of ribonucleotides to deoxyribonucleotides. May function to provide a pool of deoxyribonucleotide precursors for DNA repair during oxygen limitation and or for immediate growth after restoration of oxygen"
"ko:K00525",3940.52018876002,0.105363205040774,0.0262393520982975,4.01546519312153,5.93286547383111e-05,0.0054730683996092,"k87_6791437_2","COG0209@1|root,COG0209@2|Bacteria,1MUJ8@1224|Proteobacteria,2TS19@28211|Alphaproteobacteria,2JQ7S@204441|Rhodospirillales","Catalyzes the reduction of ribonucleotides to deoxyribonucleotides. May function to provide a pool of deoxyribonucleotide precursors for DNA repair during oxygen limitation and or for immediate growth after restoration of oxygen"
"ko:K00525",3940.52018876002,0.105363205040774,0.0262393520982975,4.01546519312153,5.93286547383111e-05,0.0054730683996092,"k87_6938461_1","COG0209@1|root,COG0209@2|Bacteria,1MUJ8@1224|Proteobacteria,1RQUR@1236|Gammaproteobacteria,1X2Z8@135614|Xanthomonadales","Catalyzes the reduction of ribonucleotides to deoxyribonucleotides. May function to provide a pool of deoxyribonucleotide precursors for DNA repair during oxygen limitation and or for immediate growth after restoration of oxygen"
"ko:K00525",3940.52018876002,0.105363205040774,0.0262393520982975,4.01546519312153,5.93286547383111e-05,0.0054730683996092,"k87_7004902_1","COG0209@1|root,COG0209@2|Bacteria,1MUJ8@1224|Proteobacteria,2TS2I@28211|Alphaproteobacteria,2PV6D@265|Paracoccus","Catalyzes the reduction of ribonucleotides to deoxyribonucleotides. May function to provide a pool of deoxyribonucleotide precursors for DNA repair during oxygen limitation and or for immediate growth after restoration of oxygen"
"ko:K00556",277.441926284889,-0.347477423473498,0.095578329746947,-3.63552516970613,0.000277414904818725,0.0163785759804975,"k87_1695640_2","COG0566@1|root,COG0566@2|Bacteria,2GM1A@201174|Actinobacteria,2330U@1762|Mycobacteriaceae","tRNA rRNA methyltransferase, SpoU"
"ko:K00556",277.441926284889,-0.347477423473498,0.095578329746947,-3.63552516970613,0.000277414904818725,0.0163785759804975,"k87_2080924_4","COG0566@1|root,COG0566@2|Bacteria,2GM1A@201174|Actinobacteria,4DN90@85009|Propionibacteriales","SpoU rRNA Methylase family"
"ko:K00556",277.441926284889,-0.347477423473498,0.095578329746947,-3.63552516970613,0.000277414904818725,0.0163785759804975,"k87_2483842_2","COG0566@1|root,COG0566@2|Bacteria,2GM1A@201174|Actinobacteria,4DN90@85009|Propionibacteriales","SpoU rRNA Methylase family"
"ko:K00556",277.441926284889,-0.347477423473498,0.095578329746947,-3.63552516970613,0.000277414904818725,0.0163785759804975,"k87_3570942_1","COG0566@1|root,COG0566@2|Bacteria,2GM1A@201174|Actinobacteria,4FKEC@85023|Microbacteriaceae","SpoU rRNA Methylase family"
"ko:K00556",277.441926284889,-0.347477423473498,0.095578329746947,-3.63552516970613,0.000277414904818725,0.0163785759804975,"k87_4926424_3","COG0566@1|root,COG0566@2|Bacteria,2GM1A@201174|Actinobacteria,4DN90@85009|Propionibacteriales","SpoU rRNA Methylase family"
"ko:K00556",277.441926284889,-0.347477423473498,0.095578329746947,-3.63552516970613,0.000277414904818725,0.0163785759804975,"k87_5654393_2","COG0566@1|root,COG0566@2|Bacteria,2GM1A@201174|Actinobacteria,4DN90@85009|Propionibacteriales","SpoU rRNA Methylase family"
"ko:K00556",277.441926284889,-0.347477423473498,0.095578329746947,-3.63552516970613,0.000277414904818725,0.0163785759804975,"k87_6649115_2","COG0566@1|root,COG0566@2|Bacteria,2GM1A@201174|Actinobacteria,4FKEC@85023|Microbacteriaceae","SpoU rRNA Methylase family"
"ko:K01338",3258.31766748804,0.0990164922478796,0.0288434564328937,3.43289274218047,0.000597178288548291,0.0284333920612025,"k87_76800_1","COG0466@1|root,COG0466@2|Bacteria,1MUV2@1224|Proteobacteria,2TR4E@28211|Alphaproteobacteria,2K15B@204457|Sphingomonadales","ATP-dependent serine protease that mediates the selective degradation of mutant and abnormal proteins as well as certain short-lived regulatory proteins. Required for cellular homeostasis and for survival from DNA damage and developmental changes induced by stress. Degrades polypeptides processively to yield small peptide fragments that are 5 to 10 amino acids long. Binds to DNA in a double-stranded, site-specific manner"
"ko:K01338",3258.31766748804,0.0990164922478796,0.0288434564328937,3.43289274218047,0.000597178288548291,0.0284333920612025,"k87_100032_1","COG0466@1|root,COG0466@2|Bacteria,1MUV2@1224|Proteobacteria,1RPCB@1236|Gammaproteobacteria,1X489@135614|Xanthomonadales","ATP-dependent serine protease that mediates the selective degradation of mutant and abnormal proteins as well as certain short-lived regulatory proteins. Required for cellular homeostasis and for survival from DNA damage and developmental changes induced by stress. Degrades polypeptides processively to yield small peptide fragments that are 5 to 10 amino acids long. Binds to DNA in a double-stranded, site-specific manner"
"ko:K01338",3258.31766748804,0.0990164922478796,0.0288434564328937,3.43289274218047,0.000597178288548291,0.0284333920612025,"k87_102522_1","COG0466@1|root,COG0466@2|Bacteria,1MUV2@1224|Proteobacteria,2TR4E@28211|Alphaproteobacteria,3JRVR@41294|Bradyrhizobiaceae","ATP-dependent serine protease that mediates the selective degradation of mutant and abnormal proteins as well as certain short-lived regulatory proteins. Required for cellular homeostasis and for survival from DNA damage and developmental changes induced by stress. Degrades polypeptides processively to yield small peptide fragments that are 5 to 10 amino acids long. Binds to DNA in a double-stranded, site-specific manner"
"ko:K01338",3258.31766748804,0.0990164922478796,0.0288434564328937,3.43289274218047,0.000597178288548291,0.0284333920612025,"k87_725074_1","COG0466@1|root,COG0466@2|Bacteria,1MUV2@1224|Proteobacteria,2TR4E@28211|Alphaproteobacteria,4BAXM@82115|Rhizobiaceae","ATP-dependent serine protease that mediates the selective degradation of mutant and abnormal proteins as well as certain short-lived regulatory proteins. Required for cellular homeostasis and for survival from DNA damage and developmental changes induced by stress. Degrades polypeptides processively to yield small peptide fragments that are 5 to 10 amino acids long. Binds to DNA in a double-stranded, site-specific manner"
"ko:K01338",3258.31766748804,0.0990164922478796,0.0288434564328937,3.43289274218047,0.000597178288548291,0.0284333920612025,"k87_800694_1","COG0466@1|root,COG0466@2|Bacteria,1MUV2@1224|Proteobacteria,2VIAU@28216|Betaproteobacteria,4AARJ@80864|Comamonadaceae","ATP-dependent serine protease that mediates the selective degradation of mutant and abnormal proteins as well as certain short-lived regulatory proteins. Required for cellular homeostasis and for survival from DNA damage and developmental changes induced by stress. Degrades polypeptides processively to yield small peptide fragments that are 5 to 10 amino acids long. Binds to DNA in a double-stranded, site-specific manner"
"ko:K01338",3258.31766748804,0.0990164922478796,0.0288434564328937,3.43289274218047,0.000597178288548291,0.0284333920612025,"k87_833898_1","COG0466@1|root,COG0466@2|Bacteria,1MUV2@1224|Proteobacteria,2TR4E@28211|Alphaproteobacteria,43H29@69277|Phyllobacteriaceae","ATP-dependent serine protease that mediates the selective degradation of mutant and abnormal proteins as well as certain short-lived regulatory proteins. Required for cellular homeostasis and for survival from DNA damage and developmental changes induced by stress. Degrades polypeptides processively to yield small peptide fragments that are 5 to 10 amino acids long. Binds to DNA in a double-stranded, site-specific manner"
"ko:K01338",3258.31766748804,0.0990164922478796,0.0288434564328937,3.43289274218047,0.000597178288548291,0.0284333920612025,"k87_891166_2","COG0466@1|root,COG0466@2|Bacteria,1MUV2@1224|Proteobacteria,2TR4E@28211|Alphaproteobacteria,4BPJT@82117|unclassified Alphaproteobacteria","ATP-dependent serine protease that mediates the selective degradation of mutant and abnormal proteins as well as certain short-lived regulatory proteins. Required for cellular homeostasis and for survival from DNA damage and developmental changes induced by stress. Degrades polypeptides processively to yield small peptide fragments that are 5 to 10 amino acids long. Binds to DNA in a double-stranded, site-specific manner"
"ko:K01338",3258.31766748804,0.0990164922478796,0.0288434564328937,3.43289274218047,0.000597178288548291,0.0284333920612025,"k87_1033131_1","COG0466@1|root,COG0466@2|Bacteria,2GK9D@201174|Actinobacteria,4CPRA@84995|Rubrobacteria","Lon protease (S16) C-terminal proteolytic domain"
"ko:K01338",3258.31766748804,0.0990164922478796,0.0288434564328937,3.43289274218047,0.000597178288548291,0.0284333920612025,"k87_1188138_3","COG0466@1|root,COG0466@2|Bacteria,1MUV2@1224|Proteobacteria,2TR4E@28211|Alphaproteobacteria,3N6J9@45401|Hyphomicrobiaceae","ATP-dependent serine protease that mediates the selective degradation of mutant and abnormal proteins as well as certain short-lived regulatory proteins. Required for cellular homeostasis and for survival from DNA damage and developmental changes induced by stress. Degrades polypeptides processively to yield small peptide fragments that are 5 to 10 amino acids long. Binds to DNA in a double-stranded, site-specific manner"
"ko:K01338",3258.31766748804,0.0990164922478796,0.0288434564328937,3.43289274218047,0.000597178288548291,0.0284333920612025,"k87_1329293_2","COG0466@1|root,COG0466@2|Bacteria,1MUV2@1224|Proteobacteria,2TR4E@28211|Alphaproteobacteria,3EXVK@335928|Xanthobacteraceae","ATP-dependent serine protease that mediates the selective degradation of mutant and abnormal proteins as well as certain short-lived regulatory proteins. Required for cellular homeostasis and for survival from DNA damage and developmental changes induced by stress. Degrades polypeptides processively to yield small peptide fragments that are 5 to 10 amino acids long. Binds to DNA in a double-stranded, site-specific manner"
"ko:K01338",3258.31766748804,0.0990164922478796,0.0288434564328937,3.43289274218047,0.000597178288548291,0.0284333920612025,"k87_1390258_3","COG0466@1|root,COG0466@2|Bacteria,2GK9D@201174|Actinobacteria,4CPRA@84995|Rubrobacteria","Lon protease (S16) C-terminal proteolytic domain"
"ko:K01338",3258.31766748804,0.0990164922478796,0.0288434564328937,3.43289274218047,0.000597178288548291,0.0284333920612025,"k87_1407546_1","COG0466@1|root,COG0466@2|Bacteria,1MUV2@1224|Proteobacteria,2TR4E@28211|Alphaproteobacteria,3FCIA@34008|Rhodovulum","ATP-dependent serine protease that mediates the selective degradation of mutant and abnormal proteins as well as certain short-lived regulatory proteins. Required for cellular homeostasis and for survival from DNA damage and developmental changes induced by stress. Degrades polypeptides processively to yield small peptide fragments that are 5 to 10 amino acids long. Binds to DNA in a double-stranded, site-specific manner"
"ko:K01338",3258.31766748804,0.0990164922478796,0.0288434564328937,3.43289274218047,0.000597178288548291,0.0284333920612025,"k87_1408847_1","COG0466@1|root,COG0466@2|Bacteria,2GK9D@201174|Actinobacteria,4CPRA@84995|Rubrobacteria","Lon protease (S16) C-terminal proteolytic domain"
"ko:K01338",3258.31766748804,0.0990164922478796,0.0288434564328937,3.43289274218047,0.000597178288548291,0.0284333920612025,"k87_1473327_1","COG0466@1|root,COG0466@2|Bacteria,3J0DQ@40117|Nitrospirae","ATP-dependent serine protease that mediates the selective degradation of mutant and abnormal proteins as well as certain short-lived regulatory proteins. Required for cellular homeostasis and for survival from DNA damage and developmental changes induced by stress. Degrades polypeptides processively to yield small peptide fragments that are 5 to 10 amino acids long. Binds to DNA in a double-stranded, site-specific manner"
"ko:K01338",3258.31766748804,0.0990164922478796,0.0288434564328937,3.43289274218047,0.000597178288548291,0.0284333920612025,"k87_1536138_2","COG0466@1|root,COG0466@2|Bacteria,1MUV2@1224|Proteobacteria,2TR4E@28211|Alphaproteobacteria,3JRVR@41294|Bradyrhizobiaceae","ATP-dependent serine protease that mediates the selective degradation of mutant and abnormal proteins as well as certain short-lived regulatory proteins. Required for cellular homeostasis and for survival from DNA damage and developmental changes induced by stress. Degrades polypeptides processively to yield small peptide fragments that are 5 to 10 amino acids long. Binds to DNA in a double-stranded, site-specific manner"
"ko:K01338",3258.31766748804,0.0990164922478796,0.0288434564328937,3.43289274218047,0.000597178288548291,0.0284333920612025,"k87_1788117_2","COG0466@1|root,COG0466@2|Bacteria,1MUV2@1224|Proteobacteria,2TR4E@28211|Alphaproteobacteria,3JRVR@41294|Bradyrhizobiaceae","ATP-dependent serine protease that mediates the selective degradation of mutant and abnormal proteins as well as certain short-lived regulatory proteins. Required for cellular homeostasis and for survival from DNA damage and developmental changes induced by stress. Degrades polypeptides processively to yield small peptide fragments that are 5 to 10 amino acids long. Binds to DNA in a double-stranded, site-specific manner"
"ko:K01338",3258.31766748804,0.0990164922478796,0.0288434564328937,3.43289274218047,0.000597178288548291,0.0284333920612025,"k87_1833118_1","COG0466@1|root,COG0466@2|Bacteria,1MUV2@1224|Proteobacteria,2VIAU@28216|Betaproteobacteria,1KK9N@119065|unclassified Burkholderiales","ATP-dependent serine protease that mediates the selective degradation of mutant and abnormal proteins as well as certain short-lived regulatory proteins. Required for cellular homeostasis and for survival from DNA damage and developmental changes induced by stress. Degrades polypeptides processively to yield small peptide fragments that are 5 to 10 amino acids long. Binds to DNA in a double-stranded, site-specific manner"
"ko:K01338",3258.31766748804,0.0990164922478796,0.0288434564328937,3.43289274218047,0.000597178288548291,0.0284333920612025,"k87_1873645_2","COG0466@1|root,COG0466@2|Bacteria,2GEKN@200930|Deferribacteres","ATP-dependent serine protease that mediates the selective degradation of mutant and abnormal proteins as well as certain short-lived regulatory proteins. Required for cellular homeostasis and for survival from DNA damage and developmental changes induced by stress. Degrades polypeptides processively to yield small peptide fragments that are 5 to 10 amino acids long. Binds to DNA in a double-stranded, site-specific manner"
"ko:K01338",3258.31766748804,0.0990164922478796,0.0288434564328937,3.43289274218047,0.000597178288548291,0.0284333920612025,"k87_1883035_1","COG0466@1|root,COG0466@2|Bacteria,1MUV2@1224|Proteobacteria,1RPCB@1236|Gammaproteobacteria,1X489@135614|Xanthomonadales","ATP-dependent serine protease that mediates the selective degradation of mutant and abnormal proteins as well as certain short-lived regulatory proteins. Required for cellular homeostasis and for survival from DNA damage and developmental changes induced by stress. Degrades polypeptides processively to yield small peptide fragments that are 5 to 10 amino acids long. Binds to DNA in a double-stranded, site-specific manner"
"ko:K01338",3258.31766748804,0.0990164922478796,0.0288434564328937,3.43289274218047,0.000597178288548291,0.0284333920612025,"k87_1952967_2","COG0466@1|root,COG0466@2|Bacteria,1MUV2@1224|Proteobacteria,2VIAU@28216|Betaproteobacteria,1K10Y@119060|Burkholderiaceae","ATP-dependent serine protease that mediates the selective degradation of mutant and abnormal proteins as well as certain short-lived regulatory proteins. Required for cellular homeostasis and for survival from DNA damage and developmental changes induced by stress. Degrades polypeptides processively to yield small peptide fragments that are 5 to 10 amino acids long. Binds to DNA in a double-stranded, site-specific manner"
"ko:K01338",3258.31766748804,0.0990164922478796,0.0288434564328937,3.43289274218047,0.000597178288548291,0.0284333920612025,"k87_2090771_1","COG0466@1|root,COG0466@2|Bacteria,2HH29@201174|Actinobacteria,4CP2C@84992|Acidimicrobiia","ATPase family associated with various cellular activities (AAA)"
"ko:K01338",3258.31766748804,0.0990164922478796,0.0288434564328937,3.43289274218047,0.000597178288548291,0.0284333920612025,"k87_2126473_1","COG0466@1|root,COG0466@2|Bacteria,1MUV2@1224|Proteobacteria,2TR4E@28211|Alphaproteobacteria,2K15B@204457|Sphingomonadales","ATP-dependent serine protease that mediates the selective degradation of mutant and abnormal proteins as well as certain short-lived regulatory proteins. Required for cellular homeostasis and for survival from DNA damage and developmental changes induced by stress. Degrades polypeptides processively to yield small peptide fragments that are 5 to 10 amino acids long. Binds to DNA in a double-stranded, site-specific manner"
"ko:K01338",3258.31766748804,0.0990164922478796,0.0288434564328937,3.43289274218047,0.000597178288548291,0.0284333920612025,"k87_2134654_2","COG0466@1|root,COG0466@2|Bacteria,1MUV2@1224|Proteobacteria,2VIAU@28216|Betaproteobacteria,1K10Y@119060|Burkholderiaceae","ATP-dependent serine protease that mediates the selective degradation of mutant and abnormal proteins as well as certain short-lived regulatory proteins. Required for cellular homeostasis and for survival from DNA damage and developmental changes induced by stress. Degrades polypeptides processively to yield small peptide fragments that are 5 to 10 amino acids long. Binds to DNA in a double-stranded, site-specific manner"
"ko:K01338",3258.31766748804,0.0990164922478796,0.0288434564328937,3.43289274218047,0.000597178288548291,0.0284333920612025,"k87_2401032_1","COG0466@1|root,COG0466@2|Bacteria,2GK9D@201174|Actinobacteria,4CPRA@84995|Rubrobacteria","Lon protease (S16) C-terminal proteolytic domain"
"ko:K01338",3258.31766748804,0.0990164922478796,0.0288434564328937,3.43289274218047,0.000597178288548291,0.0284333920612025,"k87_2423707_1","COG0466@1|root,COG0466@2|Bacteria,2GK9D@201174|Actinobacteria","ATP-dependent serine protease that mediates the selective degradation of mutant and abnormal proteins as well as certain short-lived regulatory proteins. Required for cellular homeostasis and for survival from DNA damage and developmental changes induced by stress. Degrades polypeptides processively to yield small peptide fragments that are 5 to 10 amino acids long. Binds to DNA in a double-stranded, site-specific manner"
"ko:K01338",3258.31766748804,0.0990164922478796,0.0288434564328937,3.43289274218047,0.000597178288548291,0.0284333920612025,"k87_2481030_1","COG0466@1|root,COG0466@2|Bacteria,1MUV2@1224|Proteobacteria,2TR4E@28211|Alphaproteobacteria,43H29@69277|Phyllobacteriaceae","ATP-dependent serine protease that mediates the selective degradation of mutant and abnormal proteins as well as certain short-lived regulatory proteins. Required for cellular homeostasis and for survival from DNA damage and developmental changes induced by stress. Degrades polypeptides processively to yield small peptide fragments that are 5 to 10 amino acids long. Binds to DNA in a double-stranded, site-specific manner"
"ko:K01338",3258.31766748804,0.0990164922478796,0.0288434564328937,3.43289274218047,0.000597178288548291,0.0284333920612025,"k87_2509127_3","COG0466@1|root,COG0466@2|Bacteria,1MUV2@1224|Proteobacteria,1RPCB@1236|Gammaproteobacteria,1WWYF@135613|Chromatiales","ATP-dependent serine protease that mediates the selective degradation of mutant and abnormal proteins as well as certain short-lived regulatory proteins. Required for cellular homeostasis and for survival from DNA damage and developmental changes induced by stress. Degrades polypeptides processively to yield small peptide fragments that are 5 to 10 amino acids long. Binds to DNA in a double-stranded, site-specific manner"
"ko:K01338",3258.31766748804,0.0990164922478796,0.0288434564328937,3.43289274218047,0.000597178288548291,0.0284333920612025,"k87_2510966_2","COG0466@1|root,COG0466@2|Bacteria,3J0DQ@40117|Nitrospirae","ATP-dependent serine protease that mediates the selective degradation of mutant and abnormal proteins as well as certain short-lived regulatory proteins. Required for cellular homeostasis and for survival from DNA damage and developmental changes induced by stress. Degrades polypeptides processively to yield small peptide fragments that are 5 to 10 amino acids long. Binds to DNA in a double-stranded, site-specific manner"
"ko:K01338",3258.31766748804,0.0990164922478796,0.0288434564328937,3.43289274218047,0.000597178288548291,0.0284333920612025,"k87_2558582_1","COG0466@1|root,COG0466@2|Bacteria,1MUV2@1224|Proteobacteria,2TR4E@28211|Alphaproteobacteria,1JR4X@119045|Methylobacteriaceae","ATP-dependent serine protease that mediates the selective degradation of mutant and abnormal proteins as well as certain short-lived regulatory proteins. Required for cellular homeostasis and for survival from DNA damage and developmental changes induced by stress. Degrades polypeptides processively to yield small peptide fragments that are 5 to 10 amino acids long. Binds to DNA in a double-stranded, site-specific manner"
"ko:K01338",3258.31766748804,0.0990164922478796,0.0288434564328937,3.43289274218047,0.000597178288548291,0.0284333920612025,"k87_3170584_1","COG0466@1|root,COG0466@2|Bacteria,1MUV2@1224|Proteobacteria,2U0IK@28211|Alphaproteobacteria,3JTMI@41294|Bradyrhizobiaceae","ATP-dependent serine protease that mediates the selective degradation of mutant and abnormal proteins as well as certain short-lived regulatory proteins. Required for cellular homeostasis and for survival from DNA damage and developmental changes induced by stress. Degrades polypeptides processively to yield small peptide fragments that are 5 to 10 amino acids long. Binds to DNA in a double-stranded, site-specific manner"
"ko:K01338",3258.31766748804,0.0990164922478796,0.0288434564328937,3.43289274218047,0.000597178288548291,0.0284333920612025,"k87_3193468_1","COG0466@1|root,COG0466@2|Bacteria,2GK9D@201174|Actinobacteria,4CPRA@84995|Rubrobacteria","Lon protease (S16) C-terminal proteolytic domain"
"ko:K01338",3258.31766748804,0.0990164922478796,0.0288434564328937,3.43289274218047,0.000597178288548291,0.0284333920612025,"k87_3383284_2","COG0466@1|root,COG0466@2|Bacteria,1MUV2@1224|Proteobacteria,2TR4E@28211|Alphaproteobacteria,4BAXM@82115|Rhizobiaceae","ATP-dependent serine protease that mediates the selective degradation of mutant and abnormal proteins as well as certain short-lived regulatory proteins. Required for cellular homeostasis and for survival from DNA damage and developmental changes induced by stress. Degrades polypeptides processively to yield small peptide fragments that are 5 to 10 amino acids long. Binds to DNA in a double-stranded, site-specific manner"
"ko:K01338",3258.31766748804,0.0990164922478796,0.0288434564328937,3.43289274218047,0.000597178288548291,0.0284333920612025,"k87_3427089_3","COG2204@1|root,COG2204@2|Bacteria,46U06@74201|Verrucomicrobia,3K7QW@414999|Opitutae","two component, sigma54 specific, transcriptional regulator, Fis family"
"ko:K01338",3258.31766748804,0.0990164922478796,0.0288434564328937,3.43289274218047,0.000597178288548291,0.0284333920612025,"k87_3685452_1","COG0466@1|root,COG0466@2|Bacteria,3J0DQ@40117|Nitrospirae","ATP-dependent serine protease that mediates the selective degradation of mutant and abnormal proteins as well as certain short-lived regulatory proteins. Required for cellular homeostasis and for survival from DNA damage and developmental changes induced by stress. Degrades polypeptides processively to yield small peptide fragments that are 5 to 10 amino acids long. Binds to DNA in a double-stranded, site-specific manner"
"ko:K01338",3258.31766748804,0.0990164922478796,0.0288434564328937,3.43289274218047,0.000597178288548291,0.0284333920612025,"k87_3763538_1","COG0466@1|root,COG0466@2|Bacteria,1MUV2@1224|Proteobacteria,2VIAU@28216|Betaproteobacteria,4AARJ@80864|Comamonadaceae","ATP-dependent serine protease that mediates the selective degradation of mutant and abnormal proteins as well as certain short-lived regulatory proteins. Required for cellular homeostasis and for survival from DNA damage and developmental changes induced by stress. Degrades polypeptides processively to yield small peptide fragments that are 5 to 10 amino acids long. Binds to DNA in a double-stranded, site-specific manner"
"ko:K01338",3258.31766748804,0.0990164922478796,0.0288434564328937,3.43289274218047,0.000597178288548291,0.0284333920612025,"k87_3797014_4","COG0466@1|root,COG0466@2|Bacteria,2GK9D@201174|Actinobacteria,4CPRA@84995|Rubrobacteria","Lon protease (S16) C-terminal proteolytic domain"
"ko:K01338",3258.31766748804,0.0990164922478796,0.0288434564328937,3.43289274218047,0.000597178288548291,0.0284333920612025,"k87_3797021_1","COG0466@1|root,COG0466@2|Bacteria,1MUV2@1224|Proteobacteria,2VIAU@28216|Betaproteobacteria,1K10Y@119060|Burkholderiaceae","ATP-dependent serine protease that mediates the selective degradation of mutant and abnormal proteins as well as certain short-lived regulatory proteins. Required for cellular homeostasis and for survival from DNA damage and developmental changes induced by stress. Degrades polypeptides processively to yield small peptide fragments that are 5 to 10 amino acids long. Binds to DNA in a double-stranded, site-specific manner"
"ko:K01338",3258.31766748804,0.0990164922478796,0.0288434564328937,3.43289274218047,0.000597178288548291,0.0284333920612025,"k87_3812863_3","COG0466@1|root,COG0466@2|Bacteria,2GK9D@201174|Actinobacteria,4FYG8@85025|Nocardiaceae","ATP-dependent serine protease that mediates the selective degradation of mutant and abnormal proteins as well as certain short-lived regulatory proteins. Required for cellular homeostasis and for survival from DNA damage and developmental changes induced by stress. Degrades polypeptides processively to yield small peptide fragments that are 5 to 10 amino acids long. Binds to DNA in a double-stranded, site-specific manner"
"ko:K01338",3258.31766748804,0.0990164922478796,0.0288434564328937,3.43289274218047,0.000597178288548291,0.0284333920612025,"k87_3958877_1","COG0466@1|root,COG0466@2|Bacteria,1MUV2@1224|Proteobacteria,2TR4E@28211|Alphaproteobacteria,3EXVK@335928|Xanthobacteraceae","ATP-dependent serine protease that mediates the selective degradation of mutant and abnormal proteins as well as certain short-lived regulatory proteins. Required for cellular homeostasis and for survival from DNA damage and developmental changes induced by stress. Degrades polypeptides processively to yield small peptide fragments that are 5 to 10 amino acids long. Binds to DNA in a double-stranded, site-specific manner"
"ko:K01338",3258.31766748804,0.0990164922478796,0.0288434564328937,3.43289274218047,0.000597178288548291,0.0284333920612025,"k87_4022227_3","COG0466@1|root,COG0466@2|Bacteria,2GK9D@201174|Actinobacteria,4CPRA@84995|Rubrobacteria","Lon protease (S16) C-terminal proteolytic domain"
"ko:K01338",3258.31766748804,0.0990164922478796,0.0288434564328937,3.43289274218047,0.000597178288548291,0.0284333920612025,"k87_4050336_1","COG0466@1|root,COG0466@2|Bacteria,1MUV2@1224|Proteobacteria,2TR4E@28211|Alphaproteobacteria,3FCIA@34008|Rhodovulum","ATP-dependent serine protease that mediates the selective degradation of mutant and abnormal proteins as well as certain short-lived regulatory proteins. Required for cellular homeostasis and for survival from DNA damage and developmental changes induced by stress. Degrades polypeptides processively to yield small peptide fragments that are 5 to 10 amino acids long. Binds to DNA in a double-stranded, site-specific manner"
"ko:K01338",3258.31766748804,0.0990164922478796,0.0288434564328937,3.43289274218047,0.000597178288548291,0.0284333920612025,"k87_4059872_1","COG0466@1|root,COG0466@2|Bacteria,1MUV2@1224|Proteobacteria,2TR4E@28211|Alphaproteobacteria,4BAXM@82115|Rhizobiaceae","ATP-dependent serine protease that mediates the selective degradation of mutant and abnormal proteins as well as certain short-lived regulatory proteins. Required for cellular homeostasis and for survival from DNA damage and developmental changes induced by stress. Degrades polypeptides processively to yield small peptide fragments that are 5 to 10 amino acids long. Binds to DNA in a double-stranded, site-specific manner"
"ko:K01338",3258.31766748804,0.0990164922478796,0.0288434564328937,3.43289274218047,0.000597178288548291,0.0284333920612025,"k87_4141796_2","COG0466@1|root,COG0466@2|Bacteria,2GK9D@201174|Actinobacteria,4CPRA@84995|Rubrobacteria","Lon protease (S16) C-terminal proteolytic domain"
"ko:K01338",3258.31766748804,0.0990164922478796,0.0288434564328937,3.43289274218047,0.000597178288548291,0.0284333920612025,"k87_4155144_1","COG0466@1|root,COG0466@2|Bacteria,2GK9D@201174|Actinobacteria,4DNTS@85009|Propionibacteriales","ATP-dependent serine protease that mediates the selective degradation of mutant and abnormal proteins as well as certain short-lived regulatory proteins. Required for cellular homeostasis and for survival from DNA damage and developmental changes induced by stress. Degrades polypeptides processively to yield small peptide fragments that are 5 to 10 amino acids long. Binds to DNA in a double-stranded, site-specific manner"
"ko:K01338",3258.31766748804,0.0990164922478796,0.0288434564328937,3.43289274218047,0.000597178288548291,0.0284333920612025,"k87_4394971_1","COG0466@1|root,COG0466@2|Bacteria,1MUV2@1224|Proteobacteria,2VIAU@28216|Betaproteobacteria,1K10Y@119060|Burkholderiaceae","ATP-dependent serine protease that mediates the selective degradation of mutant and abnormal proteins as well as certain short-lived regulatory proteins. Required for cellular homeostasis and for survival from DNA damage and developmental changes induced by stress. Degrades polypeptides processively to yield small peptide fragments that are 5 to 10 amino acids long. Binds to DNA in a double-stranded, site-specific manner"
"ko:K01338",3258.31766748804,0.0990164922478796,0.0288434564328937,3.43289274218047,0.000597178288548291,0.0284333920612025,"k87_4692107_1","COG0466@1|root,COG0466@2|Bacteria,2GK9D@201174|Actinobacteria,4FYG8@85025|Nocardiaceae","ATP-dependent serine protease that mediates the selective degradation of mutant and abnormal proteins as well as certain short-lived regulatory proteins. Required for cellular homeostasis and for survival from DNA damage and developmental changes induced by stress. Degrades polypeptides processively to yield small peptide fragments that are 5 to 10 amino acids long. Binds to DNA in a double-stranded, site-specific manner"
"ko:K01338",3258.31766748804,0.0990164922478796,0.0288434564328937,3.43289274218047,0.000597178288548291,0.0284333920612025,"k87_4706590_1","COG0466@1|root,COG0466@2|Bacteria,2GK9D@201174|Actinobacteria,4DNTS@85009|Propionibacteriales","ATP-dependent serine protease that mediates the selective degradation of mutant and abnormal proteins as well as certain short-lived regulatory proteins. Required for cellular homeostasis and for survival from DNA damage and developmental changes induced by stress. Degrades polypeptides processively to yield small peptide fragments that are 5 to 10 amino acids long. Binds to DNA in a double-stranded, site-specific manner"
"ko:K01338",3258.31766748804,0.0990164922478796,0.0288434564328937,3.43289274218047,0.000597178288548291,0.0284333920612025,"k87_4904753_1","COG0466@1|root,COG0466@2|Bacteria,1MUV2@1224|Proteobacteria,2TR4E@28211|Alphaproteobacteria","ATP-dependent serine protease that mediates the selective degradation of mutant and abnormal proteins as well as certain short-lived regulatory proteins. Required for cellular homeostasis and for survival from DNA damage and developmental changes induced by stress. Degrades polypeptides processively to yield small peptide fragments that are 5 to 10 amino acids long. Binds to DNA in a double-stranded, site-specific manner"
"ko:K01338",3258.31766748804,0.0990164922478796,0.0288434564328937,3.43289274218047,0.000597178288548291,0.0284333920612025,"k87_5154840_2","COG0466@1|root,COG0466@2|Bacteria,1MWQ9@1224|Proteobacteria,2VJKY@28216|Betaproteobacteria,4AB5F@80864|Comamonadaceae","PFAM AAA ATPase central domain protein"
"ko:K01338",3258.31766748804,0.0990164922478796,0.0288434564328937,3.43289274218047,0.000597178288548291,0.0284333920612025,"k87_5207398_2","COG0466@1|root,COG0466@2|Bacteria,1MUV2@1224|Proteobacteria,2TR4E@28211|Alphaproteobacteria,2JQC9@204441|Rhodospirillales","ATP-dependent serine protease that mediates the selective degradation of mutant and abnormal proteins as well as certain short-lived regulatory proteins. Required for cellular homeostasis and for survival from DNA damage and developmental changes induced by stress. Degrades polypeptides processively to yield small peptide fragments that are 5 to 10 amino acids long. Binds to DNA in a double-stranded, site-specific manner"
"ko:K01338",3258.31766748804,0.0990164922478796,0.0288434564328937,3.43289274218047,0.000597178288548291,0.0284333920612025,"k87_5816748_1","COG0466@1|root,COG0466@2|Bacteria,3J0DQ@40117|Nitrospirae","ATP-dependent serine protease that mediates the selective degradation of mutant and abnormal proteins as well as certain short-lived regulatory proteins. Required for cellular homeostasis and for survival from DNA damage and developmental changes induced by stress. Degrades polypeptides processively to yield small peptide fragments that are 5 to 10 amino acids long. Binds to DNA in a double-stranded, site-specific manner"
"ko:K01338",3258.31766748804,0.0990164922478796,0.0288434564328937,3.43289274218047,0.000597178288548291,0.0284333920612025,"k87_6111537_2","COG0466@1|root,COG0466@2|Bacteria,1MUV2@1224|Proteobacteria,2U0IK@28211|Alphaproteobacteria,1JSZW@119045|Methylobacteriaceae","Lon protease (S16) C-terminal proteolytic domain"
"ko:K01338",3258.31766748804,0.0990164922478796,0.0288434564328937,3.43289274218047,0.000597178288548291,0.0284333920612025,"k87_6115796_13","COG0466@1|root,COG0466@2|Bacteria,1MUV2@1224|Proteobacteria,1RPCB@1236|Gammaproteobacteria,1X489@135614|Xanthomonadales","ATP-dependent serine protease that mediates the selective degradation of mutant and abnormal proteins as well as certain short-lived regulatory proteins. Required for cellular homeostasis and for survival from DNA damage and developmental changes induced by stress. Degrades polypeptides processively to yield small peptide fragments that are 5 to 10 amino acids long. Binds to DNA in a double-stranded, site-specific manner"
"ko:K01338",3258.31766748804,0.0990164922478796,0.0288434564328937,3.43289274218047,0.000597178288548291,0.0284333920612025,"k87_6166798_1","COG0466@1|root,COG0466@2|Bacteria,1MUV2@1224|Proteobacteria,2VIAU@28216|Betaproteobacteria,4AARJ@80864|Comamonadaceae","ATP-dependent serine protease that mediates the selective degradation of mutant and abnormal proteins as well as certain short-lived regulatory proteins. Required for cellular homeostasis and for survival from DNA damage and developmental changes induced by stress. Degrades polypeptides processively to yield small peptide fragments that are 5 to 10 amino acids long. Binds to DNA in a double-stranded, site-specific manner"
"ko:K01338",3258.31766748804,0.0990164922478796,0.0288434564328937,3.43289274218047,0.000597178288548291,0.0284333920612025,"k87_6215647_1","COG0466@1|root,COG0466@2|Bacteria,1MUV2@1224|Proteobacteria,2TR4E@28211|Alphaproteobacteria,1JR4X@119045|Methylobacteriaceae","ATP-dependent serine protease that mediates the selective degradation of mutant and abnormal proteins as well as certain short-lived regulatory proteins. Required for cellular homeostasis and for survival from DNA damage and developmental changes induced by stress. Degrades polypeptides processively to yield small peptide fragments that are 5 to 10 amino acids long. Binds to DNA in a double-stranded, site-specific manner"
"ko:K01338",3258.31766748804,0.0990164922478796,0.0288434564328937,3.43289274218047,0.000597178288548291,0.0284333920612025,"k87_6215647_2","COG0466@1|root,COG0466@2|Bacteria,1MUV2@1224|Proteobacteria,2TR4E@28211|Alphaproteobacteria,2KFS4@204458|Caulobacterales","ATP-dependent serine protease that mediates the selective degradation of mutant and abnormal proteins as well as certain short-lived regulatory proteins. Required for cellular homeostasis and for survival from DNA damage and developmental changes induced by stress. Degrades polypeptides processively to yield small peptide fragments that are 5 to 10 amino acids long. Binds to DNA in a double-stranded, site-specific manner"
"ko:K01338",3258.31766748804,0.0990164922478796,0.0288434564328937,3.43289274218047,0.000597178288548291,0.0284333920612025,"k87_6307402_2","COG0466@1|root,COG0466@2|Bacteria,1MUV2@1224|Proteobacteria,2VIAU@28216|Betaproteobacteria,1KK9N@119065|unclassified Burkholderiales","ATP-dependent serine protease that mediates the selective degradation of mutant and abnormal proteins as well as certain short-lived regulatory proteins. Required for cellular homeostasis and for survival from DNA damage and developmental changes induced by stress. Degrades polypeptides processively to yield small peptide fragments that are 5 to 10 amino acids long. Binds to DNA in a double-stranded, site-specific manner"
"ko:K01338",3258.31766748804,0.0990164922478796,0.0288434564328937,3.43289274218047,0.000597178288548291,0.0284333920612025,"k87_6363127_1","COG0466@1|root,COG0466@2|Bacteria,1MUV2@1224|Proteobacteria,2TR4E@28211|Alphaproteobacteria,43H29@69277|Phyllobacteriaceae","ATP-dependent serine protease that mediates the selective degradation of mutant and abnormal proteins as well as certain short-lived regulatory proteins. Required for cellular homeostasis and for survival from DNA damage and developmental changes induced by stress. Degrades polypeptides processively to yield small peptide fragments that are 5 to 10 amino acids long. Binds to DNA in a double-stranded, site-specific manner"
"ko:K01338",3258.31766748804,0.0990164922478796,0.0288434564328937,3.43289274218047,0.000597178288548291,0.0284333920612025,"k87_6421332_1","COG0466@1|root,COG0466@2|Bacteria,4NE1G@976|Bacteroidetes,1IQDQ@117747|Sphingobacteriia","ATP-dependent serine protease that mediates the selective degradation of mutant and abnormal proteins as well as certain short-lived regulatory proteins. Required for cellular homeostasis and for survival from DNA damage and developmental changes induced by stress. Degrades polypeptides processively to yield small peptide fragments that are 5 to 10 amino acids long. Binds to DNA in a double-stranded, site-specific manner"
"ko:K01338",3258.31766748804,0.0990164922478796,0.0288434564328937,3.43289274218047,0.000597178288548291,0.0284333920612025,"k87_6449996_1","COG0466@1|root,COG0466@2|Bacteria,1MUV2@1224|Proteobacteria,2TR4E@28211|Alphaproteobacteria,1JR4X@119045|Methylobacteriaceae","ATP-dependent serine protease that mediates the selective degradation of mutant and abnormal proteins as well as certain short-lived regulatory proteins. Required for cellular homeostasis and for survival from DNA damage and developmental changes induced by stress. Degrades polypeptides processively to yield small peptide fragments that are 5 to 10 amino acids long. Binds to DNA in a double-stranded, site-specific manner"
"ko:K01338",3258.31766748804,0.0990164922478796,0.0288434564328937,3.43289274218047,0.000597178288548291,0.0284333920612025,"k87_7040555_2","COG0466@1|root,COG0466@2|Bacteria,3J0DQ@40117|Nitrospirae","ATP-dependent serine protease that mediates the selective degradation of mutant and abnormal proteins as well as certain short-lived regulatory proteins. Required for cellular homeostasis and for survival from DNA damage and developmental changes induced by stress. Degrades polypeptides processively to yield small peptide fragments that are 5 to 10 amino acids long. Binds to DNA in a double-stranded, site-specific manner"
"ko:K01609",644.999580458337,-0.215219994834463,0.0645543002126757,-3.33393738489017,0.000856259309004583,0.0371717276497284,"k87_265618_4","COG0134@1|root,COG0134@2|Bacteria,1MW5K@1224|Proteobacteria,2TSZE@28211|Alphaproteobacteria,2K0PS@204457|Sphingomonadales","Belongs to the TrpC family"
"ko:K01609",644.999580458337,-0.215219994834463,0.0645543002126757,-3.33393738489017,0.000856259309004583,0.0371717276497284,"k87_297519_1","COG0134@1|root,COG0134@2|Bacteria,2GIVV@201174|Actinobacteria,4FFW9@85021|Intrasporangiaceae","Belongs to the TrpC family"
"ko:K01609",644.999580458337,-0.215219994834463,0.0645543002126757,-3.33393738489017,0.000856259309004583,0.0371717276497284,"k87_739326_2","COG0134@1|root,COG0134@2|Bacteria,2GIVV@201174|Actinobacteria","Belongs to the TrpC family"
"ko:K01609",644.999580458337,-0.215219994834463,0.0645543002126757,-3.33393738489017,0.000856259309004583,0.0371717276497284,"k87_944226_2","COG0134@1|root,COG0134@2|Bacteria,2GIVV@201174|Actinobacteria,1W89R@1268|Micrococcaceae","Belongs to the TrpC family"
"ko:K01609",644.999580458337,-0.215219994834463,0.0645543002126757,-3.33393738489017,0.000856259309004583,0.0371717276497284,"k87_991743_1","COG0134@1|root,COG0134@2|Bacteria,2GIVV@201174|Actinobacteria,4DNTB@85009|Propionibacteriales","Indole-3-glycerol phosphate synthase"
"ko:K01609",644.999580458337,-0.215219994834463,0.0645543002126757,-3.33393738489017,0.000856259309004583,0.0371717276497284,"k87_1087348_2","COG0134@1|root,COG0134@2|Bacteria,2GIVV@201174|Actinobacteria,4DNTB@85009|Propionibacteriales","Indole-3-glycerol phosphate synthase"
"ko:K01609",644.999580458337,-0.215219994834463,0.0645543002126757,-3.33393738489017,0.000856259309004583,0.0371717276497284,"k87_1242477_3","COG0134@1|root,COG0134@2|Bacteria,1MW5K@1224|Proteobacteria,2VIN7@28216|Betaproteobacteria,4ABED@80864|Comamonadaceae","Belongs to the TrpC family"
"ko:K01609",644.999580458337,-0.215219994834463,0.0645543002126757,-3.33393738489017,0.000856259309004583,0.0371717276497284,"k87_1487905_3","COG0134@1|root,COG0134@2|Bacteria,2GIVV@201174|Actinobacteria,4DNTB@85009|Propionibacteriales","Indole-3-glycerol phosphate synthase"
"ko:K01609",644.999580458337,-0.215219994834463,0.0645543002126757,-3.33393738489017,0.000856259309004583,0.0371717276497284,"k87_1769198_2","COG0134@1|root,COG0134@2|Bacteria,2GIVV@201174|Actinobacteria,4FKAV@85023|Microbacteriaceae","Indole-3-glycerol phosphate synthase"
"ko:K01609",644.999580458337,-0.215219994834463,0.0645543002126757,-3.33393738489017,0.000856259309004583,0.0371717276497284,"k87_1905233_2","COG0134@1|root,COG0134@2|Bacteria,1MW5K@1224|Proteobacteria,1RNYH@1236|Gammaproteobacteria,1X42P@135614|Xanthomonadales","Belongs to the TrpC family"
"ko:K01609",644.999580458337,-0.215219994834463,0.0645543002126757,-3.33393738489017,0.000856259309004583,0.0371717276497284,"k87_2399557_1","COG0134@1|root,COG0134@2|Bacteria,46V9B@74201|Verrucomicrobia,2ITZZ@203494|Verrucomicrobiae","Indole-3-glycerol phosphate synthase"
"ko:K01609",644.999580458337,-0.215219994834463,0.0645543002126757,-3.33393738489017,0.000856259309004583,0.0371717276497284,"k87_2519880_1","COG0134@1|root,COG0134@2|Bacteria,1MW5K@1224|Proteobacteria,2VIN7@28216|Betaproteobacteria,4ABED@80864|Comamonadaceae","Belongs to the TrpC family"
"ko:K01609",644.999580458337,-0.215219994834463,0.0645543002126757,-3.33393738489017,0.000856259309004583,0.0371717276497284,"k87_3643687_4","COG0134@1|root,COG0134@2|Bacteria,2GIVV@201174|Actinobacteria,4DNTB@85009|Propionibacteriales","Indole-3-glycerol phosphate synthase"
"ko:K01609",644.999580458337,-0.215219994834463,0.0645543002126757,-3.33393738489017,0.000856259309004583,0.0371717276497284,"k87_3720831_3","COG0134@1|root,COG0134@2|Bacteria,2GIVV@201174|Actinobacteria,4DNTB@85009|Propionibacteriales","Indole-3-glycerol phosphate synthase"
"ko:K01609",644.999580458337,-0.215219994834463,0.0645543002126757,-3.33393738489017,0.000856259309004583,0.0371717276497284,"k87_3808449_2","COG0134@1|root,COG0134@2|Bacteria,2GIVV@201174|Actinobacteria,232KE@1762|Mycobacteriaceae","Belongs to the TrpC family"
"ko:K01609",644.999580458337,-0.215219994834463,0.0645543002126757,-3.33393738489017,0.000856259309004583,0.0371717276497284,"k87_3959857_2","COG0134@1|root,COG0134@2|Bacteria,2GIVV@201174|Actinobacteria,4FKAV@85023|Microbacteriaceae","Indole-3-glycerol phosphate synthase"
"ko:K01609",644.999580458337,-0.215219994834463,0.0645543002126757,-3.33393738489017,0.000856259309004583,0.0371717276497284,"k87_6025154_1","COG0134@1|root,COG0134@2|Bacteria,2GIVV@201174|Actinobacteria","Belongs to the TrpC family"
"ko:K01609",644.999580458337,-0.215219994834463,0.0645543002126757,-3.33393738489017,0.000856259309004583,0.0371717276497284,"k87_6129055_2","COG0134@1|root,COG0134@2|Bacteria,1MW5K@1224|Proteobacteria,2VIN7@28216|Betaproteobacteria,4ABED@80864|Comamonadaceae","Belongs to the TrpC family"
"ko:K01609",644.999580458337,-0.215219994834463,0.0645543002126757,-3.33393738489017,0.000856259309004583,0.0371717276497284,"k87_6647820_2","COG0134@1|root,COG0134@2|Bacteria,1MW5K@1224|Proteobacteria,1RNYH@1236|Gammaproteobacteria,1X42P@135614|Xanthomonadales","Belongs to the TrpC family"
"ko:K01704",649.348834006761,0.236369444478635,0.0632658432365505,3.73613046766564,0.000186873736454157,0.0125375288639244,"k87_143998_4","COG0066@1|root,arCOG02230@2157|Archaea,41SIA@651137|Thaumarchaeota","3-isopropylmalate dehydratase, small subunit"
"ko:K01704",649.348834006761,0.236369444478635,0.0632658432365505,3.73613046766564,0.000186873736454157,0.0125375288639244,"k87_243584_3","COG0066@1|root,COG0066@2|Bacteria,1MVXB@1224|Proteobacteria,2VIJC@28216|Betaproteobacteria,4AA66@80864|Comamonadaceae","Catalyzes the isomerization between 2-isopropylmalate and 3-isopropylmalate, via the formation of 2-isopropylmaleate"
"ko:K01704",649.348834006761,0.236369444478635,0.0632658432365505,3.73613046766564,0.000186873736454157,0.0125375288639244,"k87_432428_2","COG0066@1|root,COG0066@2|Bacteria,2GJ8Z@201174|Actinobacteria,4DPSM@85009|Propionibacteriales","Catalyzes the isomerization between 2-isopropylmalate and 3-isopropylmalate, via the formation of 2-isopropylmaleate"
"ko:K01704",649.348834006761,0.236369444478635,0.0632658432365505,3.73613046766564,0.000186873736454157,0.0125375288639244,"k87_640653_3","COG0066@1|root,COG0066@2|Bacteria,1MVXB@1224|Proteobacteria,2TRRS@28211|Alphaproteobacteria,4B7TK@82115|Rhizobiaceae","Catalyzes the isomerization between 2-isopropylmalate and 3-isopropylmalate, via the formation of 2-isopropylmaleate"
"ko:K01704",649.348834006761,0.236369444478635,0.0632658432365505,3.73613046766564,0.000186873736454157,0.0125375288639244,"k87_654085_2","COG0066@1|root,COG0066@2|Bacteria,2GJ8Z@201174|Actinobacteria,4FE44@85021|Intrasporangiaceae","Catalyzes the isomerization between 2-isopropylmalate and 3-isopropylmalate, via the formation of 2-isopropylmaleate"
"ko:K01704",649.348834006761,0.236369444478635,0.0632658432365505,3.73613046766564,0.000186873736454157,0.0125375288639244,"k87_727857_4","COG0066@1|root,COG0066@2|Bacteria,2GJ8Z@201174|Actinobacteria,4DPSM@85009|Propionibacteriales","Catalyzes the isomerization between 2-isopropylmalate and 3-isopropylmalate, via the formation of 2-isopropylmaleate"
"ko:K01704",649.348834006761,0.236369444478635,0.0632658432365505,3.73613046766564,0.000186873736454157,0.0125375288639244,"k87_997182_5","COG0066@1|root,arCOG02230@2157|Archaea,41SIA@651137|Thaumarchaeota","3-isopropylmalate dehydratase, small subunit"
"ko:K01704",649.348834006761,0.236369444478635,0.0632658432365505,3.73613046766564,0.000186873736454157,0.0125375288639244,"k87_1016754_2","COG0066@1|root,COG0066@2|Bacteria,2GJ8Z@201174|Actinobacteria,4ERFW@85013|Frankiales","Catalyzes the isomerization between 2-isopropylmalate and 3-isopropylmalate, via the formation of 2-isopropylmaleate"
"ko:K01704",649.348834006761,0.236369444478635,0.0632658432365505,3.73613046766564,0.000186873736454157,0.0125375288639244,"k87_1287754_1","COG0066@1|root,arCOG02230@2157|Archaea,41SIA@651137|Thaumarchaeota","3-isopropylmalate dehydratase, small subunit"
"ko:K01704",649.348834006761,0.236369444478635,0.0632658432365505,3.73613046766564,0.000186873736454157,0.0125375288639244,"k87_1305512_1","COG0066@1|root,COG0066@2|Bacteria,3J10U@40117|Nitrospirae","Catalyzes the isomerization between 2-isopropylmalate and 3-isopropylmalate, via the formation of 2-isopropylmaleate"
"ko:K01704",649.348834006761,0.236369444478635,0.0632658432365505,3.73613046766564,0.000186873736454157,0.0125375288639244,"k87_1351879_2","COG0066@1|root,COG0066@2|Bacteria,2GJ8Z@201174|Actinobacteria,4CQ8R@84995|Rubrobacteria","Catalyzes the isomerization between 2-isopropylmalate and 3-isopropylmalate, via the formation of 2-isopropylmaleate"
"ko:K01704",649.348834006761,0.236369444478635,0.0632658432365505,3.73613046766564,0.000186873736454157,0.0125375288639244,"k87_1977105_2","COG0066@1|root,COG0066@2|Bacteria,2GJ8Z@201174|Actinobacteria,4FM8Y@85023|Microbacteriaceae","Catalyzes the isomerization between 2-isopropylmalate and 3-isopropylmalate, via the formation of 2-isopropylmaleate"
"ko:K01704",649.348834006761,0.236369444478635,0.0632658432365505,3.73613046766564,0.000186873736454157,0.0125375288639244,"k87_2348547_1","COG0066@1|root,COG0066@2|Bacteria,1MVXB@1224|Proteobacteria,2TRRS@28211|Alphaproteobacteria,43GQY@69277|Phyllobacteriaceae","Catalyzes the isomerization between 2-isopropylmalate and 3-isopropylmalate, via the formation of 2-isopropylmaleate"
"ko:K01704",649.348834006761,0.236369444478635,0.0632658432365505,3.73613046766564,0.000186873736454157,0.0125375288639244,"k87_2420733_2","COG0066@1|root,COG0066@2|Bacteria,4NDVY@976|Bacteroidetes,1IQ0S@117747|Sphingobacteriia","Catalyzes the isomerization between 2-isopropylmalate and 3-isopropylmalate, via the formation of 2-isopropylmaleate"
"ko:K01704",649.348834006761,0.236369444478635,0.0632658432365505,3.73613046766564,0.000186873736454157,0.0125375288639244,"k87_2420733_3","COG0066@1|root,COG0066@2|Bacteria,4NDVY@976|Bacteroidetes,1IQ0S@117747|Sphingobacteriia","Catalyzes the isomerization between 2-isopropylmalate and 3-isopropylmalate, via the formation of 2-isopropylmaleate"
"ko:K01704",649.348834006761,0.236369444478635,0.0632658432365505,3.73613046766564,0.000186873736454157,0.0125375288639244,"k87_2610832_2","COG0066@1|root,COG0066@2|Bacteria,2GJ8Z@201174|Actinobacteria,1W7HE@1268|Micrococcaceae","Catalyzes the isomerization between 2-isopropylmalate and 3-isopropylmalate, via the formation of 2-isopropylmaleate"
"ko:K01704",649.348834006761,0.236369444478635,0.0632658432365505,3.73613046766564,0.000186873736454157,0.0125375288639244,"k87_2686532_1","COG0066@1|root,arCOG02230@2157|Archaea,41SIA@651137|Thaumarchaeota","3-isopropylmalate dehydratase, small subunit"
"ko:K01704",649.348834006761,0.236369444478635,0.0632658432365505,3.73613046766564,0.000186873736454157,0.0125375288639244,"k87_2894146_7","COG0066@1|root,COG0066@2|Bacteria,1MVXB@1224|Proteobacteria,2TRRS@28211|Alphaproteobacteria,3JS0A@41294|Bradyrhizobiaceae","Catalyzes the isomerization between 2-isopropylmalate and 3-isopropylmalate, via the formation of 2-isopropylmaleate"
"ko:K01704",649.348834006761,0.236369444478635,0.0632658432365505,3.73613046766564,0.000186873736454157,0.0125375288639244,"k87_2911103_1","COG0066@1|root,COG0066@2|Bacteria,1MVXB@1224|Proteobacteria,2TRRS@28211|Alphaproteobacteria,43GQY@69277|Phyllobacteriaceae","Catalyzes the isomerization between 2-isopropylmalate and 3-isopropylmalate, via the formation of 2-isopropylmaleate"
"ko:K01704",649.348834006761,0.236369444478635,0.0632658432365505,3.73613046766564,0.000186873736454157,0.0125375288639244,"k87_2972546_4","COG0066@1|root,COG0066@2|Bacteria,1MVXB@1224|Proteobacteria,2TRRS@28211|Alphaproteobacteria,2JZWQ@204457|Sphingomonadales","Catalyzes the isomerization between 2-isopropylmalate and 3-isopropylmalate, via the formation of 2-isopropylmaleate"
"ko:K01704",649.348834006761,0.236369444478635,0.0632658432365505,3.73613046766564,0.000186873736454157,0.0125375288639244,"k87_3200879_4","COG0066@1|root,COG0066@2|Bacteria,1MVXB@1224|Proteobacteria,2TRRS@28211|Alphaproteobacteria","Catalyzes the isomerization between 2-isopropylmalate and 3-isopropylmalate, via the formation of 2-isopropylmaleate"
"ko:K01704",649.348834006761,0.236369444478635,0.0632658432365505,3.73613046766564,0.000186873736454157,0.0125375288639244,"k87_3590345_3","COG0066@1|root,COG0066@2|Bacteria,1MVXB@1224|Proteobacteria,2TRRS@28211|Alphaproteobacteria","Catalyzes the isomerization between 2-isopropylmalate and 3-isopropylmalate, via the formation of 2-isopropylmaleate"
"ko:K01704",649.348834006761,0.236369444478635,0.0632658432365505,3.73613046766564,0.000186873736454157,0.0125375288639244,"k87_3738853_2","COG0066@1|root,COG0066@2|Bacteria,2GJ8Z@201174|Actinobacteria,4FM8Y@85023|Microbacteriaceae","Catalyzes the isomerization between 2-isopropylmalate and 3-isopropylmalate, via the formation of 2-isopropylmaleate"
"ko:K01704",649.348834006761,0.236369444478635,0.0632658432365505,3.73613046766564,0.000186873736454157,0.0125375288639244,"k87_5307685_3","COG0066@1|root,COG0066@2|Bacteria,1MVXB@1224|Proteobacteria,1RNMK@1236|Gammaproteobacteria,1X3N1@135614|Xanthomonadales","Catalyzes the isomerization between 2-isopropylmalate and 3-isopropylmalate, via the formation of 2-isopropylmaleate"
"ko:K01704",649.348834006761,0.236369444478635,0.0632658432365505,3.73613046766564,0.000186873736454157,0.0125375288639244,"k87_5486501_2","COG0066@1|root,arCOG02230@2157|Archaea,41SIA@651137|Thaumarchaeota","3-isopropylmalate dehydratase, small subunit"
"ko:K01704",649.348834006761,0.236369444478635,0.0632658432365505,3.73613046766564,0.000186873736454157,0.0125375288639244,"k87_5585149_2","COG0066@1|root,COG0066@2|Bacteria,2GJ8Z@201174|Actinobacteria,233J1@1762|Mycobacteriaceae","Catalyzes the isomerization between 2-isopropylmalate and 3-isopropylmalate, via the formation of 2-isopropylmaleate"
"ko:K01704",649.348834006761,0.236369444478635,0.0632658432365505,3.73613046766564,0.000186873736454157,0.0125375288639244,"k87_5786842_1","COG0066@1|root,COG0066@2|Bacteria,2GJ8Z@201174|Actinobacteria","Catalyzes the isomerization between 2-isopropylmalate and 3-isopropylmalate, via the formation of 2-isopropylmaleate"
"ko:K01704",649.348834006761,0.236369444478635,0.0632658432365505,3.73613046766564,0.000186873736454157,0.0125375288639244,"k87_5786842_2","COG0066@1|root,COG0066@2|Bacteria,2GJ8Z@201174|Actinobacteria","Catalyzes the isomerization between 2-isopropylmalate and 3-isopropylmalate, via the formation of 2-isopropylmaleate"
"ko:K01704",649.348834006761,0.236369444478635,0.0632658432365505,3.73613046766564,0.000186873736454157,0.0125375288639244,"k87_5845456_1","COG0066@1|root,COG0066@2|Bacteria,2GJ8Z@201174|Actinobacteria,4DPSM@85009|Propionibacteriales","Catalyzes the isomerization between 2-isopropylmalate and 3-isopropylmalate, via the formation of 2-isopropylmaleate"
"ko:K01704",649.348834006761,0.236369444478635,0.0632658432365505,3.73613046766564,0.000186873736454157,0.0125375288639244,"k87_5875901_2","COG0066@1|root,COG0066@2|Bacteria,2GJ8Z@201174|Actinobacteria","Catalyzes the isomerization between 2-isopropylmalate and 3-isopropylmalate, via the formation of 2-isopropylmaleate"
"ko:K01704",649.348834006761,0.236369444478635,0.0632658432365505,3.73613046766564,0.000186873736454157,0.0125375288639244,"k87_6294936_1","COG0066@1|root,COG0066@2|Bacteria,1MVXB@1224|Proteobacteria,2TRRS@28211|Alphaproteobacteria,3JS0A@41294|Bradyrhizobiaceae","Catalyzes the isomerization between 2-isopropylmalate and 3-isopropylmalate, via the formation of 2-isopropylmaleate"
"ko:K01704",649.348834006761,0.236369444478635,0.0632658432365505,3.73613046766564,0.000186873736454157,0.0125375288639244,"k87_6440266_1","COG0066@1|root,COG0066@2|Bacteria,1MVXB@1224|Proteobacteria,2TRRS@28211|Alphaproteobacteria,3JS0A@41294|Bradyrhizobiaceae","Catalyzes the isomerization between 2-isopropylmalate and 3-isopropylmalate, via the formation of 2-isopropylmaleate"
"ko:K01704",649.348834006761,0.236369444478635,0.0632658432365505,3.73613046766564,0.000186873736454157,0.0125375288639244,"k87_6486202_2","COG0066@1|root,COG0066@2|Bacteria,2GJ8Z@201174|Actinobacteria,4DPSM@85009|Propionibacteriales","Catalyzes the isomerization between 2-isopropylmalate and 3-isopropylmalate, via the formation of 2-isopropylmaleate"
"ko:K01704",649.348834006761,0.236369444478635,0.0632658432365505,3.73613046766564,0.000186873736454157,0.0125375288639244,"k87_6598148_3","COG0066@1|root,COG0066@2|Bacteria,1MVXB@1224|Proteobacteria,2TRRS@28211|Alphaproteobacteria","Catalyzes the isomerization between 2-isopropylmalate and 3-isopropylmalate, via the formation of 2-isopropylmaleate"
"ko:K01704",649.348834006761,0.236369444478635,0.0632658432365505,3.73613046766564,0.000186873736454157,0.0125375288639244,"k87_6674877_3","COG0066@1|root,COG0066@2|Bacteria,1MVXB@1224|Proteobacteria,2TRRS@28211|Alphaproteobacteria,4B7TK@82115|Rhizobiaceae","Catalyzes the isomerization between 2-isopropylmalate and 3-isopropylmalate, via the formation of 2-isopropylmaleate"
"ko:K01868",2152.64833061193,0.143883588060775,0.0351043181561274,4.098743277703,4.15399469889725e-05,0.00437949726826596,"k87_373_1","COG0441@1|root,COG0441@2|Bacteria,1MUP2@1224|Proteobacteria,2TQWI@28211|Alphaproteobacteria,3JRSX@41294|Bradyrhizobiaceae","Catalyzes the attachment of threonine to tRNA(Thr) in a two-step reaction L-threonine is first activated by ATP to form Thr-AMP and then transferred to the acceptor end of tRNA(Thr)"
"ko:K01868",2152.64833061193,0.143883588060775,0.0351043181561274,4.098743277703,4.15399469889725e-05,0.00437949726826596,"k87_131433_5","COG0441@1|root,arCOG00401@2157|Archaea,41S9K@651137|Thaumarchaeota","Belongs to the class-II aminoacyl-tRNA synthetase family"
"ko:K01868",2152.64833061193,0.143883588060775,0.0351043181561274,4.098743277703,4.15399469889725e-05,0.00437949726826596,"k87_199145_4","COG0441@1|root,COG0441@2|Bacteria,1MUP2@1224|Proteobacteria,2TQWI@28211|Alphaproteobacteria,1JRQ6@119045|Methylobacteriaceae","Belongs to the class-II aminoacyl-tRNA synthetase family"
"ko:K01868",2152.64833061193,0.143883588060775,0.0351043181561274,4.098743277703,4.15399469889725e-05,0.00437949726826596,"k87_580536_1","COG0441@1|root,COG0441@2|Bacteria,1MUP2@1224|Proteobacteria,2TQWI@28211|Alphaproteobacteria,1JRQ6@119045|Methylobacteriaceae","Belongs to the class-II aminoacyl-tRNA synthetase family"
"ko:K01868",2152.64833061193,0.143883588060775,0.0351043181561274,4.098743277703,4.15399469889725e-05,0.00437949726826596,"k87_680363_1","COG0441@1|root,COG0441@2|Bacteria,1MUP2@1224|Proteobacteria,2TQWI@28211|Alphaproteobacteria,3JRSX@41294|Bradyrhizobiaceae","Catalyzes the attachment of threonine to tRNA(Thr) in a two-step reaction L-threonine is first activated by ATP to form Thr-AMP and then transferred to the acceptor end of tRNA(Thr)"
"ko:K01868",2152.64833061193,0.143883588060775,0.0351043181561274,4.098743277703,4.15399469889725e-05,0.00437949726826596,"k87_699046_2","COG0441@1|root,COG0441@2|Bacteria,2GKTC@201174|Actinobacteria,1W7U2@1268|Micrococcaceae","Catalyzes the attachment of threonine to tRNA(Thr) in a two-step reaction L-threonine is first activated by ATP to form Thr-AMP and then transferred to the acceptor end of tRNA(Thr)"
"ko:K01868",2152.64833061193,0.143883588060775,0.0351043181561274,4.098743277703,4.15399469889725e-05,0.00437949726826596,"k87_911156_3","COG0441@1|root,COG0441@2|Bacteria,1MUP2@1224|Proteobacteria,2TQWI@28211|Alphaproteobacteria,4B7ME@82115|Rhizobiaceae","Catalyzes the attachment of threonine to tRNA(Thr) in a two-step reaction L-threonine is first activated by ATP to form Thr-AMP and then transferred to the acceptor end of tRNA(Thr)"
"ko:K01868",2152.64833061193,0.143883588060775,0.0351043181561274,4.098743277703,4.15399469889725e-05,0.00437949726826596,"k87_920863_2","COG0441@1|root,COG0441@2|Bacteria,2GKTC@201174|Actinobacteria,4FFPP@85021|Intrasporangiaceae","catalyzes a two-step reaction, first charging a threonine molecule by linking its carboxyl group to the alpha-phosphate of ATP, followed by transfer of the aminoacyl-adenylate to its tRNA"
"ko:K01868",2152.64833061193,0.143883588060775,0.0351043181561274,4.098743277703,4.15399469889725e-05,0.00437949726826596,"k87_999899_1","COG0441@1|root,COG0441@2|Bacteria,2GKTC@201174|Actinobacteria,4DN38@85009|Propionibacteriales","Catalyzes the attachment of threonine to tRNA(Thr) in a two-step reaction L-threonine is first activated by ATP to form Thr-AMP and then transferred to the acceptor end of tRNA(Thr)"
"ko:K01868",2152.64833061193,0.143883588060775,0.0351043181561274,4.098743277703,4.15399469889725e-05,0.00437949726826596,"k87_1086664_6","COG0441@1|root,COG0441@2|Bacteria,1MUP2@1224|Proteobacteria,2TQWI@28211|Alphaproteobacteria,1JRQ6@119045|Methylobacteriaceae","Belongs to the class-II aminoacyl-tRNA synthetase family"
"ko:K01868",2152.64833061193,0.143883588060775,0.0351043181561274,4.098743277703,4.15399469889725e-05,0.00437949726826596,"k87_1556436_1","COG0441@1|root,COG0441@2|Bacteria,3J0F4@40117|Nitrospirae","Catalyzes the attachment of threonine to tRNA(Thr) in a two-step reaction L-threonine is first activated by ATP to form Thr-AMP and then transferred to the acceptor end of tRNA(Thr)"
"ko:K01868",2152.64833061193,0.143883588060775,0.0351043181561274,4.098743277703,4.15399469889725e-05,0.00437949726826596,"k87_1628497_1","COG0441@1|root,COG0441@2|Bacteria,1MUP2@1224|Proteobacteria,2TQWI@28211|Alphaproteobacteria,2K14B@204457|Sphingomonadales","Catalyzes the attachment of threonine to tRNA(Thr) in a two-step reaction L-threonine is first activated by ATP to form Thr-AMP and then transferred to the acceptor end of tRNA(Thr)"
"ko:K01868",2152.64833061193,0.143883588060775,0.0351043181561274,4.098743277703,4.15399469889725e-05,0.00437949726826596,"k87_1862029_2","COG0441@1|root,COG0441@2|Bacteria,46S5A@74201|Verrucomicrobia,3K7CW@414999|Opitutae","Catalyzes the attachment of threonine to tRNA(Thr) in a two-step reaction L-threonine is first activated by ATP to form Thr-AMP and then transferred to the acceptor end of tRNA(Thr)"
"ko:K01868",2152.64833061193,0.143883588060775,0.0351043181561274,4.098743277703,4.15399469889725e-05,0.00437949726826596,"k87_2025216_1","COG0441@1|root,COG0441@2|Bacteria,2GKTC@201174|Actinobacteria,4FFPP@85021|Intrasporangiaceae","catalyzes a two-step reaction, first charging a threonine molecule by linking its carboxyl group to the alpha-phosphate of ATP, followed by transfer of the aminoacyl-adenylate to its tRNA"
"ko:K01868",2152.64833061193,0.143883588060775,0.0351043181561274,4.098743277703,4.15399469889725e-05,0.00437949726826596,"k87_2647943_1","COG0441@1|root,COG0441@2|Bacteria,2GKTC@201174|Actinobacteria,4CPK9@84995|Rubrobacteria","Catalyzes the attachment of threonine to tRNA(Thr) in a two-step reaction L-threonine is first activated by ATP to form Thr-AMP and then transferred to the acceptor end of tRNA(Thr)"
"ko:K01868",2152.64833061193,0.143883588060775,0.0351043181561274,4.098743277703,4.15399469889725e-05,0.00437949726826596,"k87_2812971_3","COG0441@1|root,COG0441@2|Bacteria,2GKTC@201174|Actinobacteria","Catalyzes the attachment of threonine to tRNA(Thr) in a two-step reaction L-threonine is first activated by ATP to form Thr-AMP and then transferred to the acceptor end of tRNA(Thr)"
"ko:K01868",2152.64833061193,0.143883588060775,0.0351043181561274,4.098743277703,4.15399469889725e-05,0.00437949726826596,"k87_2820176_1","COG0441@1|root,COG0441@2|Bacteria,4NEFT@976|Bacteroidetes,1IPWX@117747|Sphingobacteriia","Catalyzes the attachment of threonine to tRNA(Thr) in a two-step reaction L-threonine is first activated by ATP to form Thr-AMP and then transferred to the acceptor end of tRNA(Thr)"
"ko:K01868",2152.64833061193,0.143883588060775,0.0351043181561274,4.098743277703,4.15399469889725e-05,0.00437949726826596,"k87_2835978_3","COG0441@1|root,COG0441@2|Bacteria,1TP78@1239|Firmicutes,4HABZ@91061|Bacilli,1ZB5W@1386|Bacillus","Catalyzes the attachment of threonine to tRNA(Thr) in a two-step reaction L-threonine is first activated by ATP to form Thr-AMP and then transferred to the acceptor end of tRNA(Thr)"
"ko:K01868",2152.64833061193,0.143883588060775,0.0351043181561274,4.098743277703,4.15399469889725e-05,0.00437949726826596,"k87_2841207_9","COG0441@1|root,COG0441@2|Bacteria,1MUP2@1224|Proteobacteria,1RMYE@1236|Gammaproteobacteria,1X4JJ@135614|Xanthomonadales","Catalyzes the attachment of threonine to tRNA(Thr) in a two-step reaction L-threonine is first activated by ATP to form Thr-AMP and then transferred to the acceptor end of tRNA(Thr)"
"ko:K01868",2152.64833061193,0.143883588060775,0.0351043181561274,4.098743277703,4.15399469889725e-05,0.00437949726826596,"k87_3080561_1","COG0441@1|root,COG0441@2|Bacteria,1MUP2@1224|Proteobacteria,1RMYE@1236|Gammaproteobacteria,1WVYK@135613|Chromatiales","Catalyzes the attachment of threonine to tRNA(Thr) in a two-step reaction L-threonine is first activated by ATP to form Thr-AMP and then transferred to the acceptor end of tRNA(Thr)"
"ko:K01868",2152.64833061193,0.143883588060775,0.0351043181561274,4.098743277703,4.15399469889725e-05,0.00437949726826596,"k87_3448817_1","COG0441@1|root,COG0441@2|Bacteria,2GKTC@201174|Actinobacteria,4DN38@85009|Propionibacteriales","Catalyzes the attachment of threonine to tRNA(Thr) in a two-step reaction L-threonine is first activated by ATP to form Thr-AMP and then transferred to the acceptor end of tRNA(Thr)"
"ko:K01868",2152.64833061193,0.143883588060775,0.0351043181561274,4.098743277703,4.15399469889725e-05,0.00437949726826596,"k87_3451829_2","COG0441@1|root,COG0441@2|Bacteria,1MUP2@1224|Proteobacteria,2TQWI@28211|Alphaproteobacteria,3N646@45401|Hyphomicrobiaceae","Catalyzes the attachment of threonine to tRNA(Thr) in a two-step reaction L-threonine is first activated by ATP to form Thr-AMP and then transferred to the acceptor end of tRNA(Thr)"
"ko:K01868",2152.64833061193,0.143883588060775,0.0351043181561274,4.098743277703,4.15399469889725e-05,0.00437949726826596,"k87_3487582_1","COG0441@1|root,COG0441@2|Bacteria,2GKTC@201174|Actinobacteria,234M6@1762|Mycobacteriaceae","Catalyzes the attachment of threonine to tRNA(Thr) in a two-step reaction L-threonine is first activated by ATP to form Thr-AMP and then transferred to the acceptor end of tRNA(Thr)"
"ko:K01868",2152.64833061193,0.143883588060775,0.0351043181561274,4.098743277703,4.15399469889725e-05,0.00437949726826596,"k87_3650739_1","COG0441@1|root,COG0441@2|Bacteria,1MUP2@1224|Proteobacteria,2TQWI@28211|Alphaproteobacteria,2K14B@204457|Sphingomonadales","Catalyzes the attachment of threonine to tRNA(Thr) in a two-step reaction L-threonine is first activated by ATP to form Thr-AMP and then transferred to the acceptor end of tRNA(Thr)"
"ko:K01868",2152.64833061193,0.143883588060775,0.0351043181561274,4.098743277703,4.15399469889725e-05,0.00437949726826596,"k87_3869925_1","COG0441@1|root,COG0441@2|Bacteria,1MUP2@1224|Proteobacteria,2TQWI@28211|Alphaproteobacteria,3JRSX@41294|Bradyrhizobiaceae","Catalyzes the attachment of threonine to tRNA(Thr) in a two-step reaction L-threonine is first activated by ATP to form Thr-AMP and then transferred to the acceptor end of tRNA(Thr)"
"ko:K01868",2152.64833061193,0.143883588060775,0.0351043181561274,4.098743277703,4.15399469889725e-05,0.00437949726826596,"k87_3932968_2","COG0441@1|root,COG0441@2|Bacteria,2GKTC@201174|Actinobacteria,4DN38@85009|Propionibacteriales","Catalyzes the attachment of threonine to tRNA(Thr) in a two-step reaction L-threonine is first activated by ATP to form Thr-AMP and then transferred to the acceptor end of tRNA(Thr)"
"ko:K01868",2152.64833061193,0.143883588060775,0.0351043181561274,4.098743277703,4.15399469889725e-05,0.00437949726826596,"k87_3989009_1","COG0441@1|root,COG0441@2|Bacteria,1MUP2@1224|Proteobacteria,2TQWI@28211|Alphaproteobacteria,3JRSX@41294|Bradyrhizobiaceae","Catalyzes the attachment of threonine to tRNA(Thr) in a two-step reaction L-threonine is first activated by ATP to form Thr-AMP and then transferred to the acceptor end of tRNA(Thr)"
"ko:K01868",2152.64833061193,0.143883588060775,0.0351043181561274,4.098743277703,4.15399469889725e-05,0.00437949726826596,"k87_4223350_1","COG0441@1|root,COG0441@2|Bacteria,2GNDW@201174|Actinobacteria","threonine--tRNA ligase"
"ko:K01868",2152.64833061193,0.143883588060775,0.0351043181561274,4.098743277703,4.15399469889725e-05,0.00437949726826596,"k87_4246964_1","COG0441@1|root,COG0441@2|Bacteria,1MUP2@1224|Proteobacteria,1RMYE@1236|Gammaproteobacteria,1X4JJ@135614|Xanthomonadales","Catalyzes the attachment of threonine to tRNA(Thr) in a two-step reaction L-threonine is first activated by ATP to form Thr-AMP and then transferred to the acceptor end of tRNA(Thr)"
"ko:K01868",2152.64833061193,0.143883588060775,0.0351043181561274,4.098743277703,4.15399469889725e-05,0.00437949726826596,"k87_4363679_2","COG0441@1|root,COG0441@2|Bacteria,1MUP2@1224|Proteobacteria,2VHFD@28216|Betaproteobacteria,1KJAM@119065|unclassified Burkholderiales","Catalyzes the attachment of threonine to tRNA(Thr) in a two-step reaction L-threonine is first activated by ATP to form Thr-AMP and then transferred to the acceptor end of tRNA(Thr)"
"ko:K01868",2152.64833061193,0.143883588060775,0.0351043181561274,4.098743277703,4.15399469889725e-05,0.00437949726826596,"k87_4448586_1","COG0441@1|root,COG0441@2|Bacteria,1MUP2@1224|Proteobacteria,2TQWI@28211|Alphaproteobacteria,43IZ1@69277|Phyllobacteriaceae","Catalyzes the attachment of threonine to tRNA(Thr) in a two-step reaction L-threonine is first activated by ATP to form Thr-AMP and then transferred to the acceptor end of tRNA(Thr)"
"ko:K01868",2152.64833061193,0.143883588060775,0.0351043181561274,4.098743277703,4.15399469889725e-05,0.00437949726826596,"k87_4581580_7","COG0441@1|root,COG0441@2|Bacteria,1MUP2@1224|Proteobacteria,2TQWI@28211|Alphaproteobacteria,3JRSX@41294|Bradyrhizobiaceae","Catalyzes the attachment of threonine to tRNA(Thr) in a two-step reaction L-threonine is first activated by ATP to form Thr-AMP and then transferred to the acceptor end of tRNA(Thr)"
"ko:K01868",2152.64833061193,0.143883588060775,0.0351043181561274,4.098743277703,4.15399469889725e-05,0.00437949726826596,"k87_4781775_2","COG0441@1|root,COG0441@2|Bacteria,4NEFT@976|Bacteroidetes,47MA2@768503|Cytophagia","Catalyzes the attachment of threonine to tRNA(Thr) in a two-step reaction L-threonine is first activated by ATP to form Thr-AMP and then transferred to the acceptor end of tRNA(Thr)"
"ko:K01868",2152.64833061193,0.143883588060775,0.0351043181561274,4.098743277703,4.15399469889725e-05,0.00437949726826596,"k87_5083659_1","COG0441@1|root,COG0441@2|Bacteria,1MUP2@1224|Proteobacteria,2TQWI@28211|Alphaproteobacteria,2JQ7K@204441|Rhodospirillales","Catalyzes the attachment of threonine to tRNA(Thr) in a two-step reaction L-threonine is first activated by ATP to form Thr-AMP and then transferred to the acceptor end of tRNA(Thr)"
"ko:K01868",2152.64833061193,0.143883588060775,0.0351043181561274,4.098743277703,4.15399469889725e-05,0.00437949726826596,"k87_5334841_1","COG0441@1|root,COG0441@2|Bacteria,1MUP2@1224|Proteobacteria,2TQWI@28211|Alphaproteobacteria,1JRQ6@119045|Methylobacteriaceae","Belongs to the class-II aminoacyl-tRNA synthetase family"
"ko:K01868",2152.64833061193,0.143883588060775,0.0351043181561274,4.098743277703,4.15399469889725e-05,0.00437949726826596,"k87_5688704_1","COG0441@1|root,COG0441@2|Bacteria,4NEFT@976|Bacteroidetes,1IPWX@117747|Sphingobacteriia","Catalyzes the attachment of threonine to tRNA(Thr) in a two-step reaction L-threonine is first activated by ATP to form Thr-AMP and then transferred to the acceptor end of tRNA(Thr)"
"ko:K01868",2152.64833061193,0.143883588060775,0.0351043181561274,4.098743277703,4.15399469889725e-05,0.00437949726826596,"k87_5791057_1","COG0441@1|root,COG0441@2|Bacteria,2GKTC@201174|Actinobacteria,4DN38@85009|Propionibacteriales","Catalyzes the attachment of threonine to tRNA(Thr) in a two-step reaction L-threonine is first activated by ATP to form Thr-AMP and then transferred to the acceptor end of tRNA(Thr)"
"ko:K01868",2152.64833061193,0.143883588060775,0.0351043181561274,4.098743277703,4.15399469889725e-05,0.00437949726826596,"k87_5799723_1","COG0441@1|root,COG0441@2|Bacteria,1MUP2@1224|Proteobacteria,2TQWI@28211|Alphaproteobacteria,2K14B@204457|Sphingomonadales","Catalyzes the attachment of threonine to tRNA(Thr) in a two-step reaction L-threonine is first activated by ATP to form Thr-AMP and then transferred to the acceptor end of tRNA(Thr)"
"ko:K01868",2152.64833061193,0.143883588060775,0.0351043181561274,4.098743277703,4.15399469889725e-05,0.00437949726826596,"k87_5859678_4","COG0441@1|root,COG0441@2|Bacteria,2GKTC@201174|Actinobacteria,4DN38@85009|Propionibacteriales","Catalyzes the attachment of threonine to tRNA(Thr) in a two-step reaction L-threonine is first activated by ATP to form Thr-AMP and then transferred to the acceptor end of tRNA(Thr)"
"ko:K01868",2152.64833061193,0.143883588060775,0.0351043181561274,4.098743277703,4.15399469889725e-05,0.00437949726826596,"k87_5995941_1","COG0441@1|root,COG0441@2|Bacteria,1MUP2@1224|Proteobacteria,2TQWI@28211|Alphaproteobacteria,4BPFD@82117|unclassified Alphaproteobacteria","Catalyzes the attachment of threonine to tRNA(Thr) in a two-step reaction L-threonine is first activated by ATP to form Thr-AMP and then transferred to the acceptor end of tRNA(Thr)"
"ko:K01868",2152.64833061193,0.143883588060775,0.0351043181561274,4.098743277703,4.15399469889725e-05,0.00437949726826596,"k87_6303113_1","COG0441@1|root,COG0441@2|Bacteria,2GKTC@201174|Actinobacteria,4FKZJ@85023|Microbacteriaceae","Catalyzes the attachment of threonine to tRNA(Thr) in a two-step reaction L-threonine is first activated by ATP to form Thr-AMP and then transferred to the acceptor end of tRNA(Thr)"
"ko:K01868",2152.64833061193,0.143883588060775,0.0351043181561274,4.098743277703,4.15399469889725e-05,0.00437949726826596,"k87_6464950_1","COG0441@1|root,COG0441@2|Bacteria,2GKTC@201174|Actinobacteria,234M6@1762|Mycobacteriaceae","Catalyzes the attachment of threonine to tRNA(Thr) in a two-step reaction L-threonine is first activated by ATP to form Thr-AMP and then transferred to the acceptor end of tRNA(Thr)"
"ko:K01868",2152.64833061193,0.143883588060775,0.0351043181561274,4.098743277703,4.15399469889725e-05,0.00437949726826596,"k87_6972920_1","COG0441@1|root,COG0441@2|Bacteria,1MUP2@1224|Proteobacteria,2TQWI@28211|Alphaproteobacteria,3JRSX@41294|Bradyrhizobiaceae","Catalyzes the attachment of threonine to tRNA(Thr) in a two-step reaction L-threonine is first activated by ATP to form Thr-AMP and then transferred to the acceptor end of tRNA(Thr)"
"ko:K01868",2152.64833061193,0.143883588060775,0.0351043181561274,4.098743277703,4.15399469889725e-05,0.00437949726826596,"k87_7021571_1","COG0441@1|root,COG0441@2|Bacteria,2GKTC@201174|Actinobacteria,4FKZJ@85023|Microbacteriaceae","Catalyzes the attachment of threonine to tRNA(Thr) in a two-step reaction L-threonine is first activated by ATP to form Thr-AMP and then transferred to the acceptor end of tRNA(Thr)"
"ko:K01915",5524.83891740056,0.10174367120619,0.0223830389246112,4.54557004296312,5.47867736924567e-06,0.000735138890636965,"k87_98488_1","COG0174@1|root,COG0174@2|Bacteria,1NZU7@1224|Proteobacteria,2TS0B@28211|Alphaproteobacteria,43HFK@69277|Phyllobacteriaceae","glutamine synthetase"
"ko:K01915",5524.83891740056,0.10174367120619,0.0223830389246112,4.54557004296312,5.47867736924567e-06,0.000735138890636965,"k87_108867_1","COG0174@1|root,COG0174@2|Bacteria,2GJ2I@201174|Actinobacteria,4CP7E@84995|Rubrobacteria","glutamine synthetase, type I"
"ko:K01915",5524.83891740056,0.10174367120619,0.0223830389246112,4.54557004296312,5.47867736924567e-06,0.000735138890636965,"k87_165988_3","COG0174@1|root,COG0174@2|Bacteria,2GMN1@201174|Actinobacteria","glutamine synthetase"
"ko:K01915",5524.83891740056,0.10174367120619,0.0223830389246112,4.54557004296312,5.47867736924567e-06,0.000735138890636965,"k87_212201_2","COG0174@1|root,COG0174@2|Bacteria,2GM3K@201174|Actinobacteria,4CPBS@84995|Rubrobacteria","PFAM glutamine synthetase catalytic region"
"ko:K01915",5524.83891740056,0.10174367120619,0.0223830389246112,4.54557004296312,5.47867736924567e-06,0.000735138890636965,"k87_234787_2","COG0174@1|root,COG0174@2|Bacteria,1MUGQ@1224|Proteobacteria,2TU6U@28211|Alphaproteobacteria,43I8V@69277|Phyllobacteriaceae","glutamine synthetase"
"ko:K01915",5524.83891740056,0.10174367120619,0.0223830389246112,4.54557004296312,5.47867736924567e-06,0.000735138890636965,"k87_279636_1","COG0174@1|root,COG0174@2|Bacteria,1MUGQ@1224|Proteobacteria,2TSCR@28211|Alphaproteobacteria,2K06N@204457|Sphingomonadales","highly regulated protein controlled by the addition removal of adenylyl groups by adenylyltransferase from specific tyrosine residues"
"ko:K01915",5524.83891740056,0.10174367120619,0.0223830389246112,4.54557004296312,5.47867736924567e-06,0.000735138890636965,"k87_339017_3","COG0174@1|root,COG0174@2|Bacteria,1MUGQ@1224|Proteobacteria,2TU6U@28211|Alphaproteobacteria,4B7QK@82115|Rhizobiaceae","glutamine synthetase"
"ko:K01915",5524.83891740056,0.10174367120619,0.0223830389246112,4.54557004296312,5.47867736924567e-06,0.000735138890636965,"k87_422988_1","COG0174@1|root,COG0174@2|Bacteria,1MU6V@1224|Proteobacteria,2TRCP@28211|Alphaproteobacteria,43H1R@69277|Phyllobacteriaceae","glutamine synthetase"
"ko:K01915",5524.83891740056,0.10174367120619,0.0223830389246112,4.54557004296312,5.47867736924567e-06,0.000735138890636965,"k87_635903_3","COG0174@1|root,COG0174@2|Bacteria,1NZU7@1224|Proteobacteria,2TS0B@28211|Alphaproteobacteria,4B9NF@82115|Rhizobiaceae","glutamine synthetase"
"ko:K01915",5524.83891740056,0.10174367120619,0.0223830389246112,4.54557004296312,5.47867736924567e-06,0.000735138890636965,"k87_675304_1","COG0174@1|root,COG0174@2|Bacteria,2GM3K@201174|Actinobacteria,4CPBS@84995|Rubrobacteria","PFAM glutamine synthetase catalytic region"
"ko:K01915",5524.83891740056,0.10174367120619,0.0223830389246112,4.54557004296312,5.47867736924567e-06,0.000735138890636965,"k87_677428_1","COG0174@1|root,COG0174@2|Bacteria,1MUGQ@1224|Proteobacteria,2TSCR@28211|Alphaproteobacteria,3JTH1@41294|Bradyrhizobiaceae","glutamine synthetase"
"ko:K01915",5524.83891740056,0.10174367120619,0.0223830389246112,4.54557004296312,5.47867736924567e-06,0.000735138890636965,"k87_693354_1","COG0174@1|root,COG0174@2|Bacteria,2GJ83@201174|Actinobacteria,23399@1762|Mycobacteriaceae","glutamine synthetase"
"ko:K01915",5524.83891740056,0.10174367120619,0.0223830389246112,4.54557004296312,5.47867736924567e-06,0.000735138890636965,"k87_837198_2","COG0174@1|root,COG0174@2|Bacteria,2H0T5@201174|Actinobacteria","glutamine synthetase"
"ko:K01915",5524.83891740056,0.10174367120619,0.0223830389246112,4.54557004296312,5.47867736924567e-06,0.000735138890636965,"k87_975851_2","COG0174@1|root,COG0174@2|Bacteria,2GMN1@201174|Actinobacteria","glutamine synthetase"
"ko:K01915",5524.83891740056,0.10174367120619,0.0223830389246112,4.54557004296312,5.47867736924567e-06,0.000735138890636965,"k87_982342_5","COG0174@1|root,COG0174@2|Bacteria,1MUGQ@1224|Proteobacteria,2TU6U@28211|Alphaproteobacteria,4B7QK@82115|Rhizobiaceae","glutamine synthetase"
"ko:K01915",5524.83891740056,0.10174367120619,0.0223830389246112,4.54557004296312,5.47867736924567e-06,0.000735138890636965,"k87_1021226_1","COG0174@1|root,COG0174@2|Bacteria,2GM3K@201174|Actinobacteria,233C3@1762|Mycobacteriaceae","glutamine synthetase"
"ko:K01915",5524.83891740056,0.10174367120619,0.0223830389246112,4.54557004296312,5.47867736924567e-06,0.000735138890636965,"k87_1026199_1","COG0174@1|root,COG0174@2|Bacteria,1MUGQ@1224|Proteobacteria,2TSCR@28211|Alphaproteobacteria,3JTH1@41294|Bradyrhizobiaceae","glutamine synthetase"
"ko:K01915",5524.83891740056,0.10174367120619,0.0223830389246112,4.54557004296312,5.47867736924567e-06,0.000735138890636965,"k87_1035686_1","COG0174@1|root,COG0174@2|Bacteria,1MUGQ@1224|Proteobacteria,2VZW7@28216|Betaproteobacteria,1K2N1@119060|Burkholderiaceae","glutamine synthetase"
"ko:K01915",5524.83891740056,0.10174367120619,0.0223830389246112,4.54557004296312,5.47867736924567e-06,0.000735138890636965,"k87_1104582_2","COG0174@1|root,COG0174@2|Bacteria,2GJ2I@201174|Actinobacteria,4DNNP@85009|Propionibacteriales","glutamine synthetase"
"ko:K01915",5524.83891740056,0.10174367120619,0.0223830389246112,4.54557004296312,5.47867736924567e-06,0.000735138890636965,"k87_1214593_1","COG0174@1|root,COG0174@2|Bacteria,1MU6V@1224|Proteobacteria,2TTPD@28211|Alphaproteobacteria,43I7N@69277|Phyllobacteriaceae","glutamine synthetase"
"ko:K01915",5524.83891740056,0.10174367120619,0.0223830389246112,4.54557004296312,5.47867736924567e-06,0.000735138890636965,"k87_1242730_2","COG0174@1|root,COG0174@2|Bacteria,2GM3K@201174|Actinobacteria,4CPBS@84995|Rubrobacteria","PFAM glutamine synthetase catalytic region"
"ko:K01915",5524.83891740056,0.10174367120619,0.0223830389246112,4.54557004296312,5.47867736924567e-06,0.000735138890636965,"k87_1294230_8","COG0174@1|root,COG0174@2|Bacteria,3J0AS@40117|Nitrospirae","Glutamine synthetase, catalytic domain"
"ko:K01915",5524.83891740056,0.10174367120619,0.0223830389246112,4.54557004296312,5.47867736924567e-06,0.000735138890636965,"k87_1311965_1","COG0174@1|root,COG0174@2|Bacteria,2GJ2I@201174|Actinobacteria,4CP7E@84995|Rubrobacteria","glutamine synthetase, type I"
"ko:K01915",5524.83891740056,0.10174367120619,0.0223830389246112,4.54557004296312,5.47867736924567e-06,0.000735138890636965,"k87_1342566_2","COG0174@1|root,COG0174@2|Bacteria,2GK8A@201174|Actinobacteria,232XW@1762|Mycobacteriaceae","glutamine synthetase"
"ko:K01915",5524.83891740056,0.10174367120619,0.0223830389246112,4.54557004296312,5.47867736924567e-06,0.000735138890636965,"k87_1357205_1","COG0174@1|root,COG0174@2|Bacteria,2GM3K@201174|Actinobacteria,4CPBS@84995|Rubrobacteria","PFAM glutamine synthetase catalytic region"
"ko:K01915",5524.83891740056,0.10174367120619,0.0223830389246112,4.54557004296312,5.47867736924567e-06,0.000735138890636965,"k87_1402337_4","COG0174@1|root,COG0174@2|Bacteria,2GJ2I@201174|Actinobacteria,4FM01@85023|Microbacteriaceae","Glutamine synthetase, catalytic domain"
"ko:K01915",5524.83891740056,0.10174367120619,0.0223830389246112,4.54557004296312,5.47867736924567e-06,0.000735138890636965,"k87_1463224_2","COG0174@1|root,COG0174@2|Bacteria,2GJ83@201174|Actinobacteria","glutamine synthetase"
"ko:K01915",5524.83891740056,0.10174367120619,0.0223830389246112,4.54557004296312,5.47867736924567e-06,0.000735138890636965,"k87_1503881_2","COG0174@1|root,COG0174@2|Bacteria,2GJ2I@201174|Actinobacteria,2340A@1762|Mycobacteriaceae","glutamine synthetase"
"ko:K01915",5524.83891740056,0.10174367120619,0.0223830389246112,4.54557004296312,5.47867736924567e-06,0.000735138890636965,"k87_1557658_2","COG0174@1|root,COG0174@2|Bacteria,2GJ2I@201174|Actinobacteria,4FM01@85023|Microbacteriaceae","Glutamine synthetase, catalytic domain"
"ko:K01915",5524.83891740056,0.10174367120619,0.0223830389246112,4.54557004296312,5.47867736924567e-06,0.000735138890636965,"k87_1564013_1","COG0174@1|root,COG0174@2|Bacteria,2GM3K@201174|Actinobacteria,4CPBS@84995|Rubrobacteria","PFAM glutamine synthetase catalytic region"
"ko:K01915",5524.83891740056,0.10174367120619,0.0223830389246112,4.54557004296312,5.47867736924567e-06,0.000735138890636965,"k87_1595323_1","COG0174@1|root,COG0174@2|Bacteria,2GJ2I@201174|Actinobacteria,4CP7E@84995|Rubrobacteria","glutamine synthetase, type I"
"ko:K01915",5524.83891740056,0.10174367120619,0.0223830389246112,4.54557004296312,5.47867736924567e-06,0.000735138890636965,"k87_1676457_1","COG0174@1|root,COG0174@2|Bacteria,2I8RB@201174|Actinobacteria","Glutamine synthetase, catalytic domain"
"ko:K01915",5524.83891740056,0.10174367120619,0.0223830389246112,4.54557004296312,5.47867736924567e-06,0.000735138890636965,"k87_1683826_1","COG0174@1|root,COG0174@2|Bacteria,1MUGQ@1224|Proteobacteria,1RMD1@1236|Gammaproteobacteria,1X3GI@135614|Xanthomonadales","highly regulated protein controlled by the addition removal of adenylyl groups by adenylyltransferase from specific tyrosine residues"
"ko:K01915",5524.83891740056,0.10174367120619,0.0223830389246112,4.54557004296312,5.47867736924567e-06,0.000735138890636965,"k87_1742868_2","COG0174@1|root,COG0174@2|Bacteria,2H0T5@201174|Actinobacteria","glutamine synthetase"
"ko:K01915",5524.83891740056,0.10174367120619,0.0223830389246112,4.54557004296312,5.47867736924567e-06,0.000735138890636965,"k87_1757171_1","COG3968@1|root,COG3968@2|Bacteria,2GMA9@201174|Actinobacteria","glutamine synthetase"
"ko:K01915",5524.83891740056,0.10174367120619,0.0223830389246112,4.54557004296312,5.47867736924567e-06,0.000735138890636965,"k87_1757171_2","COG0174@1|root,COG0174@2|Bacteria,2GMN1@201174|Actinobacteria,4DNAS@85009|Propionibacteriales","glutamine synthetase"
"ko:K01915",5524.83891740056,0.10174367120619,0.0223830389246112,4.54557004296312,5.47867736924567e-06,0.000735138890636965,"k87_1757306_3","COG0174@1|root,COG0174@2|Bacteria,1TNZA@1239|Firmicutes,2489S@186801|Clostridia,264Q7@186807|Peptococcaceae","Glutamine synthetase, catalytic domain"
"ko:K01915",5524.83891740056,0.10174367120619,0.0223830389246112,4.54557004296312,5.47867736924567e-06,0.000735138890636965,"k87_1765479_1","COG0174@1|root,COG0174@2|Bacteria,1MUGQ@1224|Proteobacteria,2TSCR@28211|Alphaproteobacteria,2K06N@204457|Sphingomonadales","highly regulated protein controlled by the addition removal of adenylyl groups by adenylyltransferase from specific tyrosine residues"
"ko:K01915",5524.83891740056,0.10174367120619,0.0223830389246112,4.54557004296312,5.47867736924567e-06,0.000735138890636965,"k87_1785675_2","COG0174@1|root,COG0174@2|Bacteria,1MUGQ@1224|Proteobacteria,2TU6U@28211|Alphaproteobacteria","glutamine synthetase"
"ko:K01915",5524.83891740056,0.10174367120619,0.0223830389246112,4.54557004296312,5.47867736924567e-06,0.000735138890636965,"k87_1803030_1","COG0174@1|root,COG0174@2|Bacteria,2GM3K@201174|Actinobacteria,4CPBS@84995|Rubrobacteria","PFAM glutamine synthetase catalytic region"
"ko:K01915",5524.83891740056,0.10174367120619,0.0223830389246112,4.54557004296312,5.47867736924567e-06,0.000735138890636965,"k87_1852259_1","COG0174@1|root,COG0174@2|Bacteria,2GMN1@201174|Actinobacteria,234G8@1762|Mycobacteriaceae","glutamine synthetase"
"ko:K01915",5524.83891740056,0.10174367120619,0.0223830389246112,4.54557004296312,5.47867736924567e-06,0.000735138890636965,"k87_1873169_3","COG0174@1|root,COG0174@2|Bacteria,2GJ2I@201174|Actinobacteria,4CP7E@84995|Rubrobacteria","glutamine synthetase, type I"
"ko:K01915",5524.83891740056,0.10174367120619,0.0223830389246112,4.54557004296312,5.47867736924567e-06,0.000735138890636965,"k87_1933395_1","COG0174@1|root,COG0174@2|Bacteria,1MUGQ@1224|Proteobacteria,2TU6U@28211|Alphaproteobacteria","glutamine synthetase"
"ko:K01915",5524.83891740056,0.10174367120619,0.0223830389246112,4.54557004296312,5.47867736924567e-06,0.000735138890636965,"k87_1936656_2","COG0174@1|root,COG0174@2|Bacteria,2GM3K@201174|Actinobacteria,4FK57@85023|Microbacteriaceae","Glutamine synthetase, catalytic domain"
"ko:K01915",5524.83891740056,0.10174367120619,0.0223830389246112,4.54557004296312,5.47867736924567e-06,0.000735138890636965,"k87_1977609_1","COG0174@1|root,COG0174@2|Bacteria,2GK8A@201174|Actinobacteria,232XW@1762|Mycobacteriaceae","glutamine synthetase"
"ko:K01915",5524.83891740056,0.10174367120619,0.0223830389246112,4.54557004296312,5.47867736924567e-06,0.000735138890636965,"k87_2014476_2","COG0174@1|root,COG0174@2|Bacteria,1MUGQ@1224|Proteobacteria,2TSCR@28211|Alphaproteobacteria,1JR2Q@119045|Methylobacteriaceae","TIGRFAM glutamine synthetase, type I"
"ko:K01915",5524.83891740056,0.10174367120619,0.0223830389246112,4.54557004296312,5.47867736924567e-06,0.000735138890636965,"k87_2015961_1","COG0174@1|root,COG0174@2|Bacteria,2H0T5@201174|Actinobacteria,4CR9P@84995|Rubrobacteria","Glutamine synthetase, catalytic domain"
"ko:K01915",5524.83891740056,0.10174367120619,0.0223830389246112,4.54557004296312,5.47867736924567e-06,0.000735138890636965,"k87_2034102_1","COG0174@1|root,COG0174@2|Bacteria,1MU6V@1224|Proteobacteria,2TTPD@28211|Alphaproteobacteria,43I7N@69277|Phyllobacteriaceae","glutamine synthetase"
"ko:K01915",5524.83891740056,0.10174367120619,0.0223830389246112,4.54557004296312,5.47867736924567e-06,0.000735138890636965,"k87_2173179_1","COG0174@1|root,COG0174@2|Bacteria,2GMN1@201174|Actinobacteria,4ES5H@85013|Frankiales","TIGRFAM glutamine synthetase, type I"
"ko:K01915",5524.83891740056,0.10174367120619,0.0223830389246112,4.54557004296312,5.47867736924567e-06,0.000735138890636965,"k87_2187725_1","COG0174@1|root,COG0174@2|Bacteria,2GJ2I@201174|Actinobacteria,4ERGV@85013|Frankiales","PFAM Glutamine synthetase, catalytic"
"ko:K01915",5524.83891740056,0.10174367120619,0.0223830389246112,4.54557004296312,5.47867736924567e-06,0.000735138890636965,"k87_2545350_2","COG0174@1|root,COG0174@2|Bacteria,1MU6V@1224|Proteobacteria,2VJHJ@28216|Betaproteobacteria,4ACG9@80864|Comamonadaceae","glutamine synthetase"
"ko:K01915",5524.83891740056,0.10174367120619,0.0223830389246112,4.54557004296312,5.47867736924567e-06,0.000735138890636965,"k87_2547832_1","COG0174@1|root,COG0174@2|Bacteria,1MUGQ@1224|Proteobacteria,2TSCR@28211|Alphaproteobacteria,43H5B@69277|Phyllobacteriaceae","glutamine synthetase"
"ko:K01915",5524.83891740056,0.10174367120619,0.0223830389246112,4.54557004296312,5.47867736924567e-06,0.000735138890636965,"k87_2553033_3","COG0174@1|root,COG0174@2|Bacteria,2GJ2I@201174|Actinobacteria,4DNNP@85009|Propionibacteriales","glutamine synthetase"
"ko:K01915",5524.83891740056,0.10174367120619,0.0223830389246112,4.54557004296312,5.47867736924567e-06,0.000735138890636965,"k87_2626482_1","COG0174@1|root,COG0174@2|Bacteria,1MUGQ@1224|Proteobacteria,1RMD1@1236|Gammaproteobacteria,1X3GI@135614|Xanthomonadales","highly regulated protein controlled by the addition removal of adenylyl groups by adenylyltransferase from specific tyrosine residues"
"ko:K01915",5524.83891740056,0.10174367120619,0.0223830389246112,4.54557004296312,5.47867736924567e-06,0.000735138890636965,"k87_2742123_1","COG0174@1|root,COG0174@2|Bacteria,2GM3K@201174|Actinobacteria,4CPBS@84995|Rubrobacteria","PFAM glutamine synthetase catalytic region"
"ko:K01915",5524.83891740056,0.10174367120619,0.0223830389246112,4.54557004296312,5.47867736924567e-06,0.000735138890636965,"k87_2825510_1","COG0174@1|root,COG0174@2|Bacteria,2GM3K@201174|Actinobacteria","glutamine synthetase"
"ko:K01915",5524.83891740056,0.10174367120619,0.0223830389246112,4.54557004296312,5.47867736924567e-06,0.000735138890636965,"k87_2890855_1","COG0174@1|root,COG0174@2|Bacteria,1MUGQ@1224|Proteobacteria,1RMD1@1236|Gammaproteobacteria,1X3GI@135614|Xanthomonadales","highly regulated protein controlled by the addition removal of adenylyl groups by adenylyltransferase from specific tyrosine residues"
"ko:K01915",5524.83891740056,0.10174367120619,0.0223830389246112,4.54557004296312,5.47867736924567e-06,0.000735138890636965,"k87_2912308_2","COG0174@1|root,COG0174@2|Bacteria,3J0AS@40117|Nitrospirae","Glutamine synthetase, catalytic domain"
"ko:K01915",5524.83891740056,0.10174367120619,0.0223830389246112,4.54557004296312,5.47867736924567e-06,0.000735138890636965,"k87_2922099_4","COG0174@1|root,COG0174@2|Bacteria,1MUGQ@1224|Proteobacteria,2TSCR@28211|Alphaproteobacteria,1JR2Q@119045|Methylobacteriaceae","TIGRFAM glutamine synthetase, type I"
"ko:K01915",5524.83891740056,0.10174367120619,0.0223830389246112,4.54557004296312,5.47867736924567e-06,0.000735138890636965,"k87_2929064_2","COG0174@1|root,COG0174@2|Bacteria,1MUGQ@1224|Proteobacteria,2TSCR@28211|Alphaproteobacteria,3JTH1@41294|Bradyrhizobiaceae","glutamine synthetase"
"ko:K01915",5524.83891740056,0.10174367120619,0.0223830389246112,4.54557004296312,5.47867736924567e-06,0.000735138890636965,"k87_2982845_3","COG0174@1|root,arCOG01909@2157|Archaea,41SD6@651137|Thaumarchaeota","TIGRFAM glutamine synthetase, type I"
"ko:K01915",5524.83891740056,0.10174367120619,0.0223830389246112,4.54557004296312,5.47867736924567e-06,0.000735138890636965,"k87_3065270_1","COG0174@1|root,COG0174@2|Bacteria,1MUGQ@1224|Proteobacteria,2TSCR@28211|Alphaproteobacteria,2JPN8@204441|Rhodospirillales","glutamine synthetase"
"ko:K01915",5524.83891740056,0.10174367120619,0.0223830389246112,4.54557004296312,5.47867736924567e-06,0.000735138890636965,"k87_3073696_2","COG0174@1|root,COG0174@2|Bacteria,1MUGQ@1224|Proteobacteria,2TSCR@28211|Alphaproteobacteria,43H5B@69277|Phyllobacteriaceae","glutamine synthetase"
"ko:K01915",5524.83891740056,0.10174367120619,0.0223830389246112,4.54557004296312,5.47867736924567e-06,0.000735138890636965,"k87_3191764_1","COG0174@1|root,COG0174@2|Bacteria,2GJ2I@201174|Actinobacteria,4FF3Q@85021|Intrasporangiaceae","Belongs to the glutamine synthetase family"
"ko:K01915",5524.83891740056,0.10174367120619,0.0223830389246112,4.54557004296312,5.47867736924567e-06,0.000735138890636965,"k87_3229888_5","COG0174@1|root,COG0174@2|Bacteria,1MUGQ@1224|Proteobacteria,1RMD1@1236|Gammaproteobacteria,1X3GI@135614|Xanthomonadales","highly regulated protein controlled by the addition removal of adenylyl groups by adenylyltransferase from specific tyrosine residues"
"ko:K01915",5524.83891740056,0.10174367120619,0.0223830389246112,4.54557004296312,5.47867736924567e-06,0.000735138890636965,"k87_3254441_5","COG0174@1|root,COG0174@2|Bacteria,2GKU9@201174|Actinobacteria","glutamine synthetase"
"ko:K01915",5524.83891740056,0.10174367120619,0.0223830389246112,4.54557004296312,5.47867736924567e-06,0.000735138890636965,"k87_3268925_1","COG0174@1|root,COG0174@2|Bacteria,2GJ2I@201174|Actinobacteria,4DNNP@85009|Propionibacteriales","glutamine synthetase"
"ko:K01915",5524.83891740056,0.10174367120619,0.0223830389246112,4.54557004296312,5.47867736924567e-06,0.000735138890636965,"k87_3343267_2","COG0174@1|root,COG0174@2|Bacteria,1MUGQ@1224|Proteobacteria,2TXJ5@28211|Alphaproteobacteria,3JW0D@41294|Bradyrhizobiaceae","Glutamine synthetase, catalytic domain"
"ko:K01915",5524.83891740056,0.10174367120619,0.0223830389246112,4.54557004296312,5.47867736924567e-06,0.000735138890636965,"k87_3419291_1","COG0174@1|root,COG0174@2|Bacteria,2GJ2I@201174|Actinobacteria","glutamine synthetase"
"ko:K01915",5524.83891740056,0.10174367120619,0.0223830389246112,4.54557004296312,5.47867736924567e-06,0.000735138890636965,"k87_3466106_1","COG0174@1|root,COG0174@2|Bacteria,2GM3K@201174|Actinobacteria,4FETN@85021|Intrasporangiaceae","Belongs to the glutamine synthetase family"
"ko:K01915",5524.83891740056,0.10174367120619,0.0223830389246112,4.54557004296312,5.47867736924567e-06,0.000735138890636965,"k87_3478856_5","COG0174@1|root,COG0174@2|Bacteria,2GM3K@201174|Actinobacteria,233C3@1762|Mycobacteriaceae","glutamine synthetase"
"ko:K01915",5524.83891740056,0.10174367120619,0.0223830389246112,4.54557004296312,5.47867736924567e-06,0.000735138890636965,"k87_3499517_1","COG0174@1|root,COG0174@2|Bacteria,2GM3K@201174|Actinobacteria,233C3@1762|Mycobacteriaceae","glutamine synthetase"
"ko:K01915",5524.83891740056,0.10174367120619,0.0223830389246112,4.54557004296312,5.47867736924567e-06,0.000735138890636965,"k87_3509933_2","COG0174@1|root,COG0174@2|Bacteria,2GK8A@201174|Actinobacteria,1W8DP@1268|Micrococcaceae","Glutamine synthetase, catalytic domain"
"ko:K01915",5524.83891740056,0.10174367120619,0.0223830389246112,4.54557004296312,5.47867736924567e-06,0.000735138890636965,"k87_3518679_3","COG0174@1|root,COG0174@2|Bacteria,2GJ2I@201174|Actinobacteria,4DNNP@85009|Propionibacteriales","glutamine synthetase"
"ko:K01915",5524.83891740056,0.10174367120619,0.0223830389246112,4.54557004296312,5.47867736924567e-06,0.000735138890636965,"k87_3524859_1","COG0174@1|root,COG0174@2|Bacteria,2GJ2I@201174|Actinobacteria,4CP7E@84995|Rubrobacteria","glutamine synthetase, type I"
"ko:K01915",5524.83891740056,0.10174367120619,0.0223830389246112,4.54557004296312,5.47867736924567e-06,0.000735138890636965,"k87_3573057_1","COG3968@1|root,COG3968@2|Bacteria,2GMA9@201174|Actinobacteria,4CS2J@84995|Rubrobacteria","Glutamine synthetase type III N terminal"
"ko:K01915",5524.83891740056,0.10174367120619,0.0223830389246112,4.54557004296312,5.47867736924567e-06,0.000735138890636965,"k87_3611902_2","COG0174@1|root,COG0174@2|Bacteria,2GMN1@201174|Actinobacteria,4DNAS@85009|Propionibacteriales","glutamine synthetase"
"ko:K01915",5524.83891740056,0.10174367120619,0.0223830389246112,4.54557004296312,5.47867736924567e-06,0.000735138890636965,"k87_3636435_1","COG0174@1|root,COG0174@2|Bacteria,2GKU9@201174|Actinobacteria","glutamine synthetase"
"ko:K01915",5524.83891740056,0.10174367120619,0.0223830389246112,4.54557004296312,5.47867736924567e-06,0.000735138890636965,"k87_3636926_2","COG0174@1|root,COG0174@2|Bacteria,1MUGQ@1224|Proteobacteria,2TSCR@28211|Alphaproteobacteria,3FCI2@34008|Rhodovulum","Glutamine synthetase, catalytic domain"
"ko:K01915",5524.83891740056,0.10174367120619,0.0223830389246112,4.54557004296312,5.47867736924567e-06,0.000735138890636965,"k87_3807771_2","COG0174@1|root,COG0174@2|Bacteria,1MUGQ@1224|Proteobacteria,2TSCR@28211|Alphaproteobacteria,3JTH1@41294|Bradyrhizobiaceae","glutamine synthetase"
"ko:K01915",5524.83891740056,0.10174367120619,0.0223830389246112,4.54557004296312,5.47867736924567e-06,0.000735138890636965,"k87_3822143_2","COG0174@1|root,COG0174@2|Bacteria,1MUGQ@1224|Proteobacteria,2TU6U@28211|Alphaproteobacteria,4B7QK@82115|Rhizobiaceae","glutamine synthetase"
"ko:K01915",5524.83891740056,0.10174367120619,0.0223830389246112,4.54557004296312,5.47867736924567e-06,0.000735138890636965,"k87_3848658_1","COG0174@1|root,COG0174@2|Bacteria,1MUGQ@1224|Proteobacteria,2TU6U@28211|Alphaproteobacteria,2JYR2@204441|Rhodospirillales","Glutamine synthetase, catalytic domain"
"ko:K01915",5524.83891740056,0.10174367120619,0.0223830389246112,4.54557004296312,5.47867736924567e-06,0.000735138890636965,"k87_3855261_4","COG0174@1|root,COG0174@2|Bacteria,1MUGQ@1224|Proteobacteria,2WFJM@28216|Betaproteobacteria,4AD19@80864|Comamonadaceae","Glutamine synthetase, catalytic domain"
"ko:K01915",5524.83891740056,0.10174367120619,0.0223830389246112,4.54557004296312,5.47867736924567e-06,0.000735138890636965,"k87_3945553_1","COG0174@1|root,COG0174@2|Bacteria,2GJ2I@201174|Actinobacteria,4DNNP@85009|Propionibacteriales","glutamine synthetase"
"ko:K01915",5524.83891740056,0.10174367120619,0.0223830389246112,4.54557004296312,5.47867736924567e-06,0.000735138890636965,"k87_3966834_3","COG0174@1|root,COG0174@2|Bacteria,2GKU9@201174|Actinobacteria,4EHB0@85012|Streptosporangiales","Glutamine synthetase, beta-Grasp domain"
"ko:K01915",5524.83891740056,0.10174367120619,0.0223830389246112,4.54557004296312,5.47867736924567e-06,0.000735138890636965,"k87_4008265_3","COG0174@1|root,COG0174@2|Bacteria,1MU6V@1224|Proteobacteria,2TRCP@28211|Alphaproteobacteria,4BA4F@82115|Rhizobiaceae","glutamine synthetase"
"ko:K01915",5524.83891740056,0.10174367120619,0.0223830389246112,4.54557004296312,5.47867736924567e-06,0.000735138890636965,"k87_4038737_1","COG0174@1|root,COG0174@2|Bacteria,2GJ2I@201174|Actinobacteria,4CP7E@84995|Rubrobacteria","glutamine synthetase, type I"
"ko:K01915",5524.83891740056,0.10174367120619,0.0223830389246112,4.54557004296312,5.47867736924567e-06,0.000735138890636965,"k87_4051293_1","COG0174@1|root,COG0174@2|Bacteria,2GJ2I@201174|Actinobacteria,4CP7E@84995|Rubrobacteria","glutamine synthetase, type I"
"ko:K01915",5524.83891740056,0.10174367120619,0.0223830389246112,4.54557004296312,5.47867736924567e-06,0.000735138890636965,"k87_4094989_2","COG0174@1|root,COG0174@2|Bacteria,1MUGQ@1224|Proteobacteria,2TU6U@28211|Alphaproteobacteria","glutamine synthetase"
"ko:K01915",5524.83891740056,0.10174367120619,0.0223830389246112,4.54557004296312,5.47867736924567e-06,0.000735138890636965,"k87_4120368_1","COG0174@1|root,COG0174@2|Bacteria,2GJ2I@201174|Actinobacteria,4DNNP@85009|Propionibacteriales","glutamine synthetase"
"ko:K01915",5524.83891740056,0.10174367120619,0.0223830389246112,4.54557004296312,5.47867736924567e-06,0.000735138890636965,"k87_4121542_1","COG0174@1|root,COG0174@2|Bacteria,2GJ2I@201174|Actinobacteria,4DNNP@85009|Propionibacteriales","glutamine synthetase"
"ko:K01915",5524.83891740056,0.10174367120619,0.0223830389246112,4.54557004296312,5.47867736924567e-06,0.000735138890636965,"k87_4146749_1","COG0174@1|root,COG0174@2|Bacteria,2GJ2I@201174|Actinobacteria,4DNNP@85009|Propionibacteriales","glutamine synthetase"
"ko:K01915",5524.83891740056,0.10174367120619,0.0223830389246112,4.54557004296312,5.47867736924567e-06,0.000735138890636965,"k87_4291188_2","COG0174@1|root,COG0174@2|Bacteria,1MUGQ@1224|Proteobacteria,2TSCR@28211|Alphaproteobacteria,2K06N@204457|Sphingomonadales","highly regulated protein controlled by the addition removal of adenylyl groups by adenylyltransferase from specific tyrosine residues"
"ko:K01915",5524.83891740056,0.10174367120619,0.0223830389246112,4.54557004296312,5.47867736924567e-06,0.000735138890636965,"k87_4296839_4","COG0174@1|root,COG0174@2|Bacteria,2GMN1@201174|Actinobacteria,4FMA2@85023|Microbacteriaceae","Glutamine synthetase, catalytic domain"
"ko:K01915",5524.83891740056,0.10174367120619,0.0223830389246112,4.54557004296312,5.47867736924567e-06,0.000735138890636965,"k87_4338501_1","COG0174@1|root,COG0174@2|Bacteria,1MUGQ@1224|Proteobacteria,2TU6U@28211|Alphaproteobacteria,43I8V@69277|Phyllobacteriaceae","glutamine synthetase"
"ko:K01915",5524.83891740056,0.10174367120619,0.0223830389246112,4.54557004296312,5.47867736924567e-06,0.000735138890636965,"k87_4347003_1","COG0174@1|root,COG0174@2|Bacteria,2GMN1@201174|Actinobacteria,4DNAS@85009|Propionibacteriales","glutamine synthetase"
"ko:K01915",5524.83891740056,0.10174367120619,0.0223830389246112,4.54557004296312,5.47867736924567e-06,0.000735138890636965,"k87_4382894_1","COG0174@1|root,COG0174@2|Bacteria,1MUGQ@1224|Proteobacteria,2TU6U@28211|Alphaproteobacteria,2JYR2@204441|Rhodospirillales","Glutamine synthetase, catalytic domain"
"ko:K01915",5524.83891740056,0.10174367120619,0.0223830389246112,4.54557004296312,5.47867736924567e-06,0.000735138890636965,"k87_4470293_2","COG0174@1|root,COG0174@2|Bacteria,2GMN1@201174|Actinobacteria,4FW9S@85025|Nocardiaceae","glutamine synthetase"
"ko:K01915",5524.83891740056,0.10174367120619,0.0223830389246112,4.54557004296312,5.47867736924567e-06,0.000735138890636965,"k87_4554980_1","COG0174@1|root,COG0174@2|Bacteria,2GM3K@201174|Actinobacteria,4CPBS@84995|Rubrobacteria","PFAM glutamine synthetase catalytic region"
"ko:K01915",5524.83891740056,0.10174367120619,0.0223830389246112,4.54557004296312,5.47867736924567e-06,0.000735138890636965,"k87_4687687_1","COG0174@1|root,COG0174@2|Bacteria,1MUGQ@1224|Proteobacteria,2TU6U@28211|Alphaproteobacteria","glutamine synthetase"
"ko:K01915",5524.83891740056,0.10174367120619,0.0223830389246112,4.54557004296312,5.47867736924567e-06,0.000735138890636965,"k87_4779536_2","COG0174@1|root,COG0174@2|Bacteria,1MU6V@1224|Proteobacteria,2VG5K@28211|Alphaproteobacteria","glutamine synthetase"
"ko:K01915",5524.83891740056,0.10174367120619,0.0223830389246112,4.54557004296312,5.47867736924567e-06,0.000735138890636965,"k87_4822626_1","COG0174@1|root,COG0174@2|Bacteria,1MUGQ@1224|Proteobacteria,2TSCR@28211|Alphaproteobacteria,1JR2Q@119045|Methylobacteriaceae","TIGRFAM glutamine synthetase, type I"
"ko:K01915",5524.83891740056,0.10174367120619,0.0223830389246112,4.54557004296312,5.47867736924567e-06,0.000735138890636965,"k87_4845400_1","COG0174@1|root,COG0174@2|Bacteria,2GMN1@201174|Actinobacteria,4CS0Y@84995|Rubrobacteria","Glutamine synthetase, beta-Grasp domain"
"ko:K01915",5524.83891740056,0.10174367120619,0.0223830389246112,4.54557004296312,5.47867736924567e-06,0.000735138890636965,"k87_4894971_2","COG0174@1|root,COG0174@2|Bacteria,1MUGQ@1224|Proteobacteria,2TSCR@28211|Alphaproteobacteria,2K06N@204457|Sphingomonadales","highly regulated protein controlled by the addition removal of adenylyl groups by adenylyltransferase from specific tyrosine residues"
"ko:K01915",5524.83891740056,0.10174367120619,0.0223830389246112,4.54557004296312,5.47867736924567e-06,0.000735138890636965,"k87_4906314_4","COG0174@1|root,COG0174@2|Bacteria,1MUGQ@1224|Proteobacteria,2TSCR@28211|Alphaproteobacteria,2K06N@204457|Sphingomonadales","highly regulated protein controlled by the addition removal of adenylyl groups by adenylyltransferase from specific tyrosine residues"
"ko:K01915",5524.83891740056,0.10174367120619,0.0223830389246112,4.54557004296312,5.47867736924567e-06,0.000735138890636965,"k87_4938128_1","COG0174@1|root,COG0174@2|Bacteria,2GM3K@201174|Actinobacteria,4FK57@85023|Microbacteriaceae","Glutamine synthetase, catalytic domain"
"ko:K01915",5524.83891740056,0.10174367120619,0.0223830389246112,4.54557004296312,5.47867736924567e-06,0.000735138890636965,"k87_5045988_1","COG0174@1|root,COG0174@2|Bacteria,2GM3K@201174|Actinobacteria,4FK57@85023|Microbacteriaceae","Glutamine synthetase, catalytic domain"
"ko:K01915",5524.83891740056,0.10174367120619,0.0223830389246112,4.54557004296312,5.47867736924567e-06,0.000735138890636965,"k87_5317885_2","COG0174@1|root,COG0174@2|Bacteria,1MU6V@1224|Proteobacteria,2TRCP@28211|Alphaproteobacteria,4BA4F@82115|Rhizobiaceae","glutamine synthetase"
"ko:K01915",5524.83891740056,0.10174367120619,0.0223830389246112,4.54557004296312,5.47867736924567e-06,0.000735138890636965,"k87_5396315_2","COG3968@1|root,COG3968@2|Bacteria,4NG2B@976|Bacteroidetes,1INRQ@117747|Sphingobacteriia","glutamine synthetase"
"ko:K01915",5524.83891740056,0.10174367120619,0.0223830389246112,4.54557004296312,5.47867736924567e-06,0.000735138890636965,"k87_5515787_1","COG0174@1|root,COG0174@2|Bacteria,2GMN1@201174|Actinobacteria,4DNAS@85009|Propionibacteriales","glutamine synthetase"
"ko:K01915",5524.83891740056,0.10174367120619,0.0223830389246112,4.54557004296312,5.47867736924567e-06,0.000735138890636965,"k87_5586941_1","COG0174@1|root,COG0174@2|Bacteria,1MUGQ@1224|Proteobacteria,2TSCR@28211|Alphaproteobacteria,3JTH1@41294|Bradyrhizobiaceae","glutamine synthetase"
"ko:K01915",5524.83891740056,0.10174367120619,0.0223830389246112,4.54557004296312,5.47867736924567e-06,0.000735138890636965,"k87_5704868_1","COG0174@1|root,COG0174@2|Bacteria,2GJ83@201174|Actinobacteria,23399@1762|Mycobacteriaceae","glutamine synthetase"
"ko:K01915",5524.83891740056,0.10174367120619,0.0223830389246112,4.54557004296312,5.47867736924567e-06,0.000735138890636965,"k87_5753474_1","COG0174@1|root,COG0174@2|Bacteria,2GM3K@201174|Actinobacteria","glutamine synthetase"
"ko:K01915",5524.83891740056,0.10174367120619,0.0223830389246112,4.54557004296312,5.47867736924567e-06,0.000735138890636965,"k87_5836947_1","COG0174@1|root,COG0174@2|Bacteria,2GJ2I@201174|Actinobacteria,4D9Q5@85008|Micromonosporales","glutamine synthetase"
"ko:K01915",5524.83891740056,0.10174367120619,0.0223830389246112,4.54557004296312,5.47867736924567e-06,0.000735138890636965,"k87_5866775_1","COG0174@1|root,COG0174@2|Bacteria,1MU6V@1224|Proteobacteria,2TRCP@28211|Alphaproteobacteria,43H1R@69277|Phyllobacteriaceae","glutamine synthetase"
"ko:K01915",5524.83891740056,0.10174367120619,0.0223830389246112,4.54557004296312,5.47867736924567e-06,0.000735138890636965,"k87_5894526_1","COG3968@1|root,COG3968@2|Bacteria,2GMA9@201174|Actinobacteria,23305@1762|Mycobacteriaceae","glutamine synthetase"
"ko:K01915",5524.83891740056,0.10174367120619,0.0223830389246112,4.54557004296312,5.47867736924567e-06,0.000735138890636965,"k87_6024590_1","COG3968@1|root,COG3968@2|Bacteria,2GMA9@201174|Actinobacteria,4CS2J@84995|Rubrobacteria","Glutamine synthetase type III N terminal"
"ko:K01915",5524.83891740056,0.10174367120619,0.0223830389246112,4.54557004296312,5.47867736924567e-06,0.000735138890636965,"k87_6049257_2","COG0174@1|root,COG0174@2|Bacteria,2GJ2I@201174|Actinobacteria,4CP7E@84995|Rubrobacteria","glutamine synthetase, type I"
"ko:K01915",5524.83891740056,0.10174367120619,0.0223830389246112,4.54557004296312,5.47867736924567e-06,0.000735138890636965,"k87_6055750_1","COG0174@1|root,COG0174@2|Bacteria,2GMN1@201174|Actinobacteria,4DNAS@85009|Propionibacteriales","glutamine synthetase"
"ko:K01915",5524.83891740056,0.10174367120619,0.0223830389246112,4.54557004296312,5.47867736924567e-06,0.000735138890636965,"k87_6084693_2","COG0174@1|root,COG0174@2|Bacteria,1MU6V@1224|Proteobacteria,2TRCP@28211|Alphaproteobacteria,43H1R@69277|Phyllobacteriaceae","glutamine synthetase"
"ko:K01915",5524.83891740056,0.10174367120619,0.0223830389246112,4.54557004296312,5.47867736924567e-06,0.000735138890636965,"k87_6294825_2","COG0174@1|root,COG0174@2|Bacteria,1MUGQ@1224|Proteobacteria,1RMD1@1236|Gammaproteobacteria,2PZE9@267888|Pseudoalteromonadaceae","glutamine synthetase"
"ko:K01915",5524.83891740056,0.10174367120619,0.0223830389246112,4.54557004296312,5.47867736924567e-06,0.000735138890636965,"k87_6319414_1","COG0174@1|root,COG0174@2|Bacteria,2GJ83@201174|Actinobacteria","glutamine synthetase"
"ko:K01915",5524.83891740056,0.10174367120619,0.0223830389246112,4.54557004296312,5.47867736924567e-06,0.000735138890636965,"k87_6368024_1","COG0174@1|root,COG0174@2|Bacteria,1NZU7@1224|Proteobacteria,2TS0B@28211|Alphaproteobacteria,4B9NF@82115|Rhizobiaceae","glutamine synthetase"
"ko:K01915",5524.83891740056,0.10174367120619,0.0223830389246112,4.54557004296312,5.47867736924567e-06,0.000735138890636965,"k87_6489273_1","COG0174@1|root,COG0174@2|Bacteria,2GJ2I@201174|Actinobacteria,4DNNP@85009|Propionibacteriales","glutamine synthetase"
"ko:K01915",5524.83891740056,0.10174367120619,0.0223830389246112,4.54557004296312,5.47867736924567e-06,0.000735138890636965,"k87_6582669_2","COG0174@1|root,COG0174@2|Bacteria,1MUGQ@1224|Proteobacteria,2TSCR@28211|Alphaproteobacteria,2K06N@204457|Sphingomonadales","highly regulated protein controlled by the addition removal of adenylyl groups by adenylyltransferase from specific tyrosine residues"
"ko:K01915",5524.83891740056,0.10174367120619,0.0223830389246112,4.54557004296312,5.47867736924567e-06,0.000735138890636965,"k87_6594921_1","COG0174@1|root,COG0174@2|Bacteria,2GM3K@201174|Actinobacteria,4CPBS@84995|Rubrobacteria","PFAM glutamine synthetase catalytic region"
"ko:K01915",5524.83891740056,0.10174367120619,0.0223830389246112,4.54557004296312,5.47867736924567e-06,0.000735138890636965,"k87_6609136_1","COG0174@1|root,COG0174@2|Bacteria,2GJ2I@201174|Actinobacteria,4FM01@85023|Microbacteriaceae","Glutamine synthetase, catalytic domain"
"ko:K01915",5524.83891740056,0.10174367120619,0.0223830389246112,4.54557004296312,5.47867736924567e-06,0.000735138890636965,"k87_6636135_1","COG3968@1|root,COG3968@2|Bacteria,2GMA9@201174|Actinobacteria,23305@1762|Mycobacteriaceae","glutamine synthetase"
"ko:K01915",5524.83891740056,0.10174367120619,0.0223830389246112,4.54557004296312,5.47867736924567e-06,0.000735138890636965,"k87_6966530_1","COG3968@1|root,COG3968@2|Bacteria,2GMA9@201174|Actinobacteria,4CS2J@84995|Rubrobacteria","Glutamine synthetase type III N terminal"
"ko:K01915",5524.83891740056,0.10174367120619,0.0223830389246112,4.54557004296312,5.47867736924567e-06,0.000735138890636965,"k87_6977637_1","COG3968@1|root,COG3968@2|Bacteria,4NG2B@976|Bacteroidetes,1INRQ@117747|Sphingobacteriia","glutamine synthetase"
"ko:K01915",5524.83891740056,0.10174367120619,0.0223830389246112,4.54557004296312,5.47867736924567e-06,0.000735138890636965,"k87_6977637_2","COG0174@1|root,COG0174@2|Bacteria,4NGG2@976|Bacteroidetes,47JHR@768503|Cytophagia","PFAM glutamine synthetase catalytic region"
"ko:K01928",469.478415652892,-0.26838300168728,0.0834990856885918,-3.21420287987595,0.00130807213967299,0.0477317251908687,"k87_240107_4","COG0769@1|root,COG0769@2|Bacteria,1MU6P@1224|Proteobacteria,2TVXI@28211|Alphaproteobacteria,3JS79@41294|Bradyrhizobiaceae","Catalyzes the addition of meso-diaminopimelic acid to the nucleotide precursor UDP-N-acetylmuramoyl-L-alanyl-D-glutamate (UMAG) in the biosynthesis of bacterial cell-wall peptidoglycan"
"ko:K01928",469.478415652892,-0.26838300168728,0.0834990856885918,-3.21420287987595,0.00130807213967299,0.0477317251908687,"k87_519628_1","COG0769@1|root,COG0769@2|Bacteria,46SGG@74201|Verrucomicrobia,3K7EA@414999|Opitutae","Catalyzes the addition of meso-diaminopimelic acid to the nucleotide precursor UDP-N-acetylmuramoyl-L-alanyl-D-glutamate (UMAG) in the biosynthesis of bacterial cell-wall peptidoglycan"
"ko:K01928",469.478415652892,-0.26838300168728,0.0834990856885918,-3.21420287987595,0.00130807213967299,0.0477317251908687,"k87_781128_1","COG0769@1|root,COG0769@2|Bacteria,1MU6P@1224|Proteobacteria,2TVXI@28211|Alphaproteobacteria,1JSER@119045|Methylobacteriaceae","Catalyzes the addition of meso-diaminopimelic acid to the nucleotide precursor UDP-N-acetylmuramoyl-L-alanyl-D-glutamate (UMAG) in the biosynthesis of bacterial cell-wall peptidoglycan"
"ko:K01928",469.478415652892,-0.26838300168728,0.0834990856885918,-3.21420287987595,0.00130807213967299,0.0477317251908687,"k87_889948_2","COG0769@1|root,COG0769@2|Bacteria,1MU6P@1224|Proteobacteria,2TVXI@28211|Alphaproteobacteria,43HJG@69277|Phyllobacteriaceae","Catalyzes the addition of meso-diaminopimelic acid to the nucleotide precursor UDP-N-acetylmuramoyl-L-alanyl-D-glutamate (UMAG) in the biosynthesis of bacterial cell-wall peptidoglycan"
"ko:K01928",469.478415652892,-0.26838300168728,0.0834990856885918,-3.21420287987595,0.00130807213967299,0.0477317251908687,"k87_1018296_2","COG0769@1|root,COG0769@2|Bacteria,2GIS2@201174|Actinobacteria,4DN64@85009|Propionibacteriales","Catalyzes the addition of meso-diaminopimelic acid to the nucleotide precursor UDP-N-acetylmuramoyl-L-alanyl-D-glutamate (UMAG) in the biosynthesis of bacterial cell-wall peptidoglycan"
"ko:K01928",469.478415652892,-0.26838300168728,0.0834990856885918,-3.21420287987595,0.00130807213967299,0.0477317251908687,"k87_1470385_1","COG0769@1|root,COG0769@2|Bacteria,46SGG@74201|Verrucomicrobia,2ITRP@203494|Verrucomicrobiae","Catalyzes the addition of meso-diaminopimelic acid to the nucleotide precursor UDP-N-acetylmuramoyl-L-alanyl-D-glutamate (UMAG) in the biosynthesis of bacterial cell-wall peptidoglycan"
"ko:K01928",469.478415652892,-0.26838300168728,0.0834990856885918,-3.21420287987595,0.00130807213967299,0.0477317251908687,"k87_1668099_3","COG0769@1|root,COG0769@2|Bacteria,1MU6P@1224|Proteobacteria,2TVXI@28211|Alphaproteobacteria,43HJG@69277|Phyllobacteriaceae","Catalyzes the addition of meso-diaminopimelic acid to the nucleotide precursor UDP-N-acetylmuramoyl-L-alanyl-D-glutamate (UMAG) in the biosynthesis of bacterial cell-wall peptidoglycan"
"ko:K01928",469.478415652892,-0.26838300168728,0.0834990856885918,-3.21420287987595,0.00130807213967299,0.0477317251908687,"k87_1841938_2","COG0769@1|root,COG0769@2|Bacteria,1MU6P@1224|Proteobacteria,2TVXI@28211|Alphaproteobacteria,4BA81@82115|Rhizobiaceae","Catalyzes the addition of meso-diaminopimelic acid to the nucleotide precursor UDP-N-acetylmuramoyl-L-alanyl-D-glutamate (UMAG) in the biosynthesis of bacterial cell-wall peptidoglycan"
"ko:K01928",469.478415652892,-0.26838300168728,0.0834990856885918,-3.21420287987595,0.00130807213967299,0.0477317251908687,"k87_1943145_1","COG0769@1|root,COG0769@2|Bacteria,2GIS2@201174|Actinobacteria,4FMD8@85023|Microbacteriaceae","Catalyzes the addition of an amino acid to the nucleotide precursor UDP-N-acetylmuramoyl-L-alanyl-D-glutamate (UMAG) in the biosynthesis of bacterial cell-wall peptidoglycan"
"ko:K01928",469.478415652892,-0.26838300168728,0.0834990856885918,-3.21420287987595,0.00130807213967299,0.0477317251908687,"k87_2131618_2","COG0769@1|root,COG0769@2|Bacteria,1MU6P@1224|Proteobacteria,2TVXI@28211|Alphaproteobacteria","Catalyzes the addition of meso-diaminopimelic acid to the nucleotide precursor UDP-N-acetylmuramoyl-L-alanyl-D-glutamate (UMAG) in the biosynthesis of bacterial cell-wall peptidoglycan"
"ko:K01928",469.478415652892,-0.26838300168728,0.0834990856885918,-3.21420287987595,0.00130807213967299,0.0477317251908687,"k87_2538799_1","COG0769@1|root,COG0769@2|Bacteria,2GIS2@201174|Actinobacteria","acid to the nucleotide precursor UDP-N-acetylmuramoyl-L-alanyl-D-glutamate (UMAG) in the biosynthesis of bacterial cell-wall peptidoglycan"
"ko:K01928",469.478415652892,-0.26838300168728,0.0834990856885918,-3.21420287987595,0.00130807213967299,0.0477317251908687,"k87_4084500_7","COG0769@1|root,COG0769@2|Bacteria,1MU6P@1224|Proteobacteria,1RMD6@1236|Gammaproteobacteria,1X488@135614|Xanthomonadales","Catalyzes the addition of meso-diaminopimelic acid to the nucleotide precursor UDP-N-acetylmuramoyl-L-alanyl-D-glutamate (UMAG) in the biosynthesis of bacterial cell-wall peptidoglycan"
"ko:K01928",469.478415652892,-0.26838300168728,0.0834990856885918,-3.21420287987595,0.00130807213967299,0.0477317251908687,"k87_4974075_1","COG0769@1|root,COG0769@2|Bacteria,1MU6P@1224|Proteobacteria,2TVXI@28211|Alphaproteobacteria,43HJG@69277|Phyllobacteriaceae","Catalyzes the addition of meso-diaminopimelic acid to the nucleotide precursor UDP-N-acetylmuramoyl-L-alanyl-D-glutamate (UMAG) in the biosynthesis of bacterial cell-wall peptidoglycan"
"ko:K01928",469.478415652892,-0.26838300168728,0.0834990856885918,-3.21420287987595,0.00130807213967299,0.0477317251908687,"k87_5096399_2","COG0769@1|root,COG0769@2|Bacteria,1MU6P@1224|Proteobacteria,2TVXI@28211|Alphaproteobacteria,4NB4I@97050|Ruegeria","Catalyzes the addition of meso-diaminopimelic acid to the nucleotide precursor UDP-N-acetylmuramoyl-L-alanyl-D-glutamate (UMAG) in the biosynthesis of bacterial cell-wall peptidoglycan"
"ko:K01940",2760.69188198585,0.122973896877546,0.0361029616283601,3.40619969473491,0.000658739767058435,0.0294636332175227,"k87_5527_1","COG0137@1|root,COG0137@2|Bacteria,1MV0Y@1224|Proteobacteria,2VJ7Z@28216|Betaproteobacteria,2KPMM@206351|Neisseriales","Belongs to the argininosuccinate synthase family. Type"
"ko:K01940",2760.69188198585,0.122973896877546,0.0361029616283601,3.40619969473491,0.000658739767058435,0.0294636332175227,"k87_84794_3","COG0137@1|root,COG0137@2|Bacteria,1MV0Y@1224|Proteobacteria,2VJ7Z@28216|Betaproteobacteria,1KJ2B@119065|unclassified Burkholderiales","Belongs to the argininosuccinate synthase family. Type 2 subfamily"
"ko:K01940",2760.69188198585,0.122973896877546,0.0361029616283601,3.40619969473491,0.000658739767058435,0.0294636332175227,"k87_104579_2","COG0137@1|root,COG0137@2|Bacteria,1MV0Y@1224|Proteobacteria,2VJ7Z@28216|Betaproteobacteria,3T2U0@506|Alcaligenaceae","Belongs to the argininosuccinate synthase family. Type 2 subfamily"
"ko:K01940",2760.69188198585,0.122973896877546,0.0361029616283601,3.40619969473491,0.000658739767058435,0.0294636332175227,"k87_168626_2","COG0137@1|root,COG0137@2|Bacteria,1MV0Y@1224|Proteobacteria,2TTGS@28211|Alphaproteobacteria,2K0AN@204457|Sphingomonadales","Belongs to the argininosuccinate synthase family. Type 1 subfamily"
"ko:K01940",2760.69188198585,0.122973896877546,0.0361029616283601,3.40619969473491,0.000658739767058435,0.0294636332175227,"k87_217407_1","COG0137@1|root,arCOG00112@2157|Archaea,41S6K@651137|Thaumarchaeota","Belongs to the argininosuccinate synthase family. Type 1 subfamily"
"ko:K01940",2760.69188198585,0.122973896877546,0.0361029616283601,3.40619969473491,0.000658739767058435,0.0294636332175227,"k87_222081_1","COG0137@1|root,COG0137@2|Bacteria,1MV0Y@1224|Proteobacteria,2VJ7Z@28216|Betaproteobacteria,3T2U0@506|Alcaligenaceae","Belongs to the argininosuccinate synthase family. Type 2 subfamily"
"ko:K01940",2760.69188198585,0.122973896877546,0.0361029616283601,3.40619969473491,0.000658739767058435,0.0294636332175227,"k87_290752_1","COG0137@1|root,COG0137@2|Bacteria,2GK96@201174|Actinobacteria,4CPRP@84995|Rubrobacteria","Belongs to the argininosuccinate synthase family. Type 1 subfamily"
"ko:K01940",2760.69188198585,0.122973896877546,0.0361029616283601,3.40619969473491,0.000658739767058435,0.0294636332175227,"k87_347138_3","COG0137@1|root,COG0137@2|Bacteria,1MV0Y@1224|Proteobacteria,2TTGS@28211|Alphaproteobacteria,3ZVK6@60136|Sulfitobacter","Catalyzes the formation of 2-N(omega)-(L-arginino)succinate from L-citrulline and L-aspartate in arginine biosynthesis, AMP-forming"
"ko:K01940",2760.69188198585,0.122973896877546,0.0361029616283601,3.40619969473491,0.000658739767058435,0.0294636332175227,"k87_363086_1","COG0137@1|root,COG0137@2|Bacteria,1MV0Y@1224|Proteobacteria,2TTGS@28211|Alphaproteobacteria,1JSID@119045|Methylobacteriaceae","Belongs to the argininosuccinate synthase family. Type 1 subfamily"
"ko:K01940",2760.69188198585,0.122973896877546,0.0361029616283601,3.40619969473491,0.000658739767058435,0.0294636332175227,"k87_466560_1","COG0137@1|root,COG0137@2|Bacteria,1MV0Y@1224|Proteobacteria,2TTGS@28211|Alphaproteobacteria,2K0AN@204457|Sphingomonadales","Belongs to the argininosuccinate synthase family. Type 1 subfamily"
"ko:K01940",2760.69188198585,0.122973896877546,0.0361029616283601,3.40619969473491,0.000658739767058435,0.0294636332175227,"k87_486854_3","COG0137@1|root,COG0137@2|Bacteria,1ZTYP@142182|Gemmatimonadetes","Arginosuccinate synthase"
"ko:K01940",2760.69188198585,0.122973896877546,0.0361029616283601,3.40619969473491,0.000658739767058435,0.0294636332175227,"k87_489736_2","COG0137@1|root,COG0137@2|Bacteria,2GK96@201174|Actinobacteria,4CPRP@84995|Rubrobacteria","Belongs to the argininosuccinate synthase family. Type 1 subfamily"
"ko:K01940",2760.69188198585,0.122973896877546,0.0361029616283601,3.40619969473491,0.000658739767058435,0.0294636332175227,"k87_540082_4","COG0137@1|root,COG0137@2|Bacteria,1MV0Y@1224|Proteobacteria,2TTGS@28211|Alphaproteobacteria,3N68V@45401|Hyphomicrobiaceae","Belongs to the argininosuccinate synthase family. Type 1 subfamily"
"ko:K01940",2760.69188198585,0.122973896877546,0.0361029616283601,3.40619969473491,0.000658739767058435,0.0294636332175227,"k87_584295_1","COG0137@1|root,COG0137@2|Bacteria,3Y3DD@57723|Acidobacteria","Belongs to the argininosuccinate synthase family. Type 2 subfamily"
"ko:K01940",2760.69188198585,0.122973896877546,0.0361029616283601,3.40619969473491,0.000658739767058435,0.0294636332175227,"k87_635973_2","COG0137@1|root,COG0137@2|Bacteria,2GK96@201174|Actinobacteria,4CPRP@84995|Rubrobacteria","Belongs to the argininosuccinate synthase family. Type 1 subfamily"
"ko:K01940",2760.69188198585,0.122973896877546,0.0361029616283601,3.40619969473491,0.000658739767058435,0.0294636332175227,"k87_721445_2","COG0137@1|root,COG0137@2|Bacteria,3J0BU@40117|Nitrospirae","Belongs to the argininosuccinate synthase family. Type 1 subfamily"
"ko:K01940",2760.69188198585,0.122973896877546,0.0361029616283601,3.40619969473491,0.000658739767058435,0.0294636332175227,"k87_731556_1","COG0137@1|root,COG0137@2|Bacteria,1MV0Y@1224|Proteobacteria,2TTGS@28211|Alphaproteobacteria,4B8CB@82115|Rhizobiaceae","Belongs to the argininosuccinate synthase family. Type 1 subfamily"
"ko:K01940",2760.69188198585,0.122973896877546,0.0361029616283601,3.40619969473491,0.000658739767058435,0.0294636332175227,"k87_768653_3","COG0137@1|root,COG0137@2|Bacteria,2GK96@201174|Actinobacteria,4DNHA@85009|Propionibacteriales","Belongs to the argininosuccinate synthase family. Type 2 subfamily"
"ko:K01940",2760.69188198585,0.122973896877546,0.0361029616283601,3.40619969473491,0.000658739767058435,0.0294636332175227,"k87_1059005_1","COG0137@1|root,COG0137@2|Bacteria,1MV0Y@1224|Proteobacteria,2TTGS@28211|Alphaproteobacteria,2K0AN@204457|Sphingomonadales","Belongs to the argininosuccinate synthase family. Type 1 subfamily"
"ko:K01940",2760.69188198585,0.122973896877546,0.0361029616283601,3.40619969473491,0.000658739767058435,0.0294636332175227,"k87_1127781_11","COG0137@1|root,COG0137@2|Bacteria,1MV0Y@1224|Proteobacteria,2TTGS@28211|Alphaproteobacteria,4B8CB@82115|Rhizobiaceae","Belongs to the argininosuccinate synthase family. Type 1 subfamily"
"ko:K01940",2760.69188198585,0.122973896877546,0.0361029616283601,3.40619969473491,0.000658739767058435,0.0294636332175227,"k87_1354444_4","COG0137@1|root,COG0137@2|Bacteria,2IX1G@203682|Planctomycetes","Belongs to the argininosuccinate synthase family. Type 1 subfamily"
"ko:K01940",2760.69188198585,0.122973896877546,0.0361029616283601,3.40619969473491,0.000658739767058435,0.0294636332175227,"k87_1397631_1","COG0137@1|root,COG0137@2|Bacteria,2GK96@201174|Actinobacteria,4CNB6@84992|Acidimicrobiia","Belongs to the argininosuccinate synthase family. Type"
"ko:K01940",2760.69188198585,0.122973896877546,0.0361029616283601,3.40619969473491,0.000658739767058435,0.0294636332175227,"k87_1507506_2","COG0137@1|root,COG0137@2|Bacteria,46SCU@74201|Verrucomicrobia,3K7AT@414999|Opitutae","Belongs to the argininosuccinate synthase family. Type 1 subfamily"
"ko:K01940",2760.69188198585,0.122973896877546,0.0361029616283601,3.40619969473491,0.000658739767058435,0.0294636332175227,"k87_1546470_1","COG0137@1|root,COG0137@2|Bacteria,2GK96@201174|Actinobacteria,4CPRP@84995|Rubrobacteria","Belongs to the argininosuccinate synthase family. Type 1 subfamily"
"ko:K01940",2760.69188198585,0.122973896877546,0.0361029616283601,3.40619969473491,0.000658739767058435,0.0294636332175227,"k87_1562036_1","COG0137@1|root,COG0137@2|Bacteria,1MV0Y@1224|Proteobacteria,2TTGS@28211|Alphaproteobacteria,2JPZD@204441|Rhodospirillales","Belongs to the argininosuccinate synthase family. Type 1 subfamily"
"ko:K01940",2760.69188198585,0.122973896877546,0.0361029616283601,3.40619969473491,0.000658739767058435,0.0294636332175227,"k87_1622185_1","COG0137@1|root,COG0137@2|Bacteria,1MV0Y@1224|Proteobacteria,2TTGS@28211|Alphaproteobacteria,3FCI9@34008|Rhodovulum","Arginosuccinate synthase"
"ko:K01940",2760.69188198585,0.122973896877546,0.0361029616283601,3.40619969473491,0.000658739767058435,0.0294636332175227,"k87_1721350_3","COG0137@1|root,COG0137@2|Bacteria,2GK96@201174|Actinobacteria,4EGPY@85012|Streptosporangiales","Arginosuccinate synthase"
"ko:K01940",2760.69188198585,0.122973896877546,0.0361029616283601,3.40619969473491,0.000658739767058435,0.0294636332175227,"k87_2092042_2","COG0137@1|root,COG0137@2|Bacteria,2GK96@201174|Actinobacteria,4CNB6@84992|Acidimicrobiia","Belongs to the argininosuccinate synthase family. Type"
"ko:K01940",2760.69188198585,0.122973896877546,0.0361029616283601,3.40619969473491,0.000658739767058435,0.0294636332175227,"k87_2097797_2","COG0137@1|root,COG0137@2|Bacteria,1MV0Y@1224|Proteobacteria,2TTGS@28211|Alphaproteobacteria,1JSID@119045|Methylobacteriaceae","Belongs to the argininosuccinate synthase family. Type 1 subfamily"
"ko:K01940",2760.69188198585,0.122973896877546,0.0361029616283601,3.40619969473491,0.000658739767058435,0.0294636332175227,"k87_2180736_2","COG0137@1|root,COG0137@2|Bacteria,2GK96@201174|Actinobacteria,4CPRP@84995|Rubrobacteria","Belongs to the argininosuccinate synthase family. Type 1 subfamily"
"ko:K01940",2760.69188198585,0.122973896877546,0.0361029616283601,3.40619969473491,0.000658739767058435,0.0294636332175227,"k87_2297214_3","COG0137@1|root,COG0137@2|Bacteria,2GK96@201174|Actinobacteria,4CPRP@84995|Rubrobacteria","Belongs to the argininosuccinate synthase family. Type 1 subfamily"
"ko:K01940",2760.69188198585,0.122973896877546,0.0361029616283601,3.40619969473491,0.000658739767058435,0.0294636332175227,"k87_2322212_1","COG0137@1|root,COG0137@2|Bacteria,1MV0Y@1224|Proteobacteria,1RMEC@1236|Gammaproteobacteria,1X4MV@135614|Xanthomonadales","Belongs to the argininosuccinate synthase family. Type 1 subfamily"
"ko:K01940",2760.69188198585,0.122973896877546,0.0361029616283601,3.40619969473491,0.000658739767058435,0.0294636332175227,"k87_2457208_1","COG0137@1|root,COG0137@2|Bacteria,1MV0Y@1224|Proteobacteria,2VJ7Z@28216|Betaproteobacteria,3T2U0@506|Alcaligenaceae","Belongs to the argininosuccinate synthase family. Type 2 subfamily"
"ko:K01940",2760.69188198585,0.122973896877546,0.0361029616283601,3.40619969473491,0.000658739767058435,0.0294636332175227,"k87_2471415_1","COG0137@1|root,COG0137@2|Bacteria,2GK96@201174|Actinobacteria,4CPRP@84995|Rubrobacteria","Belongs to the argininosuccinate synthase family. Type 1 subfamily"
"ko:K01940",2760.69188198585,0.122973896877546,0.0361029616283601,3.40619969473491,0.000658739767058435,0.0294636332175227,"k87_2607026_2","COG0137@1|root,COG0137@2|Bacteria,3Y3DD@57723|Acidobacteria","Belongs to the argininosuccinate synthase family. Type 2 subfamily"
"ko:K01940",2760.69188198585,0.122973896877546,0.0361029616283601,3.40619969473491,0.000658739767058435,0.0294636332175227,"k87_3162015_1","COG0137@1|root,COG0137@2|Bacteria,2GK96@201174|Actinobacteria,4CPRP@84995|Rubrobacteria","Belongs to the argininosuccinate synthase family. Type 1 subfamily"
"ko:K01940",2760.69188198585,0.122973896877546,0.0361029616283601,3.40619969473491,0.000658739767058435,0.0294636332175227,"k87_3254848_1","COG0137@1|root,COG0137@2|Bacteria,2GK96@201174|Actinobacteria,4CPRP@84995|Rubrobacteria","Belongs to the argininosuccinate synthase family. Type 1 subfamily"
"ko:K01940",2760.69188198585,0.122973896877546,0.0361029616283601,3.40619969473491,0.000658739767058435,0.0294636332175227,"k87_3628793_1","COG0137@1|root,COG0137@2|Bacteria,1MV0Y@1224|Proteobacteria,2TTGS@28211|Alphaproteobacteria,43HC3@69277|Phyllobacteriaceae","Belongs to the argininosuccinate synthase family. Type 1 subfamily"
"ko:K01940",2760.69188198585,0.122973896877546,0.0361029616283601,3.40619969473491,0.000658739767058435,0.0294636332175227,"k87_3753150_1","COG0137@1|root,COG0137@2|Bacteria,2GK96@201174|Actinobacteria,4CNB6@84992|Acidimicrobiia","Belongs to the argininosuccinate synthase family. Type"
"ko:K01940",2760.69188198585,0.122973896877546,0.0361029616283601,3.40619969473491,0.000658739767058435,0.0294636332175227,"k87_3869232_3","COG0137@1|root,COG0137@2|Bacteria,1MV0Y@1224|Proteobacteria,2TTGS@28211|Alphaproteobacteria","Belongs to the argininosuccinate synthase family. Type 1 subfamily"
"ko:K01940",2760.69188198585,0.122973896877546,0.0361029616283601,3.40619969473491,0.000658739767058435,0.0294636332175227,"k87_3904785_1","COG0137@1|root,COG0137@2|Bacteria,2GK96@201174|Actinobacteria","Belongs to the argininosuccinate synthase family. Type"
"ko:K01940",2760.69188198585,0.122973896877546,0.0361029616283601,3.40619969473491,0.000658739767058435,0.0294636332175227,"k87_3990054_3","COG0137@1|root,COG0137@2|Bacteria,2GK96@201174|Actinobacteria,1ZVNF@145357|Dermacoccaceae","Belongs to the argininosuccinate synthase family. Type 2 subfamily"
"ko:K01940",2760.69188198585,0.122973896877546,0.0361029616283601,3.40619969473491,0.000658739767058435,0.0294636332175227,"k87_4173842_1","COG0137@1|root,COG0137@2|Bacteria,2GK96@201174|Actinobacteria,4CPRP@84995|Rubrobacteria","Belongs to the argininosuccinate synthase family. Type 1 subfamily"
"ko:K01940",2760.69188198585,0.122973896877546,0.0361029616283601,3.40619969473491,0.000658739767058435,0.0294636332175227,"k87_4231681_1","COG0137@1|root,COG0137@2|Bacteria,2GK96@201174|Actinobacteria,4CPRP@84995|Rubrobacteria","Belongs to the argininosuccinate synthase family. Type 1 subfamily"
"ko:K01940",2760.69188198585,0.122973896877546,0.0361029616283601,3.40619969473491,0.000658739767058435,0.0294636332175227,"k87_4277585_4","COG0137@1|root,COG0137@2|Bacteria,2GK96@201174|Actinobacteria,4CPRP@84995|Rubrobacteria","Belongs to the argininosuccinate synthase family. Type 1 subfamily"
"ko:K01940",2760.69188198585,0.122973896877546,0.0361029616283601,3.40619969473491,0.000658739767058435,0.0294636332175227,"k87_4295731_2","COG0137@1|root,COG0137@2|Bacteria,1MV0Y@1224|Proteobacteria,2TTGS@28211|Alphaproteobacteria","Belongs to the argininosuccinate synthase family. Type 1 subfamily"
"ko:K01940",2760.69188198585,0.122973896877546,0.0361029616283601,3.40619969473491,0.000658739767058435,0.0294636332175227,"k87_4481530_1","COG0137@1|root,COG0137@2|Bacteria,2GK96@201174|Actinobacteria,4FMMU@85023|Microbacteriaceae","Belongs to the argininosuccinate synthase family. Type"
"ko:K01940",2760.69188198585,0.122973896877546,0.0361029616283601,3.40619969473491,0.000658739767058435,0.0294636332175227,"k87_4532804_2","COG0137@1|root,COG0137@2|Bacteria,2GK96@201174|Actinobacteria,2330Y@1762|Mycobacteriaceae","Belongs to the argininosuccinate synthase family. Type 1 subfamily"
"ko:K01940",2760.69188198585,0.122973896877546,0.0361029616283601,3.40619969473491,0.000658739767058435,0.0294636332175227,"k87_4812065_21","COG0137@1|root,COG0137@2|Bacteria,1MV0Y@1224|Proteobacteria,1RMEC@1236|Gammaproteobacteria,1X4MV@135614|Xanthomonadales","Belongs to the argininosuccinate synthase family. Type 1 subfamily"
"ko:K01940",2760.69188198585,0.122973896877546,0.0361029616283601,3.40619969473491,0.000658739767058435,0.0294636332175227,"k87_5077959_2","COG0137@1|root,COG0137@2|Bacteria,3J0BU@40117|Nitrospirae","Belongs to the argininosuccinate synthase family. Type 1 subfamily"
"ko:K01940",2760.69188198585,0.122973896877546,0.0361029616283601,3.40619969473491,0.000658739767058435,0.0294636332175227,"k87_5104165_5","COG0137@1|root,COG0137@2|Bacteria,1MV0Y@1224|Proteobacteria,2VJ7Z@28216|Betaproteobacteria,1KJ2B@119065|unclassified Burkholderiales","Belongs to the argininosuccinate synthase family. Type 2 subfamily"
"ko:K01940",2760.69188198585,0.122973896877546,0.0361029616283601,3.40619969473491,0.000658739767058435,0.0294636332175227,"k87_5134522_2","COG0137@1|root,COG0137@2|Bacteria,1MV0Y@1224|Proteobacteria,2TTGS@28211|Alphaproteobacteria,43HC3@69277|Phyllobacteriaceae","Belongs to the argininosuccinate synthase family. Type 1 subfamily"
"ko:K01940",2760.69188198585,0.122973896877546,0.0361029616283601,3.40619969473491,0.000658739767058435,0.0294636332175227,"k87_5251724_1","COG0137@1|root,COG0137@2|Bacteria,1MV0Y@1224|Proteobacteria,2TTGS@28211|Alphaproteobacteria,2K0AN@204457|Sphingomonadales","Belongs to the argininosuccinate synthase family. Type 1 subfamily"
"ko:K01940",2760.69188198585,0.122973896877546,0.0361029616283601,3.40619969473491,0.000658739767058435,0.0294636332175227,"k87_5339379_1","COG0137@1|root,COG0137@2|Bacteria,4NE3R@976|Bacteroidetes,1INXV@117747|Sphingobacteriia","Belongs to the argininosuccinate synthase family. Type 1 subfamily"
"ko:K01940",2760.69188198585,0.122973896877546,0.0361029616283601,3.40619969473491,0.000658739767058435,0.0294636332175227,"k87_5718449_1","COG0137@1|root,COG0137@2|Bacteria,2GK96@201174|Actinobacteria,4DNHA@85009|Propionibacteriales","Belongs to the argininosuccinate synthase family. Type 2 subfamily"
"ko:K01940",2760.69188198585,0.122973896877546,0.0361029616283601,3.40619969473491,0.000658739767058435,0.0294636332175227,"k87_5758841_1","COG0137@1|root,COG0137@2|Bacteria,2GK96@201174|Actinobacteria,4DNHA@85009|Propionibacteriales","Belongs to the argininosuccinate synthase family. Type 2 subfamily"
"ko:K01940",2760.69188198585,0.122973896877546,0.0361029616283601,3.40619969473491,0.000658739767058435,0.0294636332175227,"k87_5916645_8","COG0137@1|root,COG0137@2|Bacteria,1MV0Y@1224|Proteobacteria,1RMEC@1236|Gammaproteobacteria,1X4MV@135614|Xanthomonadales","Belongs to the argininosuccinate synthase family. Type 1 subfamily"
"ko:K01940",2760.69188198585,0.122973896877546,0.0361029616283601,3.40619969473491,0.000658739767058435,0.0294636332175227,"k87_5930556_4","COG0137@1|root,COG0137@2|Bacteria,1TP3X@1239|Firmicutes,4HA1E@91061|Bacilli","Belongs to the argininosuccinate synthase family. Type 1 subfamily"
"ko:K01940",2760.69188198585,0.122973896877546,0.0361029616283601,3.40619969473491,0.000658739767058435,0.0294636332175227,"k87_6002783_1","COG0137@1|root,COG0137@2|Bacteria,2GK96@201174|Actinobacteria,1W8DZ@1268|Micrococcaceae","Belongs to the argininosuccinate synthase family. Type 1 subfamily"
"ko:K01940",2760.69188198585,0.122973896877546,0.0361029616283601,3.40619969473491,0.000658739767058435,0.0294636332175227,"k87_6130180_2","COG0137@1|root,COG0137@2|Bacteria,46SCU@74201|Verrucomicrobia","Belongs to the argininosuccinate synthase family. Type 1 subfamily"
"ko:K01940",2760.69188198585,0.122973896877546,0.0361029616283601,3.40619969473491,0.000658739767058435,0.0294636332175227,"k87_6181812_1","COG0137@1|root,COG0137@2|Bacteria,1MV0Y@1224|Proteobacteria,2TTGS@28211|Alphaproteobacteria,3JRAJ@41294|Bradyrhizobiaceae","Belongs to the argininosuccinate synthase family. Type 2 subfamily"
"ko:K01940",2760.69188198585,0.122973896877546,0.0361029616283601,3.40619969473491,0.000658739767058435,0.0294636332175227,"k87_6447811_2","COG0137@1|root,COG0137@2|Bacteria,1MV0Y@1224|Proteobacteria,2TTGS@28211|Alphaproteobacteria,3N68V@45401|Hyphomicrobiaceae","Belongs to the argininosuccinate synthase family. Type 1 subfamily"
"ko:K01940",2760.69188198585,0.122973896877546,0.0361029616283601,3.40619969473491,0.000658739767058435,0.0294636332175227,"k87_6549299_2","COG0137@1|root,COG0137@2|Bacteria,2GK96@201174|Actinobacteria","Belongs to the argininosuccinate synthase family. Type"
"ko:K01940",2760.69188198585,0.122973896877546,0.0361029616283601,3.40619969473491,0.000658739767058435,0.0294636332175227,"k87_6757138_1","COG0137@1|root,COG0137@2|Bacteria,1MV0Y@1224|Proteobacteria,2VJ7Z@28216|Betaproteobacteria,4AA0K@80864|Comamonadaceae","Belongs to the argininosuccinate synthase family. Type 2 subfamily"
"ko:K01940",2760.69188198585,0.122973896877546,0.0361029616283601,3.40619969473491,0.000658739767058435,0.0294636332175227,"k87_7011400_3","COG0137@1|root,COG0137@2|Bacteria,1MV0Y@1224|Proteobacteria,2TTGS@28211|Alphaproteobacteria,4B8CB@82115|Rhizobiaceae","Belongs to the argininosuccinate synthase family. Type 1 subfamily"
"ko:K02055",716.761594303574,0.219316533153741,0.0596358815017657,3.67759354990413,0.00023544473666561,0.0151094100573235,"k87_251259_1","COG0687@1|root,COG0687@2|Bacteria,1MWG5@1224|Proteobacteria,2TTP2@28211|Alphaproteobacteria,3JV3Z@41294|Bradyrhizobiaceae","Bacterial extracellular solute-binding protein"
"ko:K02055",716.761594303574,0.219316533153741,0.0596358815017657,3.67759354990413,0.00023544473666561,0.0151094100573235,"k87_330606_1","COG1840@1|root,COG1840@2|Bacteria,1Q13Q@1224|Proteobacteria,2TS7Y@28211|Alphaproteobacteria,43J3D@69277|Phyllobacteriaceae","ABC-type Fe3 transport system, periplasmic component"
"ko:K02055",716.761594303574,0.219316533153741,0.0596358815017657,3.67759354990413,0.00023544473666561,0.0151094100573235,"k87_401024_2","COG0687@1|root,COG0687@2|Bacteria,2HQAG@201174|Actinobacteria,236G3@1762|Mycobacteriaceae","Bacterial extracellular solute-binding protein"
"ko:K02055",716.761594303574,0.219316533153741,0.0596358815017657,3.67759354990413,0.00023544473666561,0.0151094100573235,"k87_619103_2","COG0687@1|root,COG0687@2|Bacteria,1R4CG@1224|Proteobacteria,2U1T9@28211|Alphaproteobacteria","Bacterial extracellular solute-binding protein"
"ko:K02055",716.761594303574,0.219316533153741,0.0596358815017657,3.67759354990413,0.00023544473666561,0.0151094100573235,"k87_982342_1","COG1840@1|root,COG1840@2|Bacteria,1Q13Q@1224|Proteobacteria,2TS7Y@28211|Alphaproteobacteria,4B8Z6@82115|Rhizobiaceae","ABC-type Fe3 transport system, periplasmic component"
"ko:K02055",716.761594303574,0.219316533153741,0.0596358815017657,3.67759354990413,0.00023544473666561,0.0151094100573235,"k87_1061347_2","COG0687@1|root,COG0687@2|Bacteria,1MU0I@1224|Proteobacteria,2TSJT@28211|Alphaproteobacteria,3JSKF@41294|Bradyrhizobiaceae","Bacterial extracellular solute-binding protein"
"ko:K02055",716.761594303574,0.219316533153741,0.0596358815017657,3.67759354990413,0.00023544473666561,0.0151094100573235,"k87_1279811_1","COG1840@1|root,COG1840@2|Bacteria,2GJFH@201174|Actinobacteria,236A7@1762|Mycobacteriaceae","Bacterial extracellular solute-binding protein"
"ko:K02055",716.761594303574,0.219316533153741,0.0596358815017657,3.67759354990413,0.00023544473666561,0.0151094100573235,"k87_1453540_1","COG0687@1|root,COG0687@2|Bacteria,2GJM8@201174|Actinobacteria","extracellular solute-binding protein, family 1"
"ko:K02055",716.761594303574,0.219316533153741,0.0596358815017657,3.67759354990413,0.00023544473666561,0.0151094100573235,"k87_1463459_2","COG0687@1|root,COG0687@2|Bacteria,1PUQ5@1224|Proteobacteria,2VEXT@28211|Alphaproteobacteria,43IIY@69277|Phyllobacteriaceae","Extracellular solute-binding protein"
"ko:K02055",716.761594303574,0.219316533153741,0.0596358815017657,3.67759354990413,0.00023544473666561,0.0151094100573235,"k87_1489108_1","COG0687@1|root,COG0687@2|Bacteria,1MU0I@1224|Proteobacteria,2U0ND@28211|Alphaproteobacteria,4B885@82115|Rhizobiaceae","Bacterial extracellular solute-binding protein"
"ko:K02055",716.761594303574,0.219316533153741,0.0596358815017657,3.67759354990413,0.00023544473666561,0.0151094100573235,"k87_1510459_3","COG0687@1|root,COG0687@2|Bacteria,1NKD7@1224|Proteobacteria,2TYST@28211|Alphaproteobacteria","Extracellular solute-binding protein"
"ko:K02055",716.761594303574,0.219316533153741,0.0596358815017657,3.67759354990413,0.00023544473666561,0.0151094100573235,"k87_1510849_2","COG0687@1|root,COG0687@2|Bacteria,1MU0I@1224|Proteobacteria,2TRJ3@28211|Alphaproteobacteria,4BBV9@82115|Rhizobiaceae","Bacterial extracellular solute-binding protein"
"ko:K02055",716.761594303574,0.219316533153741,0.0596358815017657,3.67759354990413,0.00023544473666561,0.0151094100573235,"k87_1888848_1","COG4134@1|root,COG4134@2|Bacteria,1N6GY@1224|Proteobacteria,2U0KB@28211|Alphaproteobacteria","Bacterial extracellular solute-binding protein"
"ko:K02055",716.761594303574,0.219316533153741,0.0596358815017657,3.67759354990413,0.00023544473666561,0.0151094100573235,"k87_1953519_2","COG1840@1|root,COG1840@2|Bacteria,1Q13Q@1224|Proteobacteria,2TS7Y@28211|Alphaproteobacteria,43J3D@69277|Phyllobacteriaceae","ABC-type Fe3 transport system, periplasmic component"
"ko:K02055",716.761594303574,0.219316533153741,0.0596358815017657,3.67759354990413,0.00023544473666561,0.0151094100573235,"k87_2004766_2","COG0687@1|root,COG0687@2|Bacteria,1NKD7@1224|Proteobacteria,2TYST@28211|Alphaproteobacteria,4B6ZM@82115|Rhizobiaceae","Spermidine putrescine ABC transporter substrate-binding protein"
"ko:K02055",716.761594303574,0.219316533153741,0.0596358815017657,3.67759354990413,0.00023544473666561,0.0151094100573235,"k87_2341940_2","COG4134@1|root,COG4134@2|Bacteria,1N6GY@1224|Proteobacteria,2U0KB@28211|Alphaproteobacteria","Bacterial extracellular solute-binding protein"
"ko:K02055",716.761594303574,0.219316533153741,0.0596358815017657,3.67759354990413,0.00023544473666561,0.0151094100573235,"k87_2425789_4","COG0687@1|root,COG0687@2|Bacteria,2HZ69@201174|Actinobacteria,4DPAF@85009|Propionibacteriales","Bacterial extracellular solute-binding protein"
"ko:K02055",716.761594303574,0.219316533153741,0.0596358815017657,3.67759354990413,0.00023544473666561,0.0151094100573235,"k87_2825105_2","COG0687@1|root,COG0687@2|Bacteria,1PUQ5@1224|Proteobacteria,2VEXT@28211|Alphaproteobacteria,43IIY@69277|Phyllobacteriaceae","Extracellular solute-binding protein"
"ko:K02055",716.761594303574,0.219316533153741,0.0596358815017657,3.67759354990413,0.00023544473666561,0.0151094100573235,"k87_3337225_2","COG0687@1|root,COG0687@2|Bacteria,1MU0I@1224|Proteobacteria,2TRJ3@28211|Alphaproteobacteria,3JTPU@41294|Bradyrhizobiaceae","Bacterial extracellular solute-binding protein"
"ko:K02055",716.761594303574,0.219316533153741,0.0596358815017657,3.67759354990413,0.00023544473666561,0.0151094100573235,"k87_3337225_3","COG0687@1|root,COG0687@2|Bacteria,1MU0I@1224|Proteobacteria,2TRJ3@28211|Alphaproteobacteria,1J32H@118882|Brucellaceae","Bacterial extracellular solute-binding protein"
"ko:K02055",716.761594303574,0.219316533153741,0.0596358815017657,3.67759354990413,0.00023544473666561,0.0151094100573235,"k87_3614217_1","COG1840@1|root,COG1840@2|Bacteria,2GJFH@201174|Actinobacteria,4DURV@85009|Propionibacteriales","Bacterial extracellular solute-binding protein"
"ko:K02055",716.761594303574,0.219316533153741,0.0596358815017657,3.67759354990413,0.00023544473666561,0.0151094100573235,"k87_3688237_1","COG0687@1|root,COG0687@2|Bacteria,1MU0I@1224|Proteobacteria,2TRJ3@28211|Alphaproteobacteria,4BBV9@82115|Rhizobiaceae","Bacterial extracellular solute-binding protein"
"ko:K02055",716.761594303574,0.219316533153741,0.0596358815017657,3.67759354990413,0.00023544473666561,0.0151094100573235,"k87_3918372_1","COG1840@1|root,COG1840@2|Bacteria,2GJFH@201174|Actinobacteria,236A7@1762|Mycobacteriaceae","Bacterial extracellular solute-binding protein"
"ko:K02055",716.761594303574,0.219316533153741,0.0596358815017657,3.67759354990413,0.00023544473666561,0.0151094100573235,"k87_4867927_3","COG0687@1|root,COG0687@2|Bacteria,1R75E@1224|Proteobacteria,2U07N@28211|Alphaproteobacteria,4B8UB@82115|Rhizobiaceae","Bacterial extracellular solute-binding protein"
"ko:K02055",716.761594303574,0.219316533153741,0.0596358815017657,3.67759354990413,0.00023544473666561,0.0151094100573235,"k87_5007342_2","COG0687@1|root,COG0687@2|Bacteria,2HQAG@201174|Actinobacteria,236G3@1762|Mycobacteriaceae","Bacterial extracellular solute-binding protein"
"ko:K02055",716.761594303574,0.219316533153741,0.0596358815017657,3.67759354990413,0.00023544473666561,0.0151094100573235,"k87_5015046_1","COG4134@1|root,COG4134@2|Bacteria,1N6GY@1224|Proteobacteria,2U0KB@28211|Alphaproteobacteria,3K21E@41294|Bradyrhizobiaceae","Bacterial extracellular solute-binding protein"
"ko:K02055",716.761594303574,0.219316533153741,0.0596358815017657,3.67759354990413,0.00023544473666561,0.0151094100573235,"k87_5015046_2","COG4134@1|root,COG4134@2|Bacteria,1N6GY@1224|Proteobacteria,2U0KB@28211|Alphaproteobacteria,3K21E@41294|Bradyrhizobiaceae","Bacterial extracellular solute-binding protein"
"ko:K02055",716.761594303574,0.219316533153741,0.0596358815017657,3.67759354990413,0.00023544473666561,0.0151094100573235,"k87_5163362_1","COG0687@1|root,COG0687@2|Bacteria,1NE7Q@1224|Proteobacteria,2U1DJ@28211|Alphaproteobacteria","Bacterial extracellular solute-binding protein"
"ko:K02055",716.761594303574,0.219316533153741,0.0596358815017657,3.67759354990413,0.00023544473666561,0.0151094100573235,"k87_5349488_1","COG0687@1|root,COG0687@2|Bacteria,1MW93@1224|Proteobacteria,2TRJQ@28211|Alphaproteobacteria,4B7JA@82115|Rhizobiaceae","ABC transporter substrate-binding protein"
"ko:K02055",716.761594303574,0.219316533153741,0.0596358815017657,3.67759354990413,0.00023544473666561,0.0151094100573235,"k87_5446286_3","COG0687@1|root,COG0687@2|Bacteria,1MU0I@1224|Proteobacteria,2TRJ3@28211|Alphaproteobacteria,43QW3@69277|Phyllobacteriaceae","Bacterial extracellular solute-binding protein"
"ko:K02055",716.761594303574,0.219316533153741,0.0596358815017657,3.67759354990413,0.00023544473666561,0.0151094100573235,"k87_6313400_2","COG0687@1|root,COG0687@2|Bacteria,1NKD7@1224|Proteobacteria,2TYST@28211|Alphaproteobacteria,43J92@69277|Phyllobacteriaceae","Extracellular solute-binding protein"
"ko:K02055",716.761594303574,0.219316533153741,0.0596358815017657,3.67759354990413,0.00023544473666561,0.0151094100573235,"k87_6394308_1","COG1840@1|root,COG1840@2|Bacteria,2GJFH@201174|Actinobacteria","COG1840 ABC-type Fe3 transport system, periplasmic component"
"ko:K02055",716.761594303574,0.219316533153741,0.0596358815017657,3.67759354990413,0.00023544473666561,0.0151094100573235,"k87_6396483_1","COG0687@1|root,COG0687@2|Bacteria,1MU0I@1224|Proteobacteria,2VICQ@28216|Betaproteobacteria,4AAM0@80864|Comamonadaceae","PFAM extracellular solute-binding protein family 1"
"ko:K02055",716.761594303574,0.219316533153741,0.0596358815017657,3.67759354990413,0.00023544473666561,0.0151094100573235,"k87_6514611_2","COG1840@1|root,COG1840@2|Bacteria,2GJFH@201174|Actinobacteria,236A7@1762|Mycobacteriaceae","Bacterial extracellular solute-binding protein"
"ko:K02055",716.761594303574,0.219316533153741,0.0596358815017657,3.67759354990413,0.00023544473666561,0.0151094100573235,"k87_6854879_2","COG0687@1|root,COG0687@2|Bacteria,1MW93@1224|Proteobacteria,2TRJQ@28211|Alphaproteobacteria,43IRQ@69277|Phyllobacteriaceae","Bacterial extracellular solute-binding protein"
"ko:K02055",716.761594303574,0.219316533153741,0.0596358815017657,3.67759354990413,0.00023544473666561,0.0151094100573235,"k87_6996135_1","COG0687@1|root,COG0687@2|Bacteria,1NKD7@1224|Proteobacteria,2TYST@28211|Alphaproteobacteria,43J92@69277|Phyllobacteriaceae","Extracellular solute-binding protein"
"ko:K02078",901.586436880405,0.179104832712925,0.0555789419463987,3.22253044841438,0.00127063660063675,0.0477317251908687,"k87_210174_2","COG0236@1|root,COG0236@2|Bacteria,2HNF1@201174|Actinobacteria,4CQR2@84995|Rubrobacteria","Carrier of the growing fatty acid chain in fatty acid biosynthesis"
"ko:K02078",901.586436880405,0.179104832712925,0.0555789419463987,3.22253044841438,0.00127063660063675,0.0477317251908687,"k87_234796_4","COG0236@1|root,COG0236@2|Bacteria,1MZ4P@1224|Proteobacteria,2UBWW@28211|Alphaproteobacteria,36YM6@31993|Methylocystaceae","Phosphopantetheine attachment site"
"ko:K02078",901.586436880405,0.179104832712925,0.0555789419463987,3.22253044841438,0.00127063660063675,0.0477317251908687,"k87_351892_1","COG0236@1|root,COG0236@2|Bacteria,1MZ4P@1224|Proteobacteria,2UBWW@28211|Alphaproteobacteria,3N7AA@45401|Hyphomicrobiaceae","Carrier of the growing fatty acid chain in fatty acid biosynthesis"
"ko:K02078",901.586436880405,0.179104832712925,0.0555789419463987,3.22253044841438,0.00127063660063675,0.0477317251908687,"k87_416678_2","COG0236@1|root,COG0236@2|Bacteria,1MZ4P@1224|Proteobacteria,2VTZH@28216|Betaproteobacteria,4AF2T@80864|Comamonadaceae","Carrier of the growing fatty acid chain in fatty acid biosynthesis"
"ko:K02078",901.586436880405,0.179104832712925,0.0555789419463987,3.22253044841438,0.00127063660063675,0.0477317251908687,"k87_512865_2","COG0236@1|root,COG0236@2|Bacteria,1N6RU@1224|Proteobacteria,1SCW1@1236|Gammaproteobacteria,1X7FB@135614|Xanthomonadales","acyl carrier protein"
"ko:K02078",901.586436880405,0.179104832712925,0.0555789419463987,3.22253044841438,0.00127063660063675,0.0477317251908687,"k87_695875_2","COG0236@1|root,COG0236@2|Bacteria,1MZ4P@1224|Proteobacteria,2UBWW@28211|Alphaproteobacteria,3K039@41294|Bradyrhizobiaceae","Carrier of the growing fatty acid chain in fatty acid biosynthesis"
"ko:K02078",901.586436880405,0.179104832712925,0.0555789419463987,3.22253044841438,0.00127063660063675,0.0477317251908687,"k87_734527_2","COG0236@1|root,COG0236@2|Bacteria,1MZ4P@1224|Proteobacteria,2UBWW@28211|Alphaproteobacteria,3N7AA@45401|Hyphomicrobiaceae","Carrier of the growing fatty acid chain in fatty acid biosynthesis"
"ko:K02078",901.586436880405,0.179104832712925,0.0555789419463987,3.22253044841438,0.00127063660063675,0.0477317251908687,"k87_739484_2","COG0236@1|root,COG0236@2|Bacteria,2IQ43@201174|Actinobacteria,239ZG@1762|Mycobacteriaceae","Carrier of the growing fatty acid chain in fatty acid biosynthesis"
"ko:K02078",901.586436880405,0.179104832712925,0.0555789419463987,3.22253044841438,0.00127063660063675,0.0477317251908687,"k87_784451_2","COG0236@1|root,COG0236@2|Bacteria,1MZ4P@1224|Proteobacteria,2UBWW@28211|Alphaproteobacteria,2JT7G@204441|Rhodospirillales","Carrier of the growing fatty acid chain in fatty acid biosynthesis"
"ko:K02078",901.586436880405,0.179104832712925,0.0555789419463987,3.22253044841438,0.00127063660063675,0.0477317251908687,"k87_926104_4","COG0236@1|root,COG0236@2|Bacteria,2HNF1@201174|Actinobacteria,4CQR2@84995|Rubrobacteria","Carrier of the growing fatty acid chain in fatty acid biosynthesis"
"ko:K02078",901.586436880405,0.179104832712925,0.0555789419463987,3.22253044841438,0.00127063660063675,0.0477317251908687,"k87_1030526_2","COG0236@1|root,COG0236@2|Bacteria,1MZ4P@1224|Proteobacteria,2VTZH@28216|Betaproteobacteria,2KWX1@206389|Rhodocyclales","Carrier of the growing fatty acid chain in fatty acid biosynthesis"
"ko:K02078",901.586436880405,0.179104832712925,0.0555789419463987,3.22253044841438,0.00127063660063675,0.0477317251908687,"k87_1057598_2","COG0236@1|root,COG0236@2|Bacteria,1MZ4P@1224|Proteobacteria,1S8X4@1236|Gammaproteobacteria","Carrier of the growing fatty acid chain in fatty acid biosynthesis"
"ko:K02078",901.586436880405,0.179104832712925,0.0555789419463987,3.22253044841438,0.00127063660063675,0.0477317251908687,"k87_1170657_1","COG0236@1|root,COG0236@2|Bacteria,1ZU0X@142182|Gemmatimonadetes","Carrier of the growing fatty acid chain in fatty acid biosynthesis"
"ko:K02078",901.586436880405,0.179104832712925,0.0555789419463987,3.22253044841438,0.00127063660063675,0.0477317251908687,"k87_1244934_2","COG0236@1|root,COG0236@2|Bacteria,1NGVI@1224|Proteobacteria,2VXRY@28216|Betaproteobacteria,4AIM8@80864|Comamonadaceae","Phosphopantetheine attachment site"
"ko:K02078",901.586436880405,0.179104832712925,0.0555789419463987,3.22253044841438,0.00127063660063675,0.0477317251908687,"k87_1313544_1","COG0236@1|root,COG0236@2|Bacteria,2HNF1@201174|Actinobacteria,4CQR2@84995|Rubrobacteria","Carrier of the growing fatty acid chain in fatty acid biosynthesis"
"ko:K02078",901.586436880405,0.179104832712925,0.0555789419463987,3.22253044841438,0.00127063660063675,0.0477317251908687,"k87_1421335_2","COG0236@1|root,COG0236@2|Bacteria,37AM1@32066|Fusobacteria","Carrier of the growing fatty acid chain in fatty acid biosynthesis"
"ko:K02078",901.586436880405,0.179104832712925,0.0555789419463987,3.22253044841438,0.00127063660063675,0.0477317251908687,"k87_1427614_2","COG0236@1|root,COG0236@2|Bacteria,3Y54V@57723|Acidobacteria,2JJPU@204432|Acidobacteriia","Carrier of the growing fatty acid chain in fatty acid biosynthesis"
"ko:K02078",901.586436880405,0.179104832712925,0.0555789419463987,3.22253044841438,0.00127063660063675,0.0477317251908687,"k87_1696228_2","COG0236@1|root,COG0236@2|Bacteria,2IQ43@201174|Actinobacteria,4G227@85025|Nocardiaceae","Carrier of the growing fatty acid chain in fatty acid biosynthesis"
"ko:K02078",901.586436880405,0.179104832712925,0.0555789419463987,3.22253044841438,0.00127063660063675,0.0477317251908687,"k87_1897033_2","COG0236@1|root,COG0236@2|Bacteria,2IQ43@201174|Actinobacteria,4DRYW@85009|Propionibacteriales","Carrier of the growing fatty acid chain in fatty acid biosynthesis"
"ko:K02078",901.586436880405,0.179104832712925,0.0555789419463987,3.22253044841438,0.00127063660063675,0.0477317251908687,"k87_1933485_6","COG0236@1|root,COG0236@2|Bacteria,1MZ4P@1224|Proteobacteria,1S8X4@1236|Gammaproteobacteria,1X7EF@135614|Xanthomonadales","Carrier of the growing fatty acid chain in fatty acid biosynthesis"
"ko:K02078",901.586436880405,0.179104832712925,0.0555789419463987,3.22253044841438,0.00127063660063675,0.0477317251908687,"k87_2043700_1","COG0236@1|root,COG0236@2|Bacteria,1MZ4P@1224|Proteobacteria,2UBWW@28211|Alphaproteobacteria,3K039@41294|Bradyrhizobiaceae","Carrier of the growing fatty acid chain in fatty acid biosynthesis"
"ko:K02078",901.586436880405,0.179104832712925,0.0555789419463987,3.22253044841438,0.00127063660063675,0.0477317251908687,"k87_2065357_2","COG0236@1|root,COG0236@2|Bacteria,1MZ4P@1224|Proteobacteria,2UBWW@28211|Alphaproteobacteria,3N7AA@45401|Hyphomicrobiaceae","Carrier of the growing fatty acid chain in fatty acid biosynthesis"
"ko:K02078",901.586436880405,0.179104832712925,0.0555789419463987,3.22253044841438,0.00127063660063675,0.0477317251908687,"k87_2080951_1","COG0236@1|root,COG0236@2|Bacteria,2HG9V@201174|Actinobacteria,4CN8D@84992|Acidimicrobiia","Carrier of the growing fatty acid chain in fatty acid biosynthesis"
"ko:K02078",901.586436880405,0.179104832712925,0.0555789419463987,3.22253044841438,0.00127063660063675,0.0477317251908687,"k87_2082730_4","COG0236@1|root,COG0236@2|Bacteria,1MZ4P@1224|Proteobacteria,2UBWW@28211|Alphaproteobacteria,4BG0N@82115|Rhizobiaceae","Carrier of the growing fatty acid chain in fatty acid biosynthesis"
"ko:K02078",901.586436880405,0.179104832712925,0.0555789419463987,3.22253044841438,0.00127063660063675,0.0477317251908687,"k87_2094748_3","COG0236@1|root,COG0236@2|Bacteria,2IQ43@201174|Actinobacteria","Carrier of the growing fatty acid chain in fatty acid biosynthesis"
"ko:K02078",901.586436880405,0.179104832712925,0.0555789419463987,3.22253044841438,0.00127063660063675,0.0477317251908687,"k87_2098093_2","COG0236@1|root,COG0236@2|Bacteria,46VWP@74201|Verrucomicrobia,3K882@414999|Opitutae","Carrier of the growing fatty acid chain in fatty acid biosynthesis"
"ko:K02078",901.586436880405,0.179104832712925,0.0555789419463987,3.22253044841438,0.00127063660063675,0.0477317251908687,"k87_2226445_2","COG0236@1|root,COG0236@2|Bacteria,2HG9V@201174|Actinobacteria,4CN8D@84992|Acidimicrobiia","Carrier of the growing fatty acid chain in fatty acid biosynthesis"
"ko:K02078",901.586436880405,0.179104832712925,0.0555789419463987,3.22253044841438,0.00127063660063675,0.0477317251908687,"k87_2532798_1","COG0236@1|root,COG0236@2|Bacteria,1MZ4P@1224|Proteobacteria,2UBWW@28211|Alphaproteobacteria,2JT7G@204441|Rhodospirillales","Carrier of the growing fatty acid chain in fatty acid biosynthesis"
"ko:K02078",901.586436880405,0.179104832712925,0.0555789419463987,3.22253044841438,0.00127063660063675,0.0477317251908687,"k87_2575389_2","COG0236@1|root,COG0236@2|Bacteria,1MZ4P@1224|Proteobacteria,1S8X4@1236|Gammaproteobacteria,1YGPR@136841|Pseudomonas aeruginosa group","Carrier of the growing fatty acid chain in fatty acid biosynthesis"
"ko:K02078",901.586436880405,0.179104832712925,0.0555789419463987,3.22253044841438,0.00127063660063675,0.0477317251908687,"k87_2605924_2","COG0236@1|root,COG0236@2|Bacteria,3Y54V@57723|Acidobacteria,2JJPU@204432|Acidobacteriia","Carrier of the growing fatty acid chain in fatty acid biosynthesis"
"ko:K02078",901.586436880405,0.179104832712925,0.0555789419463987,3.22253044841438,0.00127063660063675,0.0477317251908687,"k87_2608744_1","COG0236@1|root,COG0236@2|Bacteria,1MZ4P@1224|Proteobacteria,2UBWW@28211|Alphaproteobacteria","Carrier of the growing fatty acid chain in fatty acid biosynthesis"
"ko:K02078",901.586436880405,0.179104832712925,0.0555789419463987,3.22253044841438,0.00127063660063675,0.0477317251908687,"k87_2658314_2","COG0236@1|root,COG0236@2|Bacteria,3Y54V@57723|Acidobacteria,2JJPU@204432|Acidobacteriia","Carrier of the growing fatty acid chain in fatty acid biosynthesis"
"ko:K02078",901.586436880405,0.179104832712925,0.0555789419463987,3.22253044841438,0.00127063660063675,0.0477317251908687,"k87_2673009_2","COG0236@1|root,COG0236@2|Bacteria,4NS6C@976|Bacteroidetes,1ITA3@117747|Sphingobacteriia","Carrier of the growing fatty acid chain in fatty acid biosynthesis"
"ko:K02078",901.586436880405,0.179104832712925,0.0555789419463987,3.22253044841438,0.00127063660063675,0.0477317251908687,"k87_2814536_2","COG0236@1|root,COG0236@2|Bacteria,1N6RU@1224|Proteobacteria,1SCW1@1236|Gammaproteobacteria,1X7FB@135614|Xanthomonadales","acyl carrier protein"
"ko:K02078",901.586436880405,0.179104832712925,0.0555789419463987,3.22253044841438,0.00127063660063675,0.0477317251908687,"k87_2988270_2","COG0236@1|root,COG0236@2|Bacteria,2HGA0@201174|Actinobacteria,4CN8U@84992|Acidimicrobiia","Carrier of the growing fatty acid chain in fatty acid biosynthesis"
"ko:K02078",901.586436880405,0.179104832712925,0.0555789419463987,3.22253044841438,0.00127063660063675,0.0477317251908687,"k87_3031701_2","COG0236@1|root,COG0236@2|Bacteria,2HNF1@201174|Actinobacteria,4CQR2@84995|Rubrobacteria","Carrier of the growing fatty acid chain in fatty acid biosynthesis"
"ko:K02078",901.586436880405,0.179104832712925,0.0555789419463987,3.22253044841438,0.00127063660063675,0.0477317251908687,"k87_3065441_2","COG0236@1|root,COG0236@2|Bacteria,1MZ4P@1224|Proteobacteria,2UBWW@28211|Alphaproteobacteria,2JT7G@204441|Rhodospirillales","Carrier of the growing fatty acid chain in fatty acid biosynthesis"
"ko:K02078",901.586436880405,0.179104832712925,0.0555789419463987,3.22253044841438,0.00127063660063675,0.0477317251908687,"k87_3097597_2","COG0236@1|root,COG0236@2|Bacteria,1MZ4P@1224|Proteobacteria,2UBWW@28211|Alphaproteobacteria,2K5X6@204457|Sphingomonadales","Carrier of the growing fatty acid chain in fatty acid biosynthesis"
"ko:K02078",901.586436880405,0.179104832712925,0.0555789419463987,3.22253044841438,0.00127063660063675,0.0477317251908687,"k87_3284530_2","COG0236@1|root,COG0236@2|Bacteria,2IQ43@201174|Actinobacteria,4FPIS@85023|Microbacteriaceae","Carrier of the growing fatty acid chain in fatty acid biosynthesis"
"ko:K02078",901.586436880405,0.179104832712925,0.0555789419463987,3.22253044841438,0.00127063660063675,0.0477317251908687,"k87_3441145_3","COG0236@1|root,COG0236@2|Bacteria,1MZ4P@1224|Proteobacteria,2UBWW@28211|Alphaproteobacteria,3N7AA@45401|Hyphomicrobiaceae","Carrier of the growing fatty acid chain in fatty acid biosynthesis"
"ko:K02078",901.586436880405,0.179104832712925,0.0555789419463987,3.22253044841438,0.00127063660063675,0.0477317251908687,"k87_3814018_5","COG0236@1|root,COG0236@2|Bacteria,1MZ4P@1224|Proteobacteria,2UBWW@28211|Alphaproteobacteria,1JVNF@119045|Methylobacteriaceae","Carrier of the growing fatty acid chain in fatty acid biosynthesis"
"ko:K02078",901.586436880405,0.179104832712925,0.0555789419463987,3.22253044841438,0.00127063660063675,0.0477317251908687,"k87_3930917_2","COG0236@1|root,COG0236@2|Bacteria,2HNF1@201174|Actinobacteria,4CQR2@84995|Rubrobacteria","Carrier of the growing fatty acid chain in fatty acid biosynthesis"
"ko:K02078",901.586436880405,0.179104832712925,0.0555789419463987,3.22253044841438,0.00127063660063675,0.0477317251908687,"k87_3954654_1","COG0236@1|root,COG0236@2|Bacteria,2IQ43@201174|Actinobacteria,4DRYW@85009|Propionibacteriales","Carrier of the growing fatty acid chain in fatty acid biosynthesis"
"ko:K02078",901.586436880405,0.179104832712925,0.0555789419463987,3.22253044841438,0.00127063660063675,0.0477317251908687,"k87_3964709_3","COG0236@1|root,COG0236@2|Bacteria,2HNF1@201174|Actinobacteria,4CQR2@84995|Rubrobacteria","Carrier of the growing fatty acid chain in fatty acid biosynthesis"
"ko:K02078",901.586436880405,0.179104832712925,0.0555789419463987,3.22253044841438,0.00127063660063675,0.0477317251908687,"k87_4105807_1","COG0236@1|root,COG0236@2|Bacteria,1MZ4P@1224|Proteobacteria,2UBWW@28211|Alphaproteobacteria,2JT7G@204441|Rhodospirillales","Carrier of the growing fatty acid chain in fatty acid biosynthesis"
"ko:K02078",901.586436880405,0.179104832712925,0.0555789419463987,3.22253044841438,0.00127063660063675,0.0477317251908687,"k87_4165366_3","COG0236@1|root,COG0236@2|Bacteria,1MZ4P@1224|Proteobacteria,2UBWW@28211|Alphaproteobacteria","Carrier of the growing fatty acid chain in fatty acid biosynthesis"
"ko:K02078",901.586436880405,0.179104832712925,0.0555789419463987,3.22253044841438,0.00127063660063675,0.0477317251908687,"k87_4207416_2","COG0236@1|root,COG0236@2|Bacteria,1MZ4P@1224|Proteobacteria,2UBWW@28211|Alphaproteobacteria","Carrier of the growing fatty acid chain in fatty acid biosynthesis"
"ko:K02078",901.586436880405,0.179104832712925,0.0555789419463987,3.22253044841438,0.00127063660063675,0.0477317251908687,"k87_4313273_2","COG0236@1|root,COG0236@2|Bacteria,1MZ4P@1224|Proteobacteria,2VTZH@28216|Betaproteobacteria,2KWX1@206389|Rhodocyclales","Carrier of the growing fatty acid chain in fatty acid biosynthesis"
"ko:K02078",901.586436880405,0.179104832712925,0.0555789419463987,3.22253044841438,0.00127063660063675,0.0477317251908687,"k87_4629434_2","COG0236@1|root,COG0236@2|Bacteria,2IQ43@201174|Actinobacteria,4DRYW@85009|Propionibacteriales","Carrier of the growing fatty acid chain in fatty acid biosynthesis"
"ko:K02078",901.586436880405,0.179104832712925,0.0555789419463987,3.22253044841438,0.00127063660063675,0.0477317251908687,"k87_4662668_2","COG0236@1|root,COG0236@2|Bacteria,1MZ4P@1224|Proteobacteria,1S8X4@1236|Gammaproteobacteria,1X7EF@135614|Xanthomonadales","Carrier of the growing fatty acid chain in fatty acid biosynthesis"
"ko:K02078",901.586436880405,0.179104832712925,0.0555789419463987,3.22253044841438,0.00127063660063675,0.0477317251908687,"k87_4727474_2","COG0236@1|root,COG0236@2|Bacteria,1MZ4P@1224|Proteobacteria,2UBWW@28211|Alphaproteobacteria,2JT7G@204441|Rhodospirillales","Carrier of the growing fatty acid chain in fatty acid biosynthesis"
"ko:K02078",901.586436880405,0.179104832712925,0.0555789419463987,3.22253044841438,0.00127063660063675,0.0477317251908687,"k87_4810637_2","COG0236@1|root,COG0236@2|Bacteria,2IQ43@201174|Actinobacteria,4FH9D@85021|Intrasporangiaceae","Carrier of the growing fatty acid chain in fatty acid biosynthesis"
"ko:K02078",901.586436880405,0.179104832712925,0.0555789419463987,3.22253044841438,0.00127063660063675,0.0477317251908687,"k87_4827274_2","COG0236@1|root,COG0236@2|Bacteria,3Y54V@57723|Acidobacteria,2JJPU@204432|Acidobacteriia","Carrier of the growing fatty acid chain in fatty acid biosynthesis"
"ko:K02078",901.586436880405,0.179104832712925,0.0555789419463987,3.22253044841438,0.00127063660063675,0.0477317251908687,"k87_4875240_2","COG0236@1|root,COG0236@2|Bacteria,1MZ4P@1224|Proteobacteria,1S8X4@1236|Gammaproteobacteria,1WYUG@135613|Chromatiales","Carrier of the growing fatty acid chain in fatty acid biosynthesis"
"ko:K02078",901.586436880405,0.179104832712925,0.0555789419463987,3.22253044841438,0.00127063660063675,0.0477317251908687,"k87_5033473_2","COG0236@1|root,COG0236@2|Bacteria,3J0RX@40117|Nitrospirae","Carrier of the growing fatty acid chain in fatty acid biosynthesis"
"ko:K02078",901.586436880405,0.179104832712925,0.0555789419463987,3.22253044841438,0.00127063660063675,0.0477317251908687,"k87_5057118_2","COG0236@1|root,COG0236@2|Bacteria,3J0RX@40117|Nitrospirae","Carrier of the growing fatty acid chain in fatty acid biosynthesis"
"ko:K02078",901.586436880405,0.179104832712925,0.0555789419463987,3.22253044841438,0.00127063660063675,0.0477317251908687,"k87_5692453_3","COG0236@1|root,COG0236@2|Bacteria","Carrier of the growing fatty acid chain in fatty acid biosynthesis"
"ko:K02078",901.586436880405,0.179104832712925,0.0555789419463987,3.22253044841438,0.00127063660063675,0.0477317251908687,"k87_5875834_2","COG0236@1|root,COG0236@2|Bacteria,2HGA0@201174|Actinobacteria,4CN8U@84992|Acidimicrobiia","Carrier of the growing fatty acid chain in fatty acid biosynthesis"
"ko:K02078",901.586436880405,0.179104832712925,0.0555789419463987,3.22253044841438,0.00127063660063675,0.0477317251908687,"k87_5992695_2","COG0236@1|root,COG0236@2|Bacteria,1MZ4P@1224|Proteobacteria,1S8X4@1236|Gammaproteobacteria,1Z3DD@136846|Pseudomonas stutzeri group","Carrier of the growing fatty acid chain in fatty acid biosynthesis"
"ko:K02078",901.586436880405,0.179104832712925,0.0555789419463987,3.22253044841438,0.00127063660063675,0.0477317251908687,"k87_6070740_11","COG0236@1|root,COG0236@2|Bacteria,1N6RU@1224|Proteobacteria,1SCW1@1236|Gammaproteobacteria,1X7FB@135614|Xanthomonadales","acyl carrier protein"
"ko:K02078",901.586436880405,0.179104832712925,0.0555789419463987,3.22253044841438,0.00127063660063675,0.0477317251908687,"k87_6119486_2","COG0236@1|root,COG0236@2|Bacteria,2HG9V@201174|Actinobacteria,4CN8D@84992|Acidimicrobiia","Carrier of the growing fatty acid chain in fatty acid biosynthesis"
"ko:K02078",901.586436880405,0.179104832712925,0.0555789419463987,3.22253044841438,0.00127063660063675,0.0477317251908687,"k87_6237532_2","COG0236@1|root,COG0236@2|Bacteria,1MZ4P@1224|Proteobacteria,2UBWW@28211|Alphaproteobacteria,1JVNF@119045|Methylobacteriaceae","Carrier of the growing fatty acid chain in fatty acid biosynthesis"
"ko:K02078",901.586436880405,0.179104832712925,0.0555789419463987,3.22253044841438,0.00127063660063675,0.0477317251908687,"k87_6272123_2","COG0236@1|root,COG0236@2|Bacteria,1MZ4P@1224|Proteobacteria,1S8X4@1236|Gammaproteobacteria,1Z3DD@136846|Pseudomonas stutzeri group","Carrier of the growing fatty acid chain in fatty acid biosynthesis"
"ko:K02078",901.586436880405,0.179104832712925,0.0555789419463987,3.22253044841438,0.00127063660063675,0.0477317251908687,"k87_6329530_2","COG0236@1|root,COG0236@2|Bacteria,1MZ4P@1224|Proteobacteria,2UBWW@28211|Alphaproteobacteria,43KPN@69277|Phyllobacteriaceae","Carrier of the growing fatty acid chain in fatty acid biosynthesis"
"ko:K02078",901.586436880405,0.179104832712925,0.0555789419463987,3.22253044841438,0.00127063660063675,0.0477317251908687,"k87_6579229_2","COG0236@1|root,COG0236@2|Bacteria,2HNF1@201174|Actinobacteria,4CQR2@84995|Rubrobacteria","Carrier of the growing fatty acid chain in fatty acid biosynthesis"
"ko:K02111",2986.41282603,0.104195391742159,0.0324564066157483,3.21031816540041,0.00132588125530191,0.0477317251908687,"k87_19795_3","COG0056@1|root,COG0056@2|Bacteria,46UGF@74201|Verrucomicrobia,3K7FB@414999|Opitutae","Produces ATP from ADP in the presence of a proton gradient across the membrane. The alpha chain is a regulatory subunit"
"ko:K02111",2986.41282603,0.104195391742159,0.0324564066157483,3.21031816540041,0.00132588125530191,0.0477317251908687,"k87_73742_1","COG0056@1|root,KOG1353@2759|Eukaryota,37JWW@33090|Viridiplantae,3G9FP@35493|Streptophyta,3KTU3@4447|Liliopsida,3IBRX@38820|Poales","ATP synthase subunit alpha"
"ko:K02111",2986.41282603,0.104195391742159,0.0324564066157483,3.21031816540041,0.00132588125530191,0.0477317251908687,"k87_88175_1","COG0056@1|root,COG0056@2|Bacteria,3J0CZ@40117|Nitrospirae","Produces ATP from ADP in the presence of a proton gradient across the membrane. The alpha chain is a regulatory subunit"
"ko:K02111",2986.41282603,0.104195391742159,0.0324564066157483,3.21031816540041,0.00132588125530191,0.0477317251908687,"k87_133054_1","COG0056@1|root,COG0056@2|Bacteria,1MUG7@1224|Proteobacteria,1RP4V@1236|Gammaproteobacteria,460AE@72273|Thiotrichales","Produces ATP from ADP in the presence of a proton gradient across the membrane. The alpha chain is a regulatory subunit"
"ko:K02111",2986.41282603,0.104195391742159,0.0324564066157483,3.21031816540041,0.00132588125530191,0.0477317251908687,"k87_229220_1","COG0056@1|root,COG0056@2|Bacteria,4NFZW@976|Bacteroidetes,1IP4E@117747|Sphingobacteriia","Produces ATP from ADP in the presence of a proton gradient across the membrane. The alpha chain is a regulatory subunit"
"ko:K02111",2986.41282603,0.104195391742159,0.0324564066157483,3.21031816540041,0.00132588125530191,0.0477317251908687,"k87_458441_1","COG0056@1|root,COG0056@2|Bacteria,1MUG7@1224|Proteobacteria,2TQYK@28211|Alphaproteobacteria,1JSSK@119045|Methylobacteriaceae","Produces ATP from ADP in the presence of a proton gradient across the membrane. The alpha chain is a regulatory subunit"
"ko:K02111",2986.41282603,0.104195391742159,0.0324564066157483,3.21031816540041,0.00132588125530191,0.0477317251908687,"k87_510478_2","COG0056@1|root,COG0056@2|Bacteria,1MUG7@1224|Proteobacteria,2TQYK@28211|Alphaproteobacteria,2JQN1@204441|Rhodospirillales","Produces ATP from ADP in the presence of a proton gradient across the membrane. The alpha chain is a regulatory subunit"
"ko:K02111",2986.41282603,0.104195391742159,0.0324564066157483,3.21031816540041,0.00132588125530191,0.0477317251908687,"k87_529673_1","COG0056@1|root,COG0056@2|Bacteria,2GJRJ@201174|Actinobacteria,4DNCI@85009|Propionibacteriales","Produces ATP from ADP in the presence of a proton gradient across the membrane. The alpha chain is a regulatory subunit"
"ko:K02111",2986.41282603,0.104195391742159,0.0324564066157483,3.21031816540041,0.00132588125530191,0.0477317251908687,"k87_679326_2","COG0056@1|root,COG0056@2|Bacteria,1MUG7@1224|Proteobacteria,2TQYK@28211|Alphaproteobacteria,3FCMX@34008|Rhodovulum","Produces ATP from ADP in the presence of a proton gradient across the membrane. The alpha chain is a regulatory subunit"
"ko:K02111",2986.41282603,0.104195391742159,0.0324564066157483,3.21031816540041,0.00132588125530191,0.0477317251908687,"k87_710861_5","COG0056@1|root,COG0056@2|Bacteria,2GJRJ@201174|Actinobacteria,4CMTI@84992|Acidimicrobiia","Produces ATP from ADP in the presence of a proton gradient across the membrane. The alpha chain is a regulatory subunit"
"ko:K02111",2986.41282603,0.104195391742159,0.0324564066157483,3.21031816540041,0.00132588125530191,0.0477317251908687,"k87_714670_1","COG0056@1|root,COG0056@2|Bacteria,1MUG7@1224|Proteobacteria,2TQYK@28211|Alphaproteobacteria,1JSSK@119045|Methylobacteriaceae","Produces ATP from ADP in the presence of a proton gradient across the membrane. The alpha chain is a regulatory subunit"
"ko:K02111",2986.41282603,0.104195391742159,0.0324564066157483,3.21031816540041,0.00132588125530191,0.0477317251908687,"k87_723784_4","COG0056@1|root,COG0056@2|Bacteria,2GJRJ@201174|Actinobacteria,4CP6C@84995|Rubrobacteria","Produces ATP from ADP in the presence of a proton gradient across the membrane. The alpha chain is a regulatory subunit"
"ko:K02111",2986.41282603,0.104195391742159,0.0324564066157483,3.21031816540041,0.00132588125530191,0.0477317251908687,"k87_770843_1","COG0056@1|root,COG0056@2|Bacteria,2GJRJ@201174|Actinobacteria,4CP6C@84995|Rubrobacteria","Produces ATP from ADP in the presence of a proton gradient across the membrane. The alpha chain is a regulatory subunit"
"ko:K02111",2986.41282603,0.104195391742159,0.0324564066157483,3.21031816540041,0.00132588125530191,0.0477317251908687,"k87_779937_3","COG0056@1|root,COG0056@2|Bacteria,1MUG7@1224|Proteobacteria,2TQYK@28211|Alphaproteobacteria","Produces ATP from ADP in the presence of a proton gradient across the membrane. The alpha chain is a regulatory subunit"
"ko:K02111",2986.41282603,0.104195391742159,0.0324564066157483,3.21031816540041,0.00132588125530191,0.0477317251908687,"k87_838134_1","COG0056@1|root,COG0056@2|Bacteria,1MUG7@1224|Proteobacteria,2TQYK@28211|Alphaproteobacteria,2K08A@204457|Sphingomonadales","Produces ATP from ADP in the presence of a proton gradient across the membrane. The alpha chain is a regulatory subunit"
"ko:K02111",2986.41282603,0.104195391742159,0.0324564066157483,3.21031816540041,0.00132588125530191,0.0477317251908687,"k87_921037_1","COG0056@1|root,COG0056@2|Bacteria,2GJRJ@201174|Actinobacteria,4DNCI@85009|Propionibacteriales","Produces ATP from ADP in the presence of a proton gradient across the membrane. The alpha chain is a regulatory subunit"
"ko:K02111",2986.41282603,0.104195391742159,0.0324564066157483,3.21031816540041,0.00132588125530191,0.0477317251908687,"k87_926588_3","COG0056@1|root,COG0056@2|Bacteria,2GJRJ@201174|Actinobacteria,4CP6C@84995|Rubrobacteria","Produces ATP from ADP in the presence of a proton gradient across the membrane. The alpha chain is a regulatory subunit"
"ko:K02111",2986.41282603,0.104195391742159,0.0324564066157483,3.21031816540041,0.00132588125530191,0.0477317251908687,"k87_963824_3","COG0056@1|root,COG0056@2|Bacteria,2GJRJ@201174|Actinobacteria,4CP6C@84995|Rubrobacteria","Produces ATP from ADP in the presence of a proton gradient across the membrane. The alpha chain is a regulatory subunit"
"ko:K02111",2986.41282603,0.104195391742159,0.0324564066157483,3.21031816540041,0.00132588125530191,0.0477317251908687,"k87_974707_2","COG0056@1|root,COG0056@2|Bacteria,1MUG7@1224|Proteobacteria,2TQYK@28211|Alphaproteobacteria,4BA0K@82115|Rhizobiaceae","Produces ATP from ADP in the presence of a proton gradient across the membrane. The alpha chain is a regulatory subunit"
"ko:K02111",2986.41282603,0.104195391742159,0.0324564066157483,3.21031816540041,0.00132588125530191,0.0477317251908687,"k87_1057749_1","COG0056@1|root,COG0056@2|Bacteria,1MUG7@1224|Proteobacteria,42MVX@68525|delta/epsilon subdivisions,2WIK7@28221|Deltaproteobacteria,43TH9@69541|Desulfuromonadales","ATP synthase alpha/beta chain, C terminal domain"
"ko:K02111",2986.41282603,0.104195391742159,0.0324564066157483,3.21031816540041,0.00132588125530191,0.0477317251908687,"k87_1108163_3","COG0056@1|root,COG0056@2|Bacteria,1MUG7@1224|Proteobacteria,2TQYK@28211|Alphaproteobacteria,43H43@69277|Phyllobacteriaceae","Produces ATP from ADP in the presence of a proton gradient across the membrane. The alpha chain is a regulatory subunit"
"ko:K02111",2986.41282603,0.104195391742159,0.0324564066157483,3.21031816540041,0.00132588125530191,0.0477317251908687,"k87_1310546_1","COG0056@1|root,COG0056@2|Bacteria,2GJRJ@201174|Actinobacteria,4CMTI@84992|Acidimicrobiia","Produces ATP from ADP in the presence of a proton gradient across the membrane. The alpha chain is a regulatory subunit"
"ko:K02111",2986.41282603,0.104195391742159,0.0324564066157483,3.21031816540041,0.00132588125530191,0.0477317251908687,"k87_1331219_1","COG0056@1|root,COG0056@2|Bacteria,1TNZ8@1239|Firmicutes,4H2EY@909932|Negativicutes","Produces ATP from ADP in the presence of a proton gradient across the membrane. The alpha chain is a regulatory subunit"
"ko:K02111",2986.41282603,0.104195391742159,0.0324564066157483,3.21031816540041,0.00132588125530191,0.0477317251908687,"k87_1408247_1","COG0056@1|root,COG0056@2|Bacteria,1MUG7@1224|Proteobacteria,2VHQU@28216|Betaproteobacteria,1K1JD@119060|Burkholderiaceae","Produces ATP from ADP in the presence of a proton gradient across the membrane. The alpha chain is a regulatory subunit"
"ko:K02111",2986.41282603,0.104195391742159,0.0324564066157483,3.21031816540041,0.00132588125530191,0.0477317251908687,"k87_1410622_2","COG0056@1|root,COG0056@2|Bacteria,1MUG7@1224|Proteobacteria,2VHQU@28216|Betaproteobacteria,1KJ5T@119065|unclassified Burkholderiales","Produces ATP from ADP in the presence of a proton gradient across the membrane. The alpha chain is a regulatory subunit"
"ko:K02111",2986.41282603,0.104195391742159,0.0324564066157483,3.21031816540041,0.00132588125530191,0.0477317251908687,"k87_1454776_3","COG0056@1|root,COG0056@2|Bacteria,1MUG7@1224|Proteobacteria,2VHQU@28216|Betaproteobacteria,2KV0S@206389|Rhodocyclales","Produces ATP from ADP in the presence of a proton gradient across the membrane. The alpha chain is a regulatory subunit"
"ko:K02111",2986.41282603,0.104195391742159,0.0324564066157483,3.21031816540041,0.00132588125530191,0.0477317251908687,"k87_1534616_1","COG0056@1|root,COG0056@2|Bacteria,2GJRJ@201174|Actinobacteria,4FK74@85023|Microbacteriaceae","Produces ATP from ADP in the presence of a proton gradient across the membrane. The alpha chain is a regulatory subunit"
"ko:K02111",2986.41282603,0.104195391742159,0.0324564066157483,3.21031816540041,0.00132588125530191,0.0477317251908687,"k87_1539071_1","COG0056@1|root,COG0056@2|Bacteria,1MUG7@1224|Proteobacteria,1RP4V@1236|Gammaproteobacteria,1X31U@135614|Xanthomonadales","Produces ATP from ADP in the presence of a proton gradient across the membrane. The alpha chain is a regulatory subunit"
"ko:K02111",2986.41282603,0.104195391742159,0.0324564066157483,3.21031816540041,0.00132588125530191,0.0477317251908687,"k87_1860819_1","COG0056@1|root,COG0056@2|Bacteria,2GJRJ@201174|Actinobacteria,4DNCI@85009|Propionibacteriales","Produces ATP from ADP in the presence of a proton gradient across the membrane. The alpha chain is a regulatory subunit"
"ko:K02111",2986.41282603,0.104195391742159,0.0324564066157483,3.21031816540041,0.00132588125530191,0.0477317251908687,"k87_2091182_1","COG0056@1|root,COG0056@2|Bacteria,1MUG7@1224|Proteobacteria,1RP4V@1236|Gammaproteobacteria,1X31U@135614|Xanthomonadales","Produces ATP from ADP in the presence of a proton gradient across the membrane. The alpha chain is a regulatory subunit"
"ko:K02111",2986.41282603,0.104195391742159,0.0324564066157483,3.21031816540041,0.00132588125530191,0.0477317251908687,"k87_2115413_2","COG0056@1|root,COG0056@2|Bacteria,2GJRJ@201174|Actinobacteria,4CMTI@84992|Acidimicrobiia","Produces ATP from ADP in the presence of a proton gradient across the membrane. The alpha chain is a regulatory subunit"
"ko:K02111",2986.41282603,0.104195391742159,0.0324564066157483,3.21031816540041,0.00132588125530191,0.0477317251908687,"k87_2564345_1","COG0056@1|root,COG0056@2|Bacteria,2GJRJ@201174|Actinobacteria,4FFAR@85021|Intrasporangiaceae","Produces ATP from ADP in the presence of a proton gradient across the membrane. The alpha chain is a regulatory subunit"
"ko:K02111",2986.41282603,0.104195391742159,0.0324564066157483,3.21031816540041,0.00132588125530191,0.0477317251908687,"k87_2579019_3","COG0056@1|root,COG0056@2|Bacteria,1MUG7@1224|Proteobacteria,2TQYK@28211|Alphaproteobacteria,2K08A@204457|Sphingomonadales","Produces ATP from ADP in the presence of a proton gradient across the membrane. The alpha chain is a regulatory subunit"
"ko:K02111",2986.41282603,0.104195391742159,0.0324564066157483,3.21031816540041,0.00132588125530191,0.0477317251908687,"k87_2962421_4","COG0056@1|root,COG0056@2|Bacteria,1MUG7@1224|Proteobacteria,2VHQU@28216|Betaproteobacteria,2KV0S@206389|Rhodocyclales","Produces ATP from ADP in the presence of a proton gradient across the membrane. The alpha chain is a regulatory subunit"
"ko:K02111",2986.41282603,0.104195391742159,0.0324564066157483,3.21031816540041,0.00132588125530191,0.0477317251908687,"k87_3118426_11","COG0056@1|root,COG0056@2|Bacteria,3J0CZ@40117|Nitrospirae","Produces ATP from ADP in the presence of a proton gradient across the membrane. The alpha chain is a regulatory subunit"
"ko:K02111",2986.41282603,0.104195391742159,0.0324564066157483,3.21031816540041,0.00132588125530191,0.0477317251908687,"k87_3354724_1","COG0056@1|root,COG0056@2|Bacteria,1MUG7@1224|Proteobacteria,2TQYK@28211|Alphaproteobacteria,3JRUG@41294|Bradyrhizobiaceae","Produces ATP from ADP in the presence of a proton gradient across the membrane. The alpha chain is a regulatory subunit"
"ko:K02111",2986.41282603,0.104195391742159,0.0324564066157483,3.21031816540041,0.00132588125530191,0.0477317251908687,"k87_3787154_3","COG0056@1|root,COG0056@2|Bacteria,2GJRJ@201174|Actinobacteria,4CP6C@84995|Rubrobacteria","Produces ATP from ADP in the presence of a proton gradient across the membrane. The alpha chain is a regulatory subunit"
"ko:K02111",2986.41282603,0.104195391742159,0.0324564066157483,3.21031816540041,0.00132588125530191,0.0477317251908687,"k87_3950271_1","COG0056@1|root,COG0056@2|Bacteria,1MUG7@1224|Proteobacteria,2TQYK@28211|Alphaproteobacteria","Produces ATP from ADP in the presence of a proton gradient across the membrane. The alpha chain is a regulatory subunit"
"ko:K02111",2986.41282603,0.104195391742159,0.0324564066157483,3.21031816540041,0.00132588125530191,0.0477317251908687,"k87_4094266_1","COG0056@1|root,COG0056@2|Bacteria,1MUG7@1224|Proteobacteria,1RP4V@1236|Gammaproteobacteria,1YMTG@136843|Pseudomonas fluorescens group","Produces ATP from ADP in the presence of a proton gradient across the membrane. The alpha chain is a regulatory subunit"
"ko:K02111",2986.41282603,0.104195391742159,0.0324564066157483,3.21031816540041,0.00132588125530191,0.0477317251908687,"k87_4134406_1","COG0056@1|root,COG0056@2|Bacteria,2GJRJ@201174|Actinobacteria,4D90M@85008|Micromonosporales","Produces ATP from ADP in the presence of a proton gradient across the membrane. The alpha chain is a regulatory subunit"
"ko:K02111",2986.41282603,0.104195391742159,0.0324564066157483,3.21031816540041,0.00132588125530191,0.0477317251908687,"k87_4417888_3","COG0056@1|root,COG0056@2|Bacteria,1TNZ8@1239|Firmicutes,4HAMZ@91061|Bacilli,1ZB13@1386|Bacillus","Produces ATP from ADP in the presence of a proton gradient across the membrane. The alpha chain is a regulatory subunit"
"ko:K02111",2986.41282603,0.104195391742159,0.0324564066157483,3.21031816540041,0.00132588125530191,0.0477317251908687,"k87_4436679_6","COG0056@1|root,COG0056@2|Bacteria,1MUG7@1224|Proteobacteria,2TQYK@28211|Alphaproteobacteria,3JRUG@41294|Bradyrhizobiaceae","Produces ATP from ADP in the presence of a proton gradient across the membrane. The alpha chain is a regulatory subunit"
"ko:K02111",2986.41282603,0.104195391742159,0.0324564066157483,3.21031816540041,0.00132588125530191,0.0477317251908687,"k87_4561855_3","COG0056@1|root,COG0056@2|Bacteria,2GJRJ@201174|Actinobacteria,4CP6C@84995|Rubrobacteria","Produces ATP from ADP in the presence of a proton gradient across the membrane. The alpha chain is a regulatory subunit"
"ko:K02111",2986.41282603,0.104195391742159,0.0324564066157483,3.21031816540041,0.00132588125530191,0.0477317251908687,"k87_4584246_3","COG0056@1|root,COG0056@2|Bacteria,1MUG7@1224|Proteobacteria,2TQYK@28211|Alphaproteobacteria,2K08A@204457|Sphingomonadales","Produces ATP from ADP in the presence of a proton gradient across the membrane. The alpha chain is a regulatory subunit"
"ko:K02111",2986.41282603,0.104195391742159,0.0324564066157483,3.21031816540041,0.00132588125530191,0.0477317251908687,"k87_4641893_2","COG0056@1|root,COG0056@2|Bacteria,2GJRJ@201174|Actinobacteria,4DNCI@85009|Propionibacteriales","Produces ATP from ADP in the presence of a proton gradient across the membrane. The alpha chain is a regulatory subunit"
"ko:K02111",2986.41282603,0.104195391742159,0.0324564066157483,3.21031816540041,0.00132588125530191,0.0477317251908687,"k87_4888167_5","COG0056@1|root,COG0056@2|Bacteria,2GJRJ@201174|Actinobacteria,1W7FF@1268|Micrococcaceae","Produces ATP from ADP in the presence of a proton gradient across the membrane. The alpha chain is a regulatory subunit"
"ko:K02111",2986.41282603,0.104195391742159,0.0324564066157483,3.21031816540041,0.00132588125530191,0.0477317251908687,"k87_4892343_1","COG0056@1|root,COG0056@2|Bacteria,1MUG7@1224|Proteobacteria,2TQYK@28211|Alphaproteobacteria,3JRUG@41294|Bradyrhizobiaceae","Produces ATP from ADP in the presence of a proton gradient across the membrane. The alpha chain is a regulatory subunit"
"ko:K02111",2986.41282603,0.104195391742159,0.0324564066157483,3.21031816540041,0.00132588125530191,0.0477317251908687,"k87_4955094_1","COG0056@1|root,COG0056@2|Bacteria,1MUG7@1224|Proteobacteria,1RP4V@1236|Gammaproteobacteria,1X31U@135614|Xanthomonadales","Produces ATP from ADP in the presence of a proton gradient across the membrane. The alpha chain is a regulatory subunit"
"ko:K02111",2986.41282603,0.104195391742159,0.0324564066157483,3.21031816540041,0.00132588125530191,0.0477317251908687,"k87_4955520_2","COG0056@1|root,COG0056@2|Bacteria,1MUG7@1224|Proteobacteria,2VHQU@28216|Betaproteobacteria,4AAYA@80864|Comamonadaceae","Produces ATP from ADP in the presence of a proton gradient across the membrane. The alpha chain is a regulatory subunit"
"ko:K02111",2986.41282603,0.104195391742159,0.0324564066157483,3.21031816540041,0.00132588125530191,0.0477317251908687,"k87_5130193_4","COG0056@1|root,COG0056@2|Bacteria,1MUG7@1224|Proteobacteria,1RP4V@1236|Gammaproteobacteria,1X31U@135614|Xanthomonadales","Produces ATP from ADP in the presence of a proton gradient across the membrane. The alpha chain is a regulatory subunit"
"ko:K02111",2986.41282603,0.104195391742159,0.0324564066157483,3.21031816540041,0.00132588125530191,0.0477317251908687,"k87_5745250_1","COG0056@1|root,COG0056@2|Bacteria,2GJRJ@201174|Actinobacteria,4DNCI@85009|Propionibacteriales","Produces ATP from ADP in the presence of a proton gradient across the membrane. The alpha chain is a regulatory subunit"
"ko:K02111",2986.41282603,0.104195391742159,0.0324564066157483,3.21031816540041,0.00132588125530191,0.0477317251908687,"k87_5836341_1","COG0056@1|root,COG0056@2|Bacteria,1MUG7@1224|Proteobacteria,2TQYK@28211|Alphaproteobacteria,2K08A@204457|Sphingomonadales","Produces ATP from ADP in the presence of a proton gradient across the membrane. The alpha chain is a regulatory subunit"
"ko:K02111",2986.41282603,0.104195391742159,0.0324564066157483,3.21031816540041,0.00132588125530191,0.0477317251908687,"k87_5853474_3","COG0056@1|root,COG0056@2|Bacteria,1MUG7@1224|Proteobacteria,2VHQU@28216|Betaproteobacteria,4AAYA@80864|Comamonadaceae","Produces ATP from ADP in the presence of a proton gradient across the membrane. The alpha chain is a regulatory subunit"
"ko:K02111",2986.41282603,0.104195391742159,0.0324564066157483,3.21031816540041,0.00132588125530191,0.0477317251908687,"k87_5853475_5","COG0056@1|root,COG0056@2|Bacteria,1MUG7@1224|Proteobacteria,2VHQU@28216|Betaproteobacteria,4AAYA@80864|Comamonadaceae","Produces ATP from ADP in the presence of a proton gradient across the membrane. The alpha chain is a regulatory subunit"
"ko:K02111",2986.41282603,0.104195391742159,0.0324564066157483,3.21031816540041,0.00132588125530191,0.0477317251908687,"k87_5864856_1","COG0056@1|root,COG0056@2|Bacteria,3J0CZ@40117|Nitrospirae","Produces ATP from ADP in the presence of a proton gradient across the membrane. The alpha chain is a regulatory subunit"
"ko:K02111",2986.41282603,0.104195391742159,0.0324564066157483,3.21031816540041,0.00132588125530191,0.0477317251908687,"k87_5946599_8","COG0056@1|root,COG0056@2|Bacteria,2GJRJ@201174|Actinobacteria,4DNCI@85009|Propionibacteriales","Produces ATP from ADP in the presence of a proton gradient across the membrane. The alpha chain is a regulatory subunit"
"ko:K02111",2986.41282603,0.104195391742159,0.0324564066157483,3.21031816540041,0.00132588125530191,0.0477317251908687,"k87_6178011_1","COG0056@1|root,COG0056@2|Bacteria,1MUG7@1224|Proteobacteria,2TQYK@28211|Alphaproteobacteria,2P87Z@245186|Loktanella","Produces ATP from ADP in the presence of a proton gradient across the membrane. The alpha chain is a regulatory subunit"
"ko:K02111",2986.41282603,0.104195391742159,0.0324564066157483,3.21031816540041,0.00132588125530191,0.0477317251908687,"k87_6824958_2","COG0056@1|root,COG0056@2|Bacteria,2GJRJ@201174|Actinobacteria,4DNCI@85009|Propionibacteriales","Produces ATP from ADP in the presence of a proton gradient across the membrane. The alpha chain is a regulatory subunit"
"ko:K02355",6053.71819925663,0.0762776716176026,0.0235459779263165,3.23952022108836,0.00119730976479346,0.0465060319167145,"k87_20006_3","COG0480@1|root,COG0480@2|Bacteria,1MVVY@1224|Proteobacteria,1RYCE@1236|Gammaproteobacteria,1X4EX@135614|Xanthomonadales","elongation factor G"
"ko:K02355",6053.71819925663,0.0762776716176026,0.0235459779263165,3.23952022108836,0.00119730976479346,0.0465060319167145,"k87_44365_2","COG0480@1|root,COG0480@2|Bacteria,1MU2W@1224|Proteobacteria,2TYVK@28211|Alphaproteobacteria,43I3P@69277|Phyllobacteriaceae","elongation factor G"
"ko:K02355",6053.71819925663,0.0762776716176026,0.0235459779263165,3.23952022108836,0.00119730976479346,0.0465060319167145,"k87_182397_1","COG0480@1|root,COG0480@2|Bacteria,1MUCV@1224|Proteobacteria,2TQVI@28211|Alphaproteobacteria,2K04N@204457|Sphingomonadales","Catalyzes the GTP-dependent ribosomal translocation step during translation elongation. During this step, the ribosome changes from the pre-translocational (PRE) to the post- translocational (POST) state as the newly formed A-site-bound peptidyl-tRNA and P-site-bound deacylated tRNA move to the P and E sites, respectively. Catalyzes the coordinated movement of the two tRNA molecules, the mRNA and conformational changes in the ribosome"
"ko:K02355",6053.71819925663,0.0762776716176026,0.0235459779263165,3.23952022108836,0.00119730976479346,0.0465060319167145,"k87_337916_3","COG0480@1|root,COG0480@2|Bacteria,1MU2W@1224|Proteobacteria,2TYVK@28211|Alphaproteobacteria,4B8BS@82115|Rhizobiaceae","elongation factor G"
"ko:K02355",6053.71819925663,0.0762776716176026,0.0235459779263165,3.23952022108836,0.00119730976479346,0.0465060319167145,"k87_492401_1","COG0480@1|root,COG0480@2|Bacteria,1MVVY@1224|Proteobacteria,1RYCE@1236|Gammaproteobacteria,1X4EX@135614|Xanthomonadales","elongation factor G"
"ko:K02355",6053.71819925663,0.0762776716176026,0.0235459779263165,3.23952022108836,0.00119730976479346,0.0465060319167145,"k87_587736_2","COG0480@1|root,COG0480@2|Bacteria,1TPF9@1239|Firmicutes,247VN@186801|Clostridia,42EYD@68295|Thermoanaerobacterales","Catalyzes the GTP-dependent ribosomal translocation step during translation elongation. During this step, the ribosome changes from the pre-translocational (PRE) to the post- translocational (POST) state as the newly formed A-site-bound peptidyl-tRNA and P-site-bound deacylated tRNA move to the P and E sites, respectively. Catalyzes the coordinated movement of the two tRNA molecules, the mRNA and conformational changes in the ribosome"
"ko:K02355",6053.71819925663,0.0762776716176026,0.0235459779263165,3.23952022108836,0.00119730976479346,0.0465060319167145,"k87_630998_1","COG0480@1|root,COG0480@2|Bacteria,1TPF9@1239|Firmicutes,247VN@186801|Clostridia,2600F@186807|Peptococcaceae","Catalyzes the GTP-dependent ribosomal translocation step during translation elongation. During this step, the ribosome changes from the pre-translocational (PRE) to the post- translocational (POST) state as the newly formed A-site-bound peptidyl-tRNA and P-site-bound deacylated tRNA move to the P and E sites, respectively. Catalyzes the coordinated movement of the two tRNA molecules, the mRNA and conformational changes in the ribosome"
"ko:K02355",6053.71819925663,0.0762776716176026,0.0235459779263165,3.23952022108836,0.00119730976479346,0.0465060319167145,"k87_667527_2","COG0480@1|root,COG0480@2|Bacteria,1MUCV@1224|Proteobacteria,2TQVI@28211|Alphaproteobacteria,2K04N@204457|Sphingomonadales","Catalyzes the GTP-dependent ribosomal translocation step during translation elongation. During this step, the ribosome changes from the pre-translocational (PRE) to the post- translocational (POST) state as the newly formed A-site-bound peptidyl-tRNA and P-site-bound deacylated tRNA move to the P and E sites, respectively. Catalyzes the coordinated movement of the two tRNA molecules, the mRNA and conformational changes in the ribosome"
"ko:K02355",6053.71819925663,0.0762776716176026,0.0235459779263165,3.23952022108836,0.00119730976479346,0.0465060319167145,"k87_700072_7","COG0480@1|root,COG0480@2|Bacteria,1TPF9@1239|Firmicutes,247VN@186801|Clostridia,2600F@186807|Peptococcaceae","Catalyzes the GTP-dependent ribosomal translocation step during translation elongation. During this step, the ribosome changes from the pre-translocational (PRE) to the post- translocational (POST) state as the newly formed A-site-bound peptidyl-tRNA and P-site-bound deacylated tRNA move to the P and E sites, respectively. Catalyzes the coordinated movement of the two tRNA molecules, the mRNA and conformational changes in the ribosome"
"ko:K02355",6053.71819925663,0.0762776716176026,0.0235459779263165,3.23952022108836,0.00119730976479346,0.0465060319167145,"k87_717716_3","COG0480@1|root,COG0480@2|Bacteria,2GKB3@201174|Actinobacteria,234DS@1762|Mycobacteriaceae","Catalyzes the GTP-dependent ribosomal translocation step during translation elongation. During this step, the ribosome changes from the pre-translocational (PRE) to the post- translocational (POST) state as the newly formed A-site-bound peptidyl-tRNA and P-site-bound deacylated tRNA move to the P and E sites, respectively. Catalyzes the coordinated movement of the two tRNA molecules, the mRNA and conformational changes in the ribosome"
"ko:K02355",6053.71819925663,0.0762776716176026,0.0235459779263165,3.23952022108836,0.00119730976479346,0.0465060319167145,"k87_726960_1","COG0480@1|root,COG0480@2|Bacteria,1MUCV@1224|Proteobacteria,2TQVI@28211|Alphaproteobacteria,3FCP5@34008|Rhodovulum","Catalyzes the GTP-dependent ribosomal translocation step during translation elongation. During this step, the ribosome changes from the pre-translocational (PRE) to the post- translocational (POST) state as the newly formed A-site-bound peptidyl-tRNA and P-site-bound deacylated tRNA move to the P and E sites, respectively. Catalyzes the coordinated movement of the two tRNA molecules, the mRNA and conformational changes in the ribosome"
"ko:K02355",6053.71819925663,0.0762776716176026,0.0235459779263165,3.23952022108836,0.00119730976479346,0.0465060319167145,"k87_759849_4","COG0480@1|root,COG0480@2|Bacteria,1ZT9G@142182|Gemmatimonadetes","Catalyzes the GTP-dependent ribosomal translocation step during translation elongation. During this step, the ribosome changes from the pre-translocational (PRE) to the post- translocational (POST) state as the newly formed A-site-bound peptidyl-tRNA and P-site-bound deacylated tRNA move to the P and E sites, respectively. Catalyzes the coordinated movement of the two tRNA molecules, the mRNA and conformational changes in the ribosome"
"ko:K02355",6053.71819925663,0.0762776716176026,0.0235459779263165,3.23952022108836,0.00119730976479346,0.0465060319167145,"k87_759852_3","COG0480@1|root,COG0480@2|Bacteria,1TPF9@1239|Firmicutes,247VN@186801|Clostridia,2600F@186807|Peptococcaceae","Catalyzes the GTP-dependent ribosomal translocation step during translation elongation. During this step, the ribosome changes from the pre-translocational (PRE) to the post- translocational (POST) state as the newly formed A-site-bound peptidyl-tRNA and P-site-bound deacylated tRNA move to the P and E sites, respectively. Catalyzes the coordinated movement of the two tRNA molecules, the mRNA and conformational changes in the ribosome"
"ko:K02355",6053.71819925663,0.0762776716176026,0.0235459779263165,3.23952022108836,0.00119730976479346,0.0465060319167145,"k87_772661_4","COG0480@1|root,COG0480@2|Bacteria,2GKRU@201174|Actinobacteria,232MP@1762|Mycobacteriaceae","elongation factor G"
"ko:K02355",6053.71819925663,0.0762776716176026,0.0235459779263165,3.23952022108836,0.00119730976479346,0.0465060319167145,"k87_787060_1","COG0480@1|root,COG0480@2|Bacteria,3J0EK@40117|Nitrospirae","Catalyzes the GTP-dependent ribosomal translocation step during translation elongation. During this step, the ribosome changes from the pre-translocational (PRE) to the post- translocational (POST) state as the newly formed A-site-bound peptidyl-tRNA and P-site-bound deacylated tRNA move to the P and E sites, respectively. Catalyzes the coordinated movement of the two tRNA molecules, the mRNA and conformational changes in the ribosome"
"ko:K02355",6053.71819925663,0.0762776716176026,0.0235459779263165,3.23952022108836,0.00119730976479346,0.0465060319167145,"k87_799529_2","COG0480@1|root,COG0480@2|Bacteria,1MUCV@1224|Proteobacteria,1RNNJ@1236|Gammaproteobacteria,1X5I0@135614|Xanthomonadales","Catalyzes the GTP-dependent ribosomal translocation step during translation elongation. During this step, the ribosome changes from the pre-translocational (PRE) to the post- translocational (POST) state as the newly formed A-site-bound peptidyl-tRNA and P-site-bound deacylated tRNA move to the P and E sites, respectively. Catalyzes the coordinated movement of the two tRNA molecules, the mRNA and conformational changes in the ribosome"
"ko:K02355",6053.71819925663,0.0762776716176026,0.0235459779263165,3.23952022108836,0.00119730976479346,0.0465060319167145,"k87_841887_1","COG0480@1|root,COG0480@2|Bacteria,1MVVY@1224|Proteobacteria,1RYCE@1236|Gammaproteobacteria,1X4EX@135614|Xanthomonadales","elongation factor G"
"ko:K02355",6053.71819925663,0.0762776716176026,0.0235459779263165,3.23952022108836,0.00119730976479346,0.0465060319167145,"k87_883598_3","COG0480@1|root,COG0480@2|Bacteria,46SFV@74201|Verrucomicrobia,2ITYS@203494|Verrucomicrobiae","Catalyzes the GTP-dependent ribosomal translocation step during translation elongation. During this step, the ribosome changes from the pre-translocational (PRE) to the post- translocational (POST) state as the newly formed A-site-bound peptidyl-tRNA and P-site-bound deacylated tRNA move to the P and E sites, respectively. Catalyzes the coordinated movement of the two tRNA molecules, the mRNA and conformational changes in the ribosome"
"ko:K02355",6053.71819925663,0.0762776716176026,0.0235459779263165,3.23952022108836,0.00119730976479346,0.0465060319167145,"k87_886874_4","COG0480@1|root,COG0480@2|Bacteria,1TPF9@1239|Firmicutes,247VN@186801|Clostridia,2600F@186807|Peptococcaceae","Catalyzes the GTP-dependent ribosomal translocation step during translation elongation. During this step, the ribosome changes from the pre-translocational (PRE) to the post- translocational (POST) state as the newly formed A-site-bound peptidyl-tRNA and P-site-bound deacylated tRNA move to the P and E sites, respectively. Catalyzes the coordinated movement of the two tRNA molecules, the mRNA and conformational changes in the ribosome"
"ko:K02355",6053.71819925663,0.0762776716176026,0.0235459779263165,3.23952022108836,0.00119730976479346,0.0465060319167145,"k87_910451_1","COG0480@1|root,COG0480@2|Bacteria,46SFV@74201|Verrucomicrobia,3K7PT@414999|Opitutae","Catalyzes the GTP-dependent ribosomal translocation step during translation elongation. During this step, the ribosome changes from the pre-translocational (PRE) to the post- translocational (POST) state as the newly formed A-site-bound peptidyl-tRNA and P-site-bound deacylated tRNA move to the P and E sites, respectively. Catalyzes the coordinated movement of the two tRNA molecules, the mRNA and conformational changes in the ribosome"
"ko:K02355",6053.71819925663,0.0762776716176026,0.0235459779263165,3.23952022108836,0.00119730976479346,0.0465060319167145,"k87_960295_1","COG0480@1|root,COG0480@2|Bacteria,2GKB3@201174|Actinobacteria","Catalyzes the GTP-dependent ribosomal translocation step during translation elongation. During this step, the ribosome changes from the pre-translocational (PRE) to the post- translocational (POST) state as the newly formed A-site-bound peptidyl-tRNA and P-site-bound deacylated tRNA move to the P and E sites, respectively. Catalyzes the coordinated movement of the two tRNA molecules, the mRNA and conformational changes in the ribosome"
"ko:K02355",6053.71819925663,0.0762776716176026,0.0235459779263165,3.23952022108836,0.00119730976479346,0.0465060319167145,"k87_977919_1","COG0480@1|root,COG0480@2|Bacteria,1MUCV@1224|Proteobacteria,1RNSZ@1236|Gammaproteobacteria,1X3IW@135614|Xanthomonadales","Catalyzes the GTP-dependent ribosomal translocation step during translation elongation. During this step, the ribosome changes from the pre-translocational (PRE) to the post- translocational (POST) state as the newly formed A-site-bound peptidyl-tRNA and P-site-bound deacylated tRNA move to the P and E sites, respectively. Catalyzes the coordinated movement of the two tRNA molecules, the mRNA and conformational changes in the ribosome"
"ko:K02355",6053.71819925663,0.0762776716176026,0.0235459779263165,3.23952022108836,0.00119730976479346,0.0465060319167145,"k87_987455_3","COG0480@1|root,COG0480@2|Bacteria,2GKB3@201174|Actinobacteria,4CMTM@84992|Acidimicrobiia","Catalyzes the GTP-dependent ribosomal translocation step during translation elongation. During this step, the ribosome changes from the pre-translocational (PRE) to the post- translocational (POST) state as the newly formed A-site-bound peptidyl-tRNA and P-site-bound deacylated tRNA move to the P and E sites, respectively. Catalyzes the coordinated movement of the two tRNA molecules, the mRNA and conformational changes in the ribosome"
"ko:K02355",6053.71819925663,0.0762776716176026,0.0235459779263165,3.23952022108836,0.00119730976479346,0.0465060319167145,"k87_1033885_2","COG0480@1|root,COG0480@2|Bacteria,1MUCV@1224|Proteobacteria,2TQVI@28211|Alphaproteobacteria,2JQXC@204441|Rhodospirillales","Catalyzes the GTP-dependent ribosomal translocation step during translation elongation. During this step, the ribosome changes from the pre-translocational (PRE) to the post- translocational (POST) state as the newly formed A-site-bound peptidyl-tRNA and P-site-bound deacylated tRNA move to the P and E sites, respectively. Catalyzes the coordinated movement of the two tRNA molecules, the mRNA and conformational changes in the ribosome"
"ko:K02355",6053.71819925663,0.0762776716176026,0.0235459779263165,3.23952022108836,0.00119730976479346,0.0465060319167145,"k87_1093704_1","COG0480@1|root,COG0480@2|Bacteria,1MUCV@1224|Proteobacteria,2TQVI@28211|Alphaproteobacteria,3FCP5@34008|Rhodovulum","Catalyzes the GTP-dependent ribosomal translocation step during translation elongation. During this step, the ribosome changes from the pre-translocational (PRE) to the post- translocational (POST) state as the newly formed A-site-bound peptidyl-tRNA and P-site-bound deacylated tRNA move to the P and E sites, respectively. Catalyzes the coordinated movement of the two tRNA molecules, the mRNA and conformational changes in the ribosome"
"ko:K02355",6053.71819925663,0.0762776716176026,0.0235459779263165,3.23952022108836,0.00119730976479346,0.0465060319167145,"k87_1165464_1","COG0480@1|root,COG0480@2|Bacteria,2GKB3@201174|Actinobacteria,4CPGY@84995|Rubrobacteria","Catalyzes the GTP-dependent ribosomal translocation step during translation elongation. During this step, the ribosome changes from the pre-translocational (PRE) to the post- translocational (POST) state as the newly formed A-site-bound peptidyl-tRNA and P-site-bound deacylated tRNA move to the P and E sites, respectively. Catalyzes the coordinated movement of the two tRNA molecules, the mRNA and conformational changes in the ribosome"
"ko:K02355",6053.71819925663,0.0762776716176026,0.0235459779263165,3.23952022108836,0.00119730976479346,0.0465060319167145,"k87_1227703_1","COG0480@1|root,COG0480@2|Bacteria,2GKRU@201174|Actinobacteria,4DNXI@85009|Propionibacteriales","Elongation factor G, domain IV"
"ko:K02355",6053.71819925663,0.0762776716176026,0.0235459779263165,3.23952022108836,0.00119730976479346,0.0465060319167145,"k87_1255014_1","COG0480@1|root,COG0480@2|Bacteria,1MU2W@1224|Proteobacteria,2TYVK@28211|Alphaproteobacteria,4B8BS@82115|Rhizobiaceae","elongation factor G"
"ko:K02355",6053.71819925663,0.0762776716176026,0.0235459779263165,3.23952022108836,0.00119730976479346,0.0465060319167145,"k87_1304855_3","COG0480@1|root,COG0480@2|Bacteria,1MUCV@1224|Proteobacteria,2TQVI@28211|Alphaproteobacteria,1JQUP@119045|Methylobacteriaceae","Catalyzes the GTP-dependent ribosomal translocation step during translation elongation. During this step, the ribosome changes from the pre-translocational (PRE) to the post- translocational (POST) state as the newly formed A-site-bound peptidyl-tRNA and P-site-bound deacylated tRNA move to the P and E sites, respectively. Catalyzes the coordinated movement of the two tRNA molecules, the mRNA and conformational changes in the ribosome"
"ko:K02355",6053.71819925663,0.0762776716176026,0.0235459779263165,3.23952022108836,0.00119730976479346,0.0465060319167145,"k87_1313605_1","COG0480@1|root,COG0480@2|Bacteria,4NE9X@976|Bacteroidetes,1INUJ@117747|Sphingobacteriia","Catalyzes the GTP-dependent ribosomal translocation step during translation elongation. During this step, the ribosome changes from the pre-translocational (PRE) to the post- translocational (POST) state as the newly formed A-site-bound peptidyl-tRNA and P-site-bound deacylated tRNA move to the P and E sites, respectively. Catalyzes the coordinated movement of the two tRNA molecules, the mRNA and conformational changes in the ribosome"
"ko:K02355",6053.71819925663,0.0762776716176026,0.0235459779263165,3.23952022108836,0.00119730976479346,0.0465060319167145,"k87_1401146_4","COG0480@1|root,COG0480@2|Bacteria,1MUCV@1224|Proteobacteria,2TQVI@28211|Alphaproteobacteria,2K04N@204457|Sphingomonadales","Catalyzes the GTP-dependent ribosomal translocation step during translation elongation. During this step, the ribosome changes from the pre-translocational (PRE) to the post- translocational (POST) state as the newly formed A-site-bound peptidyl-tRNA and P-site-bound deacylated tRNA move to the P and E sites, respectively. Catalyzes the coordinated movement of the two tRNA molecules, the mRNA and conformational changes in the ribosome"
"ko:K02355",6053.71819925663,0.0762776716176026,0.0235459779263165,3.23952022108836,0.00119730976479346,0.0465060319167145,"k87_1413388_1","COG0480@1|root,COG0480@2|Bacteria,1MUCV@1224|Proteobacteria,2VI3Q@28216|Betaproteobacteria","Catalyzes the GTP-dependent ribosomal translocation step during translation elongation. During this step, the ribosome changes from the pre-translocational (PRE) to the post- translocational (POST) state as the newly formed A-site-bound peptidyl-tRNA and P-site-bound deacylated tRNA move to the P and E sites, respectively. Catalyzes the coordinated movement of the two tRNA molecules, the mRNA and conformational changes in the ribosome"
"ko:K02355",6053.71819925663,0.0762776716176026,0.0235459779263165,3.23952022108836,0.00119730976479346,0.0465060319167145,"k87_1421385_1","COG0480@1|root,COG0480@2|Bacteria,2GKB3@201174|Actinobacteria,4CPGY@84995|Rubrobacteria","Catalyzes the GTP-dependent ribosomal translocation step during translation elongation. During this step, the ribosome changes from the pre-translocational (PRE) to the post- translocational (POST) state as the newly formed A-site-bound peptidyl-tRNA and P-site-bound deacylated tRNA move to the P and E sites, respectively. Catalyzes the coordinated movement of the two tRNA molecules, the mRNA and conformational changes in the ribosome"
"ko:K02355",6053.71819925663,0.0762776716176026,0.0235459779263165,3.23952022108836,0.00119730976479346,0.0465060319167145,"k87_1446782_1","COG0480@1|root,COG0480@2|Bacteria,1MU2W@1224|Proteobacteria,2TYVK@28211|Alphaproteobacteria","elongation factor G"
"ko:K02355",6053.71819925663,0.0762776716176026,0.0235459779263165,3.23952022108836,0.00119730976479346,0.0465060319167145,"k87_1457822_3","COG0480@1|root,COG0480@2|Bacteria,1MU2W@1224|Proteobacteria,2TYVK@28211|Alphaproteobacteria,4B8BS@82115|Rhizobiaceae","elongation factor G"
"ko:K02355",6053.71819925663,0.0762776716176026,0.0235459779263165,3.23952022108836,0.00119730976479346,0.0465060319167145,"k87_1485087_2","COG0480@1|root,COG0480@2|Bacteria,1TPF9@1239|Firmicutes,4HAB8@91061|Bacilli,2783X@186823|Alicyclobacillaceae","Catalyzes the GTP-dependent ribosomal translocation step during translation elongation. During this step, the ribosome changes from the pre-translocational (PRE) to the post- translocational (POST) state as the newly formed A-site-bound peptidyl-tRNA and P-site-bound deacylated tRNA move to the P and E sites, respectively. Catalyzes the coordinated movement of the two tRNA molecules, the mRNA and conformational changes in the ribosome"
"ko:K02355",6053.71819925663,0.0762776716176026,0.0235459779263165,3.23952022108836,0.00119730976479346,0.0465060319167145,"k87_1577635_1","COG0480@1|root,COG0480@2|Bacteria,2GKRU@201174|Actinobacteria,4CRH7@84995|Rubrobacteria","Elongation factor G, domain IV"
"ko:K02355",6053.71819925663,0.0762776716176026,0.0235459779263165,3.23952022108836,0.00119730976479346,0.0465060319167145,"k87_1592573_1","COG0480@1|root,COG0480@2|Bacteria,2GKB3@201174|Actinobacteria,4DNTK@85009|Propionibacteriales","Catalyzes the GTP-dependent ribosomal translocation step during translation elongation. During this step, the ribosome changes from the pre-translocational (PRE) to the post- translocational (POST) state as the newly formed A-site-bound peptidyl-tRNA and P-site-bound deacylated tRNA move to the P and E sites, respectively. Catalyzes the coordinated movement of the two tRNA molecules, the mRNA and conformational changes in the ribosome"
"ko:K02355",6053.71819925663,0.0762776716176026,0.0235459779263165,3.23952022108836,0.00119730976479346,0.0465060319167145,"k87_1602014_2","COG0480@1|root,COG0480@2|Bacteria,3J0EK@40117|Nitrospirae","Catalyzes the GTP-dependent ribosomal translocation step during translation elongation. During this step, the ribosome changes from the pre-translocational (PRE) to the post- translocational (POST) state as the newly formed A-site-bound peptidyl-tRNA and P-site-bound deacylated tRNA move to the P and E sites, respectively. Catalyzes the coordinated movement of the two tRNA molecules, the mRNA and conformational changes in the ribosome"
"ko:K02355",6053.71819925663,0.0762776716176026,0.0235459779263165,3.23952022108836,0.00119730976479346,0.0465060319167145,"k87_1606617_2","COG0480@1|root,COG0480@2|Bacteria,1MU2W@1224|Proteobacteria,2TYVK@28211|Alphaproteobacteria,2JPGT@204441|Rhodospirillales","COG0480 Translation elongation factors (GTPases)"
"ko:K02355",6053.71819925663,0.0762776716176026,0.0235459779263165,3.23952022108836,0.00119730976479346,0.0465060319167145,"k87_1609363_1","COG0480@1|root,COG0480@2|Bacteria,1MU2W@1224|Proteobacteria,2TYVK@28211|Alphaproteobacteria,1JSV0@119045|Methylobacteriaceae","elongation factor G domain IV"
"ko:K02355",6053.71819925663,0.0762776716176026,0.0235459779263165,3.23952022108836,0.00119730976479346,0.0465060319167145,"k87_1631131_2","COG0480@1|root,COG0480@2|Bacteria,1MVVY@1224|Proteobacteria,1RYCE@1236|Gammaproteobacteria,1X4EX@135614|Xanthomonadales","elongation factor G"
"ko:K02355",6053.71819925663,0.0762776716176026,0.0235459779263165,3.23952022108836,0.00119730976479346,0.0465060319167145,"k87_1658867_3","COG0480@1|root,COG0480@2|Bacteria,1TPF9@1239|Firmicutes,247VN@186801|Clostridia,2600F@186807|Peptococcaceae","Catalyzes the GTP-dependent ribosomal translocation step during translation elongation. During this step, the ribosome changes from the pre-translocational (PRE) to the post- translocational (POST) state as the newly formed A-site-bound peptidyl-tRNA and P-site-bound deacylated tRNA move to the P and E sites, respectively. Catalyzes the coordinated movement of the two tRNA molecules, the mRNA and conformational changes in the ribosome"
"ko:K02355",6053.71819925663,0.0762776716176026,0.0235459779263165,3.23952022108836,0.00119730976479346,0.0465060319167145,"k87_1664226_1","COG0480@1|root,COG0480@2|Bacteria,2GKRU@201174|Actinobacteria,4DNXI@85009|Propionibacteriales","Elongation factor G, domain IV"
"ko:K02355",6053.71819925663,0.0762776716176026,0.0235459779263165,3.23952022108836,0.00119730976479346,0.0465060319167145,"k87_1684587_2","COG0480@1|root,COG0480@2|Bacteria,2GKB3@201174|Actinobacteria,4CMTM@84992|Acidimicrobiia","Catalyzes the GTP-dependent ribosomal translocation step during translation elongation. During this step, the ribosome changes from the pre-translocational (PRE) to the post- translocational (POST) state as the newly formed A-site-bound peptidyl-tRNA and P-site-bound deacylated tRNA move to the P and E sites, respectively. Catalyzes the coordinated movement of the two tRNA molecules, the mRNA and conformational changes in the ribosome"
"ko:K02355",6053.71819925663,0.0762776716176026,0.0235459779263165,3.23952022108836,0.00119730976479346,0.0465060319167145,"k87_1694743_1","COG0480@1|root,COG0480@2|Bacteria,1MU2W@1224|Proteobacteria,2TYVK@28211|Alphaproteobacteria,43I3P@69277|Phyllobacteriaceae","elongation factor G"
"ko:K02355",6053.71819925663,0.0762776716176026,0.0235459779263165,3.23952022108836,0.00119730976479346,0.0465060319167145,"k87_1737806_1","COG0480@1|root,COG0480@2|Bacteria,1TPF9@1239|Firmicutes,4HAB8@91061|Bacilli,4AWUY@81850|Leuconostocaceae","Catalyzes the GTP-dependent ribosomal translocation step during translation elongation. During this step, the ribosome changes from the pre-translocational (PRE) to the post- translocational (POST) state as the newly formed A-site-bound peptidyl-tRNA and P-site-bound deacylated tRNA move to the P and E sites, respectively. Catalyzes the coordinated movement of the two tRNA molecules, the mRNA and conformational changes in the ribosome"
"ko:K02355",6053.71819925663,0.0762776716176026,0.0235459779263165,3.23952022108836,0.00119730976479346,0.0465060319167145,"k87_1741442_1","COG0480@1|root,COG0480@2|Bacteria,2G63B@200795|Chloroflexi,27XU6@189775|Thermomicrobia","Catalyzes the GTP-dependent ribosomal translocation step during translation elongation. During this step, the ribosome changes from the pre-translocational (PRE) to the post- translocational (POST) state as the newly formed A-site-bound peptidyl-tRNA and P-site-bound deacylated tRNA move to the P and E sites, respectively. Catalyzes the coordinated movement of the two tRNA molecules, the mRNA and conformational changes in the ribosome"
"ko:K02355",6053.71819925663,0.0762776716176026,0.0235459779263165,3.23952022108836,0.00119730976479346,0.0465060319167145,"k87_1745392_2","COG0480@1|root,COG0480@2|Bacteria,3J0EK@40117|Nitrospirae","Catalyzes the GTP-dependent ribosomal translocation step during translation elongation. During this step, the ribosome changes from the pre-translocational (PRE) to the post- translocational (POST) state as the newly formed A-site-bound peptidyl-tRNA and P-site-bound deacylated tRNA move to the P and E sites, respectively. Catalyzes the coordinated movement of the two tRNA molecules, the mRNA and conformational changes in the ribosome"
"ko:K02355",6053.71819925663,0.0762776716176026,0.0235459779263165,3.23952022108836,0.00119730976479346,0.0465060319167145,"k87_1843677_3","COG0480@1|root,COG0480@2|Bacteria,1MUCV@1224|Proteobacteria,1RNSZ@1236|Gammaproteobacteria,1X3IW@135614|Xanthomonadales","Catalyzes the GTP-dependent ribosomal translocation step during translation elongation. During this step, the ribosome changes from the pre-translocational (PRE) to the post- translocational (POST) state as the newly formed A-site-bound peptidyl-tRNA and P-site-bound deacylated tRNA move to the P and E sites, respectively. Catalyzes the coordinated movement of the two tRNA molecules, the mRNA and conformational changes in the ribosome"
"ko:K02355",6053.71819925663,0.0762776716176026,0.0235459779263165,3.23952022108836,0.00119730976479346,0.0465060319167145,"k87_1933035_2","COG0480@1|root,COG0480@2|Bacteria,1MUCV@1224|Proteobacteria,2VI3Q@28216|Betaproteobacteria,4PQ8I@995019|Sutterellaceae","Catalyzes the GTP-dependent ribosomal translocation step during translation elongation. During this step, the ribosome changes from the pre-translocational (PRE) to the post- translocational (POST) state as the newly formed A-site-bound peptidyl-tRNA and P-site-bound deacylated tRNA move to the P and E sites, respectively. Catalyzes the coordinated movement of the two tRNA molecules, the mRNA and conformational changes in the ribosome"
"ko:K02355",6053.71819925663,0.0762776716176026,0.0235459779263165,3.23952022108836,0.00119730976479346,0.0465060319167145,"k87_1961181_1","COG0480@1|root,COG0480@2|Bacteria,2GKB3@201174|Actinobacteria,4CPGY@84995|Rubrobacteria","Catalyzes the GTP-dependent ribosomal translocation step during translation elongation. During this step, the ribosome changes from the pre-translocational (PRE) to the post- translocational (POST) state as the newly formed A-site-bound peptidyl-tRNA and P-site-bound deacylated tRNA move to the P and E sites, respectively. Catalyzes the coordinated movement of the two tRNA molecules, the mRNA and conformational changes in the ribosome"
"ko:K02355",6053.71819925663,0.0762776716176026,0.0235459779263165,3.23952022108836,0.00119730976479346,0.0465060319167145,"k87_1981798_2","COG0480@1|root,COG0480@2|Bacteria,1TPF9@1239|Firmicutes,4HAB8@91061|Bacilli,3F3JR@33958|Lactobacillaceae","Catalyzes the GTP-dependent ribosomal translocation step during translation elongation. During this step, the ribosome changes from the pre-translocational (PRE) to the post- translocational (POST) state as the newly formed A-site-bound peptidyl-tRNA and P-site-bound deacylated tRNA move to the P and E sites, respectively. Catalyzes the coordinated movement of the two tRNA molecules, the mRNA and conformational changes in the ribosome"
"ko:K02355",6053.71819925663,0.0762776716176026,0.0235459779263165,3.23952022108836,0.00119730976479346,0.0465060319167145,"k87_2010871_5","COG0480@1|root,COG0480@2|Bacteria,1MU2W@1224|Proteobacteria,2TYVK@28211|Alphaproteobacteria,2K1XU@204457|Sphingomonadales","Elongation factor G, domain IV"
"ko:K02355",6053.71819925663,0.0762776716176026,0.0235459779263165,3.23952022108836,0.00119730976479346,0.0465060319167145,"k87_2028142_1","COG0480@1|root,COG0480@2|Bacteria,46SFV@74201|Verrucomicrobia,2ITYS@203494|Verrucomicrobiae","Catalyzes the GTP-dependent ribosomal translocation step during translation elongation. During this step, the ribosome changes from the pre-translocational (PRE) to the post- translocational (POST) state as the newly formed A-site-bound peptidyl-tRNA and P-site-bound deacylated tRNA move to the P and E sites, respectively. Catalyzes the coordinated movement of the two tRNA molecules, the mRNA and conformational changes in the ribosome"
"ko:K02355",6053.71819925663,0.0762776716176026,0.0235459779263165,3.23952022108836,0.00119730976479346,0.0465060319167145,"k87_2030038_1","COG0480@1|root,COG0480@2|Bacteria,1MUCV@1224|Proteobacteria,2TQVI@28211|Alphaproteobacteria,4BPFU@82117|unclassified Alphaproteobacteria","Catalyzes the GTP-dependent ribosomal translocation step during translation elongation. During this step, the ribosome changes from the pre-translocational (PRE) to the post- translocational (POST) state as the newly formed A-site-bound peptidyl-tRNA and P-site-bound deacylated tRNA move to the P and E sites, respectively. Catalyzes the coordinated movement of the two tRNA molecules, the mRNA and conformational changes in the ribosome"
"ko:K02355",6053.71819925663,0.0762776716176026,0.0235459779263165,3.23952022108836,0.00119730976479346,0.0465060319167145,"k87_2050446_1","COG0480@1|root,COG0480@2|Bacteria,1MUCV@1224|Proteobacteria,2TQVI@28211|Alphaproteobacteria,2JQXC@204441|Rhodospirillales","Catalyzes the GTP-dependent ribosomal translocation step during translation elongation. During this step, the ribosome changes from the pre-translocational (PRE) to the post- translocational (POST) state as the newly formed A-site-bound peptidyl-tRNA and P-site-bound deacylated tRNA move to the P and E sites, respectively. Catalyzes the coordinated movement of the two tRNA molecules, the mRNA and conformational changes in the ribosome"
"ko:K02355",6053.71819925663,0.0762776716176026,0.0235459779263165,3.23952022108836,0.00119730976479346,0.0465060319167145,"k87_2069487_1","COG0480@1|root,COG0480@2|Bacteria,2GKB3@201174|Actinobacteria,4DNTK@85009|Propionibacteriales","Catalyzes the GTP-dependent ribosomal translocation step during translation elongation. During this step, the ribosome changes from the pre-translocational (PRE) to the post- translocational (POST) state as the newly formed A-site-bound peptidyl-tRNA and P-site-bound deacylated tRNA move to the P and E sites, respectively. Catalyzes the coordinated movement of the two tRNA molecules, the mRNA and conformational changes in the ribosome"
"ko:K02355",6053.71819925663,0.0762776716176026,0.0235459779263165,3.23952022108836,0.00119730976479346,0.0465060319167145,"k87_2076480_1","COG0480@1|root,COG0480@2|Bacteria,1MUCV@1224|Proteobacteria,1RNSZ@1236|Gammaproteobacteria,1X3IW@135614|Xanthomonadales","Catalyzes the GTP-dependent ribosomal translocation step during translation elongation. During this step, the ribosome changes from the pre-translocational (PRE) to the post- translocational (POST) state as the newly formed A-site-bound peptidyl-tRNA and P-site-bound deacylated tRNA move to the P and E sites, respectively. Catalyzes the coordinated movement of the two tRNA molecules, the mRNA and conformational changes in the ribosome"
"ko:K02355",6053.71819925663,0.0762776716176026,0.0235459779263165,3.23952022108836,0.00119730976479346,0.0465060319167145,"k87_2082686_3","COG0480@1|root,COG0480@2|Bacteria,2GKRU@201174|Actinobacteria,4CRH7@84995|Rubrobacteria","Elongation factor G, domain IV"
"ko:K02355",6053.71819925663,0.0762776716176026,0.0235459779263165,3.23952022108836,0.00119730976479346,0.0465060319167145,"k87_2142499_2","COG0480@1|root,COG0480@2|Bacteria,1ZT9G@142182|Gemmatimonadetes","Catalyzes the GTP-dependent ribosomal translocation step during translation elongation. During this step, the ribosome changes from the pre-translocational (PRE) to the post- translocational (POST) state as the newly formed A-site-bound peptidyl-tRNA and P-site-bound deacylated tRNA move to the P and E sites, respectively. Catalyzes the coordinated movement of the two tRNA molecules, the mRNA and conformational changes in the ribosome"
"ko:K02355",6053.71819925663,0.0762776716176026,0.0235459779263165,3.23952022108836,0.00119730976479346,0.0465060319167145,"k87_2146967_1","COG0480@1|root,COG0480@2|Bacteria,1MUCV@1224|Proteobacteria,2TQVI@28211|Alphaproteobacteria,3N6DV@45401|Hyphomicrobiaceae","Catalyzes the GTP-dependent ribosomal translocation step during translation elongation. During this step, the ribosome changes from the pre-translocational (PRE) to the post- translocational (POST) state as the newly formed A-site-bound peptidyl-tRNA and P-site-bound deacylated tRNA move to the P and E sites, respectively. Catalyzes the coordinated movement of the two tRNA molecules, the mRNA and conformational changes in the ribosome"
"ko:K02355",6053.71819925663,0.0762776716176026,0.0235459779263165,3.23952022108836,0.00119730976479346,0.0465060319167145,"k87_2226032_1","COG0480@1|root,COG0480@2|Bacteria,1MVVY@1224|Proteobacteria,1RYCE@1236|Gammaproteobacteria,1X4EX@135614|Xanthomonadales","elongation factor G"
"ko:K02355",6053.71819925663,0.0762776716176026,0.0235459779263165,3.23952022108836,0.00119730976479346,0.0465060319167145,"k87_2241222_1","COG0480@1|root,COG0480@2|Bacteria,1MUCV@1224|Proteobacteria,2TQVI@28211|Alphaproteobacteria","Catalyzes the GTP-dependent ribosomal translocation step during translation elongation. During this step, the ribosome changes from the pre-translocational (PRE) to the post- translocational (POST) state as the newly formed A-site-bound peptidyl-tRNA and P-site-bound deacylated tRNA move to the P and E sites, respectively. Catalyzes the coordinated movement of the two tRNA molecules, the mRNA and conformational changes in the ribosome"
"ko:K02355",6053.71819925663,0.0762776716176026,0.0235459779263165,3.23952022108836,0.00119730976479346,0.0465060319167145,"k87_2390439_1","COG0480@1|root,COG0480@2|Bacteria,1MU2W@1224|Proteobacteria,2TYVK@28211|Alphaproteobacteria,43I3P@69277|Phyllobacteriaceae","elongation factor G"
"ko:K02355",6053.71819925663,0.0762776716176026,0.0235459779263165,3.23952022108836,0.00119730976479346,0.0465060319167145,"k87_2394153_1","COG0480@1|root,COG0480@2|Bacteria,1MUCV@1224|Proteobacteria,2TQVI@28211|Alphaproteobacteria,1JQUP@119045|Methylobacteriaceae","Catalyzes the GTP-dependent ribosomal translocation step during translation elongation. During this step, the ribosome changes from the pre-translocational (PRE) to the post- translocational (POST) state as the newly formed A-site-bound peptidyl-tRNA and P-site-bound deacylated tRNA move to the P and E sites, respectively. Catalyzes the coordinated movement of the two tRNA molecules, the mRNA and conformational changes in the ribosome"
"ko:K02355",6053.71819925663,0.0762776716176026,0.0235459779263165,3.23952022108836,0.00119730976479346,0.0465060319167145,"k87_2446906_1","COG0480@1|root,COG0480@2|Bacteria,1MU2W@1224|Proteobacteria,2TYVK@28211|Alphaproteobacteria,2JPGT@204441|Rhodospirillales","COG0480 Translation elongation factors (GTPases)"
"ko:K02355",6053.71819925663,0.0762776716176026,0.0235459779263165,3.23952022108836,0.00119730976479346,0.0465060319167145,"k87_2452583_1","COG0480@1|root,COG0480@2|Bacteria,1MUCV@1224|Proteobacteria,2VI3Q@28216|Betaproteobacteria,1KS38@119069|Hydrogenophilales","Elongation factor G, domain IV"
"ko:K02355",6053.71819925663,0.0762776716176026,0.0235459779263165,3.23952022108836,0.00119730976479346,0.0465060319167145,"k87_2455051_2","COG0480@1|root,COG0480@2|Bacteria,1MUCV@1224|Proteobacteria,2TQVI@28211|Alphaproteobacteria,2JQXC@204441|Rhodospirillales","Catalyzes the GTP-dependent ribosomal translocation step during translation elongation. During this step, the ribosome changes from the pre-translocational (PRE) to the post- translocational (POST) state as the newly formed A-site-bound peptidyl-tRNA and P-site-bound deacylated tRNA move to the P and E sites, respectively. Catalyzes the coordinated movement of the two tRNA molecules, the mRNA and conformational changes in the ribosome"
"ko:K02355",6053.71819925663,0.0762776716176026,0.0235459779263165,3.23952022108836,0.00119730976479346,0.0465060319167145,"k87_2608458_1","COG0480@1|root,COG0480@2|Bacteria,2GKRU@201174|Actinobacteria,4FEAE@85021|Intrasporangiaceae","elongation factor G"
"ko:K02355",6053.71819925663,0.0762776716176026,0.0235459779263165,3.23952022108836,0.00119730976479346,0.0465060319167145,"k87_2709470_1","COG0480@1|root,COG0480@2|Bacteria,2GKB3@201174|Actinobacteria,4CPGY@84995|Rubrobacteria","Catalyzes the GTP-dependent ribosomal translocation step during translation elongation. During this step, the ribosome changes from the pre-translocational (PRE) to the post- translocational (POST) state as the newly formed A-site-bound peptidyl-tRNA and P-site-bound deacylated tRNA move to the P and E sites, respectively. Catalyzes the coordinated movement of the two tRNA molecules, the mRNA and conformational changes in the ribosome"
"ko:K02355",6053.71819925663,0.0762776716176026,0.0235459779263165,3.23952022108836,0.00119730976479346,0.0465060319167145,"k87_2991323_1","COG0480@1|root,COG0480@2|Bacteria,2GKB3@201174|Actinobacteria,4CPGY@84995|Rubrobacteria","Catalyzes the GTP-dependent ribosomal translocation step during translation elongation. During this step, the ribosome changes from the pre-translocational (PRE) to the post- translocational (POST) state as the newly formed A-site-bound peptidyl-tRNA and P-site-bound deacylated tRNA move to the P and E sites, respectively. Catalyzes the coordinated movement of the two tRNA molecules, the mRNA and conformational changes in the ribosome"
"ko:K02355",6053.71819925663,0.0762776716176026,0.0235459779263165,3.23952022108836,0.00119730976479346,0.0465060319167145,"k87_3063190_1","COG0480@1|root,COG0480@2|Bacteria,2GKB3@201174|Actinobacteria,4CPGY@84995|Rubrobacteria","Catalyzes the GTP-dependent ribosomal translocation step during translation elongation. During this step, the ribosome changes from the pre-translocational (PRE) to the post- translocational (POST) state as the newly formed A-site-bound peptidyl-tRNA and P-site-bound deacylated tRNA move to the P and E sites, respectively. Catalyzes the coordinated movement of the two tRNA molecules, the mRNA and conformational changes in the ribosome"
"ko:K02355",6053.71819925663,0.0762776716176026,0.0235459779263165,3.23952022108836,0.00119730976479346,0.0465060319167145,"k87_3103350_2","COG0480@1|root,COG0480@2|Bacteria,1TPF9@1239|Firmicutes,247VN@186801|Clostridia,3WCDH@538999|Clostridiales incertae sedis","Catalyzes the GTP-dependent ribosomal translocation step during translation elongation. During this step, the ribosome changes from the pre-translocational (PRE) to the post- translocational (POST) state as the newly formed A-site-bound peptidyl-tRNA and P-site-bound deacylated tRNA move to the P and E sites, respectively. Catalyzes the coordinated movement of the two tRNA molecules, the mRNA and conformational changes in the ribosome"
"ko:K02355",6053.71819925663,0.0762776716176026,0.0235459779263165,3.23952022108836,0.00119730976479346,0.0465060319167145,"k87_3203236_2","COG0480@1|root,COG0480@2|Bacteria,1ZT9G@142182|Gemmatimonadetes","Catalyzes the GTP-dependent ribosomal translocation step during translation elongation. During this step, the ribosome changes from the pre-translocational (PRE) to the post- translocational (POST) state as the newly formed A-site-bound peptidyl-tRNA and P-site-bound deacylated tRNA move to the P and E sites, respectively. Catalyzes the coordinated movement of the two tRNA molecules, the mRNA and conformational changes in the ribosome"
"ko:K02355",6053.71819925663,0.0762776716176026,0.0235459779263165,3.23952022108836,0.00119730976479346,0.0465060319167145,"k87_3217821_1","COG0480@1|root,COG0480@2|Bacteria,2GKB3@201174|Actinobacteria,4DAJC@85008|Micromonosporales","Catalyzes the GTP-dependent ribosomal translocation step during translation elongation. During this step, the ribosome changes from the pre-translocational (PRE) to the post- translocational (POST) state as the newly formed A-site-bound peptidyl-tRNA and P-site-bound deacylated tRNA move to the P and E sites, respectively. Catalyzes the coordinated movement of the two tRNA molecules, the mRNA and conformational changes in the ribosome"
"ko:K02355",6053.71819925663,0.0762776716176026,0.0235459779263165,3.23952022108836,0.00119730976479346,0.0465060319167145,"k87_3282433_5","COG0480@1|root,COG0480@2|Bacteria,2GKB3@201174|Actinobacteria,4CU9M@84998|Coriobacteriia","Catalyzes the GTP-dependent ribosomal translocation step during translation elongation. During this step, the ribosome changes from the pre-translocational (PRE) to the post- translocational (POST) state as the newly formed A-site-bound peptidyl-tRNA and P-site-bound deacylated tRNA move to the P and E sites, respectively. Catalyzes the coordinated movement of the two tRNA molecules, the mRNA and conformational changes in the ribosome"
"ko:K02355",6053.71819925663,0.0762776716176026,0.0235459779263165,3.23952022108836,0.00119730976479346,0.0465060319167145,"k87_3284698_1","COG0480@1|root,COG0480@2|Bacteria,1MUCV@1224|Proteobacteria,2VI3Q@28216|Betaproteobacteria,4734N@75682|Oxalobacteraceae","Catalyzes the GTP-dependent ribosomal translocation step during translation elongation. During this step, the ribosome changes from the pre-translocational (PRE) to the post- translocational (POST) state as the newly formed A-site-bound peptidyl-tRNA and P-site-bound deacylated tRNA move to the P and E sites, respectively. Catalyzes the coordinated movement of the two tRNA molecules, the mRNA and conformational changes in the ribosome"
"ko:K02355",6053.71819925663,0.0762776716176026,0.0235459779263165,3.23952022108836,0.00119730976479346,0.0465060319167145,"k87_3284698_2","COG0480@1|root,COG0480@2|Bacteria,1MUCV@1224|Proteobacteria,2VI3Q@28216|Betaproteobacteria,1KJ5X@119065|unclassified Burkholderiales","Catalyzes the GTP-dependent ribosomal translocation step during translation elongation. During this step, the ribosome changes from the pre-translocational (PRE) to the post- translocational (POST) state as the newly formed A-site-bound peptidyl-tRNA and P-site-bound deacylated tRNA move to the P and E sites, respectively. Catalyzes the coordinated movement of the two tRNA molecules, the mRNA and conformational changes in the ribosome"
"ko:K02355",6053.71819925663,0.0762776716176026,0.0235459779263165,3.23952022108836,0.00119730976479346,0.0465060319167145,"k87_3284833_1","COG0480@1|root,COG0480@2|Bacteria,2GKRU@201174|Actinobacteria,4EREJ@85013|Frankiales","elongation factor G domain IV"
"ko:K02355",6053.71819925663,0.0762776716176026,0.0235459779263165,3.23952022108836,0.00119730976479346,0.0465060319167145,"k87_3288068_1","COG0480@1|root,COG0480@2|Bacteria,1MUCV@1224|Proteobacteria,2TQVI@28211|Alphaproteobacteria,1JQUP@119045|Methylobacteriaceae","Catalyzes the GTP-dependent ribosomal translocation step during translation elongation. During this step, the ribosome changes from the pre-translocational (PRE) to the post- translocational (POST) state as the newly formed A-site-bound peptidyl-tRNA and P-site-bound deacylated tRNA move to the P and E sites, respectively. Catalyzes the coordinated movement of the two tRNA molecules, the mRNA and conformational changes in the ribosome"
"ko:K02355",6053.71819925663,0.0762776716176026,0.0235459779263165,3.23952022108836,0.00119730976479346,0.0465060319167145,"k87_3468822_2","COG0480@1|root,COG0480@2|Bacteria,1MU2W@1224|Proteobacteria,2TYVK@28211|Alphaproteobacteria,3FE06@34008|Rhodovulum","Elongation factor G, domain IV"
"ko:K02355",6053.71819925663,0.0762776716176026,0.0235459779263165,3.23952022108836,0.00119730976479346,0.0465060319167145,"k87_3482399_1","COG0480@1|root,COG0480@2|Bacteria,2GKB3@201174|Actinobacteria,4CPGY@84995|Rubrobacteria","Catalyzes the GTP-dependent ribosomal translocation step during translation elongation. During this step, the ribosome changes from the pre-translocational (PRE) to the post- translocational (POST) state as the newly formed A-site-bound peptidyl-tRNA and P-site-bound deacylated tRNA move to the P and E sites, respectively. Catalyzes the coordinated movement of the two tRNA molecules, the mRNA and conformational changes in the ribosome"
"ko:K02355",6053.71819925663,0.0762776716176026,0.0235459779263165,3.23952022108836,0.00119730976479346,0.0465060319167145,"k87_3482399_3","COG0480@1|root,COG0480@2|Bacteria,2GKB3@201174|Actinobacteria,4CPGY@84995|Rubrobacteria","Catalyzes the GTP-dependent ribosomal translocation step during translation elongation. During this step, the ribosome changes from the pre-translocational (PRE) to the post- translocational (POST) state as the newly formed A-site-bound peptidyl-tRNA and P-site-bound deacylated tRNA move to the P and E sites, respectively. Catalyzes the coordinated movement of the two tRNA molecules, the mRNA and conformational changes in the ribosome"
"ko:K02355",6053.71819925663,0.0762776716176026,0.0235459779263165,3.23952022108836,0.00119730976479346,0.0465060319167145,"k87_3552395_1","COG0480@1|root,COG0480@2|Bacteria,2GKRU@201174|Actinobacteria,4DNXI@85009|Propionibacteriales","Elongation factor G, domain IV"
"ko:K02355",6053.71819925663,0.0762776716176026,0.0235459779263165,3.23952022108836,0.00119730976479346,0.0465060319167145,"k87_3594835_13","COG0480@1|root,COG0480@2|Bacteria,1MUCV@1224|Proteobacteria,1RNSZ@1236|Gammaproteobacteria,1X3TY@135614|Xanthomonadales","elongation factor G"
"ko:K02355",6053.71819925663,0.0762776716176026,0.0235459779263165,3.23952022108836,0.00119730976479346,0.0465060319167145,"k87_3659787_1","COG0480@1|root,COG0480@2|Bacteria,2GKRU@201174|Actinobacteria","elongation factor G"
"ko:K02355",6053.71819925663,0.0762776716176026,0.0235459779263165,3.23952022108836,0.00119730976479346,0.0465060319167145,"k87_3718422_3","COG0480@1|root,COG0480@2|Bacteria,1MUCV@1224|Proteobacteria,2TQVI@28211|Alphaproteobacteria,3JS6N@41294|Bradyrhizobiaceae","Catalyzes the GTP-dependent ribosomal translocation step during translation elongation. During this step, the ribosome changes from the pre-translocational (PRE) to the post- translocational (POST) state as the newly formed A-site-bound peptidyl-tRNA and P-site-bound deacylated tRNA move to the P and E sites, respectively. Catalyzes the coordinated movement of the two tRNA molecules, the mRNA and conformational changes in the ribosome"
"ko:K02355",6053.71819925663,0.0762776716176026,0.0235459779263165,3.23952022108836,0.00119730976479346,0.0465060319167145,"k87_3770289_1","COG0480@1|root,COG0480@2|Bacteria,2GKB3@201174|Actinobacteria,2NFAD@228398|Streptacidiphilus","Elongation factor G, domain IV"
"ko:K02355",6053.71819925663,0.0762776716176026,0.0235459779263165,3.23952022108836,0.00119730976479346,0.0465060319167145,"k87_3816580_1","COG0480@1|root,COG0480@2|Bacteria,1MU2W@1224|Proteobacteria,2TYVK@28211|Alphaproteobacteria,43I3P@69277|Phyllobacteriaceae","elongation factor G"
"ko:K02355",6053.71819925663,0.0762776716176026,0.0235459779263165,3.23952022108836,0.00119730976479346,0.0465060319167145,"k87_3898942_1","COG0480@1|root,COG0480@2|Bacteria,1MUCV@1224|Proteobacteria,2TQVI@28211|Alphaproteobacteria,3N6DV@45401|Hyphomicrobiaceae","Catalyzes the GTP-dependent ribosomal translocation step during translation elongation. During this step, the ribosome changes from the pre-translocational (PRE) to the post- translocational (POST) state as the newly formed A-site-bound peptidyl-tRNA and P-site-bound deacylated tRNA move to the P and E sites, respectively. Catalyzes the coordinated movement of the two tRNA molecules, the mRNA and conformational changes in the ribosome"
"ko:K02355",6053.71819925663,0.0762776716176026,0.0235459779263165,3.23952022108836,0.00119730976479346,0.0465060319167145,"k87_3952830_1","COG0480@1|root,COG0480@2|Bacteria,1MUCV@1224|Proteobacteria,2TQVI@28211|Alphaproteobacteria,3JS6N@41294|Bradyrhizobiaceae","Catalyzes the GTP-dependent ribosomal translocation step during translation elongation. During this step, the ribosome changes from the pre-translocational (PRE) to the post- translocational (POST) state as the newly formed A-site-bound peptidyl-tRNA and P-site-bound deacylated tRNA move to the P and E sites, respectively. Catalyzes the coordinated movement of the two tRNA molecules, the mRNA and conformational changes in the ribosome"
"ko:K02355",6053.71819925663,0.0762776716176026,0.0235459779263165,3.23952022108836,0.00119730976479346,0.0465060319167145,"k87_4180356_1","COG0480@1|root,COG0480@2|Bacteria,1MUCV@1224|Proteobacteria,2TQVI@28211|Alphaproteobacteria,2JQXC@204441|Rhodospirillales","Catalyzes the GTP-dependent ribosomal translocation step during translation elongation. During this step, the ribosome changes from the pre-translocational (PRE) to the post- translocational (POST) state as the newly formed A-site-bound peptidyl-tRNA and P-site-bound deacylated tRNA move to the P and E sites, respectively. Catalyzes the coordinated movement of the two tRNA molecules, the mRNA and conformational changes in the ribosome"
"ko:K02355",6053.71819925663,0.0762776716176026,0.0235459779263165,3.23952022108836,0.00119730976479346,0.0465060319167145,"k87_4186026_3","COG4108@1|root,KOG0464@2759|Eukaryota,38B4H@33154|Opisthokonta,3BA69@33208|Metazoa,3CVTK@33213|Bilateria,48AHT@7711|Chordata","ribosome disassembly"
"ko:K02355",6053.71819925663,0.0762776716176026,0.0235459779263165,3.23952022108836,0.00119730976479346,0.0465060319167145,"k87_4277796_3","COG0480@1|root,COG0480@2|Bacteria,3T9WH@508458|Synergistetes","Catalyzes the GTP-dependent ribosomal translocation step during translation elongation. During this step, the ribosome changes from the pre-translocational (PRE) to the post- translocational (POST) state as the newly formed A-site-bound peptidyl-tRNA and P-site-bound deacylated tRNA move to the P and E sites, respectively. Catalyzes the coordinated movement of the two tRNA molecules, the mRNA and conformational changes in the ribosome"
"ko:K02355",6053.71819925663,0.0762776716176026,0.0235459779263165,3.23952022108836,0.00119730976479346,0.0465060319167145,"k87_4445297_1","COG0480@1|root,COG0480@2|Bacteria,1MU2W@1224|Proteobacteria,2TYVK@28211|Alphaproteobacteria","elongation factor G"
"ko:K02355",6053.71819925663,0.0762776716176026,0.0235459779263165,3.23952022108836,0.00119730976479346,0.0465060319167145,"k87_4685511_1","COG0480@1|root,COG0480@2|Bacteria,1MU2W@1224|Proteobacteria,2TYVK@28211|Alphaproteobacteria","elongation factor G"
"ko:K02355",6053.71819925663,0.0762776716176026,0.0235459779263165,3.23952022108836,0.00119730976479346,0.0465060319167145,"k87_4771791_1","COG0480@1|root,COG0480@2|Bacteria,1ZT9G@142182|Gemmatimonadetes","Catalyzes the GTP-dependent ribosomal translocation step during translation elongation. During this step, the ribosome changes from the pre-translocational (PRE) to the post- translocational (POST) state as the newly formed A-site-bound peptidyl-tRNA and P-site-bound deacylated tRNA move to the P and E sites, respectively. Catalyzes the coordinated movement of the two tRNA molecules, the mRNA and conformational changes in the ribosome"
"ko:K02355",6053.71819925663,0.0762776716176026,0.0235459779263165,3.23952022108836,0.00119730976479346,0.0465060319167145,"k87_4801860_2","COG0480@1|root,COG0480@2|Bacteria,1MU2W@1224|Proteobacteria,2TYVK@28211|Alphaproteobacteria,43I3P@69277|Phyllobacteriaceae","elongation factor G"
"ko:K02355",6053.71819925663,0.0762776716176026,0.0235459779263165,3.23952022108836,0.00119730976479346,0.0465060319167145,"k87_5046897_1","COG0480@1|root,COG0480@2|Bacteria,4NE9X@976|Bacteroidetes,1INUJ@117747|Sphingobacteriia","Catalyzes the GTP-dependent ribosomal translocation step during translation elongation. During this step, the ribosome changes from the pre-translocational (PRE) to the post- translocational (POST) state as the newly formed A-site-bound peptidyl-tRNA and P-site-bound deacylated tRNA move to the P and E sites, respectively. Catalyzes the coordinated movement of the two tRNA molecules, the mRNA and conformational changes in the ribosome"
"ko:K02355",6053.71819925663,0.0762776716176026,0.0235459779263165,3.23952022108836,0.00119730976479346,0.0465060319167145,"k87_5484008_1","COG0480@1|root,COG0480@2|Bacteria,1MUCV@1224|Proteobacteria,1RNSZ@1236|Gammaproteobacteria,1X3IW@135614|Xanthomonadales","Catalyzes the GTP-dependent ribosomal translocation step during translation elongation. During this step, the ribosome changes from the pre-translocational (PRE) to the post- translocational (POST) state as the newly formed A-site-bound peptidyl-tRNA and P-site-bound deacylated tRNA move to the P and E sites, respectively. Catalyzes the coordinated movement of the two tRNA molecules, the mRNA and conformational changes in the ribosome"
"ko:K02355",6053.71819925663,0.0762776716176026,0.0235459779263165,3.23952022108836,0.00119730976479346,0.0465060319167145,"k87_5499618_2","COG0480@1|root,COG0480@2|Bacteria,2GKRU@201174|Actinobacteria","elongation factor G"
"ko:K02355",6053.71819925663,0.0762776716176026,0.0235459779263165,3.23952022108836,0.00119730976479346,0.0465060319167145,"k87_5540859_2","COG0480@1|root,COG0480@2|Bacteria,2GKB3@201174|Actinobacteria,4CPGY@84995|Rubrobacteria","Catalyzes the GTP-dependent ribosomal translocation step during translation elongation. During this step, the ribosome changes from the pre-translocational (PRE) to the post- translocational (POST) state as the newly formed A-site-bound peptidyl-tRNA and P-site-bound deacylated tRNA move to the P and E sites, respectively. Catalyzes the coordinated movement of the two tRNA molecules, the mRNA and conformational changes in the ribosome"
"ko:K02355",6053.71819925663,0.0762776716176026,0.0235459779263165,3.23952022108836,0.00119730976479346,0.0465060319167145,"k87_5650898_1","COG0480@1|root,COG0480@2|Bacteria,2GKB3@201174|Actinobacteria,4CMTM@84992|Acidimicrobiia","Catalyzes the GTP-dependent ribosomal translocation step during translation elongation. During this step, the ribosome changes from the pre-translocational (PRE) to the post- translocational (POST) state as the newly formed A-site-bound peptidyl-tRNA and P-site-bound deacylated tRNA move to the P and E sites, respectively. Catalyzes the coordinated movement of the two tRNA molecules, the mRNA and conformational changes in the ribosome"
"ko:K02355",6053.71819925663,0.0762776716176026,0.0235459779263165,3.23952022108836,0.00119730976479346,0.0465060319167145,"k87_5843068_3","COG0480@1|root,COG0480@2|Bacteria,4NE9X@976|Bacteroidetes,47M8E@768503|Cytophagia","Catalyzes the GTP-dependent ribosomal translocation step during translation elongation. During this step, the ribosome changes from the pre-translocational (PRE) to the post- translocational (POST) state as the newly formed A-site-bound peptidyl-tRNA and P-site-bound deacylated tRNA move to the P and E sites, respectively. Catalyzes the coordinated movement of the two tRNA molecules, the mRNA and conformational changes in the ribosome"
"ko:K02355",6053.71819925663,0.0762776716176026,0.0235459779263165,3.23952022108836,0.00119730976479346,0.0465060319167145,"k87_5934699_1","COG0480@1|root,COG0480@2|Bacteria,1TPF9@1239|Firmicutes,247VN@186801|Clostridia,2600F@186807|Peptococcaceae","Catalyzes the GTP-dependent ribosomal translocation step during translation elongation. During this step, the ribosome changes from the pre-translocational (PRE) to the post- translocational (POST) state as the newly formed A-site-bound peptidyl-tRNA and P-site-bound deacylated tRNA move to the P and E sites, respectively. Catalyzes the coordinated movement of the two tRNA molecules, the mRNA and conformational changes in the ribosome"
"ko:K02355",6053.71819925663,0.0762776716176026,0.0235459779263165,3.23952022108836,0.00119730976479346,0.0465060319167145,"k87_6136234_2","COG0480@1|root,COG0480@2|Bacteria,1MUCV@1224|Proteobacteria,2TQVI@28211|Alphaproteobacteria,1JQUP@119045|Methylobacteriaceae","Catalyzes the GTP-dependent ribosomal translocation step during translation elongation. During this step, the ribosome changes from the pre-translocational (PRE) to the post- translocational (POST) state as the newly formed A-site-bound peptidyl-tRNA and P-site-bound deacylated tRNA move to the P and E sites, respectively. Catalyzes the coordinated movement of the two tRNA molecules, the mRNA and conformational changes in the ribosome"
"ko:K02355",6053.71819925663,0.0762776716176026,0.0235459779263165,3.23952022108836,0.00119730976479346,0.0465060319167145,"k87_6143239_1","COG0480@1|root,COG0480@2|Bacteria,1MU2W@1224|Proteobacteria,2TYVK@28211|Alphaproteobacteria,3FE06@34008|Rhodovulum","Elongation factor G, domain IV"
"ko:K02355",6053.71819925663,0.0762776716176026,0.0235459779263165,3.23952022108836,0.00119730976479346,0.0465060319167145,"k87_6220539_2","COG0480@1|root,COG0480@2|Bacteria,2GKB3@201174|Actinobacteria,4CPGY@84995|Rubrobacteria","Catalyzes the GTP-dependent ribosomal translocation step during translation elongation. During this step, the ribosome changes from the pre-translocational (PRE) to the post- translocational (POST) state as the newly formed A-site-bound peptidyl-tRNA and P-site-bound deacylated tRNA move to the P and E sites, respectively. Catalyzes the coordinated movement of the two tRNA molecules, the mRNA and conformational changes in the ribosome"
"ko:K02355",6053.71819925663,0.0762776716176026,0.0235459779263165,3.23952022108836,0.00119730976479346,0.0465060319167145,"k87_6492528_1","COG0480@1|root,COG0480@2|Bacteria,1MU2W@1224|Proteobacteria,2TYVK@28211|Alphaproteobacteria,1JSV0@119045|Methylobacteriaceae","elongation factor G domain IV"
"ko:K02355",6053.71819925663,0.0762776716176026,0.0235459779263165,3.23952022108836,0.00119730976479346,0.0465060319167145,"k87_6578040_1","COG0480@1|root,COG0480@2|Bacteria,1MU2W@1224|Proteobacteria,2TYVK@28211|Alphaproteobacteria","elongation factor G"
"ko:K02355",6053.71819925663,0.0762776716176026,0.0235459779263165,3.23952022108836,0.00119730976479346,0.0465060319167145,"k87_6657495_1","COG0480@1|root,COG0480@2|Bacteria,1TPF9@1239|Firmicutes,247VN@186801|Clostridia,3WAE9@53433|Halanaerobiales","Catalyzes the GTP-dependent ribosomal translocation step during translation elongation. During this step, the ribosome changes from the pre-translocational (PRE) to the post- translocational (POST) state as the newly formed A-site-bound peptidyl-tRNA and P-site-bound deacylated tRNA move to the P and E sites, respectively. Catalyzes the coordinated movement of the two tRNA molecules, the mRNA and conformational changes in the ribosome"
"ko:K02355",6053.71819925663,0.0762776716176026,0.0235459779263165,3.23952022108836,0.00119730976479346,0.0465060319167145,"k87_6776189_1","COG0480@1|root,COG0480@2|Bacteria,2GKRU@201174|Actinobacteria,4CRH7@84995|Rubrobacteria","Elongation factor G, domain IV"
"ko:K02355",6053.71819925663,0.0762776716176026,0.0235459779263165,3.23952022108836,0.00119730976479346,0.0465060319167145,"k87_6817723_1","COG0480@1|root,COG0480@2|Bacteria,4NE9X@976|Bacteroidetes,1INUJ@117747|Sphingobacteriia","Catalyzes the GTP-dependent ribosomal translocation step during translation elongation. During this step, the ribosome changes from the pre-translocational (PRE) to the post- translocational (POST) state as the newly formed A-site-bound peptidyl-tRNA and P-site-bound deacylated tRNA move to the P and E sites, respectively. Catalyzes the coordinated movement of the two tRNA molecules, the mRNA and conformational changes in the ribosome"
"ko:K02355",6053.71819925663,0.0762776716176026,0.0235459779263165,3.23952022108836,0.00119730976479346,0.0465060319167145,"k87_6889116_1","COG0480@1|root,COG0480@2|Bacteria,1TPF9@1239|Firmicutes,4HAB8@91061|Bacilli,1ZBS4@1386|Bacillus","Catalyzes the GTP-dependent ribosomal translocation step during translation elongation. During this step, the ribosome changes from the pre-translocational (PRE) to the post- translocational (POST) state as the newly formed A-site-bound peptidyl-tRNA and P-site-bound deacylated tRNA move to the P and E sites, respectively. Catalyzes the coordinated movement of the two tRNA molecules, the mRNA and conformational changes in the ribosome"
"ko:K02355",6053.71819925663,0.0762776716176026,0.0235459779263165,3.23952022108836,0.00119730976479346,0.0465060319167145,"k87_6991640_1","COG0480@1|root,COG0480@2|Bacteria,1MU2W@1224|Proteobacteria,2TYVK@28211|Alphaproteobacteria,43I3P@69277|Phyllobacteriaceae","elongation factor G"
"ko:K02355",6053.71819925663,0.0762776716176026,0.0235459779263165,3.23952022108836,0.00119730976479346,0.0465060319167145,"k87_7007090_3","COG0480@1|root,COG0480@2|Bacteria,2GKB3@201174|Actinobacteria,4CPGY@84995|Rubrobacteria","Catalyzes the GTP-dependent ribosomal translocation step during translation elongation. During this step, the ribosome changes from the pre-translocational (PRE) to the post- translocational (POST) state as the newly formed A-site-bound peptidyl-tRNA and P-site-bound deacylated tRNA move to the P and E sites, respectively. Catalyzes the coordinated movement of the two tRNA molecules, the mRNA and conformational changes in the ribosome"
"ko:K02470",4082.74140430191,0.113788535293343,0.0246846986964591,4.60967892266253,4.03291323236601e-06,0.000595257993097223,"k87_68566_1","COG0187@1|root,COG0187@2|Bacteria,1MVKT@1224|Proteobacteria,2TRBK@28211|Alphaproteobacteria,3JQQ2@41294|Bradyrhizobiaceae","A type II topoisomerase that negatively supercoils closed circular double-stranded (ds) DNA in an ATP-dependent manner to modulate DNA topology and maintain chromosomes in an underwound state. Negative supercoiling favors strand separation, and DNA replication, transcription, recombination and repair, all of which involve strand separation. Also able to catalyze the interconversion of other topological isomers of dsDNA rings, including catenanes and knotted rings. Type II topoisomerases break and join 2 DNA strands simultaneously in an ATP-dependent manner"
"ko:K02470",4082.74140430191,0.113788535293343,0.0246846986964591,4.60967892266253,4.03291323236601e-06,0.000595257993097223,"k87_111319_1","COG0187@1|root,COG0187@2|Bacteria,4NE0P@976|Bacteroidetes,1IP1Y@117747|Sphingobacteriia","A type II topoisomerase that negatively supercoils closed circular double-stranded (ds) DNA in an ATP-dependent manner to modulate DNA topology and maintain chromosomes in an underwound state. Negative supercoiling favors strand separation, and DNA replication, transcription, recombination and repair, all of which involve strand separation. Also able to catalyze the interconversion of other topological isomers of dsDNA rings, including catenanes and knotted rings. Type II topoisomerases break and join 2 DNA strands simultaneously in an ATP-dependent manner"
"ko:K02470",4082.74140430191,0.113788535293343,0.0246846986964591,4.60967892266253,4.03291323236601e-06,0.000595257993097223,"k87_180679_1","COG0187@1|root,COG0187@2|Bacteria,3J0BB@40117|Nitrospirae","A type II topoisomerase that negatively supercoils closed circular double-stranded (ds) DNA in an ATP-dependent manner to modulate DNA topology and maintain chromosomes in an underwound state. Negative supercoiling favors strand separation, and DNA replication, transcription, recombination and repair, all of which involve strand separation. Also able to catalyze the interconversion of other topological isomers of dsDNA rings, including catenanes and knotted rings. Type II topoisomerases break and join 2 DNA strands simultaneously in an ATP-dependent manner"
"ko:K02470",4082.74140430191,0.113788535293343,0.0246846986964591,4.60967892266253,4.03291323236601e-06,0.000595257993097223,"k87_184414_2","COG0187@1|root,COG0187@2|Bacteria,2GKGP@201174|Actinobacteria,4DN1A@85009|Propionibacteriales","A type II topoisomerase that negatively supercoils closed circular double-stranded (ds) DNA in an ATP-dependent manner to modulate DNA topology and maintain chromosomes in an underwound state. Negative supercoiling favors strand separation, and DNA replication, transcription, recombination and repair, all of which involve strand separation. Also able to catalyze the interconversion of other topological isomers of dsDNA rings, including catenanes and knotted rings. Type II topoisomerases break and join 2 DNA strands simultaneously in an ATP-dependent manner"
"ko:K02470",4082.74140430191,0.113788535293343,0.0246846986964591,4.60967892266253,4.03291323236601e-06,0.000595257993097223,"k87_228109_2","COG0187@1|root,COG0187@2|Bacteria,4NE0P@976|Bacteroidetes,1IP1Y@117747|Sphingobacteriia","A type II topoisomerase that negatively supercoils closed circular double-stranded (ds) DNA in an ATP-dependent manner to modulate DNA topology and maintain chromosomes in an underwound state. Negative supercoiling favors strand separation, and DNA replication, transcription, recombination and repair, all of which involve strand separation. Also able to catalyze the interconversion of other topological isomers of dsDNA rings, including catenanes and knotted rings. Type II topoisomerases break and join 2 DNA strands simultaneously in an ATP-dependent manner"
"ko:K02470",4082.74140430191,0.113788535293343,0.0246846986964591,4.60967892266253,4.03291323236601e-06,0.000595257993097223,"k87_324252_1","COG0187@1|root,COG0187@2|Bacteria,2G67C@200795|Chloroflexi,27XPX@189775|Thermomicrobia","A type II topoisomerase that negatively supercoils closed circular double-stranded (ds) DNA in an ATP-dependent manner to modulate DNA topology and maintain chromosomes in an underwound state. Negative supercoiling favors strand separation, and DNA replication, transcription, recombination and repair, all of which involve strand separation. Also able to catalyze the interconversion of other topological isomers of dsDNA rings, including catenanes and knotted rings. Type II topoisomerases break and join 2 DNA strands simultaneously in an ATP-dependent manner"
"ko:K02470",4082.74140430191,0.113788535293343,0.0246846986964591,4.60967892266253,4.03291323236601e-06,0.000595257993097223,"k87_391779_3","COG0187@1|root,COG0187@2|Bacteria,1MVKT@1224|Proteobacteria,2TRBK@28211|Alphaproteobacteria,2JQ5A@204441|Rhodospirillales","A type II topoisomerase that negatively supercoils closed circular double-stranded (ds) DNA in an ATP-dependent manner to modulate DNA topology and maintain chromosomes in an underwound state. Negative supercoiling favors strand separation, and DNA replication, transcription, recombination and repair, all of which involve strand separation. Also able to catalyze the interconversion of other topological isomers of dsDNA rings, including catenanes and knotted rings. Type II topoisomerases break and join 2 DNA strands simultaneously in an ATP-dependent manner"
"ko:K02470",4082.74140430191,0.113788535293343,0.0246846986964591,4.60967892266253,4.03291323236601e-06,0.000595257993097223,"k87_447699_4","COG0187@1|root,COG0187@2|Bacteria,2GKGP@201174|Actinobacteria,235GQ@1762|Mycobacteriaceae","A type II topoisomerase that negatively supercoils closed circular double-stranded (ds) DNA in an ATP-dependent manner to modulate DNA topology and maintain chromosomes in an underwound state. Negative supercoiling favors strand separation, and DNA replication, transcription, recombination and repair, all of which involve strand separation. Also able to catalyze the interconversion of other topological isomers of dsDNA rings, including catenanes and knotted rings. Type II topoisomerases break and join 2 DNA strands simultaneously in an ATP-dependent manner"
"ko:K02470",4082.74140430191,0.113788535293343,0.0246846986964591,4.60967892266253,4.03291323236601e-06,0.000595257993097223,"k87_665218_1","COG0187@1|root,COG0187@2|Bacteria,1MVKT@1224|Proteobacteria,2TRBK@28211|Alphaproteobacteria,2K0E4@204457|Sphingomonadales","A type II topoisomerase that negatively supercoils closed circular double-stranded (ds) DNA in an ATP-dependent manner to modulate DNA topology and maintain chromosomes in an underwound state. Negative supercoiling favors strand separation, and DNA replication, transcription, recombination and repair, all of which involve strand separation. Also able to catalyze the interconversion of other topological isomers of dsDNA rings, including catenanes and knotted rings. Type II topoisomerases break and join 2 DNA strands simultaneously in an ATP-dependent manner"
"ko:K02470",4082.74140430191,0.113788535293343,0.0246846986964591,4.60967892266253,4.03291323236601e-06,0.000595257993097223,"k87_670586_1","COG0187@1|root,COG0187@2|Bacteria,1MVKT@1224|Proteobacteria,2TRBK@28211|Alphaproteobacteria,43I4X@69277|Phyllobacteriaceae","A type II topoisomerase that negatively supercoils closed circular double-stranded (ds) DNA in an ATP-dependent manner to modulate DNA topology and maintain chromosomes in an underwound state. Negative supercoiling favors strand separation, and DNA replication, transcription, recombination and repair, all of which involve strand separation. Also able to catalyze the interconversion of other topological isomers of dsDNA rings, including catenanes and knotted rings. Type II topoisomerases break and join 2 DNA strands simultaneously in an ATP-dependent manner"
"ko:K02470",4082.74140430191,0.113788535293343,0.0246846986964591,4.60967892266253,4.03291323236601e-06,0.000595257993097223,"k87_758980_1","COG0187@1|root,COG0187@2|Bacteria,2GM1E@201174|Actinobacteria,4FMDA@85023|Microbacteriaceae","TopoisomeraseII"
"ko:K02470",4082.74140430191,0.113788535293343,0.0246846986964591,4.60967892266253,4.03291323236601e-06,0.000595257993097223,"k87_812975_1","COG0187@1|root,COG0187@2|Bacteria,2GKGP@201174|Actinobacteria,4CP8I@84995|Rubrobacteria","A type II topoisomerase that negatively supercoils closed circular double-stranded (ds) DNA in an ATP-dependent manner to modulate DNA topology and maintain chromosomes in an underwound state. Negative supercoiling favors strand separation, and DNA replication, transcription, recombination and repair, all of which involve strand separation. Also able to catalyze the interconversion of other topological isomers of dsDNA rings, including catenanes and knotted rings. Type II topoisomerases break and join 2 DNA strands simultaneously in an ATP-dependent manner"
"ko:K02470",4082.74140430191,0.113788535293343,0.0246846986964591,4.60967892266253,4.03291323236601e-06,0.000595257993097223,"k87_865525_1","COG0187@1|root,COG0187@2|Bacteria,3J0BB@40117|Nitrospirae","A type II topoisomerase that negatively supercoils closed circular double-stranded (ds) DNA in an ATP-dependent manner to modulate DNA topology and maintain chromosomes in an underwound state. Negative supercoiling favors strand separation, and DNA replication, transcription, recombination and repair, all of which involve strand separation. Also able to catalyze the interconversion of other topological isomers of dsDNA rings, including catenanes and knotted rings. Type II topoisomerases break and join 2 DNA strands simultaneously in an ATP-dependent manner"
"ko:K02470",4082.74140430191,0.113788535293343,0.0246846986964591,4.60967892266253,4.03291323236601e-06,0.000595257993097223,"k87_910941_2","COG0187@1|root,COG0187@2|Bacteria,2GKGP@201174|Actinobacteria","A type II topoisomerase that negatively supercoils closed circular double-stranded (ds) DNA in an ATP-dependent manner to modulate DNA topology and maintain chromosomes in an underwound state. Negative supercoiling favors strand separation, and DNA replication, transcription, recombination and repair, all of which involve strand separation. Also able to catalyze the interconversion of other topological isomers of dsDNA rings, including catenanes and knotted rings. Type II topoisomerases break and join 2 DNA strands simultaneously in an ATP-dependent manner"
"ko:K02470",4082.74140430191,0.113788535293343,0.0246846986964591,4.60967892266253,4.03291323236601e-06,0.000595257993097223,"k87_968308_1","COG0187@1|root,COG0187@2|Bacteria,2GM1E@201174|Actinobacteria,4DN70@85009|Propionibacteriales","TopoisomeraseII"
"ko:K02470",4082.74140430191,0.113788535293343,0.0246846986964591,4.60967892266253,4.03291323236601e-06,0.000595257993097223,"k87_976195_3","COG0187@1|root,COG0187@2|Bacteria,2GKGP@201174|Actinobacteria,4DXBM@85010|Pseudonocardiales","A type II topoisomerase that negatively supercoils closed circular double-stranded (ds) DNA in an ATP-dependent manner to modulate DNA topology and maintain chromosomes in an underwound state. Negative supercoiling favors strand separation, and DNA replication, transcription, recombination and repair, all of which involve strand separation. Also able to catalyze the interconversion of other topological isomers of dsDNA rings, including catenanes and knotted rings. Type II topoisomerases break and join 2 DNA strands simultaneously in an ATP-dependent manner"
"ko:K02470",4082.74140430191,0.113788535293343,0.0246846986964591,4.60967892266253,4.03291323236601e-06,0.000595257993097223,"k87_1037202_4","COG0187@1|root,COG0187@2|Bacteria,1MVKT@1224|Proteobacteria,1RNB2@1236|Gammaproteobacteria,1X51M@135614|Xanthomonadales","A type II topoisomerase that negatively supercoils closed circular double-stranded (ds) DNA in an ATP-dependent manner to modulate DNA topology and maintain chromosomes in an underwound state. Negative supercoiling favors strand separation, and DNA replication, transcription, recombination and repair, all of which involve strand separation. Also able to catalyze the interconversion of other topological isomers of dsDNA rings, including catenanes and knotted rings. Type II topoisomerases break and join 2 DNA strands simultaneously in an ATP-dependent manner"
"ko:K02470",4082.74140430191,0.113788535293343,0.0246846986964591,4.60967892266253,4.03291323236601e-06,0.000595257993097223,"k87_1052803_3","COG0187@1|root,COG0187@2|Bacteria,2GKGP@201174|Actinobacteria,4FMXF@85023|Microbacteriaceae","A type II topoisomerase that negatively supercoils closed circular double-stranded (ds) DNA in an ATP-dependent manner to modulate DNA topology and maintain chromosomes in an underwound state. Negative supercoiling favors strand separation, and DNA replication, transcription, recombination and repair, all of which involve strand separation. Also able to catalyze the interconversion of other topological isomers of dsDNA rings, including catenanes and knotted rings. Type II topoisomerases break and join 2 DNA strands simultaneously in an ATP-dependent manner"
"ko:K02470",4082.74140430191,0.113788535293343,0.0246846986964591,4.60967892266253,4.03291323236601e-06,0.000595257993097223,"k87_1089598_1","COG0187@1|root,COG0187@2|Bacteria,2GKGP@201174|Actinobacteria,4CP8I@84995|Rubrobacteria","A type II topoisomerase that negatively supercoils closed circular double-stranded (ds) DNA in an ATP-dependent manner to modulate DNA topology and maintain chromosomes in an underwound state. Negative supercoiling favors strand separation, and DNA replication, transcription, recombination and repair, all of which involve strand separation. Also able to catalyze the interconversion of other topological isomers of dsDNA rings, including catenanes and knotted rings. Type II topoisomerases break and join 2 DNA strands simultaneously in an ATP-dependent manner"
"ko:K02470",4082.74140430191,0.113788535293343,0.0246846986964591,4.60967892266253,4.03291323236601e-06,0.000595257993097223,"k87_1180627_2","COG0187@1|root,COG0187@2|Bacteria,2GKGP@201174|Actinobacteria,4FMXF@85023|Microbacteriaceae","A type II topoisomerase that negatively supercoils closed circular double-stranded (ds) DNA in an ATP-dependent manner to modulate DNA topology and maintain chromosomes in an underwound state. Negative supercoiling favors strand separation, and DNA replication, transcription, recombination and repair, all of which involve strand separation. Also able to catalyze the interconversion of other topological isomers of dsDNA rings, including catenanes and knotted rings. Type II topoisomerases break and join 2 DNA strands simultaneously in an ATP-dependent manner"
"ko:K02470",4082.74140430191,0.113788535293343,0.0246846986964591,4.60967892266253,4.03291323236601e-06,0.000595257993097223,"k87_1330981_1","COG0187@1|root,COG0187@2|Bacteria,1MVKT@1224|Proteobacteria,2TRBK@28211|Alphaproteobacteria,4B7U4@82115|Rhizobiaceae","A type II topoisomerase that negatively supercoils closed circular double-stranded (ds) DNA in an ATP-dependent manner to modulate DNA topology and maintain chromosomes in an underwound state. Negative supercoiling favors strand separation, and DNA replication, transcription, recombination and repair, all of which involve strand separation. Also able to catalyze the interconversion of other topological isomers of dsDNA rings, including catenanes and knotted rings. Type II topoisomerases break and join 2 DNA strands simultaneously in an ATP-dependent manner"
"ko:K02470",4082.74140430191,0.113788535293343,0.0246846986964591,4.60967892266253,4.03291323236601e-06,0.000595257993097223,"k87_1385125_1","COG0187@1|root,COG0187@2|Bacteria,2GM1E@201174|Actinobacteria,4DN70@85009|Propionibacteriales","TopoisomeraseII"
"ko:K02470",4082.74140430191,0.113788535293343,0.0246846986964591,4.60967892266253,4.03291323236601e-06,0.000595257993097223,"k87_1464781_1","COG0187@1|root,COG0187@2|Bacteria,1MVKT@1224|Proteobacteria,2TRBK@28211|Alphaproteobacteria","A type II topoisomerase that negatively supercoils closed circular double-stranded (ds) DNA in an ATP-dependent manner to modulate DNA topology and maintain chromosomes in an underwound state. Negative supercoiling favors strand separation, and DNA replication, transcription, recombination and repair, all of which involve strand separation. Also able to catalyze the interconversion of other topological isomers of dsDNA rings, including catenanes and knotted rings. Type II topoisomerases break and join 2 DNA strands simultaneously in an ATP-dependent manner"
"ko:K02470",4082.74140430191,0.113788535293343,0.0246846986964591,4.60967892266253,4.03291323236601e-06,0.000595257993097223,"k87_1522450_2","COG0187@1|root,COG0187@2|Bacteria,1MVKT@1224|Proteobacteria,1RNB2@1236|Gammaproteobacteria,1Z05Z@136846|Pseudomonas stutzeri group","A type II topoisomerase that negatively supercoils closed circular double-stranded (ds) DNA in an ATP-dependent manner to modulate DNA topology and maintain chromosomes in an underwound state. Negative supercoiling favors strand separation, and DNA replication, transcription, recombination and repair, all of which involve strand separation. Also able to catalyze the interconversion of other topological isomers of dsDNA rings, including catenanes and knotted rings. Type II topoisomerases break and join 2 DNA strands simultaneously in an ATP-dependent manner"
"ko:K02470",4082.74140430191,0.113788535293343,0.0246846986964591,4.60967892266253,4.03291323236601e-06,0.000595257993097223,"k87_1824004_1","COG0187@1|root,COG0187@2|Bacteria,2GM1E@201174|Actinobacteria,4DN70@85009|Propionibacteriales","TopoisomeraseII"
"ko:K02470",4082.74140430191,0.113788535293343,0.0246846986964591,4.60967892266253,4.03291323236601e-06,0.000595257993097223,"k87_1942973_1","COG0187@1|root,COG0187@2|Bacteria,2GKGP@201174|Actinobacteria,4CP8I@84995|Rubrobacteria","A type II topoisomerase that negatively supercoils closed circular double-stranded (ds) DNA in an ATP-dependent manner to modulate DNA topology and maintain chromosomes in an underwound state. Negative supercoiling favors strand separation, and DNA replication, transcription, recombination and repair, all of which involve strand separation. Also able to catalyze the interconversion of other topological isomers of dsDNA rings, including catenanes and knotted rings. Type II topoisomerases break and join 2 DNA strands simultaneously in an ATP-dependent manner"
"ko:K02470",4082.74140430191,0.113788535293343,0.0246846986964591,4.60967892266253,4.03291323236601e-06,0.000595257993097223,"k87_2000192_1","COG0187@1|root,COG0187@2|Bacteria,2GKGP@201174|Actinobacteria,4DN1A@85009|Propionibacteriales","A type II topoisomerase that negatively supercoils closed circular double-stranded (ds) DNA in an ATP-dependent manner to modulate DNA topology and maintain chromosomes in an underwound state. Negative supercoiling favors strand separation, and DNA replication, transcription, recombination and repair, all of which involve strand separation. Also able to catalyze the interconversion of other topological isomers of dsDNA rings, including catenanes and knotted rings. Type II topoisomerases break and join 2 DNA strands simultaneously in an ATP-dependent manner"
"ko:K02470",4082.74140430191,0.113788535293343,0.0246846986964591,4.60967892266253,4.03291323236601e-06,0.000595257993097223,"k87_2027997_1","COG0187@1|root,COG0187@2|Bacteria,2GKGP@201174|Actinobacteria,4CP8I@84995|Rubrobacteria","A type II topoisomerase that negatively supercoils closed circular double-stranded (ds) DNA in an ATP-dependent manner to modulate DNA topology and maintain chromosomes in an underwound state. Negative supercoiling favors strand separation, and DNA replication, transcription, recombination and repair, all of which involve strand separation. Also able to catalyze the interconversion of other topological isomers of dsDNA rings, including catenanes and knotted rings. Type II topoisomerases break and join 2 DNA strands simultaneously in an ATP-dependent manner"
"ko:K02470",4082.74140430191,0.113788535293343,0.0246846986964591,4.60967892266253,4.03291323236601e-06,0.000595257993097223,"k87_2054030_3","COG0187@1|root,COG0187@2|Bacteria,1MVKT@1224|Proteobacteria,1RNB2@1236|Gammaproteobacteria","A type II topoisomerase that negatively supercoils closed circular double-stranded (ds) DNA in an ATP-dependent manner to modulate DNA topology and maintain chromosomes in an underwound state. Negative supercoiling favors strand separation, and DNA replication, transcription, recombination and repair, all of which involve strand separation. Also able to catalyze the interconversion of other topological isomers of dsDNA rings, including catenanes and knotted rings. Type II topoisomerases break and join 2 DNA strands simultaneously in an ATP-dependent manner"
"ko:K02470",4082.74140430191,0.113788535293343,0.0246846986964591,4.60967892266253,4.03291323236601e-06,0.000595257993097223,"k87_2131897_1","COG0187@1|root,COG0187@2|Bacteria,1MVKT@1224|Proteobacteria,2TRBK@28211|Alphaproteobacteria","A type II topoisomerase that negatively supercoils closed circular double-stranded (ds) DNA in an ATP-dependent manner to modulate DNA topology and maintain chromosomes in an underwound state. Negative supercoiling favors strand separation, and DNA replication, transcription, recombination and repair, all of which involve strand separation. Also able to catalyze the interconversion of other topological isomers of dsDNA rings, including catenanes and knotted rings. Type II topoisomerases break and join 2 DNA strands simultaneously in an ATP-dependent manner"
"ko:K02470",4082.74140430191,0.113788535293343,0.0246846986964591,4.60967892266253,4.03291323236601e-06,0.000595257993097223,"k87_2160577_1","COG0187@1|root,COG0187@2|Bacteria,1MVKT@1224|Proteobacteria,2TRBK@28211|Alphaproteobacteria,3JQQ2@41294|Bradyrhizobiaceae","A type II topoisomerase that negatively supercoils closed circular double-stranded (ds) DNA in an ATP-dependent manner to modulate DNA topology and maintain chromosomes in an underwound state. Negative supercoiling favors strand separation, and DNA replication, transcription, recombination and repair, all of which involve strand separation. Also able to catalyze the interconversion of other topological isomers of dsDNA rings, including catenanes and knotted rings. Type II topoisomerases break and join 2 DNA strands simultaneously in an ATP-dependent manner"
"ko:K02470",4082.74140430191,0.113788535293343,0.0246846986964591,4.60967892266253,4.03291323236601e-06,0.000595257993097223,"k87_2282646_1","COG0187@1|root,COG0187@2|Bacteria,2GM1E@201174|Actinobacteria,4FMDA@85023|Microbacteriaceae","TopoisomeraseII"
"ko:K02470",4082.74140430191,0.113788535293343,0.0246846986964591,4.60967892266253,4.03291323236601e-06,0.000595257993097223,"k87_2422158_1","COG0187@1|root,COG0187@2|Bacteria,2GKGP@201174|Actinobacteria,4DN1A@85009|Propionibacteriales","A type II topoisomerase that negatively supercoils closed circular double-stranded (ds) DNA in an ATP-dependent manner to modulate DNA topology and maintain chromosomes in an underwound state. Negative supercoiling favors strand separation, and DNA replication, transcription, recombination and repair, all of which involve strand separation. Also able to catalyze the interconversion of other topological isomers of dsDNA rings, including catenanes and knotted rings. Type II topoisomerases break and join 2 DNA strands simultaneously in an ATP-dependent manner"
"ko:K02470",4082.74140430191,0.113788535293343,0.0246846986964591,4.60967892266253,4.03291323236601e-06,0.000595257993097223,"k87_2487669_2","COG0187@1|root,COG0187@2|Bacteria,2GKGP@201174|Actinobacteria,4CMQZ@84992|Acidimicrobiia","TopoisomeraseII"
"ko:K02470",4082.74140430191,0.113788535293343,0.0246846986964591,4.60967892266253,4.03291323236601e-06,0.000595257993097223,"k87_2516376_1","COG0187@1|root,COG0187@2|Bacteria,2GKGP@201174|Actinobacteria,4CP8I@84995|Rubrobacteria","A type II topoisomerase that negatively supercoils closed circular double-stranded (ds) DNA in an ATP-dependent manner to modulate DNA topology and maintain chromosomes in an underwound state. Negative supercoiling favors strand separation, and DNA replication, transcription, recombination and repair, all of which involve strand separation. Also able to catalyze the interconversion of other topological isomers of dsDNA rings, including catenanes and knotted rings. Type II topoisomerases break and join 2 DNA strands simultaneously in an ATP-dependent manner"
"ko:K02470",4082.74140430191,0.113788535293343,0.0246846986964591,4.60967892266253,4.03291323236601e-06,0.000595257993097223,"k87_2519504_2","COG0187@1|root,COG0187@2|Bacteria,1MVKT@1224|Proteobacteria,2TRBK@28211|Alphaproteobacteria,2JQ5A@204441|Rhodospirillales","A type II topoisomerase that negatively supercoils closed circular double-stranded (ds) DNA in an ATP-dependent manner to modulate DNA topology and maintain chromosomes in an underwound state. Negative supercoiling favors strand separation, and DNA replication, transcription, recombination and repair, all of which involve strand separation. Also able to catalyze the interconversion of other topological isomers of dsDNA rings, including catenanes and knotted rings. Type II topoisomerases break and join 2 DNA strands simultaneously in an ATP-dependent manner"
"ko:K02470",4082.74140430191,0.113788535293343,0.0246846986964591,4.60967892266253,4.03291323236601e-06,0.000595257993097223,"k87_2553156_1","COG0187@1|root,COG0187@2|Bacteria,1MVKT@1224|Proteobacteria,2TRBK@28211|Alphaproteobacteria,4B7U4@82115|Rhizobiaceae","A type II topoisomerase that negatively supercoils closed circular double-stranded (ds) DNA in an ATP-dependent manner to modulate DNA topology and maintain chromosomes in an underwound state. Negative supercoiling favors strand separation, and DNA replication, transcription, recombination and repair, all of which involve strand separation. Also able to catalyze the interconversion of other topological isomers of dsDNA rings, including catenanes and knotted rings. Type II topoisomerases break and join 2 DNA strands simultaneously in an ATP-dependent manner"
"ko:K02470",4082.74140430191,0.113788535293343,0.0246846986964591,4.60967892266253,4.03291323236601e-06,0.000595257993097223,"k87_2874877_2","COG0187@1|root,COG0187@2|Bacteria,1MVKT@1224|Proteobacteria,42M7M@68525|delta/epsilon subdivisions,2WJ9X@28221|Deltaproteobacteria,43SYW@69541|Desulfuromonadales","A type II topoisomerase that negatively supercoils closed circular double-stranded (ds) DNA in an ATP-dependent manner to modulate DNA topology and maintain chromosomes in an underwound state. Negative supercoiling favors strand separation, and DNA replication, transcription, recombination and repair, all of which involve strand separation. Also able to catalyze the interconversion of other topological isomers of dsDNA rings, including catenanes and knotted rings. Type II topoisomerases break and join 2 DNA strands simultaneously in an ATP-dependent manner"
"ko:K02470",4082.74140430191,0.113788535293343,0.0246846986964591,4.60967892266253,4.03291323236601e-06,0.000595257993097223,"k87_2894974_3","COG0187@1|root,COG0187@2|Bacteria,1MVKT@1224|Proteobacteria,2TRBK@28211|Alphaproteobacteria,3ZH0N@58840|unclassified Rhodobacteraceae","A type II topoisomerase that negatively supercoils closed circular double-stranded (ds) DNA in an ATP-dependent manner to modulate DNA topology and maintain chromosomes in an underwound state. Negative supercoiling favors strand separation, and DNA replication, transcription, recombination and repair, all of which involve strand separation. Also able to catalyze the interconversion of other topological isomers of dsDNA rings, including catenanes and knotted rings. Type II topoisomerases break and join 2 DNA strands simultaneously in an ATP-dependent manner"
"ko:K02470",4082.74140430191,0.113788535293343,0.0246846986964591,4.60967892266253,4.03291323236601e-06,0.000595257993097223,"k87_2909457_1","COG0187@1|root,COG0187@2|Bacteria,2GKGP@201174|Actinobacteria,4DN1A@85009|Propionibacteriales","A type II topoisomerase that negatively supercoils closed circular double-stranded (ds) DNA in an ATP-dependent manner to modulate DNA topology and maintain chromosomes in an underwound state. Negative supercoiling favors strand separation, and DNA replication, transcription, recombination and repair, all of which involve strand separation. Also able to catalyze the interconversion of other topological isomers of dsDNA rings, including catenanes and knotted rings. Type II topoisomerases break and join 2 DNA strands simultaneously in an ATP-dependent manner"
"ko:K02470",4082.74140430191,0.113788535293343,0.0246846986964591,4.60967892266253,4.03291323236601e-06,0.000595257993097223,"k87_3131725_1","COG0187@1|root,COG0187@2|Bacteria,2GKGP@201174|Actinobacteria,4DN1A@85009|Propionibacteriales","A type II topoisomerase that negatively supercoils closed circular double-stranded (ds) DNA in an ATP-dependent manner to modulate DNA topology and maintain chromosomes in an underwound state. Negative supercoiling favors strand separation, and DNA replication, transcription, recombination and repair, all of which involve strand separation. Also able to catalyze the interconversion of other topological isomers of dsDNA rings, including catenanes and knotted rings. Type II topoisomerases break and join 2 DNA strands simultaneously in an ATP-dependent manner"
"ko:K02470",4082.74140430191,0.113788535293343,0.0246846986964591,4.60967892266253,4.03291323236601e-06,0.000595257993097223,"k87_3212564_4","COG0187@1|root,COG0187@2|Bacteria,1MVKT@1224|Proteobacteria,2TRBK@28211|Alphaproteobacteria,46QB6@74030|Roseovarius","A type II topoisomerase that negatively supercoils closed circular double-stranded (ds) DNA in an ATP-dependent manner to modulate DNA topology and maintain chromosomes in an underwound state. Negative supercoiling favors strand separation, and DNA replication, transcription, recombination and repair, all of which involve strand separation. Also able to catalyze the interconversion of other topological isomers of dsDNA rings, including catenanes and knotted rings. Type II topoisomerases break and join 2 DNA strands simultaneously in an ATP-dependent manner"
"ko:K02470",4082.74140430191,0.113788535293343,0.0246846986964591,4.60967892266253,4.03291323236601e-06,0.000595257993097223,"k87_3284459_4","COG0187@1|root,COG0187@2|Bacteria,1MVKT@1224|Proteobacteria,2TRBK@28211|Alphaproteobacteria,4B7U4@82115|Rhizobiaceae","A type II topoisomerase that negatively supercoils closed circular double-stranded (ds) DNA in an ATP-dependent manner to modulate DNA topology and maintain chromosomes in an underwound state. Negative supercoiling favors strand separation, and DNA replication, transcription, recombination and repair, all of which involve strand separation. Also able to catalyze the interconversion of other topological isomers of dsDNA rings, including catenanes and knotted rings. Type II topoisomerases break and join 2 DNA strands simultaneously in an ATP-dependent manner"
"ko:K02470",4082.74140430191,0.113788535293343,0.0246846986964591,4.60967892266253,4.03291323236601e-06,0.000595257993097223,"k87_3361674_1","COG0187@1|root,COG0187@2|Bacteria,1MVKT@1224|Proteobacteria,2TRBK@28211|Alphaproteobacteria,43I4X@69277|Phyllobacteriaceae","A type II topoisomerase that negatively supercoils closed circular double-stranded (ds) DNA in an ATP-dependent manner to modulate DNA topology and maintain chromosomes in an underwound state. Negative supercoiling favors strand separation, and DNA replication, transcription, recombination and repair, all of which involve strand separation. Also able to catalyze the interconversion of other topological isomers of dsDNA rings, including catenanes and knotted rings. Type II topoisomerases break and join 2 DNA strands simultaneously in an ATP-dependent manner"
"ko:K02470",4082.74140430191,0.113788535293343,0.0246846986964591,4.60967892266253,4.03291323236601e-06,0.000595257993097223,"k87_3418987_1","COG0187@1|root,COG0187@2|Bacteria,2GM1E@201174|Actinobacteria","DNA topoisomerase (ATP-hydrolyzing)"
"ko:K02470",4082.74140430191,0.113788535293343,0.0246846986964591,4.60967892266253,4.03291323236601e-06,0.000595257993097223,"k87_3490411_1","COG0187@1|root,COG0187@2|Bacteria,1TQ0R@1239|Firmicutes,4H9Y6@91061|Bacilli","A type II topoisomerase that negatively supercoils closed circular double-stranded (ds) DNA in an ATP-dependent manner to modulate DNA topology and maintain chromosomes in an underwound state. Negative supercoiling favors strand separation, and DNA replication, transcription, recombination and repair, all of which involve strand separation. Also able to catalyze the interconversion of other topological isomers of dsDNA rings, including catenanes and knotted rings. Type II topoisomerases break and join 2 DNA strands simultaneously in an ATP-dependent manner"
"ko:K02470",4082.74140430191,0.113788535293343,0.0246846986964591,4.60967892266253,4.03291323236601e-06,0.000595257993097223,"k87_3634718_2","COG0187@1|root,COG0187@2|Bacteria,1TQ0R@1239|Firmicutes,248AV@186801|Clostridia,36DYE@31979|Clostridiaceae","A type II topoisomerase that negatively supercoils closed circular double-stranded (ds) DNA in an ATP-dependent manner to modulate DNA topology and maintain chromosomes in an underwound state. Negative supercoiling favors strand separation, and DNA replication, transcription, recombination and repair, all of which involve strand separation. Also able to catalyze the interconversion of other topological isomers of dsDNA rings, including catenanes and knotted rings. Type II topoisomerases break and join 2 DNA strands simultaneously in an ATP-dependent manner"
"ko:K02470",4082.74140430191,0.113788535293343,0.0246846986964591,4.60967892266253,4.03291323236601e-06,0.000595257993097223,"k87_3695543_1","COG0187@1|root,COG0187@2|Bacteria,1MVKT@1224|Proteobacteria,2TRBK@28211|Alphaproteobacteria,2K0E4@204457|Sphingomonadales","A type II topoisomerase that negatively supercoils closed circular double-stranded (ds) DNA in an ATP-dependent manner to modulate DNA topology and maintain chromosomes in an underwound state. Negative supercoiling favors strand separation, and DNA replication, transcription, recombination and repair, all of which involve strand separation. Also able to catalyze the interconversion of other topological isomers of dsDNA rings, including catenanes and knotted rings. Type II topoisomerases break and join 2 DNA strands simultaneously in an ATP-dependent manner"
"ko:K02470",4082.74140430191,0.113788535293343,0.0246846986964591,4.60967892266253,4.03291323236601e-06,0.000595257993097223,"k87_3816795_2","COG0187@1|root,COG0187@2|Bacteria,2GKGP@201174|Actinobacteria,4DN1A@85009|Propionibacteriales","A type II topoisomerase that negatively supercoils closed circular double-stranded (ds) DNA in an ATP-dependent manner to modulate DNA topology and maintain chromosomes in an underwound state. Negative supercoiling favors strand separation, and DNA replication, transcription, recombination and repair, all of which involve strand separation. Also able to catalyze the interconversion of other topological isomers of dsDNA rings, including catenanes and knotted rings. Type II topoisomerases break and join 2 DNA strands simultaneously in an ATP-dependent manner"
"ko:K02470",4082.74140430191,0.113788535293343,0.0246846986964591,4.60967892266253,4.03291323236601e-06,0.000595257993097223,"k87_4014396_1","COG0187@1|root,COG0187@2|Bacteria,1MVKT@1224|Proteobacteria,2TRBK@28211|Alphaproteobacteria,3JQQ2@41294|Bradyrhizobiaceae","A type II topoisomerase that negatively supercoils closed circular double-stranded (ds) DNA in an ATP-dependent manner to modulate DNA topology and maintain chromosomes in an underwound state. Negative supercoiling favors strand separation, and DNA replication, transcription, recombination and repair, all of which involve strand separation. Also able to catalyze the interconversion of other topological isomers of dsDNA rings, including catenanes and knotted rings. Type II topoisomerases break and join 2 DNA strands simultaneously in an ATP-dependent manner"
"ko:K02470",4082.74140430191,0.113788535293343,0.0246846986964591,4.60967892266253,4.03291323236601e-06,0.000595257993097223,"k87_4084054_2","COG0187@1|root,COG0187@2|Bacteria,1MVKT@1224|Proteobacteria,2VI8N@28216|Betaproteobacteria,4AA3D@80864|Comamonadaceae","A type II topoisomerase that negatively supercoils closed circular double-stranded (ds) DNA in an ATP-dependent manner to modulate DNA topology and maintain chromosomes in an underwound state. Negative supercoiling favors strand separation, and DNA replication, transcription, recombination and repair, all of which involve strand separation. Also able to catalyze the interconversion of other topological isomers of dsDNA rings, including catenanes and knotted rings. Type II topoisomerases break and join 2 DNA strands simultaneously in an ATP-dependent manner"
"ko:K02470",4082.74140430191,0.113788535293343,0.0246846986964591,4.60967892266253,4.03291323236601e-06,0.000595257993097223,"k87_4246367_1","COG0187@1|root,COG0187@2|Bacteria,2GKGP@201174|Actinobacteria,4FEAB@85021|Intrasporangiaceae","A type II topoisomerase that negatively supercoils closed circular double-stranded (ds) DNA in an ATP-dependent manner to modulate DNA topology and maintain chromosomes in an underwound state. Negative supercoiling favors strand separation, and DNA replication, transcription, recombination and repair, all of which involve strand separation. Also able to catalyze the interconversion of other topological isomers of dsDNA rings, including catenanes and knotted rings. Type II topoisomerases break and join 2 DNA strands simultaneously in an ATP-dependent manner"
"ko:K02470",4082.74140430191,0.113788535293343,0.0246846986964591,4.60967892266253,4.03291323236601e-06,0.000595257993097223,"k87_4286729_2","COG0187@1|root,COG0187@2|Bacteria,1MVKT@1224|Proteobacteria,2TRBK@28211|Alphaproteobacteria,1JRZT@119045|Methylobacteriaceae","A type II topoisomerase that negatively supercoils closed circular double-stranded (ds) DNA in an ATP-dependent manner to modulate DNA topology and maintain chromosomes in an underwound state. Negative supercoiling favors strand separation, and DNA replication, transcription, recombination and repair, all of which involve strand separation. Also able to catalyze the interconversion of other topological isomers of dsDNA rings, including catenanes and knotted rings. Type II topoisomerases break and join 2 DNA strands simultaneously in an ATP-dependent manner"
"ko:K02470",4082.74140430191,0.113788535293343,0.0246846986964591,4.60967892266253,4.03291323236601e-06,0.000595257993097223,"k87_4343570_2","COG0187@1|root,COG0187@2|Bacteria,2G67C@200795|Chloroflexi,27XPX@189775|Thermomicrobia","A type II topoisomerase that negatively supercoils closed circular double-stranded (ds) DNA in an ATP-dependent manner to modulate DNA topology and maintain chromosomes in an underwound state. Negative supercoiling favors strand separation, and DNA replication, transcription, recombination and repair, all of which involve strand separation. Also able to catalyze the interconversion of other topological isomers of dsDNA rings, including catenanes and knotted rings. Type II topoisomerases break and join 2 DNA strands simultaneously in an ATP-dependent manner"
"ko:K02470",4082.74140430191,0.113788535293343,0.0246846986964591,4.60967892266253,4.03291323236601e-06,0.000595257993097223,"k87_4350492_1","COG0187@1|root,COG0187@2|Bacteria,1MVKT@1224|Proteobacteria,2VI8N@28216|Betaproteobacteria,3725J@32003|Nitrosomonadales","A type II topoisomerase that negatively supercoils closed circular double-stranded (ds) DNA in an ATP-dependent manner to modulate DNA topology and maintain chromosomes in an underwound state. Negative supercoiling favors strand separation, and DNA replication, transcription, recombination and repair, all of which involve strand separation. Also able to catalyze the interconversion of other topological isomers of dsDNA rings, including catenanes and knotted rings. Type II topoisomerases break and join 2 DNA strands simultaneously in an ATP-dependent manner"
"ko:K02470",4082.74140430191,0.113788535293343,0.0246846986964591,4.60967892266253,4.03291323236601e-06,0.000595257993097223,"k87_4383001_1","COG0187@1|root,COG0187@2|Bacteria,1MVKT@1224|Proteobacteria,2VI8N@28216|Betaproteobacteria,4AA3D@80864|Comamonadaceae","A type II topoisomerase that negatively supercoils closed circular double-stranded (ds) DNA in an ATP-dependent manner to modulate DNA topology and maintain chromosomes in an underwound state. Negative supercoiling favors strand separation, and DNA replication, transcription, recombination and repair, all of which involve strand separation. Also able to catalyze the interconversion of other topological isomers of dsDNA rings, including catenanes and knotted rings. Type II topoisomerases break and join 2 DNA strands simultaneously in an ATP-dependent manner"
"ko:K02470",4082.74140430191,0.113788535293343,0.0246846986964591,4.60967892266253,4.03291323236601e-06,0.000595257993097223,"k87_4386133_2","COG0187@1|root,COG0187@2|Bacteria,1MVKT@1224|Proteobacteria,2TRBK@28211|Alphaproteobacteria,3FCHR@34008|Rhodovulum","A type II topoisomerase that negatively supercoils closed circular double-stranded (ds) DNA in an ATP-dependent manner to modulate DNA topology and maintain chromosomes in an underwound state. Negative supercoiling favors strand separation, and DNA replication, transcription, recombination and repair, all of which involve strand separation. Also able to catalyze the interconversion of other topological isomers of dsDNA rings, including catenanes and knotted rings. Type II topoisomerases break and join 2 DNA strands simultaneously in an ATP-dependent manner"
"ko:K02470",4082.74140430191,0.113788535293343,0.0246846986964591,4.60967892266253,4.03291323236601e-06,0.000595257993097223,"k87_4452125_2","COG0187@1|root,COG0187@2|Bacteria,2GM1E@201174|Actinobacteria","DNA topoisomerase (ATP-hydrolyzing)"
"ko:K02470",4082.74140430191,0.113788535293343,0.0246846986964591,4.60967892266253,4.03291323236601e-06,0.000595257993097223,"k87_4496380_3","COG0187@1|root,COG0187@2|Bacteria,1MVKT@1224|Proteobacteria,2TRBK@28211|Alphaproteobacteria,3JQQ2@41294|Bradyrhizobiaceae","A type II topoisomerase that negatively supercoils closed circular double-stranded (ds) DNA in an ATP-dependent manner to modulate DNA topology and maintain chromosomes in an underwound state. Negative supercoiling favors strand separation, and DNA replication, transcription, recombination and repair, all of which involve strand separation. Also able to catalyze the interconversion of other topological isomers of dsDNA rings, including catenanes and knotted rings. Type II topoisomerases break and join 2 DNA strands simultaneously in an ATP-dependent manner"
"ko:K02470",4082.74140430191,0.113788535293343,0.0246846986964591,4.60967892266253,4.03291323236601e-06,0.000595257993097223,"k87_4533933_4","COG0187@1|root,COG0187@2|Bacteria,2GKGP@201174|Actinobacteria,4DN1A@85009|Propionibacteriales","A type II topoisomerase that negatively supercoils closed circular double-stranded (ds) DNA in an ATP-dependent manner to modulate DNA topology and maintain chromosomes in an underwound state. Negative supercoiling favors strand separation, and DNA replication, transcription, recombination and repair, all of which involve strand separation. Also able to catalyze the interconversion of other topological isomers of dsDNA rings, including catenanes and knotted rings. Type II topoisomerases break and join 2 DNA strands simultaneously in an ATP-dependent manner"
"ko:K02470",4082.74140430191,0.113788535293343,0.0246846986964591,4.60967892266253,4.03291323236601e-06,0.000595257993097223,"k87_4803634_3","COG0187@1|root,COG0187@2|Bacteria,1MVKT@1224|Proteobacteria,2TRBK@28211|Alphaproteobacteria","A type II topoisomerase that negatively supercoils closed circular double-stranded (ds) DNA in an ATP-dependent manner to modulate DNA topology and maintain chromosomes in an underwound state. Negative supercoiling favors strand separation, and DNA replication, transcription, recombination and repair, all of which involve strand separation. Also able to catalyze the interconversion of other topological isomers of dsDNA rings, including catenanes and knotted rings. Type II topoisomerases break and join 2 DNA strands simultaneously in an ATP-dependent manner"
"ko:K02470",4082.74140430191,0.113788535293343,0.0246846986964591,4.60967892266253,4.03291323236601e-06,0.000595257993097223,"k87_4887807_1","COG0187@1|root,COG0187@2|Bacteria,4NE0P@976|Bacteroidetes,1IP1Y@117747|Sphingobacteriia","A type II topoisomerase that negatively supercoils closed circular double-stranded (ds) DNA in an ATP-dependent manner to modulate DNA topology and maintain chromosomes in an underwound state. Negative supercoiling favors strand separation, and DNA replication, transcription, recombination and repair, all of which involve strand separation. Also able to catalyze the interconversion of other topological isomers of dsDNA rings, including catenanes and knotted rings. Type II topoisomerases break and join 2 DNA strands simultaneously in an ATP-dependent manner"
"ko:K02470",4082.74140430191,0.113788535293343,0.0246846986964591,4.60967892266253,4.03291323236601e-06,0.000595257993097223,"k87_5031505_1","COG0187@1|root,COG0187@2|Bacteria,2GM1E@201174|Actinobacteria,4DN70@85009|Propionibacteriales","TopoisomeraseII"
"ko:K02470",4082.74140430191,0.113788535293343,0.0246846986964591,4.60967892266253,4.03291323236601e-06,0.000595257993097223,"k87_5307765_1","COG0187@1|root,COG0187@2|Bacteria,2GKGP@201174|Actinobacteria,4FMXF@85023|Microbacteriaceae","A type II topoisomerase that negatively supercoils closed circular double-stranded (ds) DNA in an ATP-dependent manner to modulate DNA topology and maintain chromosomes in an underwound state. Negative supercoiling favors strand separation, and DNA replication, transcription, recombination and repair, all of which involve strand separation. Also able to catalyze the interconversion of other topological isomers of dsDNA rings, including catenanes and knotted rings. Type II topoisomerases break and join 2 DNA strands simultaneously in an ATP-dependent manner"
"ko:K02470",4082.74140430191,0.113788535293343,0.0246846986964591,4.60967892266253,4.03291323236601e-06,0.000595257993097223,"k87_5541705_1","COG0187@1|root,COG0187@2|Bacteria,2GKGP@201174|Actinobacteria,4D3Q1@85005|Actinomycetales","A type II topoisomerase that negatively supercoils closed circular double-stranded (ds) DNA in an ATP-dependent manner to modulate DNA topology and maintain chromosomes in an underwound state. Negative supercoiling favors strand separation, and DNA replication, transcription, recombination and repair, all of which involve strand separation. Also able to catalyze the interconversion of other topological isomers of dsDNA rings, including catenanes and knotted rings. Type II topoisomerases break and join 2 DNA strands simultaneously in an ATP-dependent manner"
"ko:K02470",4082.74140430191,0.113788535293343,0.0246846986964591,4.60967892266253,4.03291323236601e-06,0.000595257993097223,"k87_5588889_1","COG0187@1|root,COG0187@2|Bacteria,2GM1E@201174|Actinobacteria,1W8GY@1268|Micrococcaceae","DNA topoisomerase (ATP-hydrolyzing)"
"ko:K02470",4082.74140430191,0.113788535293343,0.0246846986964591,4.60967892266253,4.03291323236601e-06,0.000595257993097223,"k87_5737355_1","COG0187@1|root,COG0187@2|Bacteria,2GM1E@201174|Actinobacteria","DNA topoisomerase (ATP-hydrolyzing)"
"ko:K02470",4082.74140430191,0.113788535293343,0.0246846986964591,4.60967892266253,4.03291323236601e-06,0.000595257993097223,"k87_5926532_1","COG0187@1|root,COG0187@2|Bacteria,1MVKT@1224|Proteobacteria,2TRBK@28211|Alphaproteobacteria,43I4X@69277|Phyllobacteriaceae","A type II topoisomerase that negatively supercoils closed circular double-stranded (ds) DNA in an ATP-dependent manner to modulate DNA topology and maintain chromosomes in an underwound state. Negative supercoiling favors strand separation, and DNA replication, transcription, recombination and repair, all of which involve strand separation. Also able to catalyze the interconversion of other topological isomers of dsDNA rings, including catenanes and knotted rings. Type II topoisomerases break and join 2 DNA strands simultaneously in an ATP-dependent manner"
"ko:K02470",4082.74140430191,0.113788535293343,0.0246846986964591,4.60967892266253,4.03291323236601e-06,0.000595257993097223,"k87_5961560_1","COG0187@1|root,COG0187@2|Bacteria,1MVKT@1224|Proteobacteria,1RNB2@1236|Gammaproteobacteria,1Z05Z@136846|Pseudomonas stutzeri group","A type II topoisomerase that negatively supercoils closed circular double-stranded (ds) DNA in an ATP-dependent manner to modulate DNA topology and maintain chromosomes in an underwound state. Negative supercoiling favors strand separation, and DNA replication, transcription, recombination and repair, all of which involve strand separation. Also able to catalyze the interconversion of other topological isomers of dsDNA rings, including catenanes and knotted rings. Type II topoisomerases break and join 2 DNA strands simultaneously in an ATP-dependent manner"
"ko:K02470",4082.74140430191,0.113788535293343,0.0246846986964591,4.60967892266253,4.03291323236601e-06,0.000595257993097223,"k87_6091540_1","COG0187@1|root,COG0187@2|Bacteria,1TQ0R@1239|Firmicutes,4H9Y6@91061|Bacilli,1ZBFI@1386|Bacillus","A type II topoisomerase that negatively supercoils closed circular double-stranded (ds) DNA in an ATP-dependent manner to modulate DNA topology and maintain chromosomes in an underwound state. Negative supercoiling favors strand separation, and DNA replication, transcription, recombination and repair, all of which involve strand separation. Also able to catalyze the interconversion of other topological isomers of dsDNA rings, including catenanes and knotted rings. Type II topoisomerases break and join 2 DNA strands simultaneously in an ATP-dependent manner"
"ko:K02470",4082.74140430191,0.113788535293343,0.0246846986964591,4.60967892266253,4.03291323236601e-06,0.000595257993097223,"k87_6158656_2","COG0187@1|root,COG0187@2|Bacteria,2GKGP@201174|Actinobacteria","A type II topoisomerase that negatively supercoils closed circular double-stranded (ds) DNA in an ATP-dependent manner to modulate DNA topology and maintain chromosomes in an underwound state. Negative supercoiling favors strand separation, and DNA replication, transcription, recombination and repair, all of which involve strand separation. Also able to catalyze the interconversion of other topological isomers of dsDNA rings, including catenanes and knotted rings. Type II topoisomerases break and join 2 DNA strands simultaneously in an ATP-dependent manner"
"ko:K02470",4082.74140430191,0.113788535293343,0.0246846986964591,4.60967892266253,4.03291323236601e-06,0.000595257993097223,"k87_6406681_1","COG0187@1|root,COG0187@2|Bacteria,2GKGP@201174|Actinobacteria,4DN1A@85009|Propionibacteriales","A type II topoisomerase that negatively supercoils closed circular double-stranded (ds) DNA in an ATP-dependent manner to modulate DNA topology and maintain chromosomes in an underwound state. Negative supercoiling favors strand separation, and DNA replication, transcription, recombination and repair, all of which involve strand separation. Also able to catalyze the interconversion of other topological isomers of dsDNA rings, including catenanes and knotted rings. Type II topoisomerases break and join 2 DNA strands simultaneously in an ATP-dependent manner"
"ko:K02470",4082.74140430191,0.113788535293343,0.0246846986964591,4.60967892266253,4.03291323236601e-06,0.000595257993097223,"k87_6439043_2","COG0187@1|root,COG0187@2|Bacteria,1MVKT@1224|Proteobacteria,2TRBK@28211|Alphaproteobacteria,1JNEJ@119043|Rhodobiaceae","A type II topoisomerase that negatively supercoils closed circular double-stranded (ds) DNA in an ATP-dependent manner to modulate DNA topology and maintain chromosomes in an underwound state. Negative supercoiling favors strand separation, and DNA replication, transcription, recombination and repair, all of which involve strand separation. Also able to catalyze the interconversion of other topological isomers of dsDNA rings, including catenanes and knotted rings. Type II topoisomerases break and join 2 DNA strands simultaneously in an ATP-dependent manner"
"ko:K02470",4082.74140430191,0.113788535293343,0.0246846986964591,4.60967892266253,4.03291323236601e-06,0.000595257993097223,"k87_6464242_2","COG0187@1|root,COG0187@2|Bacteria,2GKGP@201174|Actinobacteria,4CMQZ@84992|Acidimicrobiia","TopoisomeraseII"
"ko:K02470",4082.74140430191,0.113788535293343,0.0246846986964591,4.60967892266253,4.03291323236601e-06,0.000595257993097223,"k87_6545287_1","COG0187@1|root,COG0187@2|Bacteria,1MVKT@1224|Proteobacteria,2TRBK@28211|Alphaproteobacteria","A type II topoisomerase that negatively supercoils closed circular double-stranded (ds) DNA in an ATP-dependent manner to modulate DNA topology and maintain chromosomes in an underwound state. Negative supercoiling favors strand separation, and DNA replication, transcription, recombination and repair, all of which involve strand separation. Also able to catalyze the interconversion of other topological isomers of dsDNA rings, including catenanes and knotted rings. Type II topoisomerases break and join 2 DNA strands simultaneously in an ATP-dependent manner"
"ko:K02470",4082.74140430191,0.113788535293343,0.0246846986964591,4.60967892266253,4.03291323236601e-06,0.000595257993097223,"k87_6588467_1","COG0187@1|root,COG0187@2|Bacteria,1MVKT@1224|Proteobacteria,2TRBK@28211|Alphaproteobacteria,3FCHR@34008|Rhodovulum","A type II topoisomerase that negatively supercoils closed circular double-stranded (ds) DNA in an ATP-dependent manner to modulate DNA topology and maintain chromosomes in an underwound state. Negative supercoiling favors strand separation, and DNA replication, transcription, recombination and repair, all of which involve strand separation. Also able to catalyze the interconversion of other topological isomers of dsDNA rings, including catenanes and knotted rings. Type II topoisomerases break and join 2 DNA strands simultaneously in an ATP-dependent manner"
"ko:K02470",4082.74140430191,0.113788535293343,0.0246846986964591,4.60967892266253,4.03291323236601e-06,0.000595257993097223,"k87_6930178_1","COG0187@1|root,COG0187@2|Bacteria,1TQ0R@1239|Firmicutes,248AV@186801|Clostridia,260WQ@186807|Peptococcaceae","A type II topoisomerase that negatively supercoils closed circular double-stranded (ds) DNA in an ATP-dependent manner to modulate DNA topology and maintain chromosomes in an underwound state. Negative supercoiling favors strand separation, and DNA replication, transcription, recombination and repair, all of which involve strand separation. Also able to catalyze the interconversion of other topological isomers of dsDNA rings, including catenanes and knotted rings. Type II topoisomerases break and join 2 DNA strands simultaneously in an ATP-dependent manner"
"ko:K02470",4082.74140430191,0.113788535293343,0.0246846986964591,4.60967892266253,4.03291323236601e-06,0.000595257993097223,"k87_7000970_1","COG0187@1|root,COG0187@2|Bacteria,2GKGP@201174|Actinobacteria,4CP8I@84995|Rubrobacteria","A type II topoisomerase that negatively supercoils closed circular double-stranded (ds) DNA in an ATP-dependent manner to modulate DNA topology and maintain chromosomes in an underwound state. Negative supercoiling favors strand separation, and DNA replication, transcription, recombination and repair, all of which involve strand separation. Also able to catalyze the interconversion of other topological isomers of dsDNA rings, including catenanes and knotted rings. Type II topoisomerases break and join 2 DNA strands simultaneously in an ATP-dependent manner"
"ko:K02483,ko:K13584",428.635183515921,0.267384294455278,0.0755555977651733,3.53890780252058,0.000401786155169211,0.0208864115217162,"k87_498446_1","COG0745@1|root,COG0745@2|Bacteria,1MWVI@1224|Proteobacteria,2TRSP@28211|Alphaproteobacteria,3FCPR@34008|Rhodovulum","Transcriptional regulatory protein, C terminal"
"ko:K02483,ko:K13584",428.635183515921,0.267384294455278,0.0755555977651733,3.53890780252058,0.000401786155169211,0.0208864115217162,"k87_747824_3","COG0745@1|root,COG0745@2|Bacteria,1MWVI@1224|Proteobacteria,2TRSP@28211|Alphaproteobacteria,3N69F@45401|Hyphomicrobiaceae","two component transcriptional regulator"
"ko:K02483,ko:K13584",428.635183515921,0.267384294455278,0.0755555977651733,3.53890780252058,0.000401786155169211,0.0208864115217162,"k87_1215154_1","COG0745@1|root,COG0745@2|Bacteria,1MWVI@1224|Proteobacteria,2TRSP@28211|Alphaproteobacteria,3JQKV@41294|Bradyrhizobiaceae","Transcriptional regulatory protein, C terminal"
"ko:K02483,ko:K13584",428.635183515921,0.267384294455278,0.0755555977651733,3.53890780252058,0.000401786155169211,0.0208864115217162,"k87_1325500_1","COG0745@1|root,COG0745@2|Bacteria,1MWVI@1224|Proteobacteria,2TRSP@28211|Alphaproteobacteria,4B8I6@82115|Rhizobiaceae","Response regulators consisting of a CheY-like receiver domain and a winged-helix DNA-binding domain"
"ko:K02483,ko:K13584",428.635183515921,0.267384294455278,0.0755555977651733,3.53890780252058,0.000401786155169211,0.0208864115217162,"k87_1348487_2","COG0745@1|root,COG0745@2|Bacteria,1MWVI@1224|Proteobacteria,2TRSP@28211|Alphaproteobacteria,3NA1C@45404|Beijerinckiaceae","Transcriptional regulatory protein, C terminal"
"ko:K02483,ko:K13584",428.635183515921,0.267384294455278,0.0755555977651733,3.53890780252058,0.000401786155169211,0.0208864115217162,"k87_2500640_3","COG0745@1|root,COG0745@2|Bacteria,1MWVI@1224|Proteobacteria,2TRSP@28211|Alphaproteobacteria,3N69F@45401|Hyphomicrobiaceae","two component transcriptional regulator"
"ko:K02483,ko:K13584",428.635183515921,0.267384294455278,0.0755555977651733,3.53890780252058,0.000401786155169211,0.0208864115217162,"k87_3109307_1","COG0745@1|root,COG0745@2|Bacteria,1MWVI@1224|Proteobacteria,2TRSP@28211|Alphaproteobacteria,3N69F@45401|Hyphomicrobiaceae","two component transcriptional regulator"
"ko:K02483,ko:K13584",428.635183515921,0.267384294455278,0.0755555977651733,3.53890780252058,0.000401786155169211,0.0208864115217162,"k87_3768578_1","COG0745@1|root,COG0745@2|Bacteria,1MWVI@1224|Proteobacteria,2TRSP@28211|Alphaproteobacteria,4B8I6@82115|Rhizobiaceae","Response regulators consisting of a CheY-like receiver domain and a winged-helix DNA-binding domain"
"ko:K02483,ko:K13584",428.635183515921,0.267384294455278,0.0755555977651733,3.53890780252058,0.000401786155169211,0.0208864115217162,"k87_5309723_2","COG0745@1|root,COG0745@2|Bacteria,1MWVI@1224|Proteobacteria,2TRSP@28211|Alphaproteobacteria,43HMV@69277|Phyllobacteriaceae","Consisting of a CheY-like receiver domain and a winged-helix DNA-binding domain"
"ko:K02483,ko:K13584",428.635183515921,0.267384294455278,0.0755555977651733,3.53890780252058,0.000401786155169211,0.0208864115217162,"k87_6226106_1","COG0745@1|root,COG0745@2|Bacteria,1MWVI@1224|Proteobacteria,2TRSP@28211|Alphaproteobacteria,43HMV@69277|Phyllobacteriaceae","Consisting of a CheY-like receiver domain and a winged-helix DNA-binding domain"
"ko:K02483,ko:K13584",428.635183515921,0.267384294455278,0.0755555977651733,3.53890780252058,0.000401786155169211,0.0208864115217162,"k87_6278001_2","COG0745@1|root,COG0745@2|Bacteria,1MWVI@1224|Proteobacteria,2TRSP@28211|Alphaproteobacteria,3JQKV@41294|Bradyrhizobiaceae","Transcriptional regulatory protein, C terminal"
"ko:K02483,ko:K13584",428.635183515921,0.267384294455278,0.0755555977651733,3.53890780252058,0.000401786155169211,0.0208864115217162,"k87_6496473_1","COG0745@1|root,COG0745@2|Bacteria,1MWVI@1224|Proteobacteria,2TRSP@28211|Alphaproteobacteria,43HMV@69277|Phyllobacteriaceae","Consisting of a CheY-like receiver domain and a winged-helix DNA-binding domain"
"ko:K02483,ko:K13584",428.635183515921,0.267384294455278,0.0755555977651733,3.53890780252058,0.000401786155169211,0.0208864115217162,"k87_6633401_2","COG0745@1|root,COG0745@2|Bacteria,1MWVI@1224|Proteobacteria,2TRSP@28211|Alphaproteobacteria,1JTME@119045|Methylobacteriaceae","PFAM response regulator receiver"
"ko:K02492",371.77902841348,-0.285444828754287,0.0815511212719061,-3.50019502248857,0.000464917888714888,0.0228739601247725,"k87_5441_4","COG0373@1|root,COG0373@2|Bacteria,2GJRA@201174|Actinobacteria","Catalyzes the NADPH-dependent reduction of glutamyl- tRNA(Glu) to glutamate 1-semialdehyde (GSA)"
"ko:K02492",371.77902841348,-0.285444828754287,0.0815511212719061,-3.50019502248857,0.000464917888714888,0.0228739601247725,"k87_733321_2","COG0373@1|root,COG0373@2|Bacteria,3J0BD@40117|Nitrospirae","Catalyzes the NADPH-dependent reduction of glutamyl- tRNA(Glu) to glutamate 1-semialdehyde (GSA)"
"ko:K02492",371.77902841348,-0.285444828754287,0.0815511212719061,-3.50019502248857,0.000464917888714888,0.0228739601247725,"k87_1535801_1","COG0373@1|root,arCOG01036@2157|Archaea,41SDM@651137|Thaumarchaeota","Catalyzes the NADPH-dependent reduction of glutamyl- tRNA(Glu) to glutamate 1-semialdehyde (GSA)"
"ko:K02492",371.77902841348,-0.285444828754287,0.0815511212719061,-3.50019502248857,0.000464917888714888,0.0228739601247725,"k87_1820901_1","COG0373@1|root,COG0373@2|Bacteria,2GJRA@201174|Actinobacteria,233ZZ@1762|Mycobacteriaceae","Catalyzes the NADPH-dependent reduction of glutamyl- tRNA(Glu) to glutamate 1-semialdehyde (GSA)"
"ko:K02492",371.77902841348,-0.285444828754287,0.0815511212719061,-3.50019502248857,0.000464917888714888,0.0228739601247725,"k87_1820901_2","COG0373@1|root,COG0373@2|Bacteria,2GJRA@201174|Actinobacteria,233ZZ@1762|Mycobacteriaceae","Catalyzes the NADPH-dependent reduction of glutamyl- tRNA(Glu) to glutamate 1-semialdehyde (GSA)"
"ko:K02492",371.77902841348,-0.285444828754287,0.0815511212719061,-3.50019502248857,0.000464917888714888,0.0228739601247725,"k87_3890148_2","COG0373@1|root,COG0373@2|Bacteria,1MU41@1224|Proteobacteria,1RNQ8@1236|Gammaproteobacteria,1X4P8@135614|Xanthomonadales","Catalyzes the NADPH-dependent reduction of glutamyl- tRNA(Glu) to glutamate 1-semialdehyde (GSA)"
"ko:K02492",371.77902841348,-0.285444828754287,0.0815511212719061,-3.50019502248857,0.000464917888714888,0.0228739601247725,"k87_4268675_1","COG0373@1|root,COG0373@2|Bacteria,1MU41@1224|Proteobacteria,2VHNC@28216|Betaproteobacteria,1KKAQ@119065|unclassified Burkholderiales","Catalyzes the NADPH-dependent reduction of glutamyl- tRNA(Glu) to glutamate 1-semialdehyde (GSA)"
"ko:K02492",371.77902841348,-0.285444828754287,0.0815511212719061,-3.50019502248857,0.000464917888714888,0.0228739601247725,"k87_4805203_1","COG0373@1|root,COG0373@2|Bacteria,2GJRA@201174|Actinobacteria,4FF7M@85021|Intrasporangiaceae","Catalyzes the NADPH-dependent reduction of glutamyl- tRNA(Glu) to glutamate 1-semialdehyde (GSA)"
"ko:K02492",371.77902841348,-0.285444828754287,0.0815511212719061,-3.50019502248857,0.000464917888714888,0.0228739601247725,"k87_5517058_1","COG0373@1|root,COG0373@2|Bacteria,2GJRA@201174|Actinobacteria,233ZZ@1762|Mycobacteriaceae","Catalyzes the NADPH-dependent reduction of glutamyl- tRNA(Glu) to glutamate 1-semialdehyde (GSA)"
"ko:K02492",371.77902841348,-0.285444828754287,0.0815511212719061,-3.50019502248857,0.000464917888714888,0.0228739601247725,"k87_6129337_2","COG0373@1|root,COG0373@2|Bacteria,1MU41@1224|Proteobacteria,1RNQ8@1236|Gammaproteobacteria,1X4P8@135614|Xanthomonadales","Catalyzes the NADPH-dependent reduction of glutamyl- tRNA(Glu) to glutamate 1-semialdehyde (GSA)"
"ko:K02492",371.77902841348,-0.285444828754287,0.0815511212719061,-3.50019502248857,0.000464917888714888,0.0228739601247725,"k87_6233573_5","COG0373@1|root,COG0373@2|Bacteria,1MU41@1224|Proteobacteria,1RNQ8@1236|Gammaproteobacteria,1X4P8@135614|Xanthomonadales","Catalyzes the NADPH-dependent reduction of glutamyl- tRNA(Glu) to glutamate 1-semialdehyde (GSA)"
"ko:K02601",1214.3696625302,0.164223157201292,0.0504299234872896,3.25646254931724,0.0011280981124637,0.0450019679458494,"k87_351_2","COG0250@1|root,COG0250@2|Bacteria,1MU14@1224|Proteobacteria,2TRID@28211|Alphaproteobacteria,3FD2F@34008|Rhodovulum","Participates in transcription elongation, termination and antitermination"
"ko:K02601",1214.3696625302,0.164223157201292,0.0504299234872896,3.25646254931724,0.0011280981124637,0.0450019679458494,"k87_72209_1","COG0250@1|root,arCOG01920@2157|Archaea,41SM6@651137|Thaumarchaeota","Transcription elongation factor Spt5"
"ko:K02601",1214.3696625302,0.164223157201292,0.0504299234872896,3.25646254931724,0.0011280981124637,0.0450019679458494,"k87_104136_1","COG0250@1|root,COG0250@2|Bacteria,1MU14@1224|Proteobacteria,2TRID@28211|Alphaproteobacteria,43H6H@69277|Phyllobacteriaceae","Participates in transcription elongation, termination and antitermination"
"ko:K02601",1214.3696625302,0.164223157201292,0.0504299234872896,3.25646254931724,0.0011280981124637,0.0450019679458494,"k87_166649_1","COG0250@1|root,arCOG01920@2157|Archaea,41SM6@651137|Thaumarchaeota","Transcription elongation factor Spt5"
"ko:K02601",1214.3696625302,0.164223157201292,0.0504299234872896,3.25646254931724,0.0011280981124637,0.0450019679458494,"k87_287584_5","COG0250@1|root,COG0250@2|Bacteria,46SR6@74201|Verrucomicrobia,3K7UE@414999|Opitutae","Participates in transcription elongation, termination and antitermination"
"ko:K02601",1214.3696625302,0.164223157201292,0.0504299234872896,3.25646254931724,0.0011280981124637,0.0450019679458494,"k87_337129_2","COG0250@1|root,COG0250@2|Bacteria,1MU14@1224|Proteobacteria,1RMW0@1236|Gammaproteobacteria,1WWG3@135613|Chromatiales","Participates in transcription elongation, termination and antitermination"
"ko:K02601",1214.3696625302,0.164223157201292,0.0504299234872896,3.25646254931724,0.0011280981124637,0.0450019679458494,"k87_347217_2","COG0250@1|root,COG0250@2|Bacteria,1MU14@1224|Proteobacteria,2VKUA@28216|Betaproteobacteria,1K1G5@119060|Burkholderiaceae","Participates in transcription elongation, termination and antitermination"
"ko:K02601",1214.3696625302,0.164223157201292,0.0504299234872896,3.25646254931724,0.0011280981124637,0.0450019679458494,"k87_404546_3","COG0250@1|root,COG0250@2|Bacteria,1MU14@1224|Proteobacteria,2TRID@28211|Alphaproteobacteria,3JUEY@41294|Bradyrhizobiaceae","Participates in transcription elongation, termination and antitermination"
"ko:K02601",1214.3696625302,0.164223157201292,0.0504299234872896,3.25646254931724,0.0011280981124637,0.0450019679458494,"k87_619061_2","COG0250@1|root,arCOG01920@2157|Archaea,41SM6@651137|Thaumarchaeota","Transcription elongation factor Spt5"
"ko:K02601",1214.3696625302,0.164223157201292,0.0504299234872896,3.25646254931724,0.0011280981124637,0.0450019679458494,"k87_765833_1","COG0250@1|root,COG0250@2|Bacteria,2GJFW@201174|Actinobacteria,4DPR5@85009|Propionibacteriales","Participates in transcription elongation, termination and antitermination"
"ko:K02601",1214.3696625302,0.164223157201292,0.0504299234872896,3.25646254931724,0.0011280981124637,0.0450019679458494,"k87_815853_2","COG0250@1|root,COG0250@2|Bacteria,1MU14@1224|Proteobacteria,2TRID@28211|Alphaproteobacteria,2JQKK@204441|Rhodospirillales","Participates in transcription elongation, termination and antitermination"
"ko:K02601",1214.3696625302,0.164223157201292,0.0504299234872896,3.25646254931724,0.0011280981124637,0.0450019679458494,"k87_867842_1","COG0250@1|root,COG0250@2|Bacteria,2GJFW@201174|Actinobacteria,4CQ4I@84995|Rubrobacteria","Participates in transcription elongation, termination and antitermination"
"ko:K02601",1214.3696625302,0.164223157201292,0.0504299234872896,3.25646254931724,0.0011280981124637,0.0450019679458494,"k87_1253796_2","COG0250@1|root,COG0250@2|Bacteria,1MU14@1224|Proteobacteria,2TRID@28211|Alphaproteobacteria,3EXXK@335928|Xanthobacteraceae","Participates in transcription elongation, termination and antitermination"
"ko:K02601",1214.3696625302,0.164223157201292,0.0504299234872896,3.25646254931724,0.0011280981124637,0.0450019679458494,"k87_1253796_3","COG0250@1|root,COG0250@2|Bacteria,1MU14@1224|Proteobacteria,2TRID@28211|Alphaproteobacteria,3FD2F@34008|Rhodovulum","Participates in transcription elongation, termination and antitermination"
"ko:K02601",1214.3696625302,0.164223157201292,0.0504299234872896,3.25646254931724,0.0011280981124637,0.0450019679458494,"k87_1352353_2","COG0250@1|root,COG0250@2|Bacteria,2GJFW@201174|Actinobacteria,4FK7R@85023|Microbacteriaceae","Participates in transcription elongation, termination and antitermination"
"ko:K02601",1214.3696625302,0.164223157201292,0.0504299234872896,3.25646254931724,0.0011280981124637,0.0450019679458494,"k87_1417512_2","COG0250@1|root,COG0250@2|Bacteria,1MU14@1224|Proteobacteria,2TRID@28211|Alphaproteobacteria,4BQ23@82117|unclassified Alphaproteobacteria","Participates in transcription elongation, termination and antitermination"
"ko:K02601",1214.3696625302,0.164223157201292,0.0504299234872896,3.25646254931724,0.0011280981124637,0.0450019679458494,"k87_1531286_3","COG0250@1|root,COG0250@2|Bacteria,2GJFW@201174|Actinobacteria,4CQ4I@84995|Rubrobacteria","Participates in transcription elongation, termination and antitermination"
"ko:K02601",1214.3696625302,0.164223157201292,0.0504299234872896,3.25646254931724,0.0011280981124637,0.0450019679458494,"k87_1617232_1","COG0250@1|root,COG0250@2|Bacteria,2GJFW@201174|Actinobacteria,4CQ4I@84995|Rubrobacteria","Participates in transcription elongation, termination and antitermination"
"ko:K02601",1214.3696625302,0.164223157201292,0.0504299234872896,3.25646254931724,0.0011280981124637,0.0450019679458494,"k87_1632911_3","COG0250@1|root,COG0250@2|Bacteria,2GJFW@201174|Actinobacteria,4CQ4I@84995|Rubrobacteria","Participates in transcription elongation, termination and antitermination"
"ko:K02601",1214.3696625302,0.164223157201292,0.0504299234872896,3.25646254931724,0.0011280981124637,0.0450019679458494,"k87_1821850_1","COG0250@1|root,COG0250@2|Bacteria,1MU14@1224|Proteobacteria,2TRID@28211|Alphaproteobacteria,3FD2F@34008|Rhodovulum","Participates in transcription elongation, termination and antitermination"
"ko:K02601",1214.3696625302,0.164223157201292,0.0504299234872896,3.25646254931724,0.0011280981124637,0.0450019679458494,"k87_1846604_2","COG0250@1|root,COG0250@2|Bacteria,1MU14@1224|Proteobacteria,1RMW0@1236|Gammaproteobacteria,1YMJR@136843|Pseudomonas fluorescens group","Participates in transcription elongation, termination and antitermination"
"ko:K02601",1214.3696625302,0.164223157201292,0.0504299234872896,3.25646254931724,0.0011280981124637,0.0450019679458494,"k87_1854301_3","COG0250@1|root,COG0250@2|Bacteria,1MU14@1224|Proteobacteria,2TRID@28211|Alphaproteobacteria,4B8BA@82115|Rhizobiaceae","Participates in transcription elongation, termination and antitermination"
"ko:K02601",1214.3696625302,0.164223157201292,0.0504299234872896,3.25646254931724,0.0011280981124637,0.0450019679458494,"k87_1878021_2","COG0250@1|root,COG0250@2|Bacteria,2GJFW@201174|Actinobacteria,4DPR5@85009|Propionibacteriales","Participates in transcription elongation, termination and antitermination"
"ko:K02601",1214.3696625302,0.164223157201292,0.0504299234872896,3.25646254931724,0.0011280981124637,0.0450019679458494,"k87_2236974_1","COG0250@1|root,COG0250@2|Bacteria,2GJFW@201174|Actinobacteria,4CQ4I@84995|Rubrobacteria","Participates in transcription elongation, termination and antitermination"
"ko:K02601",1214.3696625302,0.164223157201292,0.0504299234872896,3.25646254931724,0.0011280981124637,0.0450019679458494,"k87_2255651_3","COG0250@1|root,COG0250@2|Bacteria,2GJFW@201174|Actinobacteria,4CYSH@85004|Bifidobacteriales","Participates in transcription elongation, termination and antitermination"
"ko:K02601",1214.3696625302,0.164223157201292,0.0504299234872896,3.25646254931724,0.0011280981124637,0.0450019679458494,"k87_2359434_4","COG0250@1|root,COG0250@2|Bacteria,1MU14@1224|Proteobacteria,2TRID@28211|Alphaproteobacteria,3EXXK@335928|Xanthobacteraceae","Participates in transcription elongation, termination and antitermination"
"ko:K02601",1214.3696625302,0.164223157201292,0.0504299234872896,3.25646254931724,0.0011280981124637,0.0450019679458494,"k87_2758539_4","COG0250@1|root,COG0250@2|Bacteria,2GJFW@201174|Actinobacteria,4CQ4I@84995|Rubrobacteria","Participates in transcription elongation, termination and antitermination"
"ko:K02601",1214.3696625302,0.164223157201292,0.0504299234872896,3.25646254931724,0.0011280981124637,0.0450019679458494,"k87_2768279_2","COG0250@1|root,arCOG01920@2157|Archaea,41SM6@651137|Thaumarchaeota","Transcription elongation factor Spt5"
"ko:K02601",1214.3696625302,0.164223157201292,0.0504299234872896,3.25646254931724,0.0011280981124637,0.0450019679458494,"k87_3193526_1","COG0250@1|root,COG0250@2|Bacteria,2GJFW@201174|Actinobacteria,4CVI1@84998|Coriobacteriia","Participates in transcription elongation, termination and antitermination"
"ko:K02601",1214.3696625302,0.164223157201292,0.0504299234872896,3.25646254931724,0.0011280981124637,0.0450019679458494,"k87_3315484_3","COG0250@1|root,COG0250@2|Bacteria,2GJFW@201174|Actinobacteria,4CQ4I@84995|Rubrobacteria","Participates in transcription elongation, termination and antitermination"
"ko:K02601",1214.3696625302,0.164223157201292,0.0504299234872896,3.25646254931724,0.0011280981124637,0.0450019679458494,"k87_3583593_2","COG0250@1|root,COG0250@2|Bacteria,1MU14@1224|Proteobacteria,2VKUA@28216|Betaproteobacteria,1KJ4F@119065|unclassified Burkholderiales","Participates in transcription elongation, termination and antitermination"
"ko:K02601",1214.3696625302,0.164223157201292,0.0504299234872896,3.25646254931724,0.0011280981124637,0.0450019679458494,"k87_3923908_2","COG0250@1|root,COG0250@2|Bacteria,1MU14@1224|Proteobacteria,1RMW0@1236|Gammaproteobacteria,1X36J@135614|Xanthomonadales","Participates in transcription elongation, termination and antitermination"
"ko:K02601",1214.3696625302,0.164223157201292,0.0504299234872896,3.25646254931724,0.0011280981124637,0.0450019679458494,"k87_3981478_2","COG0250@1|root,COG0250@2|Bacteria,1MU14@1224|Proteobacteria,2TRID@28211|Alphaproteobacteria,2K0IB@204457|Sphingomonadales","Participates in transcription elongation, termination and antitermination"
"ko:K02601",1214.3696625302,0.164223157201292,0.0504299234872896,3.25646254931724,0.0011280981124637,0.0450019679458494,"k87_4092583_2","COG0250@1|root,COG0250@2|Bacteria,2GJFW@201174|Actinobacteria,4CQ4I@84995|Rubrobacteria","Participates in transcription elongation, termination and antitermination"
"ko:K02601",1214.3696625302,0.164223157201292,0.0504299234872896,3.25646254931724,0.0011280981124637,0.0450019679458494,"k87_4111564_1","COG0250@1|root,COG0250@2|Bacteria,2GJFW@201174|Actinobacteria,4DPR5@85009|Propionibacteriales","Participates in transcription elongation, termination and antitermination"
"ko:K02601",1214.3696625302,0.164223157201292,0.0504299234872896,3.25646254931724,0.0011280981124637,0.0450019679458494,"k87_4386558_2","COG0250@1|root,COG0250@2|Bacteria,1MU14@1224|Proteobacteria,2VKUA@28216|Betaproteobacteria,4AB50@80864|Comamonadaceae","Participates in transcription elongation, termination and antitermination"
"ko:K02601",1214.3696625302,0.164223157201292,0.0504299234872896,3.25646254931724,0.0011280981124637,0.0450019679458494,"k87_4466884_2","COG0250@1|root,COG0250@2|Bacteria,1MU14@1224|Proteobacteria,1RMW0@1236|Gammaproteobacteria,1X36J@135614|Xanthomonadales","Participates in transcription elongation, termination and antitermination"
"ko:K02601",1214.3696625302,0.164223157201292,0.0504299234872896,3.25646254931724,0.0011280981124637,0.0450019679458494,"k87_4733303_1","COG0250@1|root,COG0250@2|Bacteria,1MU14@1224|Proteobacteria,2VKUA@28216|Betaproteobacteria,4AB50@80864|Comamonadaceae","Participates in transcription elongation, termination and antitermination"
"ko:K02601",1214.3696625302,0.164223157201292,0.0504299234872896,3.25646254931724,0.0011280981124637,0.0450019679458494,"k87_5116283_2","COG0250@1|root,COG0250@2|Bacteria,1MU14@1224|Proteobacteria,2TRID@28211|Alphaproteobacteria,3FD2F@34008|Rhodovulum","Participates in transcription elongation, termination and antitermination"
"ko:K02601",1214.3696625302,0.164223157201292,0.0504299234872896,3.25646254931724,0.0011280981124637,0.0450019679458494,"k87_5197619_2","COG0250@1|root,COG0250@2|Bacteria,1MU14@1224|Proteobacteria,2TRID@28211|Alphaproteobacteria,43H6H@69277|Phyllobacteriaceae","Participates in transcription elongation, termination and antitermination"
"ko:K02601",1214.3696625302,0.164223157201292,0.0504299234872896,3.25646254931724,0.0011280981124637,0.0450019679458494,"k87_5582807_1","COG0250@1|root,COG0250@2|Bacteria,3J0JA@40117|Nitrospirae","Participates in transcription elongation, termination and antitermination"
"ko:K02601",1214.3696625302,0.164223157201292,0.0504299234872896,3.25646254931724,0.0011280981124637,0.0450019679458494,"k87_5861716_1","COG0250@1|root,COG0250@2|Bacteria,1MU14@1224|Proteobacteria,2TRID@28211|Alphaproteobacteria,3EXXK@335928|Xanthobacteraceae","Participates in transcription elongation, termination and antitermination"
"ko:K02601",1214.3696625302,0.164223157201292,0.0504299234872896,3.25646254931724,0.0011280981124637,0.0450019679458494,"k87_5931234_2","COG0250@1|root,COG0250@2|Bacteria,2GJFW@201174|Actinobacteria","Participates in transcription elongation, termination and antitermination"
"ko:K02601",1214.3696625302,0.164223157201292,0.0504299234872896,3.25646254931724,0.0011280981124637,0.0450019679458494,"k87_5989841_2","COG0250@1|root,COG0250@2|Bacteria,2GJFW@201174|Actinobacteria,4ES8J@85013|Frankiales","Participates in transcription elongation, termination and antitermination"
"ko:K02601",1214.3696625302,0.164223157201292,0.0504299234872896,3.25646254931724,0.0011280981124637,0.0450019679458494,"k87_5993955_2","COG0250@1|root,COG0250@2|Bacteria,1MU14@1224|Proteobacteria,1RMW0@1236|Gammaproteobacteria,1X36J@135614|Xanthomonadales","Participates in transcription elongation, termination and antitermination"
"ko:K02601",1214.3696625302,0.164223157201292,0.0504299234872896,3.25646254931724,0.0011280981124637,0.0450019679458494,"k87_6316117_1","COG0250@1|root,COG0250@2|Bacteria,1MU14@1224|Proteobacteria,2TRID@28211|Alphaproteobacteria,4B8BA@82115|Rhizobiaceae","Participates in transcription elongation, termination and antitermination"
"ko:K02601",1214.3696625302,0.164223157201292,0.0504299234872896,3.25646254931724,0.0011280981124637,0.0450019679458494,"k87_6479351_2","COG0250@1|root,COG0250@2|Bacteria,1MU14@1224|Proteobacteria,2TRID@28211|Alphaproteobacteria,3FD2F@34008|Rhodovulum","Participates in transcription elongation, termination and antitermination"
"ko:K02867",1073.57667736373,0.245029712172918,0.0503503854830466,4.86649128546238,1.13596930074163e-06,0.000239527241127808,"k87_351_1","COG0080@1|root,COG0080@2|Bacteria,1RA2M@1224|Proteobacteria,2U760@28211|Alphaproteobacteria,3JV49@41294|Bradyrhizobiaceae","Forms part of the ribosomal stalk which helps the ribosome interact with GTP-bound translation factors"
"ko:K02867",1073.57667736373,0.245029712172918,0.0503503854830466,4.86649128546238,1.13596930074163e-06,0.000239527241127808,"k87_56048_2","COG0080@1|root,arCOG04372@2157|Archaea,41SJW@651137|Thaumarchaeota","Forms part of the ribosomal stalk which helps the ribosome interact with GTP-bound translation factors"
"ko:K02867",1073.57667736373,0.245029712172918,0.0503503854830466,4.86649128546238,1.13596930074163e-06,0.000239527241127808,"k87_73309_2","COG0080@1|root,COG0080@2|Bacteria,4NM60@976|Bacteroidetes,1IRUT@117747|Sphingobacteriia","Forms part of the ribosomal stalk which helps the ribosome interact with GTP-bound translation factors"
"ko:K02867",1073.57667736373,0.245029712172918,0.0503503854830466,4.86649128546238,1.13596930074163e-06,0.000239527241127808,"k87_86506_3","COG0080@1|root,COG0080@2|Bacteria,2G6FF@200795|Chloroflexi,27Y72@189775|Thermomicrobia","Forms part of the ribosomal stalk which helps the ribosome interact with GTP-bound translation factors"
"ko:K02867",1073.57667736373,0.245029712172918,0.0503503854830466,4.86649128546238,1.13596930074163e-06,0.000239527241127808,"k87_101823_3","COG0080@1|root,COG0080@2|Bacteria,1RA2M@1224|Proteobacteria,2VPZW@28216|Betaproteobacteria,1K762@119060|Burkholderiaceae","Forms part of the ribosomal stalk which helps the ribosome interact with GTP-bound translation factors"
"ko:K02867",1073.57667736373,0.245029712172918,0.0503503854830466,4.86649128546238,1.13596930074163e-06,0.000239527241127808,"k87_104136_2","COG0080@1|root,COG0080@2|Bacteria,1RA2M@1224|Proteobacteria,2U760@28211|Alphaproteobacteria,43JNS@69277|Phyllobacteriaceae","Forms part of the ribosomal stalk which helps the ribosome interact with GTP-bound translation factors"
"ko:K02867",1073.57667736373,0.245029712172918,0.0503503854830466,4.86649128546238,1.13596930074163e-06,0.000239527241127808,"k87_141622_4","COG0080@1|root,arCOG04372@2157|Archaea,41SJW@651137|Thaumarchaeota","Forms part of the ribosomal stalk which helps the ribosome interact with GTP-bound translation factors"
"ko:K02867",1073.57667736373,0.245029712172918,0.0503503854830466,4.86649128546238,1.13596930074163e-06,0.000239527241127808,"k87_185124_2","COG0080@1|root,COG0080@2|Bacteria,1RA2M@1224|Proteobacteria,2U760@28211|Alphaproteobacteria,1JTJ4@119045|Methylobacteriaceae","Forms part of the ribosomal stalk which helps the ribosome interact with GTP-bound translation factors"
"ko:K02867",1073.57667736373,0.245029712172918,0.0503503854830466,4.86649128546238,1.13596930074163e-06,0.000239527241127808,"k87_287584_4","COG0080@1|root,COG0080@2|Bacteria,46SPZ@74201|Verrucomicrobia,3K7Z5@414999|Opitutae","Forms part of the ribosomal stalk which helps the ribosome interact with GTP-bound translation factors"
"ko:K02867",1073.57667736373,0.245029712172918,0.0503503854830466,4.86649128546238,1.13596930074163e-06,0.000239527241127808,"k87_335503_2","COG0080@1|root,COG0080@2|Bacteria,2IFCK@201174|Actinobacteria,4CQ3Y@84995|Rubrobacteria","Forms part of the ribosomal stalk which helps the ribosome interact with GTP-bound translation factors"
"ko:K02867",1073.57667736373,0.245029712172918,0.0503503854830466,4.86649128546238,1.13596930074163e-06,0.000239527241127808,"k87_337129_3","COG0080@1|root,COG0080@2|Bacteria,1RA2M@1224|Proteobacteria,1S22R@1236|Gammaproteobacteria,1WXZD@135613|Chromatiales","Forms part of the ribosomal stalk which helps the ribosome interact with GTP-bound translation factors"
"ko:K02867",1073.57667736373,0.245029712172918,0.0503503854830466,4.86649128546238,1.13596930074163e-06,0.000239527241127808,"k87_347217_1","COG0080@1|root,COG0080@2|Bacteria,1RA2M@1224|Proteobacteria,2VPZW@28216|Betaproteobacteria,47449@75682|Oxalobacteraceae","Forms part of the ribosomal stalk which helps the ribosome interact with GTP-bound translation factors"
"ko:K02867",1073.57667736373,0.245029712172918,0.0503503854830466,4.86649128546238,1.13596930074163e-06,0.000239527241127808,"k87_619061_1","COG0080@1|root,arCOG04372@2157|Archaea,41SJW@651137|Thaumarchaeota","Forms part of the ribosomal stalk which helps the ribosome interact with GTP-bound translation factors"
"ko:K02867",1073.57667736373,0.245029712172918,0.0503503854830466,4.86649128546238,1.13596930074163e-06,0.000239527241127808,"k87_765833_2","COG0080@1|root,COG0080@2|Bacteria,2IFCK@201174|Actinobacteria,4DQC0@85009|Propionibacteriales","Forms part of the ribosomal stalk which helps the ribosome interact with GTP-bound translation factors"
"ko:K02867",1073.57667736373,0.245029712172918,0.0503503854830466,4.86649128546238,1.13596930074163e-06,0.000239527241127808,"k87_815853_3","COG0080@1|root,COG0080@2|Bacteria,1RA2M@1224|Proteobacteria,2U760@28211|Alphaproteobacteria,2JS5J@204441|Rhodospirillales","Forms part of the ribosomal stalk which helps the ribosome interact with GTP-bound translation factors"
"ko:K02867",1073.57667736373,0.245029712172918,0.0503503854830466,4.86649128546238,1.13596930074163e-06,0.000239527241127808,"k87_867842_2","COG0080@1|root,COG0080@2|Bacteria,2IFCK@201174|Actinobacteria,4CQ3Y@84995|Rubrobacteria","Forms part of the ribosomal stalk which helps the ribosome interact with GTP-bound translation factors"
"ko:K02867",1073.57667736373,0.245029712172918,0.0503503854830466,4.86649128546238,1.13596930074163e-06,0.000239527241127808,"k87_979042_1","COG0080@1|root,COG0080@2|Bacteria,1ZTQZ@142182|Gemmatimonadetes","Forms part of the ribosomal stalk which helps the ribosome interact with GTP-bound translation factors"
"ko:K02867",1073.57667736373,0.245029712172918,0.0503503854830466,4.86649128546238,1.13596930074163e-06,0.000239527241127808,"k87_1108700_3","COG0080@1|root,COG0080@2|Bacteria,1V1BS@1239|Firmicutes,24FSQ@186801|Clostridia,3WAND@53433|Halanaerobiales","Forms part of the ribosomal stalk which helps the ribosome interact with GTP-bound translation factors"
"ko:K02867",1073.57667736373,0.245029712172918,0.0503503854830466,4.86649128546238,1.13596930074163e-06,0.000239527241127808,"k87_1253796_1","COG0080@1|root,COG0080@2|Bacteria,1RA2M@1224|Proteobacteria,2U760@28211|Alphaproteobacteria,3EXVG@335928|Xanthobacteraceae","Forms part of the ribosomal stalk which helps the ribosome interact with GTP-bound translation factors"
"ko:K02867",1073.57667736373,0.245029712172918,0.0503503854830466,4.86649128546238,1.13596930074163e-06,0.000239527241127808,"k87_1302831_1","COG0080@1|root,COG0080@2|Bacteria,1RA2M@1224|Proteobacteria,42RE7@68525|delta/epsilon subdivisions,2WNAH@28221|Deltaproteobacteria,43UY3@69541|Desulfuromonadales","Ribosomal protein L11/L12"
"ko:K02867",1073.57667736373,0.245029712172918,0.0503503854830466,4.86649128546238,1.13596930074163e-06,0.000239527241127808,"k87_1354276_1","COG0080@1|root,COG0080@2|Bacteria,2IFCK@201174|Actinobacteria,4FNGC@85023|Microbacteriaceae","Forms part of the ribosomal stalk which helps the ribosome interact with GTP-bound translation factors"
"ko:K02867",1073.57667736373,0.245029712172918,0.0503503854830466,4.86649128546238,1.13596930074163e-06,0.000239527241127808,"k87_1375850_1","COG0080@1|root,COG0080@2|Bacteria,1RA2M@1224|Proteobacteria,2VPZW@28216|Betaproteobacteria,1KKMH@119065|unclassified Burkholderiales","Forms part of the ribosomal stalk which helps the ribosome interact with GTP-bound translation factors"
"ko:K02867",1073.57667736373,0.245029712172918,0.0503503854830466,4.86649128546238,1.13596930074163e-06,0.000239527241127808,"k87_1617232_2","COG0080@1|root,COG0080@2|Bacteria,2IFCK@201174|Actinobacteria,4CQ3Y@84995|Rubrobacteria","Forms part of the ribosomal stalk which helps the ribosome interact with GTP-bound translation factors"
"ko:K02867",1073.57667736373,0.245029712172918,0.0503503854830466,4.86649128546238,1.13596930074163e-06,0.000239527241127808,"k87_1632911_2","COG0080@1|root,COG0080@2|Bacteria,2IFCK@201174|Actinobacteria,4CQ3Y@84995|Rubrobacteria","Forms part of the ribosomal stalk which helps the ribosome interact with GTP-bound translation factors"
"ko:K02867",1073.57667736373,0.245029712172918,0.0503503854830466,4.86649128546238,1.13596930074163e-06,0.000239527241127808,"k87_1846604_3","COG0080@1|root,COG0080@2|Bacteria,1RA2M@1224|Proteobacteria,1S22R@1236|Gammaproteobacteria,1WXZD@135613|Chromatiales","Forms part of the ribosomal stalk which helps the ribosome interact with GTP-bound translation factors"
"ko:K02867",1073.57667736373,0.245029712172918,0.0503503854830466,4.86649128546238,1.13596930074163e-06,0.000239527241127808,"k87_2027030_1","COG0080@1|root,COG0080@2|Bacteria,1RA2M@1224|Proteobacteria,2VPZW@28216|Betaproteobacteria,4ADI2@80864|Comamonadaceae","Forms part of the ribosomal stalk which helps the ribosome interact with GTP-bound translation factors"
"ko:K02867",1073.57667736373,0.245029712172918,0.0503503854830466,4.86649128546238,1.13596930074163e-06,0.000239527241127808,"k87_2437509_3","COG0080@1|root,COG0080@2|Bacteria,1RA2M@1224|Proteobacteria,2U760@28211|Alphaproteobacteria,1JTJ4@119045|Methylobacteriaceae","Forms part of the ribosomal stalk which helps the ribosome interact with GTP-bound translation factors"
"ko:K02867",1073.57667736373,0.245029712172918,0.0503503854830466,4.86649128546238,1.13596930074163e-06,0.000239527241127808,"k87_2468474_1","COG0080@1|root,COG0080@2|Bacteria,1RA2M@1224|Proteobacteria,2U760@28211|Alphaproteobacteria,2K3Z9@204457|Sphingomonadales","Forms part of the ribosomal stalk which helps the ribosome interact with GTP-bound translation factors"
"ko:K02867",1073.57667736373,0.245029712172918,0.0503503854830466,4.86649128546238,1.13596930074163e-06,0.000239527241127808,"k87_2543104_3","COG0080@1|root,COG0080@2|Bacteria,1V1BS@1239|Firmicutes,4HFQ0@91061|Bacilli,1ZFIG@1386|Bacillus","Forms part of the ribosomal stalk which helps the ribosome interact with GTP-bound translation factors"
"ko:K02867",1073.57667736373,0.245029712172918,0.0503503854830466,4.86649128546238,1.13596930074163e-06,0.000239527241127808,"k87_2758539_3","COG0080@1|root,COG0080@2|Bacteria,2IFCK@201174|Actinobacteria,4CQ3Y@84995|Rubrobacteria","Forms part of the ribosomal stalk which helps the ribosome interact with GTP-bound translation factors"
"ko:K02867",1073.57667736373,0.245029712172918,0.0503503854830466,4.86649128546238,1.13596930074163e-06,0.000239527241127808,"k87_2974418_1","COG0080@1|root,COG0080@2|Bacteria,1RA2M@1224|Proteobacteria,1S22R@1236|Gammaproteobacteria,1X5ZW@135614|Xanthomonadales","Forms part of the ribosomal stalk which helps the ribosome interact with GTP-bound translation factors"
"ko:K02867",1073.57667736373,0.245029712172918,0.0503503854830466,4.86649128546238,1.13596930074163e-06,0.000239527241127808,"k87_3878947_1","COG0080@1|root,COG0080@2|Bacteria,2IFCK@201174|Actinobacteria,4CQ3Y@84995|Rubrobacteria","Forms part of the ribosomal stalk which helps the ribosome interact with GTP-bound translation factors"
"ko:K02867",1073.57667736373,0.245029712172918,0.0503503854830466,4.86649128546238,1.13596930074163e-06,0.000239527241127808,"k87_3923908_3","COG0080@1|root,COG0080@2|Bacteria,1RA2M@1224|Proteobacteria,1S22R@1236|Gammaproteobacteria,1X5ZW@135614|Xanthomonadales","Forms part of the ribosomal stalk which helps the ribosome interact with GTP-bound translation factors"
"ko:K02867",1073.57667736373,0.245029712172918,0.0503503854830466,4.86649128546238,1.13596930074163e-06,0.000239527241127808,"k87_3993502_2","COG0080@1|root,arCOG04372@2157|Archaea,41SJW@651137|Thaumarchaeota","Forms part of the ribosomal stalk which helps the ribosome interact with GTP-bound translation factors"
"ko:K02867",1073.57667736373,0.245029712172918,0.0503503854830466,4.86649128546238,1.13596930074163e-06,0.000239527241127808,"k87_4092583_3","COG0080@1|root,COG0080@2|Bacteria,2IFCK@201174|Actinobacteria,4CQ3Y@84995|Rubrobacteria","Forms part of the ribosomal stalk which helps the ribosome interact with GTP-bound translation factors"
"ko:K02867",1073.57667736373,0.245029712172918,0.0503503854830466,4.86649128546238,1.13596930074163e-06,0.000239527241127808,"k87_4386558_3","COG0080@1|root,COG0080@2|Bacteria,1RA2M@1224|Proteobacteria,2VPZW@28216|Betaproteobacteria,4ADI2@80864|Comamonadaceae","Forms part of the ribosomal stalk which helps the ribosome interact with GTP-bound translation factors"
"ko:K02867",1073.57667736373,0.245029712172918,0.0503503854830466,4.86649128546238,1.13596930074163e-06,0.000239527241127808,"k87_4466884_1","COG0080@1|root,COG0080@2|Bacteria,1RA2M@1224|Proteobacteria,1S22R@1236|Gammaproteobacteria,1X5ZW@135614|Xanthomonadales","Forms part of the ribosomal stalk which helps the ribosome interact with GTP-bound translation factors"
"ko:K02867",1073.57667736373,0.245029712172918,0.0503503854830466,4.86649128546238,1.13596930074163e-06,0.000239527241127808,"k87_4629519_1","COG0080@1|root,COG0080@2|Bacteria,1RA2M@1224|Proteobacteria,2U760@28211|Alphaproteobacteria,3JV49@41294|Bradyrhizobiaceae","Forms part of the ribosomal stalk which helps the ribosome interact with GTP-bound translation factors"
"ko:K02867",1073.57667736373,0.245029712172918,0.0503503854830466,4.86649128546238,1.13596930074163e-06,0.000239527241127808,"k87_4640291_2","COG0080@1|root,COG0080@2|Bacteria,1RA2M@1224|Proteobacteria,2U760@28211|Alphaproteobacteria,47FBQ@766|Rickettsiales","Forms part of the ribosomal stalk which helps the ribosome interact with GTP-bound translation factors"
"ko:K02867",1073.57667736373,0.245029712172918,0.0503503854830466,4.86649128546238,1.13596930074163e-06,0.000239527241127808,"k87_4690820_2","COG0080@1|root,COG0080@2|Bacteria,1V1BS@1239|Firmicutes,24FSQ@186801|Clostridia,3WAND@53433|Halanaerobiales","Forms part of the ribosomal stalk which helps the ribosome interact with GTP-bound translation factors"
"ko:K02867",1073.57667736373,0.245029712172918,0.0503503854830466,4.86649128546238,1.13596930074163e-06,0.000239527241127808,"k87_4966021_4","COG0080@1|root,COG0080@2|Bacteria,1RA2M@1224|Proteobacteria,2U760@28211|Alphaproteobacteria,43JNS@69277|Phyllobacteriaceae","Forms part of the ribosomal stalk which helps the ribosome interact with GTP-bound translation factors"
"ko:K02867",1073.57667736373,0.245029712172918,0.0503503854830466,4.86649128546238,1.13596930074163e-06,0.000239527241127808,"k87_5116283_3","COG0080@1|root,COG0080@2|Bacteria,1RA2M@1224|Proteobacteria,2U760@28211|Alphaproteobacteria,3JV49@41294|Bradyrhizobiaceae","Forms part of the ribosomal stalk which helps the ribosome interact with GTP-bound translation factors"
"ko:K02867",1073.57667736373,0.245029712172918,0.0503503854830466,4.86649128546238,1.13596930074163e-06,0.000239527241127808,"k87_5132406_2","COG0080@1|root,COG0080@2|Bacteria,2IFCK@201174|Actinobacteria,4DQC0@85009|Propionibacteriales","Forms part of the ribosomal stalk which helps the ribosome interact with GTP-bound translation factors"
"ko:K02867",1073.57667736373,0.245029712172918,0.0503503854830466,4.86649128546238,1.13596930074163e-06,0.000239527241127808,"k87_5150742_3","COG0080@1|root,COG0080@2|Bacteria,2IFCK@201174|Actinobacteria,4CQ3Y@84995|Rubrobacteria","Forms part of the ribosomal stalk which helps the ribosome interact with GTP-bound translation factors"
"ko:K02867",1073.57667736373,0.245029712172918,0.0503503854830466,4.86649128546238,1.13596930074163e-06,0.000239527241127808,"k87_5197619_3","COG0080@1|root,COG0080@2|Bacteria,1RA2M@1224|Proteobacteria,2U760@28211|Alphaproteobacteria,43JNS@69277|Phyllobacteriaceae","Forms part of the ribosomal stalk which helps the ribosome interact with GTP-bound translation factors"
"ko:K02867",1073.57667736373,0.245029712172918,0.0503503854830466,4.86649128546238,1.13596930074163e-06,0.000239527241127808,"k87_5514101_2","COG0080@1|root,COG0080@2|Bacteria,1RA2M@1224|Proteobacteria,2U760@28211|Alphaproteobacteria,2JS5J@204441|Rhodospirillales","Forms part of the ribosomal stalk which helps the ribosome interact with GTP-bound translation factors"
"ko:K02867",1073.57667736373,0.245029712172918,0.0503503854830466,4.86649128546238,1.13596930074163e-06,0.000239527241127808,"k87_5568955_1","COG0080@1|root,COG0080@2|Bacteria,1RA2M@1224|Proteobacteria,2VPZW@28216|Betaproteobacteria,47449@75682|Oxalobacteraceae","Forms part of the ribosomal stalk which helps the ribosome interact with GTP-bound translation factors"
"ko:K02867",1073.57667736373,0.245029712172918,0.0503503854830466,4.86649128546238,1.13596930074163e-06,0.000239527241127808,"k87_5582807_2","COG0080@1|root,COG0080@2|Bacteria,3J0K2@40117|Nitrospirae","Forms part of the ribosomal stalk which helps the ribosome interact with GTP-bound translation factors"
"ko:K02867",1073.57667736373,0.245029712172918,0.0503503854830466,4.86649128546238,1.13596930074163e-06,0.000239527241127808,"k87_5861716_2","COG0080@1|root,COG0080@2|Bacteria,1RA2M@1224|Proteobacteria,2U760@28211|Alphaproteobacteria,3JV49@41294|Bradyrhizobiaceae","Forms part of the ribosomal stalk which helps the ribosome interact with GTP-bound translation factors"
"ko:K02867",1073.57667736373,0.245029712172918,0.0503503854830466,4.86649128546238,1.13596930074163e-06,0.000239527241127808,"k87_5931234_1","COG0080@1|root,COG0080@2|Bacteria,2IFCK@201174|Actinobacteria,4ESD8@85013|Frankiales","Forms part of the ribosomal stalk which helps the ribosome interact with GTP-bound translation factors"
"ko:K02867",1073.57667736373,0.245029712172918,0.0503503854830466,4.86649128546238,1.13596930074163e-06,0.000239527241127808,"k87_5951802_2","COG0080@1|root,COG0080@2|Bacteria,2IFCK@201174|Actinobacteria,4ESD8@85013|Frankiales","Forms part of the ribosomal stalk which helps the ribosome interact with GTP-bound translation factors"
"ko:K02867",1073.57667736373,0.245029712172918,0.0503503854830466,4.86649128546238,1.13596930074163e-06,0.000239527241127808,"k87_5989841_1","COG0080@1|root,COG0080@2|Bacteria,2IFCK@201174|Actinobacteria,4ESD8@85013|Frankiales","Forms part of the ribosomal stalk which helps the ribosome interact with GTP-bound translation factors"
"ko:K02867",1073.57667736373,0.245029712172918,0.0503503854830466,4.86649128546238,1.13596930074163e-06,0.000239527241127808,"k87_5993955_1","COG0080@1|root,COG0080@2|Bacteria,1RA2M@1224|Proteobacteria,1S22R@1236|Gammaproteobacteria,1X5ZW@135614|Xanthomonadales","Forms part of the ribosomal stalk which helps the ribosome interact with GTP-bound translation factors"
"ko:K02867",1073.57667736373,0.245029712172918,0.0503503854830466,4.86649128546238,1.13596930074163e-06,0.000239527241127808,"k87_6093906_1","COG0080@1|root,COG0080@2|Bacteria,1RA2M@1224|Proteobacteria,42RE7@68525|delta/epsilon subdivisions,2MT0G@213481|Bdellovibrionales,2WNAH@28221|Deltaproteobacteria","Forms part of the ribosomal stalk which helps the ribosome interact with GTP-bound translation factors"
"ko:K02867",1073.57667736373,0.245029712172918,0.0503503854830466,4.86649128546238,1.13596930074163e-06,0.000239527241127808,"k87_6431129_1","COG0080@1|root,COG0080@2|Bacteria,1RA2M@1224|Proteobacteria,2U760@28211|Alphaproteobacteria,4BECM@82115|Rhizobiaceae","Forms part of the ribosomal stalk which helps the ribosome interact with GTP-bound translation factors"
"ko:K02867",1073.57667736373,0.245029712172918,0.0503503854830466,4.86649128546238,1.13596930074163e-06,0.000239527241127808,"k87_6479351_3","COG0080@1|root,KOG3257@2759|Eukaryota,3A3F4@33154|Opisthokonta","Belongs to the universal ribosomal protein uL11 family"
"ko:K02867",1073.57667736373,0.245029712172918,0.0503503854830466,4.86649128546238,1.13596930074163e-06,0.000239527241127808,"k87_6762634_2","COG0080@1|root,COG0080@2|Bacteria,2G6FF@200795|Chloroflexi,27Y72@189775|Thermomicrobia","Forms part of the ribosomal stalk which helps the ribosome interact with GTP-bound translation factors"
"ko:K02867",1073.57667736373,0.245029712172918,0.0503503854830466,4.86649128546238,1.13596930074163e-06,0.000239527241127808,"k87_6919255_1","COG0080@1|root,arCOG04372@2157|Archaea,41SJW@651137|Thaumarchaeota","Forms part of the ribosomal stalk which helps the ribosome interact with GTP-bound translation factors"
"ko:K02867",1073.57667736373,0.245029712172918,0.0503503854830466,4.86649128546238,1.13596930074163e-06,0.000239527241127808,"k87_7015110_1","COG0080@1|root,COG0080@2|Bacteria,4NM60@976|Bacteroidetes,1IRUT@117747|Sphingobacteriia","Forms part of the ribosomal stalk which helps the ribosome interact with GTP-bound translation factors"
"ko:K02874",1664.44972159633,0.150658050077443,0.0384073034694344,3.92264065602368,8.7583731104819e-05,0.00718186595059516,"k87_19773_1","COG0093@1|root,arCOG04095@2157|Archaea,41SHG@651137|Thaumarchaeota","Binds to 23S rRNA. Forms part of two intersubunit bridges in the 70S ribosome"
"ko:K02874",1664.44972159633,0.150658050077443,0.0384073034694344,3.92264065602368,8.7583731104819e-05,0.00718186595059516,"k87_30420_5","COG0093@1|root,arCOG04095@2157|Archaea,41SHG@651137|Thaumarchaeota","Binds to 23S rRNA. Forms part of two intersubunit bridges in the 70S ribosome"
"ko:K02874",1664.44972159633,0.150658050077443,0.0384073034694344,3.92264065602368,8.7583731104819e-05,0.00718186595059516,"k87_39801_16","COG0093@1|root,arCOG04095@2157|Archaea,41SHG@651137|Thaumarchaeota","Binds to 23S rRNA. Forms part of two intersubunit bridges in the 70S ribosome"
"ko:K02874",1664.44972159633,0.150658050077443,0.0384073034694344,3.92264065602368,8.7583731104819e-05,0.00718186595059516,"k87_50264_3","COG0093@1|root,KOG0901@2759|Eukaryota,37UWF@33090|Viridiplantae,3GIPC@35493|Streptophyta,3M07M@4447|Liliopsida,3IHKU@38820|Poales","Belongs to the universal ribosomal protein uL14 family"
"ko:K02874",1664.44972159633,0.150658050077443,0.0384073034694344,3.92264065602368,8.7583731104819e-05,0.00718186595059516,"k87_63862_2","COG0093@1|root,COG0093@2|Bacteria,1RCWZ@1224|Proteobacteria,2U743@28211|Alphaproteobacteria,3JYBD@41294|Bradyrhizobiaceae","Binds to 23S rRNA. Forms part of two intersubunit bridges in the 70S ribosome"
"ko:K02874",1664.44972159633,0.150658050077443,0.0384073034694344,3.92264065602368,8.7583731104819e-05,0.00718186595059516,"k87_73028_4","COG0093@1|root,COG0093@2|Bacteria,1RCWZ@1224|Proteobacteria,42RHR@68525|delta/epsilon subdivisions,2WNEK@28221|Deltaproteobacteria","Binds to 23S rRNA. Forms part of two intersubunit bridges in the 70S ribosome"
"ko:K02874",1664.44972159633,0.150658050077443,0.0384073034694344,3.92264065602368,8.7583731104819e-05,0.00718186595059516,"k87_85619_5","COG0093@1|root,COG0093@2|Bacteria,46VID@74201|Verrucomicrobia,2IUB7@203494|Verrucomicrobiae","Binds to 23S rRNA. Forms part of two intersubunit bridges in the 70S ribosome"
"ko:K02874",1664.44972159633,0.150658050077443,0.0384073034694344,3.92264065602368,8.7583731104819e-05,0.00718186595059516,"k87_162324_5","COG0093@1|root,COG0093@2|Bacteria,1RCWZ@1224|Proteobacteria,2U743@28211|Alphaproteobacteria,3JYBD@41294|Bradyrhizobiaceae","Binds to 23S rRNA. Forms part of two intersubunit bridges in the 70S ribosome"
"ko:K02874",1664.44972159633,0.150658050077443,0.0384073034694344,3.92264065602368,8.7583731104819e-05,0.00718186595059516,"k87_235363_11","COG0093@1|root,COG0093@2|Bacteria,1RCWZ@1224|Proteobacteria,2U743@28211|Alphaproteobacteria,3N6TX@45401|Hyphomicrobiaceae","Binds to 23S rRNA. Forms part of two intersubunit bridges in the 70S ribosome"
"ko:K02874",1664.44972159633,0.150658050077443,0.0384073034694344,3.92264065602368,8.7583731104819e-05,0.00718186595059516,"k87_244703_3","COG0093@1|root,COG0093@2|Bacteria,1RCWZ@1224|Proteobacteria,2U743@28211|Alphaproteobacteria,3JYBD@41294|Bradyrhizobiaceae","Binds to 23S rRNA. Forms part of two intersubunit bridges in the 70S ribosome"
"ko:K02874",1664.44972159633,0.150658050077443,0.0384073034694344,3.92264065602368,8.7583731104819e-05,0.00718186595059516,"k87_263384_2","COG0093@1|root,COG0093@2|Bacteria,2IHNX@201174|Actinobacteria,4DDMH@85008|Micromonosporales","Binds to 23S rRNA. Forms part of two intersubunit bridges in the 70S ribosome"
"ko:K02874",1664.44972159633,0.150658050077443,0.0384073034694344,3.92264065602368,8.7583731104819e-05,0.00718186595059516,"k87_289574_1","COG0093@1|root,COG0093@2|Bacteria,1RCWZ@1224|Proteobacteria,2U743@28211|Alphaproteobacteria,34FEN@302485|Phaeobacter","Binds to 23S rRNA. Forms part of two intersubunit bridges in the 70S ribosome"
"ko:K02874",1664.44972159633,0.150658050077443,0.0384073034694344,3.92264065602368,8.7583731104819e-05,0.00718186595059516,"k87_318094_4","COG0093@1|root,COG0093@2|Bacteria,1RCWZ@1224|Proteobacteria,1S3Z3@1236|Gammaproteobacteria,1YQ8D@136843|Pseudomonas fluorescens group","Binds to 23S rRNA. Forms part of two intersubunit bridges in the 70S ribosome"
"ko:K02874",1664.44972159633,0.150658050077443,0.0384073034694344,3.92264065602368,8.7583731104819e-05,0.00718186595059516,"k87_329869_4","COG0093@1|root,COG0093@2|Bacteria,3J0JD@40117|Nitrospirae","Binds to 23S rRNA. Forms part of two intersubunit bridges in the 70S ribosome"
"ko:K02874",1664.44972159633,0.150658050077443,0.0384073034694344,3.92264065602368,8.7583731104819e-05,0.00718186595059516,"k87_334801_4","COG0093@1|root,COG0093@2|Bacteria,46VID@74201|Verrucomicrobia,2IUB7@203494|Verrucomicrobiae","Binds to 23S rRNA. Forms part of two intersubunit bridges in the 70S ribosome"
"ko:K02874",1664.44972159633,0.150658050077443,0.0384073034694344,3.92264065602368,8.7583731104819e-05,0.00718186595059516,"k87_472345_3","COG0093@1|root,COG0093@2|Bacteria,1RCWZ@1224|Proteobacteria,2VR2N@28216|Betaproteobacteria,1KM02@119065|unclassified Burkholderiales","Binds to 23S rRNA. Forms part of two intersubunit bridges in the 70S ribosome"
"ko:K02874",1664.44972159633,0.150658050077443,0.0384073034694344,3.92264065602368,8.7583731104819e-05,0.00718186595059516,"k87_525747_2","COG0093@1|root,COG0093@2|Bacteria,1RCWZ@1224|Proteobacteria,1S3Z3@1236|Gammaproteobacteria,1X6K2@135614|Xanthomonadales","Binds to 23S rRNA. Forms part of two intersubunit bridges in the 70S ribosome"
"ko:K02874",1664.44972159633,0.150658050077443,0.0384073034694344,3.92264065602368,8.7583731104819e-05,0.00718186595059516,"k87_655508_5","COG0093@1|root,COG0093@2|Bacteria,2IHNX@201174|Actinobacteria,1W96W@1268|Micrococcaceae","Binds to 23S rRNA. Forms part of two intersubunit bridges in the 70S ribosome"
"ko:K02874",1664.44972159633,0.150658050077443,0.0384073034694344,3.92264065602368,8.7583731104819e-05,0.00718186595059516,"k87_700980_3","COG0093@1|root,COG0093@2|Bacteria,2IHNX@201174|Actinobacteria,4CQ56@84995|Rubrobacteria","Binds to 23S rRNA. Forms part of two intersubunit bridges in the 70S ribosome"
"ko:K02874",1664.44972159633,0.150658050077443,0.0384073034694344,3.92264065602368,8.7583731104819e-05,0.00718186595059516,"k87_776541_1","COG0093@1|root,COG0093@2|Bacteria,2IHNX@201174|Actinobacteria,4EJ1X@85012|Streptosporangiales","Binds to 23S rRNA. Forms part of two intersubunit bridges in the 70S ribosome"
"ko:K02874",1664.44972159633,0.150658050077443,0.0384073034694344,3.92264065602368,8.7583731104819e-05,0.00718186595059516,"k87_926545_3","COG0093@1|root,COG0093@2|Bacteria,2IHNX@201174|Actinobacteria,4CMZN@84992|Acidimicrobiia","Binds to 23S rRNA. Forms part of two intersubunit bridges in the 70S ribosome"
"ko:K02874",1664.44972159633,0.150658050077443,0.0384073034694344,3.92264065602368,8.7583731104819e-05,0.00718186595059516,"k87_995096_3","COG0093@1|root,COG0093@2|Bacteria,2G6MZ@200795|Chloroflexi,27YG0@189775|Thermomicrobia","Binds to 23S rRNA. Forms part of two intersubunit bridges in the 70S ribosome"
"ko:K02874",1664.44972159633,0.150658050077443,0.0384073034694344,3.92264065602368,8.7583731104819e-05,0.00718186595059516,"k87_998577_5","COG0093@1|root,COG0093@2|Bacteria,1RCWZ@1224|Proteobacteria,2VR2N@28216|Betaproteobacteria,4ADWB@80864|Comamonadaceae","Binds to 23S rRNA. Forms part of two intersubunit bridges in the 70S ribosome"
"ko:K02874",1664.44972159633,0.150658050077443,0.0384073034694344,3.92264065602368,8.7583731104819e-05,0.00718186595059516,"k87_1007820_6","COG0093@1|root,COG0093@2|Bacteria,2IHNX@201174|Actinobacteria,4CQ56@84995|Rubrobacteria","Binds to 23S rRNA. Forms part of two intersubunit bridges in the 70S ribosome"
"ko:K02874",1664.44972159633,0.150658050077443,0.0384073034694344,3.92264065602368,8.7583731104819e-05,0.00718186595059516,"k87_1024675_1","COG0093@1|root,COG0093@2|Bacteria,1RCWZ@1224|Proteobacteria,1S3Z3@1236|Gammaproteobacteria,1YFVN@136841|Pseudomonas aeruginosa group","Binds to 23S rRNA. Forms part of two intersubunit bridges in the 70S ribosome"
"ko:K02874",1664.44972159633,0.150658050077443,0.0384073034694344,3.92264065602368,8.7583731104819e-05,0.00718186595059516,"k87_1032027_2","COG0093@1|root,COG0093@2|Bacteria,2IHNX@201174|Actinobacteria,4GE3F@85026|Gordoniaceae","Binds to 23S rRNA. Forms part of two intersubunit bridges in the 70S ribosome"
"ko:K02874",1664.44972159633,0.150658050077443,0.0384073034694344,3.92264065602368,8.7583731104819e-05,0.00718186595059516,"k87_1042347_3","COG0093@1|root,arCOG04095@2157|Archaea,41SHG@651137|Thaumarchaeota","Binds to 23S rRNA. Forms part of two intersubunit bridges in the 70S ribosome"
"ko:K02874",1664.44972159633,0.150658050077443,0.0384073034694344,3.92264065602368,8.7583731104819e-05,0.00718186595059516,"k87_1059196_4","COG0093@1|root,COG0093@2|Bacteria,2IHNX@201174|Actinobacteria","Binds to 23S rRNA. Forms part of two intersubunit bridges in the 70S ribosome"
"ko:K02874",1664.44972159633,0.150658050077443,0.0384073034694344,3.92264065602368,8.7583731104819e-05,0.00718186595059516,"k87_1103794_2","COG0093@1|root,COG0093@2|Bacteria,2IHNX@201174|Actinobacteria,4CQ56@84995|Rubrobacteria","Binds to 23S rRNA. Forms part of two intersubunit bridges in the 70S ribosome"
"ko:K02874",1664.44972159633,0.150658050077443,0.0384073034694344,3.92264065602368,8.7583731104819e-05,0.00718186595059516,"k87_1124918_1","COG0093@1|root,COG0093@2|Bacteria,1RCWZ@1224|Proteobacteria,2VR2N@28216|Betaproteobacteria,4ADWB@80864|Comamonadaceae","Binds to 23S rRNA. Forms part of two intersubunit bridges in the 70S ribosome"
"ko:K02874",1664.44972159633,0.150658050077443,0.0384073034694344,3.92264065602368,8.7583731104819e-05,0.00718186595059516,"k87_1308691_5","COG0093@1|root,arCOG04095@2157|Archaea,41SHG@651137|Thaumarchaeota","Binds to 23S rRNA. Forms part of two intersubunit bridges in the 70S ribosome"
"ko:K02874",1664.44972159633,0.150658050077443,0.0384073034694344,3.92264065602368,8.7583731104819e-05,0.00718186595059516,"k87_1359307_1","COG0093@1|root,COG0093@2|Bacteria,1FDZR@1090|Chlorobi","Binds to 23S rRNA. Forms part of two intersubunit bridges in the 70S ribosome"
"ko:K02874",1664.44972159633,0.150658050077443,0.0384073034694344,3.92264065602368,8.7583731104819e-05,0.00718186595059516,"k87_1397769_2","COG0093@1|root,COG0093@2|Bacteria,2IHNX@201174|Actinobacteria,4CQ56@84995|Rubrobacteria","Binds to 23S rRNA. Forms part of two intersubunit bridges in the 70S ribosome"
"ko:K02874",1664.44972159633,0.150658050077443,0.0384073034694344,3.92264065602368,8.7583731104819e-05,0.00718186595059516,"k87_1649182_1","COG0093@1|root,COG0093@2|Bacteria,2IHNX@201174|Actinobacteria,4DQTB@85009|Propionibacteriales","Binds to 23S rRNA. Forms part of two intersubunit bridges in the 70S ribosome"
"ko:K02874",1664.44972159633,0.150658050077443,0.0384073034694344,3.92264065602368,8.7583731104819e-05,0.00718186595059516,"k87_1661649_4","COG0093@1|root,COG0093@2|Bacteria,2IHNX@201174|Actinobacteria,4E3RG@85010|Pseudonocardiales","Binds to 23S rRNA. Forms part of two intersubunit bridges in the 70S ribosome"
"ko:K02874",1664.44972159633,0.150658050077443,0.0384073034694344,3.92264065602368,8.7583731104819e-05,0.00718186595059516,"k87_1673826_5","COG0093@1|root,COG0093@2|Bacteria,2IHNX@201174|Actinobacteria,4CQ56@84995|Rubrobacteria","Binds to 23S rRNA. Forms part of two intersubunit bridges in the 70S ribosome"
"ko:K02874",1664.44972159633,0.150658050077443,0.0384073034694344,3.92264065602368,8.7583731104819e-05,0.00718186595059516,"k87_1698956_5","COG0093@1|root,COG0093@2|Bacteria,2IHNX@201174|Actinobacteria,4CMZN@84992|Acidimicrobiia","Binds to 23S rRNA. Forms part of two intersubunit bridges in the 70S ribosome"
"ko:K02874",1664.44972159633,0.150658050077443,0.0384073034694344,3.92264065602368,8.7583731104819e-05,0.00718186595059516,"k87_1733915_7","COG0093@1|root,COG0093@2|Bacteria,1RCWZ@1224|Proteobacteria,1S3Z3@1236|Gammaproteobacteria,1X6K2@135614|Xanthomonadales","Binds to 23S rRNA. Forms part of two intersubunit bridges in the 70S ribosome"
"ko:K02874",1664.44972159633,0.150658050077443,0.0384073034694344,3.92264065602368,8.7583731104819e-05,0.00718186595059516,"k87_1746887_2","COG0093@1|root,COG0093@2|Bacteria,2IHNX@201174|Actinobacteria,4CQ56@84995|Rubrobacteria","Binds to 23S rRNA. Forms part of two intersubunit bridges in the 70S ribosome"
"ko:K02874",1664.44972159633,0.150658050077443,0.0384073034694344,3.92264065602368,8.7583731104819e-05,0.00718186595059516,"k87_1832709_4","COG0093@1|root,COG0093@2|Bacteria,1RCWZ@1224|Proteobacteria,2U743@28211|Alphaproteobacteria,2JSBJ@204441|Rhodospirillales","Binds to 23S rRNA. Forms part of two intersubunit bridges in the 70S ribosome"
"ko:K02874",1664.44972159633,0.150658050077443,0.0384073034694344,3.92264065602368,8.7583731104819e-05,0.00718186595059516,"k87_1902924_6","COG0093@1|root,COG0093@2|Bacteria,1RCWZ@1224|Proteobacteria,42RHR@68525|delta/epsilon subdivisions,2WNEK@28221|Deltaproteobacteria","Binds to 23S rRNA. Forms part of two intersubunit bridges in the 70S ribosome"
"ko:K02874",1664.44972159633,0.150658050077443,0.0384073034694344,3.92264065602368,8.7583731104819e-05,0.00718186595059516,"k87_1922098_3","COG0093@1|root,COG0093@2|Bacteria,1ZTPT@142182|Gemmatimonadetes","Binds to 23S rRNA. Forms part of two intersubunit bridges in the 70S ribosome"
"ko:K02874",1664.44972159633,0.150658050077443,0.0384073034694344,3.92264065602368,8.7583731104819e-05,0.00718186595059516,"k87_2144754_1","COG0093@1|root,COG0093@2|Bacteria,1RCWZ@1224|Proteobacteria,2VR2N@28216|Betaproteobacteria,2KWBZ@206389|Rhodocyclales","Binds to 23S rRNA. Forms part of two intersubunit bridges in the 70S ribosome"
"ko:K02874",1664.44972159633,0.150658050077443,0.0384073034694344,3.92264065602368,8.7583731104819e-05,0.00718186595059516,"k87_2190945_2","COG0093@1|root,COG0093@2|Bacteria,2IHNX@201174|Actinobacteria,4CQ56@84995|Rubrobacteria","Binds to 23S rRNA. Forms part of two intersubunit bridges in the 70S ribosome"
"ko:K02874",1664.44972159633,0.150658050077443,0.0384073034694344,3.92264065602368,8.7583731104819e-05,0.00718186595059516,"k87_2256517_2","COG0093@1|root,COG0093@2|Bacteria,2IHNX@201174|Actinobacteria,4CQ56@84995|Rubrobacteria","Binds to 23S rRNA. Forms part of two intersubunit bridges in the 70S ribosome"
"ko:K02874",1664.44972159633,0.150658050077443,0.0384073034694344,3.92264065602368,8.7583731104819e-05,0.00718186595059516,"k87_2379512_5","COG0093@1|root,COG0093@2|Bacteria,1RCWZ@1224|Proteobacteria,2U743@28211|Alphaproteobacteria,3N6TX@45401|Hyphomicrobiaceae","Binds to 23S rRNA. Forms part of two intersubunit bridges in the 70S ribosome"
"ko:K02874",1664.44972159633,0.150658050077443,0.0384073034694344,3.92264065602368,8.7583731104819e-05,0.00718186595059516,"k87_2461181_2","COG0093@1|root,COG0093@2|Bacteria,2IHNX@201174|Actinobacteria,22N79@1653|Corynebacteriaceae","Binds to 23S rRNA. Forms part of two intersubunit bridges in the 70S ribosome"
"ko:K02874",1664.44972159633,0.150658050077443,0.0384073034694344,3.92264065602368,8.7583731104819e-05,0.00718186595059516,"k87_2509584_3","COG0093@1|root,COG0093@2|Bacteria,4NNM6@976|Bacteroidetes,1ISEA@117747|Sphingobacteriia","Binds to 23S rRNA. Forms part of two intersubunit bridges in the 70S ribosome"
"ko:K02874",1664.44972159633,0.150658050077443,0.0384073034694344,3.92264065602368,8.7583731104819e-05,0.00718186595059516,"k87_2542711_2","COG0093@1|root,COG0093@2|Bacteria,1RCWZ@1224|Proteobacteria,1S3Z3@1236|Gammaproteobacteria,1X6K2@135614|Xanthomonadales","Binds to 23S rRNA. Forms part of two intersubunit bridges in the 70S ribosome"
"ko:K02874",1664.44972159633,0.150658050077443,0.0384073034694344,3.92264065602368,8.7583731104819e-05,0.00718186595059516,"k87_2625443_1","COG0093@1|root,COG0093@2|Bacteria,2IHNX@201174|Actinobacteria,4CQ56@84995|Rubrobacteria","Binds to 23S rRNA. Forms part of two intersubunit bridges in the 70S ribosome"
"ko:K02874",1664.44972159633,0.150658050077443,0.0384073034694344,3.92264065602368,8.7583731104819e-05,0.00718186595059516,"k87_2742861_2","COG0093@1|root,arCOG04095@2157|Archaea,41SHG@651137|Thaumarchaeota","Binds to 23S rRNA. Forms part of two intersubunit bridges in the 70S ribosome"
"ko:K02874",1664.44972159633,0.150658050077443,0.0384073034694344,3.92264065602368,8.7583731104819e-05,0.00718186595059516,"k87_2882016_2","COG0093@1|root,COG0093@2|Bacteria,1RCWZ@1224|Proteobacteria,2U743@28211|Alphaproteobacteria,1JUUB@119045|Methylobacteriaceae","Binds to 23S rRNA. Forms part of two intersubunit bridges in the 70S ribosome"
"ko:K02874",1664.44972159633,0.150658050077443,0.0384073034694344,3.92264065602368,8.7583731104819e-05,0.00718186595059516,"k87_2920296_1","COG0093@1|root,COG0093@2|Bacteria,4NNM6@976|Bacteroidetes,1ISEA@117747|Sphingobacteriia","Binds to 23S rRNA. Forms part of two intersubunit bridges in the 70S ribosome"
"ko:K02874",1664.44972159633,0.150658050077443,0.0384073034694344,3.92264065602368,8.7583731104819e-05,0.00718186595059516,"k87_2965397_4","COG0093@1|root,COG0093@2|Bacteria,1V3N0@1239|Firmicutes,4HGYR@91061|Bacilli,1ZG7H@1386|Bacillus","Binds to 23S rRNA. Forms part of two intersubunit bridges in the 70S ribosome"
"ko:K02874",1664.44972159633,0.150658050077443,0.0384073034694344,3.92264065602368,8.7583731104819e-05,0.00718186595059516,"k87_3296797_3","COG0093@1|root,COG0093@2|Bacteria,3J0JD@40117|Nitrospirae","Binds to 23S rRNA. Forms part of two intersubunit bridges in the 70S ribosome"
"ko:K02874",1664.44972159633,0.150658050077443,0.0384073034694344,3.92264065602368,8.7583731104819e-05,0.00718186595059516,"k87_3532660_3","COG0093@1|root,COG0093@2|Bacteria,1RCWZ@1224|Proteobacteria,2U743@28211|Alphaproteobacteria,3N6TX@45401|Hyphomicrobiaceae","Binds to 23S rRNA. Forms part of two intersubunit bridges in the 70S ribosome"
"ko:K02874",1664.44972159633,0.150658050077443,0.0384073034694344,3.92264065602368,8.7583731104819e-05,0.00718186595059516,"k87_3532924_1","COG0093@1|root,COG0093@2|Bacteria,2IHNX@201174|Actinobacteria,4CQ56@84995|Rubrobacteria","Binds to 23S rRNA. Forms part of two intersubunit bridges in the 70S ribosome"
"ko:K02874",1664.44972159633,0.150658050077443,0.0384073034694344,3.92264065602368,8.7583731104819e-05,0.00718186595059516,"k87_3549840_3","COG0093@1|root,arCOG04095@2157|Archaea,41SHG@651137|Thaumarchaeota","Binds to 23S rRNA. Forms part of two intersubunit bridges in the 70S ribosome"
"ko:K02874",1664.44972159633,0.150658050077443,0.0384073034694344,3.92264065602368,8.7583731104819e-05,0.00718186595059516,"k87_3553108_1","COG0093@1|root,COG0093@2|Bacteria,2IHNX@201174|Actinobacteria,4CQ56@84995|Rubrobacteria","Binds to 23S rRNA. Forms part of two intersubunit bridges in the 70S ribosome"
"ko:K02874",1664.44972159633,0.150658050077443,0.0384073034694344,3.92264065602368,8.7583731104819e-05,0.00718186595059516,"k87_3678217_1","COG0093@1|root,COG0093@2|Bacteria,1RCWZ@1224|Proteobacteria,2U743@28211|Alphaproteobacteria,4BEK9@82115|Rhizobiaceae","Binds to 23S rRNA. Forms part of two intersubunit bridges in the 70S ribosome"
"ko:K02874",1664.44972159633,0.150658050077443,0.0384073034694344,3.92264065602368,8.7583731104819e-05,0.00718186595059516,"k87_3680479_1","COG0093@1|root,COG0093@2|Bacteria,1RCWZ@1224|Proteobacteria,2U743@28211|Alphaproteobacteria,43JWN@69277|Phyllobacteriaceae","Binds to 23S rRNA. Forms part of two intersubunit bridges in the 70S ribosome"
"ko:K02874",1664.44972159633,0.150658050077443,0.0384073034694344,3.92264065602368,8.7583731104819e-05,0.00718186595059516,"k87_3741619_3","COG0093@1|root,COG0093@2|Bacteria,46VID@74201|Verrucomicrobia,3K80E@414999|Opitutae","Binds to 23S rRNA. Forms part of two intersubunit bridges in the 70S ribosome"
"ko:K02874",1664.44972159633,0.150658050077443,0.0384073034694344,3.92264065602368,8.7583731104819e-05,0.00718186595059516,"k87_3760566_2","COG0093@1|root,COG0093@2|Bacteria,2IHNX@201174|Actinobacteria,4CQ56@84995|Rubrobacteria","Binds to 23S rRNA. Forms part of two intersubunit bridges in the 70S ribosome"
"ko:K02874",1664.44972159633,0.150658050077443,0.0384073034694344,3.92264065602368,8.7583731104819e-05,0.00718186595059516,"k87_3773506_1","COG0093@1|root,COG0093@2|Bacteria,2IHNX@201174|Actinobacteria,4DQTB@85009|Propionibacteriales","Binds to 23S rRNA. Forms part of two intersubunit bridges in the 70S ribosome"
"ko:K02874",1664.44972159633,0.150658050077443,0.0384073034694344,3.92264065602368,8.7583731104819e-05,0.00718186595059516,"k87_3877881_5","COG0093@1|root,COG0093@2|Bacteria,2IHNX@201174|Actinobacteria,4CQ56@84995|Rubrobacteria","Binds to 23S rRNA. Forms part of two intersubunit bridges in the 70S ribosome"
"ko:K02874",1664.44972159633,0.150658050077443,0.0384073034694344,3.92264065602368,8.7583731104819e-05,0.00718186595059516,"k87_3877882_4","COG0093@1|root,COG0093@2|Bacteria,2IHNX@201174|Actinobacteria,4DQTB@85009|Propionibacteriales","Binds to 23S rRNA. Forms part of two intersubunit bridges in the 70S ribosome"
"ko:K02874",1664.44972159633,0.150658050077443,0.0384073034694344,3.92264065602368,8.7583731104819e-05,0.00718186595059516,"k87_3939811_4","COG0093@1|root,COG0093@2|Bacteria,2IHNX@201174|Actinobacteria,4DQTB@85009|Propionibacteriales","Binds to 23S rRNA. Forms part of two intersubunit bridges in the 70S ribosome"
"ko:K02874",1664.44972159633,0.150658050077443,0.0384073034694344,3.92264065602368,8.7583731104819e-05,0.00718186595059516,"k87_4043201_4","COG0093@1|root,COG0093@2|Bacteria,1ZTPT@142182|Gemmatimonadetes","Binds to 23S rRNA. Forms part of two intersubunit bridges in the 70S ribosome"
"ko:K02874",1664.44972159633,0.150658050077443,0.0384073034694344,3.92264065602368,8.7583731104819e-05,0.00718186595059516,"k87_4262796_3","COG0093@1|root,COG0093@2|Bacteria,2IHNX@201174|Actinobacteria,4CQ56@84995|Rubrobacteria","Binds to 23S rRNA. Forms part of two intersubunit bridges in the 70S ribosome"
"ko:K02874",1664.44972159633,0.150658050077443,0.0384073034694344,3.92264065602368,8.7583731104819e-05,0.00718186595059516,"k87_4314558_1","COG0093@1|root,COG0093@2|Bacteria,2IHNX@201174|Actinobacteria,4CQ56@84995|Rubrobacteria","Binds to 23S rRNA. Forms part of two intersubunit bridges in the 70S ribosome"
"ko:K02874",1664.44972159633,0.150658050077443,0.0384073034694344,3.92264065602368,8.7583731104819e-05,0.00718186595059516,"k87_4350509_2","COG0093@1|root,COG0093@2|Bacteria,2IHNX@201174|Actinobacteria,4ESIV@85013|Frankiales","Binds to 23S rRNA. Forms part of two intersubunit bridges in the 70S ribosome"
"ko:K02874",1664.44972159633,0.150658050077443,0.0384073034694344,3.92264065602368,8.7583731104819e-05,0.00718186595059516,"k87_4442803_3","COG0093@1|root,COG0093@2|Bacteria,1RCWZ@1224|Proteobacteria,2U743@28211|Alphaproteobacteria,2K4G3@204457|Sphingomonadales","Binds to 23S rRNA. Forms part of two intersubunit bridges in the 70S ribosome"
"ko:K02874",1664.44972159633,0.150658050077443,0.0384073034694344,3.92264065602368,8.7583731104819e-05,0.00718186595059516,"k87_4671389_4","COG0093@1|root,COG0093@2|Bacteria,1RCWZ@1224|Proteobacteria,2U743@28211|Alphaproteobacteria,1JUUB@119045|Methylobacteriaceae","Binds to 23S rRNA. Forms part of two intersubunit bridges in the 70S ribosome"
"ko:K02874",1664.44972159633,0.150658050077443,0.0384073034694344,3.92264065602368,8.7583731104819e-05,0.00718186595059516,"k87_4807753_3","COG0093@1|root,COG0093@2|Bacteria,1RCWZ@1224|Proteobacteria,2U743@28211|Alphaproteobacteria,4BQ9I@82117|unclassified Alphaproteobacteria","Binds to 23S rRNA. Forms part of two intersubunit bridges in the 70S ribosome"
"ko:K02874",1664.44972159633,0.150658050077443,0.0384073034694344,3.92264065602368,8.7583731104819e-05,0.00718186595059516,"k87_5015697_2","COG0093@1|root,COG0093@2|Bacteria,2IHNX@201174|Actinobacteria,4CQ56@84995|Rubrobacteria","Binds to 23S rRNA. Forms part of two intersubunit bridges in the 70S ribosome"
"ko:K02874",1664.44972159633,0.150658050077443,0.0384073034694344,3.92264065602368,8.7583731104819e-05,0.00718186595059516,"k87_5079456_1","COG0093@1|root,COG0093@2|Bacteria,3Y4N0@57723|Acidobacteria,2JJ86@204432|Acidobacteriia","Binds to 23S rRNA. Forms part of two intersubunit bridges in the 70S ribosome"
"ko:K02874",1664.44972159633,0.150658050077443,0.0384073034694344,3.92264065602368,8.7583731104819e-05,0.00718186595059516,"k87_5348417_2","COG0093@1|root,COG0093@2|Bacteria,2IHNX@201174|Actinobacteria,4CQ56@84995|Rubrobacteria","Binds to 23S rRNA. Forms part of two intersubunit bridges in the 70S ribosome"
"ko:K02874",1664.44972159633,0.150658050077443,0.0384073034694344,3.92264065602368,8.7583731104819e-05,0.00718186595059516,"k87_5457340_4","COG0093@1|root,COG0093@2|Bacteria,1RCWZ@1224|Proteobacteria,2U743@28211|Alphaproteobacteria,2K4G3@204457|Sphingomonadales","Binds to 23S rRNA. Forms part of two intersubunit bridges in the 70S ribosome"
"ko:K02874",1664.44972159633,0.150658050077443,0.0384073034694344,3.92264065602368,8.7583731104819e-05,0.00718186595059516,"k87_5511690_9","COG0093@1|root,arCOG04095@2157|Archaea,41SHG@651137|Thaumarchaeota","Binds to 23S rRNA. Forms part of two intersubunit bridges in the 70S ribosome"
"ko:K02874",1664.44972159633,0.150658050077443,0.0384073034694344,3.92264065602368,8.7583731104819e-05,0.00718186595059516,"k87_5526571_2","COG0093@1|root,COG0093@2|Bacteria,2IHNX@201174|Actinobacteria,4DQTB@85009|Propionibacteriales","Binds to 23S rRNA. Forms part of two intersubunit bridges in the 70S ribosome"
"ko:K02874",1664.44972159633,0.150658050077443,0.0384073034694344,3.92264065602368,8.7583731104819e-05,0.00718186595059516,"k87_5664300_5","COG0093@1|root,COG0093@2|Bacteria,1RCWZ@1224|Proteobacteria,2U743@28211|Alphaproteobacteria,3JYBD@41294|Bradyrhizobiaceae","Binds to 23S rRNA. Forms part of two intersubunit bridges in the 70S ribosome"
"ko:K02874",1664.44972159633,0.150658050077443,0.0384073034694344,3.92264065602368,8.7583731104819e-05,0.00718186595059516,"k87_5698934_1","COG0093@1|root,COG0093@2|Bacteria,2IHNX@201174|Actinobacteria,4CMZN@84992|Acidimicrobiia","Binds to 23S rRNA. Forms part of two intersubunit bridges in the 70S ribosome"
"ko:K02874",1664.44972159633,0.150658050077443,0.0384073034694344,3.92264065602368,8.7583731104819e-05,0.00718186595059516,"k87_5878769_4","COG0093@1|root,COG0093@2|Bacteria,1RCWZ@1224|Proteobacteria,1S3Z3@1236|Gammaproteobacteria,1X6K2@135614|Xanthomonadales","Binds to 23S rRNA. Forms part of two intersubunit bridges in the 70S ribosome"
"ko:K02874",1664.44972159633,0.150658050077443,0.0384073034694344,3.92264065602368,8.7583731104819e-05,0.00718186595059516,"k87_5946062_1","COG0093@1|root,COG0093@2|Bacteria,46VID@74201|Verrucomicrobia,2IUB7@203494|Verrucomicrobiae","Binds to 23S rRNA. Forms part of two intersubunit bridges in the 70S ribosome"
"ko:K02874",1664.44972159633,0.150658050077443,0.0384073034694344,3.92264065602368,8.7583731104819e-05,0.00718186595059516,"k87_6073914_3","COG0093@1|root,COG0093@2|Bacteria,1RCWZ@1224|Proteobacteria,2VR2N@28216|Betaproteobacteria,2KMW9@206350|Nitrosomonadales","Binds to 23S rRNA. Forms part of two intersubunit bridges in the 70S ribosome"
"ko:K02874",1664.44972159633,0.150658050077443,0.0384073034694344,3.92264065602368,8.7583731104819e-05,0.00718186595059516,"k87_6160160_2","COG0093@1|root,COG0093@2|Bacteria,2IHNX@201174|Actinobacteria,4CQ56@84995|Rubrobacteria","Binds to 23S rRNA. Forms part of two intersubunit bridges in the 70S ribosome"
"ko:K02874",1664.44972159633,0.150658050077443,0.0384073034694344,3.92264065602368,8.7583731104819e-05,0.00718186595059516,"k87_6674883_2","COG0093@1|root,COG0093@2|Bacteria,1RCWZ@1224|Proteobacteria,2U743@28211|Alphaproteobacteria,43JWN@69277|Phyllobacteriaceae","Binds to 23S rRNA. Forms part of two intersubunit bridges in the 70S ribosome"
"ko:K02874",1664.44972159633,0.150658050077443,0.0384073034694344,3.92264065602368,8.7583731104819e-05,0.00718186595059516,"k87_6811259_2","COG0093@1|root,COG0093@2|Bacteria,1RCWZ@1224|Proteobacteria,2VR2N@28216|Betaproteobacteria,1KM02@119065|unclassified Burkholderiales","Binds to 23S rRNA. Forms part of two intersubunit bridges in the 70S ribosome"
"ko:K02874",1664.44972159633,0.150658050077443,0.0384073034694344,3.92264065602368,8.7583731104819e-05,0.00718186595059516,"k87_6970806_1","COG0093@1|root,COG0093@2|Bacteria,2IHNX@201174|Actinobacteria,4CQ56@84995|Rubrobacteria","Binds to 23S rRNA. Forms part of two intersubunit bridges in the 70S ribosome"
"ko:K02913",394.213604793046,0.372385886824452,0.0806902930339025,4.61500228618567,3.93090989187601e-06,0.000595257993097223,"k87_124557_3","COG0267@1|root,COG0267@2|Bacteria","Belongs to the bacterial ribosomal protein bL33 family"
"ko:K02913",394.213604793046,0.372385886824452,0.0806902930339025,4.61500228618567,3.93090989187601e-06,0.000595257993097223,"k87_175048_2","COG0267@1|root,COG0267@2|Bacteria,1N6QV@1224|Proteobacteria,2UF4D@28211|Alphaproteobacteria,2JTUV@204441|Rhodospirillales","Belongs to the bacterial ribosomal protein bL33 family"
"ko:K02913",394.213604793046,0.372385886824452,0.0806902930339025,4.61500228618567,3.93090989187601e-06,0.000595257993097223,"k87_211472_2","COG0267@1|root,COG0267@2|Bacteria,1N6QV@1224|Proteobacteria,2UF4D@28211|Alphaproteobacteria","Belongs to the bacterial ribosomal protein bL33 family"
"ko:K02913",394.213604793046,0.372385886824452,0.0806902930339025,4.61500228618567,3.93090989187601e-06,0.000595257993097223,"k87_678230_2","COG0267@1|root,COG0267@2|Bacteria,46T91@74201|Verrucomicrobia,3K8F1@414999|Opitutae","Belongs to the bacterial ribosomal protein bL33 family"
"ko:K02913",394.213604793046,0.372385886824452,0.0806902930339025,4.61500228618567,3.93090989187601e-06,0.000595257993097223,"k87_690084_2","COG0267@1|root,COG0267@2|Bacteria,1N6QV@1224|Proteobacteria,2UF4D@28211|Alphaproteobacteria,3N79H@45401|Hyphomicrobiaceae","Belongs to the bacterial ribosomal protein bL33 family"
"ko:K02913",394.213604793046,0.372385886824452,0.0806902930339025,4.61500228618567,3.93090989187601e-06,0.000595257993097223,"k87_840873_3","COG0267@1|root,COG0267@2|Bacteria,1N6QV@1224|Proteobacteria,2UF4D@28211|Alphaproteobacteria,2K6VC@204457|Sphingomonadales","Belongs to the bacterial ribosomal protein bL33 family"
"ko:K02913",394.213604793046,0.372385886824452,0.0806902930339025,4.61500228618567,3.93090989187601e-06,0.000595257993097223,"k87_948636_2","COG0267@1|root,COG0267@2|Bacteria,1N6QV@1224|Proteobacteria,2VVW8@28216|Betaproteobacteria,4AFGJ@80864|Comamonadaceae","Belongs to the bacterial ribosomal protein bL33 family"
"ko:K02913",394.213604793046,0.372385886824452,0.0806902930339025,4.61500228618567,3.93090989187601e-06,0.000595257993097223,"k87_1217351_3","COG0267@1|root,COG0267@2|Bacteria,2GQFG@201174|Actinobacteria,4CQU8@84995|Rubrobacteria","Belongs to the bacterial ribosomal protein bL33 family"
"ko:K02913",394.213604793046,0.372385886824452,0.0806902930339025,4.61500228618567,3.93090989187601e-06,0.000595257993097223,"k87_1266370_5","COG0267@1|root,COG0267@2|Bacteria,1N6QV@1224|Proteobacteria,2VVW8@28216|Betaproteobacteria,1KMIZ@119065|unclassified Burkholderiales","Belongs to the bacterial ribosomal protein bL33 family"
"ko:K02913",394.213604793046,0.372385886824452,0.0806902930339025,4.61500228618567,3.93090989187601e-06,0.000595257993097223,"k87_1547098_1","COG0267@1|root,COG0267@2|Bacteria,1ZV8A@142182|Gemmatimonadetes","Ribosomal protein L33"
"ko:K02913",394.213604793046,0.372385886824452,0.0806902930339025,4.61500228618567,3.93090989187601e-06,0.000595257993097223,"k87_1681595_4","COG0267@1|root,COG0267@2|Bacteria,1N6QV@1224|Proteobacteria,2UF4D@28211|Alphaproteobacteria,3N79H@45401|Hyphomicrobiaceae","Belongs to the bacterial ribosomal protein bL33 family"
"ko:K02913",394.213604793046,0.372385886824452,0.0806902930339025,4.61500228618567,3.93090989187601e-06,0.000595257993097223,"k87_1918813_3","COG0267@1|root,COG0267@2|Bacteria","Belongs to the bacterial ribosomal protein bL33 family"
"ko:K02913",394.213604793046,0.372385886824452,0.0806902930339025,4.61500228618567,3.93090989187601e-06,0.000595257993097223,"k87_2187985_3","COG0267@1|root,COG0267@2|Bacteria,1N6QV@1224|Proteobacteria,1SCEJ@1236|Gammaproteobacteria,1XMCR@135619|Oceanospirillales","there are paralogous genes in several bacterial genomes, and a CXXC motif for zinc binding and an upstream regulation region of the paralog lacking this motif that are regulated by zinc"
"ko:K02913",394.213604793046,0.372385886824452,0.0806902930339025,4.61500228618567,3.93090989187601e-06,0.000595257993097223,"k87_2301907_2","COG0267@1|root,COG0267@2|Bacteria,1N6QV@1224|Proteobacteria,2VVW8@28216|Betaproteobacteria,4AFGJ@80864|Comamonadaceae","Belongs to the bacterial ribosomal protein bL33 family"
"ko:K02913",394.213604793046,0.372385886824452,0.0806902930339025,4.61500228618567,3.93090989187601e-06,0.000595257993097223,"k87_2337245_4","COG0267@1|root,COG0267@2|Bacteria,2GQFG@201174|Actinobacteria,4CQU8@84995|Rubrobacteria","Belongs to the bacterial ribosomal protein bL33 family"
"ko:K02913",394.213604793046,0.372385886824452,0.0806902930339025,4.61500228618567,3.93090989187601e-06,0.000595257993097223,"k87_2435673_2","COG0267@1|root,COG0267@2|Bacteria,1N6QV@1224|Proteobacteria,2VVW8@28216|Betaproteobacteria,1KMIZ@119065|unclassified Burkholderiales","Belongs to the bacterial ribosomal protein bL33 family"
"ko:K02913",394.213604793046,0.372385886824452,0.0806902930339025,4.61500228618567,3.93090989187601e-06,0.000595257993097223,"k87_2446322_1","COG0267@1|root,COG0267@2|Bacteria,1N6QV@1224|Proteobacteria,2UF4D@28211|Alphaproteobacteria","Belongs to the bacterial ribosomal protein bL33 family"
"ko:K02913",394.213604793046,0.372385886824452,0.0806902930339025,4.61500228618567,3.93090989187601e-06,0.000595257993097223,"k87_2478363_1","COG0267@1|root,COG0267@2|Bacteria,1N6QV@1224|Proteobacteria,2UF4D@28211|Alphaproteobacteria,3N79H@45401|Hyphomicrobiaceae","Belongs to the bacterial ribosomal protein bL33 family"
"ko:K02913",394.213604793046,0.372385886824452,0.0806902930339025,4.61500228618567,3.93090989187601e-06,0.000595257993097223,"k87_2758539_6","COG0267@1|root,COG0267@2|Bacteria,2GQFG@201174|Actinobacteria,4CQU8@84995|Rubrobacteria","Belongs to the bacterial ribosomal protein bL33 family"
"ko:K02913",394.213604793046,0.372385886824452,0.0806902930339025,4.61500228618567,3.93090989187601e-06,0.000595257993097223,"k87_2774055_2","COG0267@1|root,2S7HT@2759|Eukaryota,37WXH@33090|Viridiplantae,3GK94@35493|Streptophyta,3M19W@4447|Liliopsida,3IJ0Z@38820|Poales","50S ribosomal protein L33, chloroplastic"
"ko:K02913",394.213604793046,0.372385886824452,0.0806902930339025,4.61500228618567,3.93090989187601e-06,0.000595257993097223,"k87_2874580_3","COG0267@1|root,COG0267@2|Bacteria,46T91@74201|Verrucomicrobia,2IUS7@203494|Verrucomicrobiae","Ribosomal protein L33"
"ko:K02913",394.213604793046,0.372385886824452,0.0806902930339025,4.61500228618567,3.93090989187601e-06,0.000595257993097223,"k87_3193526_3","COG0267@1|root,COG0267@2|Bacteria,2GQFG@201174|Actinobacteria,4CQU8@84995|Rubrobacteria","Belongs to the bacterial ribosomal protein bL33 family"
"ko:K02913",394.213604793046,0.372385886824452,0.0806902930339025,4.61500228618567,3.93090989187601e-06,0.000595257993097223,"k87_3350762_2","COG0267@1|root,COG0267@2|Bacteria,2GQFV@201174|Actinobacteria,1WA2I@1268|Micrococcaceae","Belongs to the bacterial ribosomal protein bL33 family"
"ko:K02913",394.213604793046,0.372385886824452,0.0806902930339025,4.61500228618567,3.93090989187601e-06,0.000595257993097223,"k87_3403951_6","COG0267@1|root,COG0267@2|Bacteria,2GQFG@201174|Actinobacteria,4DS40@85009|Propionibacteriales","Belongs to the bacterial ribosomal protein bL33 family"
"ko:K02913",394.213604793046,0.372385886824452,0.0806902930339025,4.61500228618567,3.93090989187601e-06,0.000595257993097223,"k87_3794686_3","COG0267@1|root,COG0267@2|Bacteria,2GQFV@201174|Actinobacteria","Belongs to the bacterial ribosomal protein bL33 family"
"ko:K02913",394.213604793046,0.372385886824452,0.0806902930339025,4.61500228618567,3.93090989187601e-06,0.000595257993097223,"k87_3835443_2","COG0267@1|root,COG0267@2|Bacteria,1N6QV@1224|Proteobacteria,1SCEJ@1236|Gammaproteobacteria,1X87Y@135614|Xanthomonadales","Belongs to the bacterial ribosomal protein bL33 family"
"ko:K02913",394.213604793046,0.372385886824452,0.0806902930339025,4.61500228618567,3.93090989187601e-06,0.000595257993097223,"k87_3844149_3","COG0267@1|root,COG0267@2|Bacteria,1N6QV@1224|Proteobacteria,2UF4D@28211|Alphaproteobacteria,1JW5J@119045|Methylobacteriaceae","Belongs to the bacterial ribosomal protein bL33 family"
"ko:K02913",394.213604793046,0.372385886824452,0.0806902930339025,4.61500228618567,3.93090989187601e-06,0.000595257993097223,"k87_3957032_1","COG0267@1|root,COG0267@2|Bacteria","Belongs to the bacterial ribosomal protein bL33 family"
"ko:K02913",394.213604793046,0.372385886824452,0.0806902930339025,4.61500228618567,3.93090989187601e-06,0.000595257993097223,"k87_4998533_2","COG0267@1|root,COG0267@2|Bacteria,2GQFV@201174|Actinobacteria,4DS46@85009|Propionibacteriales","Belongs to the bacterial ribosomal protein bL33 family"
"ko:K02913",394.213604793046,0.372385886824452,0.0806902930339025,4.61500228618567,3.93090989187601e-06,0.000595257993097223,"k87_5132779_1","COG0267@1|root,COG0267@2|Bacteria,2HH2Z@201174|Actinobacteria,4CP34@84992|Acidimicrobiia","Ribosomal protein L33"
"ko:K02913",394.213604793046,0.372385886824452,0.0806902930339025,4.61500228618567,3.93090989187601e-06,0.000595257993097223,"k87_5134717_2","COG0267@1|root,COG0267@2|Bacteria,2NQ3R@2323|unclassified Bacteria","Ribosomal protein L33"
"ko:K02913",394.213604793046,0.372385886824452,0.0806902930339025,4.61500228618567,3.93090989187601e-06,0.000595257993097223,"k87_5523381_2","COG0267@1|root,COG0267@2|Bacteria,1N6QV@1224|Proteobacteria,2UF4D@28211|Alphaproteobacteria,2JTUV@204441|Rhodospirillales","Belongs to the bacterial ribosomal protein bL33 family"
"ko:K02913",394.213604793046,0.372385886824452,0.0806902930339025,4.61500228618567,3.93090989187601e-06,0.000595257993097223,"k87_5532861_1","COG0267@1|root,COG0267@2|Bacteria,1N6QV@1224|Proteobacteria,1SCEJ@1236|Gammaproteobacteria","Belongs to the bacterial ribosomal protein bL33 family"
"ko:K02913",394.213604793046,0.372385886824452,0.0806902930339025,4.61500228618567,3.93090989187601e-06,0.000595257993097223,"k87_5534457_1","COG0267@1|root,COG0267@2|Bacteria,1N6QV@1224|Proteobacteria,2VVW8@28216|Betaproteobacteria,1KMIZ@119065|unclassified Burkholderiales","Belongs to the bacterial ribosomal protein bL33 family"
"ko:K02913",394.213604793046,0.372385886824452,0.0806902930339025,4.61500228618567,3.93090989187601e-06,0.000595257993097223,"k87_5578054_2","COG0267@1|root,COG0267@2|Bacteria,1N6QV@1224|Proteobacteria,2UF4D@28211|Alphaproteobacteria,2K6VC@204457|Sphingomonadales","Belongs to the bacterial ribosomal protein bL33 family"
"ko:K02913",394.213604793046,0.372385886824452,0.0806902930339025,4.61500228618567,3.93090989187601e-06,0.000595257993097223,"k87_5800596_2","COG0267@1|root,COG0267@2|Bacteria,2GQFG@201174|Actinobacteria,4DS40@85009|Propionibacteriales","Belongs to the bacterial ribosomal protein bL33 family"
"ko:K02913",394.213604793046,0.372385886824452,0.0806902930339025,4.61500228618567,3.93090989187601e-06,0.000595257993097223,"k87_5876644_1","COG0267@1|root,COG0267@2|Bacteria,1VEJ4@1239|Firmicutes,4H5N3@909932|Negativicutes","Belongs to the bacterial ribosomal protein bL33 family"
"ko:K02913",394.213604793046,0.372385886824452,0.0806902930339025,4.61500228618567,3.93090989187601e-06,0.000595257993097223,"k87_6393351_1","COG0267@1|root,COG0267@2|Bacteria,2GQFG@201174|Actinobacteria,4DS40@85009|Propionibacteriales","Belongs to the bacterial ribosomal protein bL33 family"
"ko:K02913",394.213604793046,0.372385886824452,0.0806902930339025,4.61500228618567,3.93090989187601e-06,0.000595257993097223,"k87_6416172_1","COG0267@1|root,COG0267@2|Bacteria,2GQFG@201174|Actinobacteria,4FHNB@85021|Intrasporangiaceae","Belongs to the bacterial ribosomal protein bL33 family"
"ko:K02913",394.213604793046,0.372385886824452,0.0806902930339025,4.61500228618567,3.93090989187601e-06,0.000595257993097223,"k87_6547992_1","COG0267@1|root,COG0267@2|Bacteria,1N6QV@1224|Proteobacteria,2UF4D@28211|Alphaproteobacteria,3N79H@45401|Hyphomicrobiaceae","Belongs to the bacterial ribosomal protein bL33 family"
"ko:K02945",4081.90450174321,0.0863510482780072,0.027034409782729,3.19411627522095,0.00140259611989086,0.048144927278114,"k87_32953_1","COG0539@1|root,COG0539@2|Bacteria,1MVAV@1224|Proteobacteria,1RMFY@1236|Gammaproteobacteria,1X3UC@135614|Xanthomonadales","thus facilitating recognition of the initiation point. It is needed to translate mRNA with a short Shine-Dalgarno (SD) purine-rich sequence"
"ko:K02945",4081.90450174321,0.0863510482780072,0.027034409782729,3.19411627522095,0.00140259611989086,0.048144927278114,"k87_90456_1","COG0539@1|root,COG0539@2|Bacteria,1MVAV@1224|Proteobacteria,2TQPV@28211|Alphaproteobacteria,4B7YG@82115|Rhizobiaceae","thus facilitating recognition of the initiation point. It is needed to translate mRNA with a short Shine-Dalgarno (SD) purine-rich sequence"
"ko:K02945",4081.90450174321,0.0863510482780072,0.027034409782729,3.19411627522095,0.00140259611989086,0.048144927278114,"k87_113242_1","COG0539@1|root,COG0539@2|Bacteria,1MVAV@1224|Proteobacteria,2TQPV@28211|Alphaproteobacteria,3JUJY@41294|Bradyrhizobiaceae","thus facilitating recognition of the initiation point. It is needed to translate mRNA with a short Shine-Dalgarno (SD) purine-rich sequence"
"ko:K02945",4081.90450174321,0.0863510482780072,0.027034409782729,3.19411627522095,0.00140259611989086,0.048144927278114,"k87_242897_1","COG0539@1|root,COG0539@2|Bacteria,1MVAV@1224|Proteobacteria,2TQPV@28211|Alphaproteobacteria,3FCS0@34008|Rhodovulum","thus facilitating recognition of the initiation point. It is needed to translate mRNA with a short Shine-Dalgarno (SD) purine-rich sequence"
"ko:K02945",4081.90450174321,0.0863510482780072,0.027034409782729,3.19411627522095,0.00140259611989086,0.048144927278114,"k87_255256_2","COG0539@1|root,COG0539@2|Bacteria,1MVAV@1224|Proteobacteria,2TQPV@28211|Alphaproteobacteria,3JUJY@41294|Bradyrhizobiaceae","thus facilitating recognition of the initiation point. It is needed to translate mRNA with a short Shine-Dalgarno (SD) purine-rich sequence"
"ko:K02945",4081.90450174321,0.0863510482780072,0.027034409782729,3.19411627522095,0.00140259611989086,0.048144927278114,"k87_285197_3","COG0539@1|root,COG0539@2|Bacteria,2GJAK@201174|Actinobacteria,4FUWY@85025|Nocardiaceae","Ribosomal protein S1"
"ko:K02945",4081.90450174321,0.0863510482780072,0.027034409782729,3.19411627522095,0.00140259611989086,0.048144927278114,"k87_286576_1","COG0539@1|root,COG0539@2|Bacteria,1MVAV@1224|Proteobacteria,2TQPV@28211|Alphaproteobacteria,3N68W@45401|Hyphomicrobiaceae","thus facilitating recognition of the initiation point. It is needed to translate mRNA with a short Shine-Dalgarno (SD) purine-rich sequence"
"ko:K02945",4081.90450174321,0.0863510482780072,0.027034409782729,3.19411627522095,0.00140259611989086,0.048144927278114,"k87_412300_1","COG0539@1|root,COG0539@2|Bacteria,2GJAK@201174|Actinobacteria,4CMW4@84992|Acidimicrobiia","Ribosomal protein S1-like RNA-binding domain"
"ko:K02945",4081.90450174321,0.0863510482780072,0.027034409782729,3.19411627522095,0.00140259611989086,0.048144927278114,"k87_557629_1","COG0539@1|root,COG0539@2|Bacteria,1ZSKI@142182|Gemmatimonadetes","thus facilitating recognition of the initiation point. It is needed to translate mRNA with a short Shine-Dalgarno (SD) purine-rich sequence"
"ko:K02945",4081.90450174321,0.0863510482780072,0.027034409782729,3.19411627522095,0.00140259611989086,0.048144927278114,"k87_653737_1","COG0539@1|root,COG0539@2|Bacteria,4NDW9@976|Bacteroidetes,1INSH@117747|Sphingobacteriia","Ribosomal protein S1"
"ko:K02945",4081.90450174321,0.0863510482780072,0.027034409782729,3.19411627522095,0.00140259611989086,0.048144927278114,"k87_681817_4","COG0539@1|root,COG0539@2|Bacteria,2GJAK@201174|Actinobacteria,4CPF8@84995|Rubrobacteria","Ribosomal protein S1-like RNA-binding domain"
"ko:K02945",4081.90450174321,0.0863510482780072,0.027034409782729,3.19411627522095,0.00140259611989086,0.048144927278114,"k87_897893_2","COG0539@1|root,COG0539@2|Bacteria,1MVAV@1224|Proteobacteria,2VI12@28216|Betaproteobacteria,1KIV0@119065|unclassified Burkholderiales","thus facilitating recognition of the initiation point. It is needed to translate mRNA with a short Shine-Dalgarno (SD) purine-rich sequence"
"ko:K02945",4081.90450174321,0.0863510482780072,0.027034409782729,3.19411627522095,0.00140259611989086,0.048144927278114,"k87_1025016_2","COG0539@1|root,COG1185@1|root,COG0539@2|Bacteria,COG1185@2|Bacteria,1MVAV@1224|Proteobacteria,2TQPV@28211|Alphaproteobacteria,2P221@2433|Roseobacter","thus facilitating recognition of the initiation point. It is needed to translate mRNA with a short Shine-Dalgarno (SD) purine-rich sequence"
"ko:K02945",4081.90450174321,0.0863510482780072,0.027034409782729,3.19411627522095,0.00140259611989086,0.048144927278114,"k87_1077707_1","COG0539@1|root,COG0539@2|Bacteria,2GJAK@201174|Actinobacteria,4CPF8@84995|Rubrobacteria","Ribosomal protein S1-like RNA-binding domain"
"ko:K02945",4081.90450174321,0.0863510482780072,0.027034409782729,3.19411627522095,0.00140259611989086,0.048144927278114,"k87_1132274_1","COG0539@1|root,COG0539@2|Bacteria,1MVAV@1224|Proteobacteria,2VI12@28216|Betaproteobacteria,473FW@75682|Oxalobacteraceae","thus facilitating recognition of the initiation point. It is needed to translate mRNA with a short Shine-Dalgarno (SD) purine-rich sequence"
"ko:K02945",4081.90450174321,0.0863510482780072,0.027034409782729,3.19411627522095,0.00140259611989086,0.048144927278114,"k87_1215668_2","COG0539@1|root,COG0539@2|Bacteria,2GJAK@201174|Actinobacteria,4CPF8@84995|Rubrobacteria","Ribosomal protein S1-like RNA-binding domain"
"ko:K02945",4081.90450174321,0.0863510482780072,0.027034409782729,3.19411627522095,0.00140259611989086,0.048144927278114,"k87_1219876_1","COG0539@1|root,COG0539@2|Bacteria,2GJAK@201174|Actinobacteria,4CPF8@84995|Rubrobacteria","Ribosomal protein S1-like RNA-binding domain"
"ko:K02945",4081.90450174321,0.0863510482780072,0.027034409782729,3.19411627522095,0.00140259611989086,0.048144927278114,"k87_1310861_3","COG0539@1|root,COG0539@2|Bacteria,46SFY@74201|Verrucomicrobia,3K7E8@414999|Opitutae","thus facilitating recognition of the initiation point. It is needed to translate mRNA with a short Shine-Dalgarno (SD) purine-rich sequence"
"ko:K02945",4081.90450174321,0.0863510482780072,0.027034409782729,3.19411627522095,0.00140259611989086,0.048144927278114,"k87_1329101_1","COG0539@1|root,COG0539@2|Bacteria,2GJAK@201174|Actinobacteria,4DBRY@85008|Micromonosporales","Ribosomal protein S1"
"ko:K02945",4081.90450174321,0.0863510482780072,0.027034409782729,3.19411627522095,0.00140259611989086,0.048144927278114,"k87_1392226_2","COG0539@1|root,COG0539@2|Bacteria,1MVAV@1224|Proteobacteria,2TQPV@28211|Alphaproteobacteria","thus facilitating recognition of the initiation point. It is needed to translate mRNA with a short Shine-Dalgarno (SD) purine-rich sequence"
"ko:K02945",4081.90450174321,0.0863510482780072,0.027034409782729,3.19411627522095,0.00140259611989086,0.048144927278114,"k87_1425237_1","COG0539@1|root,COG0539@2|Bacteria,1MVAV@1224|Proteobacteria,2TQPV@28211|Alphaproteobacteria,2K0KT@204457|Sphingomonadales","thus facilitating recognition of the initiation point. It is needed to translate mRNA with a short Shine-Dalgarno (SD) purine-rich sequence"
"ko:K02945",4081.90450174321,0.0863510482780072,0.027034409782729,3.19411627522095,0.00140259611989086,0.048144927278114,"k87_1599975_2","COG0539@1|root,COG0539@2|Bacteria,2GJAK@201174|Actinobacteria,4CPF8@84995|Rubrobacteria","Ribosomal protein S1-like RNA-binding domain"
"ko:K02945",4081.90450174321,0.0863510482780072,0.027034409782729,3.19411627522095,0.00140259611989086,0.048144927278114,"k87_1676249_1","COG0539@1|root,COG0539@2|Bacteria,2GJAK@201174|Actinobacteria,4DPIM@85009|Propionibacteriales","ribosomal protein"
"ko:K02945",4081.90450174321,0.0863510482780072,0.027034409782729,3.19411627522095,0.00140259611989086,0.048144927278114,"k87_1805543_3","COG0539@1|root,COG0539@2|Bacteria,2GJAK@201174|Actinobacteria,4CPF8@84995|Rubrobacteria","Ribosomal protein S1-like RNA-binding domain"
"ko:K02945",4081.90450174321,0.0863510482780072,0.027034409782729,3.19411627522095,0.00140259611989086,0.048144927278114,"k87_1816555_2","COG0539@1|root,COG0539@2|Bacteria,2GJAK@201174|Actinobacteria,4CPF8@84995|Rubrobacteria","Ribosomal protein S1-like RNA-binding domain"
"ko:K02945",4081.90450174321,0.0863510482780072,0.027034409782729,3.19411627522095,0.00140259611989086,0.048144927278114,"k87_1863315_1","COG0539@1|root,COG0539@2|Bacteria,1ZSKI@142182|Gemmatimonadetes","thus facilitating recognition of the initiation point. It is needed to translate mRNA with a short Shine-Dalgarno (SD) purine-rich sequence"
"ko:K02945",4081.90450174321,0.0863510482780072,0.027034409782729,3.19411627522095,0.00140259611989086,0.048144927278114,"k87_1971168_2","COG0539@1|root,COG0539@2|Bacteria,2GJAK@201174|Actinobacteria,4DPIM@85009|Propionibacteriales","ribosomal protein"
"ko:K02945",4081.90450174321,0.0863510482780072,0.027034409782729,3.19411627522095,0.00140259611989086,0.048144927278114,"k87_2080729_3","COG0539@1|root,COG0539@2|Bacteria,2GJAK@201174|Actinobacteria,4CMW4@84992|Acidimicrobiia","Ribosomal protein S1-like RNA-binding domain"
"ko:K02945",4081.90450174321,0.0863510482780072,0.027034409782729,3.19411627522095,0.00140259611989086,0.048144927278114,"k87_2175530_1","COG0539@1|root,COG0539@2|Bacteria,1MVAV@1224|Proteobacteria,2TQPV@28211|Alphaproteobacteria,1JSVA@119045|Methylobacteriaceae","thus facilitating recognition of the initiation point. It is needed to translate mRNA with a short Shine-Dalgarno (SD) purine-rich sequence"
"ko:K02945",4081.90450174321,0.0863510482780072,0.027034409782729,3.19411627522095,0.00140259611989086,0.048144927278114,"k87_2195821_1","COG0539@1|root,COG0539@2|Bacteria,1MVAV@1224|Proteobacteria,1RMFY@1236|Gammaproteobacteria,464BF@72275|Alteromonadaceae","thus facilitating recognition of the initiation point. It is needed to translate mRNA with a short Shine-Dalgarno (SD) purine-rich sequence"
"ko:K02945",4081.90450174321,0.0863510482780072,0.027034409782729,3.19411627522095,0.00140259611989086,0.048144927278114,"k87_2232962_2","COG0539@1|root,COG0539@2|Bacteria,1MVAV@1224|Proteobacteria,2VI12@28216|Betaproteobacteria,1KIV0@119065|unclassified Burkholderiales","thus facilitating recognition of the initiation point. It is needed to translate mRNA with a short Shine-Dalgarno (SD) purine-rich sequence"
"ko:K02945",4081.90450174321,0.0863510482780072,0.027034409782729,3.19411627522095,0.00140259611989086,0.048144927278114,"k87_2370971_2","COG0539@1|root,COG0539@2|Bacteria,1MVAV@1224|Proteobacteria,2TQPV@28211|Alphaproteobacteria,2JR06@204441|Rhodospirillales","thus facilitating recognition of the initiation point. It is needed to translate mRNA with a short Shine-Dalgarno (SD) purine-rich sequence"
"ko:K02945",4081.90450174321,0.0863510482780072,0.027034409782729,3.19411627522095,0.00140259611989086,0.048144927278114,"k87_2468636_2","COG0539@1|root,COG0539@2|Bacteria,1MVAV@1224|Proteobacteria,2VI12@28216|Betaproteobacteria,4AC0A@80864|Comamonadaceae","thus facilitating recognition of the initiation point. It is needed to translate mRNA with a short Shine-Dalgarno (SD) purine-rich sequence"
"ko:K02945",4081.90450174321,0.0863510482780072,0.027034409782729,3.19411627522095,0.00140259611989086,0.048144927278114,"k87_2484203_1","COG0539@1|root,COG2183@1|root,COG0539@2|Bacteria,COG2183@2|Bacteria,1MVAV@1224|Proteobacteria,2VI12@28216|Betaproteobacteria,2KUBW@206389|Rhodocyclales","thus facilitating recognition of the initiation point. It is needed to translate mRNA with a short Shine-Dalgarno (SD) purine-rich sequence"
"ko:K02945",4081.90450174321,0.0863510482780072,0.027034409782729,3.19411627522095,0.00140259611989086,0.048144927278114,"k87_2527110_1","COG0539@1|root,COG0539@2|Bacteria,2GJAK@201174|Actinobacteria,4CPF8@84995|Rubrobacteria","Ribosomal protein S1-like RNA-binding domain"
"ko:K02945",4081.90450174321,0.0863510482780072,0.027034409782729,3.19411627522095,0.00140259611989086,0.048144927278114,"k87_2542019_1","COG0539@1|root,COG0539@2|Bacteria,1MVAV@1224|Proteobacteria,2TQPV@28211|Alphaproteobacteria,2JR06@204441|Rhodospirillales","thus facilitating recognition of the initiation point. It is needed to translate mRNA with a short Shine-Dalgarno (SD) purine-rich sequence"
"ko:K02945",4081.90450174321,0.0863510482780072,0.027034409782729,3.19411627522095,0.00140259611989086,0.048144927278114,"k87_2656267_1","COG0539@1|root,COG0539@2|Bacteria,4NDW9@976|Bacteroidetes,1INSH@117747|Sphingobacteriia","Ribosomal protein S1"
"ko:K02945",4081.90450174321,0.0863510482780072,0.027034409782729,3.19411627522095,0.00140259611989086,0.048144927278114,"k87_2774928_1","COG0539@1|root,COG0539@2|Bacteria,2GJAK@201174|Actinobacteria","Ribosomal protein S1"
"ko:K02945",4081.90450174321,0.0863510482780072,0.027034409782729,3.19411627522095,0.00140259611989086,0.048144927278114,"k87_3023679_1","COG0539@1|root,COG1185@1|root,COG0539@2|Bacteria,COG1185@2|Bacteria,3J0CA@40117|Nitrospirae","thus facilitating recognition of the initiation point. It is needed to translate mRNA with a short Shine-Dalgarno (SD) purine-rich sequence"
"ko:K02945",4081.90450174321,0.0863510482780072,0.027034409782729,3.19411627522095,0.00140259611989086,0.048144927278114,"k87_3038755_1","COG0539@1|root,COG0539@2|Bacteria,1MVAV@1224|Proteobacteria,2TQPV@28211|Alphaproteobacteria,2K0KT@204457|Sphingomonadales","thus facilitating recognition of the initiation point. It is needed to translate mRNA with a short Shine-Dalgarno (SD) purine-rich sequence"
"ko:K02945",4081.90450174321,0.0863510482780072,0.027034409782729,3.19411627522095,0.00140259611989086,0.048144927278114,"k87_3214648_1","COG0539@1|root,COG0539@2|Bacteria,2GJAK@201174|Actinobacteria,4DPIM@85009|Propionibacteriales","ribosomal protein"
"ko:K02945",4081.90450174321,0.0863510482780072,0.027034409782729,3.19411627522095,0.00140259611989086,0.048144927278114,"k87_3314516_1","COG0539@1|root,COG0539@2|Bacteria,2GJAK@201174|Actinobacteria,4CPF8@84995|Rubrobacteria","Ribosomal protein S1-like RNA-binding domain"
"ko:K02945",4081.90450174321,0.0863510482780072,0.027034409782729,3.19411627522095,0.00140259611989086,0.048144927278114,"k87_3439205_2","COG0539@1|root,COG1185@1|root,COG0539@2|Bacteria,COG1185@2|Bacteria,3J0CA@40117|Nitrospirae","thus facilitating recognition of the initiation point. It is needed to translate mRNA with a short Shine-Dalgarno (SD) purine-rich sequence"
"ko:K02945",4081.90450174321,0.0863510482780072,0.027034409782729,3.19411627522095,0.00140259611989086,0.048144927278114,"k87_3482419_2","COG0539@1|root,COG0539@2|Bacteria,1MVAV@1224|Proteobacteria,2TQPV@28211|Alphaproteobacteria,2K0KT@204457|Sphingomonadales","thus facilitating recognition of the initiation point. It is needed to translate mRNA with a short Shine-Dalgarno (SD) purine-rich sequence"
"ko:K02945",4081.90450174321,0.0863510482780072,0.027034409782729,3.19411627522095,0.00140259611989086,0.048144927278114,"k87_3619988_14","COG0539@1|root,COG0539@2|Bacteria,1MVAV@1224|Proteobacteria,1RMFY@1236|Gammaproteobacteria,1X3UC@135614|Xanthomonadales","thus facilitating recognition of the initiation point. It is needed to translate mRNA with a short Shine-Dalgarno (SD) purine-rich sequence"
"ko:K02945",4081.90450174321,0.0863510482780072,0.027034409782729,3.19411627522095,0.00140259611989086,0.048144927278114,"k87_3622343_2","COG0539@1|root,COG0539@2|Bacteria,2GJAK@201174|Actinobacteria,4CPF8@84995|Rubrobacteria","Ribosomal protein S1-like RNA-binding domain"
"ko:K02945",4081.90450174321,0.0863510482780072,0.027034409782729,3.19411627522095,0.00140259611989086,0.048144927278114,"k87_3658765_2","COG0539@1|root,COG0539@2|Bacteria,2GJAK@201174|Actinobacteria,4CPF8@84995|Rubrobacteria","Ribosomal protein S1-like RNA-binding domain"
"ko:K02945",4081.90450174321,0.0863510482780072,0.027034409782729,3.19411627522095,0.00140259611989086,0.048144927278114,"k87_3953907_2","COG0539@1|root,COG0539@2|Bacteria,2GJAK@201174|Actinobacteria,4CPF8@84995|Rubrobacteria","Ribosomal protein S1-like RNA-binding domain"
"ko:K02945",4081.90450174321,0.0863510482780072,0.027034409782729,3.19411627522095,0.00140259611989086,0.048144927278114,"k87_4176014_1","COG0539@1|root,COG0539@2|Bacteria,2GJAK@201174|Actinobacteria,4CPF8@84995|Rubrobacteria","Ribosomal protein S1-like RNA-binding domain"
"ko:K02945",4081.90450174321,0.0863510482780072,0.027034409782729,3.19411627522095,0.00140259611989086,0.048144927278114,"k87_4366757_1","COG0539@1|root,COG0539@2|Bacteria,1MVAV@1224|Proteobacteria,2TQPV@28211|Alphaproteobacteria,2K0KT@204457|Sphingomonadales","thus facilitating recognition of the initiation point. It is needed to translate mRNA with a short Shine-Dalgarno (SD) purine-rich sequence"
"ko:K02945",4081.90450174321,0.0863510482780072,0.027034409782729,3.19411627522095,0.00140259611989086,0.048144927278114,"k87_4426047_3","COG0539@1|root,COG0539@2|Bacteria,1MVAV@1224|Proteobacteria,2TQPV@28211|Alphaproteobacteria,3FCS0@34008|Rhodovulum","thus facilitating recognition of the initiation point. It is needed to translate mRNA with a short Shine-Dalgarno (SD) purine-rich sequence"
"ko:K02945",4081.90450174321,0.0863510482780072,0.027034409782729,3.19411627522095,0.00140259611989086,0.048144927278114,"k87_4509106_1","COG0539@1|root,COG0539@2|Bacteria,2GJAK@201174|Actinobacteria,4DPIM@85009|Propionibacteriales","ribosomal protein"
"ko:K02945",4081.90450174321,0.0863510482780072,0.027034409782729,3.19411627522095,0.00140259611989086,0.048144927278114,"k87_4582475_2","COG0539@1|root,COG0539@2|Bacteria,1MVAV@1224|Proteobacteria,2TQPV@28211|Alphaproteobacteria,3N68W@45401|Hyphomicrobiaceae","thus facilitating recognition of the initiation point. It is needed to translate mRNA with a short Shine-Dalgarno (SD) purine-rich sequence"
"ko:K02945",4081.90450174321,0.0863510482780072,0.027034409782729,3.19411627522095,0.00140259611989086,0.048144927278114,"k87_4634620_1","COG0539@1|root,COG0539@2|Bacteria,1MVAV@1224|Proteobacteria,2TQPV@28211|Alphaproteobacteria,1JSVA@119045|Methylobacteriaceae","thus facilitating recognition of the initiation point. It is needed to translate mRNA with a short Shine-Dalgarno (SD) purine-rich sequence"
"ko:K02945",4081.90450174321,0.0863510482780072,0.027034409782729,3.19411627522095,0.00140259611989086,0.048144927278114,"k87_4694124_2","COG0539@1|root,COG0539@2|Bacteria,2GJAK@201174|Actinobacteria,4FF0W@85021|Intrasporangiaceae","in most gram negative organisms this protein is composed of 6 repeats of the S1 domain while in gram positive there are 4 repeats"
"ko:K02945",4081.90450174321,0.0863510482780072,0.027034409782729,3.19411627522095,0.00140259611989086,0.048144927278114,"k87_4792339_1","COG0539@1|root,COG0539@2|Bacteria,1MVAV@1224|Proteobacteria,2VI12@28216|Betaproteobacteria,2KUBW@206389|Rhodocyclales","thus facilitating recognition of the initiation point. It is needed to translate mRNA with a short Shine-Dalgarno (SD) purine-rich sequence"
"ko:K02945",4081.90450174321,0.0863510482780072,0.027034409782729,3.19411627522095,0.00140259611989086,0.048144927278114,"k87_4883609_7","COG0539@1|root,COG0539@2|Bacteria,1MVAV@1224|Proteobacteria,1RMFY@1236|Gammaproteobacteria,1X3UC@135614|Xanthomonadales","thus facilitating recognition of the initiation point. It is needed to translate mRNA with a short Shine-Dalgarno (SD) purine-rich sequence"
"ko:K02945",4081.90450174321,0.0863510482780072,0.027034409782729,3.19411627522095,0.00140259611989086,0.048144927278114,"k87_4905680_1","COG0539@1|root,COG0539@2|Bacteria,46SFY@74201|Verrucomicrobia","thus facilitating recognition of the initiation point. It is needed to translate mRNA with a short Shine-Dalgarno (SD) purine-rich sequence"
"ko:K02945",4081.90450174321,0.0863510482780072,0.027034409782729,3.19411627522095,0.00140259611989086,0.048144927278114,"k87_4933680_1","COG0539@1|root,COG0539@2|Bacteria,2GJAK@201174|Actinobacteria,1W80Z@1268|Micrococcaceae","Ribosomal protein S1"
"ko:K02945",4081.90450174321,0.0863510482780072,0.027034409782729,3.19411627522095,0.00140259611989086,0.048144927278114,"k87_4961201_1","COG0539@1|root,COG0539@2|Bacteria,2GJAK@201174|Actinobacteria,4CPF8@84995|Rubrobacteria","Ribosomal protein S1-like RNA-binding domain"
"ko:K02945",4081.90450174321,0.0863510482780072,0.027034409782729,3.19411627522095,0.00140259611989086,0.048144927278114,"k87_5015469_1","COG0539@1|root,COG0539@2|Bacteria,1MVAV@1224|Proteobacteria,2TQPV@28211|Alphaproteobacteria,4B7YG@82115|Rhizobiaceae","thus facilitating recognition of the initiation point. It is needed to translate mRNA with a short Shine-Dalgarno (SD) purine-rich sequence"
"ko:K02945",4081.90450174321,0.0863510482780072,0.027034409782729,3.19411627522095,0.00140259611989086,0.048144927278114,"k87_5314792_3","COG0539@1|root,COG0539@2|Bacteria,1MVAV@1224|Proteobacteria,2VI12@28216|Betaproteobacteria,1KIV0@119065|unclassified Burkholderiales","thus facilitating recognition of the initiation point. It is needed to translate mRNA with a short Shine-Dalgarno (SD) purine-rich sequence"
"ko:K02945",4081.90450174321,0.0863510482780072,0.027034409782729,3.19411627522095,0.00140259611989086,0.048144927278114,"k87_5348797_2","COG0539@1|root,COG0539@2|Bacteria,1MVAV@1224|Proteobacteria,2TQPV@28211|Alphaproteobacteria","thus facilitating recognition of the initiation point. It is needed to translate mRNA with a short Shine-Dalgarno (SD) purine-rich sequence"
"ko:K02945",4081.90450174321,0.0863510482780072,0.027034409782729,3.19411627522095,0.00140259611989086,0.048144927278114,"k87_5626252_2","COG0539@1|root,COG0539@2|Bacteria,2GJAK@201174|Actinobacteria,4CPF8@84995|Rubrobacteria","Ribosomal protein S1-like RNA-binding domain"
"ko:K02945",4081.90450174321,0.0863510482780072,0.027034409782729,3.19411627522095,0.00140259611989086,0.048144927278114,"k87_5671349_1","COG0539@1|root,COG0539@2|Bacteria,1MVAV@1224|Proteobacteria,2TQPV@28211|Alphaproteobacteria,3FCS0@34008|Rhodovulum","thus facilitating recognition of the initiation point. It is needed to translate mRNA with a short Shine-Dalgarno (SD) purine-rich sequence"
"ko:K02945",4081.90450174321,0.0863510482780072,0.027034409782729,3.19411627522095,0.00140259611989086,0.048144927278114,"k87_5774029_3","COG0539@1|root,COG0539@2|Bacteria,2GJAK@201174|Actinobacteria,4CPF8@84995|Rubrobacteria","Ribosomal protein S1-like RNA-binding domain"
"ko:K02945",4081.90450174321,0.0863510482780072,0.027034409782729,3.19411627522095,0.00140259611989086,0.048144927278114,"k87_5907911_1","COG0539@1|root,COG0539@2|Bacteria,2GJAK@201174|Actinobacteria,4CMW4@84992|Acidimicrobiia","Ribosomal protein S1-like RNA-binding domain"
"ko:K02945",4081.90450174321,0.0863510482780072,0.027034409782729,3.19411627522095,0.00140259611989086,0.048144927278114,"k87_6128284_1","COG0539@1|root,COG0539@2|Bacteria,2GJAK@201174|Actinobacteria,4DPIM@85009|Propionibacteriales","ribosomal protein"
"ko:K02945",4081.90450174321,0.0863510482780072,0.027034409782729,3.19411627522095,0.00140259611989086,0.048144927278114,"k87_6354096_3","COG0539@1|root,COG0539@2|Bacteria,2GJAK@201174|Actinobacteria,4CPF8@84995|Rubrobacteria","Ribosomal protein S1-like RNA-binding domain"
"ko:K02945",4081.90450174321,0.0863510482780072,0.027034409782729,3.19411627522095,0.00140259611989086,0.048144927278114,"k87_6861901_1","COG0539@1|root,COG0539@2|Bacteria,1MVAV@1224|Proteobacteria,2TQPV@28211|Alphaproteobacteria,3JUJY@41294|Bradyrhizobiaceae","thus facilitating recognition of the initiation point. It is needed to translate mRNA with a short Shine-Dalgarno (SD) purine-rich sequence"
"ko:K02945",4081.90450174321,0.0863510482780072,0.027034409782729,3.19411627522095,0.00140259611989086,0.048144927278114,"k87_6903709_1","COG0539@1|root,COG0539@2|Bacteria,1MVAV@1224|Proteobacteria,2TQPV@28211|Alphaproteobacteria,43HD4@69277|Phyllobacteriaceae","thus facilitating recognition of the initiation point. It is needed to translate mRNA with a short Shine-Dalgarno (SD) purine-rich sequence"
"ko:K02945",4081.90450174321,0.0863510482780072,0.027034409782729,3.19411627522095,0.00140259611989086,0.048144927278114,"k87_7004967_1","COG0539@1|root,COG0539@2|Bacteria,1MVAV@1224|Proteobacteria,2TQPV@28211|Alphaproteobacteria,1JSVA@119045|Methylobacteriaceae","thus facilitating recognition of the initiation point. It is needed to translate mRNA with a short Shine-Dalgarno (SD) purine-rich sequence"
"ko:K02950",1574.40990027654,0.168924518887658,0.0463286311067794,3.64622296951353,0.000266123085981643,0.0163665697878711,"k87_57837_1","COG0048@1|root,COG0048@2|Bacteria,1V1FJ@1239|Firmicutes,4H4CG@909932|Negativicutes","Interacts with and stabilizes bases of the 16S rRNA that are involved in tRNA selection in the A site and with the mRNA backbone. Located at the interface of the 30S and 50S subunits, it traverses the body of the 30S subunit contacting proteins on the other side and probably holding the rRNA structure together. The combined cluster of proteins S8, S12 and S17 appears to hold together the shoulder and platform of the 30S subunit"
"ko:K02950",1574.40990027654,0.168924518887658,0.0463286311067794,3.64622296951353,0.000266123085981643,0.0163665697878711,"k87_73327_4","COG0048@1|root,arCOG04255@2157|Archaea,41SIB@651137|Thaumarchaeota","With S4 and S5 plays an important role in translational accuracy. Located at the interface of the 30S and 50S subunits"
"ko:K02950",1574.40990027654,0.168924518887658,0.0463286311067794,3.64622296951353,0.000266123085981643,0.0163665697878711,"k87_82729_1","COG0048@1|root,arCOG04255@2157|Archaea,41SIB@651137|Thaumarchaeota","With S4 and S5 plays an important role in translational accuracy. Located at the interface of the 30S and 50S subunits"
"ko:K02950",1574.40990027654,0.168924518887658,0.0463286311067794,3.64622296951353,0.000266123085981643,0.0163665697878711,"k87_182397_3","COG0048@1|root,COG0048@2|Bacteria,2IHUF@201174|Actinobacteria,3UWJM@52018|unclassified Actinobacteria (class)","Interacts with and stabilizes bases of the 16S rRNA that are involved in tRNA selection in the A site and with the mRNA backbone. Located at the interface of the 30S and 50S subunits, it traverses the body of the 30S subunit contacting proteins on the other side and probably holding the rRNA structure together. The combined cluster of proteins S8, S12 and S17 appears to hold together the shoulder and platform of the 30S subunit"
"ko:K02950",1574.40990027654,0.168924518887658,0.0463286311067794,3.64622296951353,0.000266123085981643,0.0163665697878711,"k87_190721_1","COG0048@1|root,COG0048@2|Bacteria,1RCWY@1224|Proteobacteria,2U70K@28211|Alphaproteobacteria,1JUK1@119045|Methylobacteriaceae","Interacts with and stabilizes bases of the 16S rRNA that are involved in tRNA selection in the A site and with the mRNA backbone. Located at the interface of the 30S and 50S subunits, it traverses the body of the 30S subunit contacting proteins on the other side and probably holding the rRNA structure together. The combined cluster of proteins S8, S12 and S17 appears to hold together the shoulder and platform of the 30S subunit"
"ko:K02950",1574.40990027654,0.168924518887658,0.0463286311067794,3.64622296951353,0.000266123085981643,0.0163665697878711,"k87_334121_7","COG0048@1|root,arCOG04255@2157|Archaea,41SIB@651137|Thaumarchaeota","With S4 and S5 plays an important role in translational accuracy. Located at the interface of the 30S and 50S subunits"
"ko:K02950",1574.40990027654,0.168924518887658,0.0463286311067794,3.64622296951353,0.000266123085981643,0.0163665697878711,"k87_408034_3","COG0048@1|root,COG0048@2|Bacteria,2IHUF@201174|Actinobacteria,4CQ35@84995|Rubrobacteria","Interacts with and stabilizes bases of the 16S rRNA that are involved in tRNA selection in the A site and with the mRNA backbone. Located at the interface of the 30S and 50S subunits, it traverses the body of the 30S subunit contacting proteins on the other side and probably holding the rRNA structure together. The combined cluster of proteins S8, S12 and S17 appears to hold together the shoulder and platform of the 30S subunit"
"ko:K02950",1574.40990027654,0.168924518887658,0.0463286311067794,3.64622296951353,0.000266123085981643,0.0163665697878711,"k87_513047_3","COG0048@1|root,COG0048@2|Bacteria,3Y4JQ@57723|Acidobacteria,2JJ7D@204432|Acidobacteriia","Interacts with and stabilizes bases of the 16S rRNA that are involved in tRNA selection in the A site and with the mRNA backbone. Located at the interface of the 30S and 50S subunits, it traverses the body of the 30S subunit contacting proteins on the other side and probably holding the rRNA structure together. The combined cluster of proteins S8, S12 and S17 appears to hold together the shoulder and platform of the 30S subunit"
"ko:K02950",1574.40990027654,0.168924518887658,0.0463286311067794,3.64622296951353,0.000266123085981643,0.0163665697878711,"k87_566592_3","COG0048@1|root,COG0048@2|Bacteria,1RCWY@1224|Proteobacteria,42RDQ@68525|delta/epsilon subdivisions,2WND8@28221|Deltaproteobacteria,2MQJX@213462|Syntrophobacterales","Interacts with and stabilizes bases of the 16S rRNA that are involved in tRNA selection in the A site and with the mRNA backbone. Located at the interface of the 30S and 50S subunits, it traverses the body of the 30S subunit contacting proteins on the other side and probably holding the rRNA structure together. The combined cluster of proteins S8, S12 and S17 appears to hold together the shoulder and platform of the 30S subunit"
"ko:K02950",1574.40990027654,0.168924518887658,0.0463286311067794,3.64622296951353,0.000266123085981643,0.0163665697878711,"k87_620453_2","COG0048@1|root,arCOG04255@2157|Archaea,41SIB@651137|Thaumarchaeota","With S4 and S5 plays an important role in translational accuracy. Located at the interface of the 30S and 50S subunits"
"ko:K02950",1574.40990027654,0.168924518887658,0.0463286311067794,3.64622296951353,0.000266123085981643,0.0163665697878711,"k87_621773_2","COG0048@1|root,COG0048@2|Bacteria,1RCWY@1224|Proteobacteria,2U70K@28211|Alphaproteobacteria,2JS50@204441|Rhodospirillales","Interacts with and stabilizes bases of the 16S rRNA that are involved in tRNA selection in the A site and with the mRNA backbone. Located at the interface of the 30S and 50S subunits, it traverses the body of the 30S subunit contacting proteins on the other side and probably holding the rRNA structure together. The combined cluster of proteins S8, S12 and S17 appears to hold together the shoulder and platform of the 30S subunit"
"ko:K02950",1574.40990027654,0.168924518887658,0.0463286311067794,3.64622296951353,0.000266123085981643,0.0163665697878711,"k87_632318_3","COG0048@1|root,arCOG04255@2157|Archaea,41SIB@651137|Thaumarchaeota","With S4 and S5 plays an important role in translational accuracy. Located at the interface of the 30S and 50S subunits"
"ko:K02950",1574.40990027654,0.168924518887658,0.0463286311067794,3.64622296951353,0.000266123085981643,0.0163665697878711,"k87_645319_4","COG0048@1|root,arCOG04255@2157|Archaea,41SIB@651137|Thaumarchaeota","With S4 and S5 plays an important role in translational accuracy. Located at the interface of the 30S and 50S subunits"
"ko:K02950",1574.40990027654,0.168924518887658,0.0463286311067794,3.64622296951353,0.000266123085981643,0.0163665697878711,"k87_700188_2","COG0048@1|root,COG0048@2|Bacteria,2IHUF@201174|Actinobacteria,4CQ35@84995|Rubrobacteria","Interacts with and stabilizes bases of the 16S rRNA that are involved in tRNA selection in the A site and with the mRNA backbone. Located at the interface of the 30S and 50S subunits, it traverses the body of the 30S subunit contacting proteins on the other side and probably holding the rRNA structure together. The combined cluster of proteins S8, S12 and S17 appears to hold together the shoulder and platform of the 30S subunit"
"ko:K02950",1574.40990027654,0.168924518887658,0.0463286311067794,3.64622296951353,0.000266123085981643,0.0163665697878711,"k87_717716_1","COG0048@1|root,COG0048@2|Bacteria,2IHUF@201174|Actinobacteria,4DQR6@85009|Propionibacteriales","Interacts with and stabilizes bases of the 16S rRNA that are involved in tRNA selection in the A site and with the mRNA backbone. Located at the interface of the 30S and 50S subunits, it traverses the body of the 30S subunit contacting proteins on the other side and probably holding the rRNA structure together. The combined cluster of proteins S8, S12 and S17 appears to hold together the shoulder and platform of the 30S subunit"
"ko:K02950",1574.40990027654,0.168924518887658,0.0463286311067794,3.64622296951353,0.000266123085981643,0.0163665697878711,"k87_728270_1","COG0048@1|root,COG0048@2|Bacteria,1RCWY@1224|Proteobacteria,42RDQ@68525|delta/epsilon subdivisions,2WND8@28221|Deltaproteobacteria,2MQJX@213462|Syntrophobacterales","Interacts with and stabilizes bases of the 16S rRNA that are involved in tRNA selection in the A site and with the mRNA backbone. Located at the interface of the 30S and 50S subunits, it traverses the body of the 30S subunit contacting proteins on the other side and probably holding the rRNA structure together. The combined cluster of proteins S8, S12 and S17 appears to hold together the shoulder and platform of the 30S subunit"
"ko:K02950",1574.40990027654,0.168924518887658,0.0463286311067794,3.64622296951353,0.000266123085981643,0.0163665697878711,"k87_728270_3","COG0048@1|root,COG0048@2|Bacteria,1RCWY@1224|Proteobacteria,2U70K@28211|Alphaproteobacteria,2JS50@204441|Rhodospirillales","Interacts with and stabilizes bases of the 16S rRNA that are involved in tRNA selection in the A site and with the mRNA backbone. Located at the interface of the 30S and 50S subunits, it traverses the body of the 30S subunit contacting proteins on the other side and probably holding the rRNA structure together. The combined cluster of proteins S8, S12 and S17 appears to hold together the shoulder and platform of the 30S subunit"
"ko:K02950",1574.40990027654,0.168924518887658,0.0463286311067794,3.64622296951353,0.000266123085981643,0.0163665697878711,"k87_759849_2","COG0048@1|root,COG0048@2|Bacteria,1RCWY@1224|Proteobacteria,2U70K@28211|Alphaproteobacteria,4BQ5B@82117|unclassified Alphaproteobacteria","Interacts with and stabilizes bases of the 16S rRNA that are involved in tRNA selection in the A site and with the mRNA backbone. Located at the interface of the 30S and 50S subunits, it traverses the body of the 30S subunit contacting proteins on the other side and probably holding the rRNA structure together. The combined cluster of proteins S8, S12 and S17 appears to hold together the shoulder and platform of the 30S subunit"
"ko:K02950",1574.40990027654,0.168924518887658,0.0463286311067794,3.64622296951353,0.000266123085981643,0.0163665697878711,"k87_759852_1","COG0048@1|root,COG0048@2|Bacteria,1RCWY@1224|Proteobacteria,42RDQ@68525|delta/epsilon subdivisions,2WND8@28221|Deltaproteobacteria,2MQJX@213462|Syntrophobacterales","Interacts with and stabilizes bases of the 16S rRNA that are involved in tRNA selection in the A site and with the mRNA backbone. Located at the interface of the 30S and 50S subunits, it traverses the body of the 30S subunit contacting proteins on the other side and probably holding the rRNA structure together. The combined cluster of proteins S8, S12 and S17 appears to hold together the shoulder and platform of the 30S subunit"
"ko:K02950",1574.40990027654,0.168924518887658,0.0463286311067794,3.64622296951353,0.000266123085981643,0.0163665697878711,"k87_875917_2","COG0048@1|root,COG0048@2|Bacteria,1V1FJ@1239|Firmicutes,4H4CG@909932|Negativicutes","Interacts with and stabilizes bases of the 16S rRNA that are involved in tRNA selection in the A site and with the mRNA backbone. Located at the interface of the 30S and 50S subunits, it traverses the body of the 30S subunit contacting proteins on the other side and probably holding the rRNA structure together. The combined cluster of proteins S8, S12 and S17 appears to hold together the shoulder and platform of the 30S subunit"
"ko:K02950",1574.40990027654,0.168924518887658,0.0463286311067794,3.64622296951353,0.000266123085981643,0.0163665697878711,"k87_883598_1","COG0048@1|root,COG0048@2|Bacteria,46SQR@74201|Verrucomicrobia,2IU8K@203494|Verrucomicrobiae","Ribosomal protein S12/S23"
"ko:K02950",1574.40990027654,0.168924518887658,0.0463286311067794,3.64622296951353,0.000266123085981643,0.0163665697878711,"k87_886874_2","COG0048@1|root,COG0048@2|Bacteria,1RCWY@1224|Proteobacteria,42RDQ@68525|delta/epsilon subdivisions,2WND8@28221|Deltaproteobacteria,43URA@69541|Desulfuromonadales","With S4 and S5 plays an important role in translational accuracy"
"ko:K02950",1574.40990027654,0.168924518887658,0.0463286311067794,3.64622296951353,0.000266123085981643,0.0163665697878711,"k87_893770_1","COG0048@1|root,COG0048@2|Bacteria,2IHUF@201174|Actinobacteria,4ESMM@85013|Frankiales","Interacts with and stabilizes bases of the 16S rRNA that are involved in tRNA selection in the A site and with the mRNA backbone. Located at the interface of the 30S and 50S subunits, it traverses the body of the 30S subunit contacting proteins on the other side and probably holding the rRNA structure together. The combined cluster of proteins S8, S12 and S17 appears to hold together the shoulder and platform of the 30S subunit"
"ko:K02950",1574.40990027654,0.168924518887658,0.0463286311067794,3.64622296951353,0.000266123085981643,0.0163665697878711,"k87_894892_4","COG0048@1|root,COG0048@2|Bacteria,1RCWY@1224|Proteobacteria,2U70K@28211|Alphaproteobacteria,3JY1D@41294|Bradyrhizobiaceae","Interacts with and stabilizes bases of the 16S rRNA that are involved in tRNA selection in the A site and with the mRNA backbone. Located at the interface of the 30S and 50S subunits, it traverses the body of the 30S subunit contacting proteins on the other side and probably holding the rRNA structure together. The combined cluster of proteins S8, S12 and S17 appears to hold together the shoulder and platform of the 30S subunit"
"ko:K02950",1574.40990027654,0.168924518887658,0.0463286311067794,3.64622296951353,0.000266123085981643,0.0163665697878711,"k87_910451_3","COG0048@1|root,COG0048@2|Bacteria,46SQR@74201|Verrucomicrobia,3K7YQ@414999|Opitutae","Interacts with and stabilizes bases of the 16S rRNA that are involved in tRNA selection in the A site and with the mRNA backbone. Located at the interface of the 30S and 50S subunits, it traverses the body of the 30S subunit contacting proteins on the other side and probably holding the rRNA structure together. The combined cluster of proteins S8, S12 and S17 appears to hold together the shoulder and platform of the 30S subunit"
"ko:K02950",1574.40990027654,0.168924518887658,0.0463286311067794,3.64622296951353,0.000266123085981643,0.0163665697878711,"k87_987455_1","COG0048@1|root,COG0048@2|Bacteria,2IHUF@201174|Actinobacteria,3UWJM@52018|unclassified Actinobacteria (class)","Interacts with and stabilizes bases of the 16S rRNA that are involved in tRNA selection in the A site and with the mRNA backbone. Located at the interface of the 30S and 50S subunits, it traverses the body of the 30S subunit contacting proteins on the other side and probably holding the rRNA structure together. The combined cluster of proteins S8, S12 and S17 appears to hold together the shoulder and platform of the 30S subunit"
"ko:K02950",1574.40990027654,0.168924518887658,0.0463286311067794,3.64622296951353,0.000266123085981643,0.0163665697878711,"k87_1056638_1","COG0048@1|root,COG0048@2|Bacteria,2IHUF@201174|Actinobacteria,4CQ35@84995|Rubrobacteria","Interacts with and stabilizes bases of the 16S rRNA that are involved in tRNA selection in the A site and with the mRNA backbone. Located at the interface of the 30S and 50S subunits, it traverses the body of the 30S subunit contacting proteins on the other side and probably holding the rRNA structure together. The combined cluster of proteins S8, S12 and S17 appears to hold together the shoulder and platform of the 30S subunit"
"ko:K02950",1574.40990027654,0.168924518887658,0.0463286311067794,3.64622296951353,0.000266123085981643,0.0163665697878711,"k87_1062033_3","COG0048@1|root,COG0048@2|Bacteria,2IHUF@201174|Actinobacteria,4CQ35@84995|Rubrobacteria","Interacts with and stabilizes bases of the 16S rRNA that are involved in tRNA selection in the A site and with the mRNA backbone. Located at the interface of the 30S and 50S subunits, it traverses the body of the 30S subunit contacting proteins on the other side and probably holding the rRNA structure together. The combined cluster of proteins S8, S12 and S17 appears to hold together the shoulder and platform of the 30S subunit"
"ko:K02950",1574.40990027654,0.168924518887658,0.0463286311067794,3.64622296951353,0.000266123085981643,0.0163665697878711,"k87_1070163_3","COG0048@1|root,COG0048@2|Bacteria,2G3ZY@200783|Aquificae","Interacts with and stabilizes bases of the 16S rRNA that are involved in tRNA selection in the A site and with the mRNA backbone. Located at the interface of the 30S and 50S subunits, it traverses the body of the 30S subunit contacting proteins on the other side and probably holding the rRNA structure together. The combined cluster of proteins S8, S12 and S17 appears to hold together the shoulder and platform of the 30S subunit"
"ko:K02950",1574.40990027654,0.168924518887658,0.0463286311067794,3.64622296951353,0.000266123085981643,0.0163665697878711,"k87_1107354_1","COG0048@1|root,COG0048@2|Bacteria,3J0IU@40117|Nitrospirae","Interacts with and stabilizes bases of the 16S rRNA that are involved in tRNA selection in the A site and with the mRNA backbone. Located at the interface of the 30S and 50S subunits, it traverses the body of the 30S subunit contacting proteins on the other side and probably holding the rRNA structure together. The combined cluster of proteins S8, S12 and S17 appears to hold together the shoulder and platform of the 30S subunit"
"ko:K02950",1574.40990027654,0.168924518887658,0.0463286311067794,3.64622296951353,0.000266123085981643,0.0163665697878711,"k87_1124917_1","COG0048@1|root,COG0048@2|Bacteria,1RCWY@1224|Proteobacteria,2VR2H@28216|Betaproteobacteria,44VUV@713636|Nitrosomonadales","Interacts with and stabilizes bases of the 16S rRNA that are involved in tRNA selection in the A site and with the mRNA backbone. Located at the interface of the 30S and 50S subunits, it traverses the body of the 30S subunit contacting proteins on the other side and probably holding the rRNA structure together. The combined cluster of proteins S8, S12 and S17 appears to hold together the shoulder and platform of the 30S subunit"
"ko:K02950",1574.40990027654,0.168924518887658,0.0463286311067794,3.64622296951353,0.000266123085981643,0.0163665697878711,"k87_1165464_3","COG0048@1|root,COG0048@2|Bacteria,2IHUF@201174|Actinobacteria,4CQ35@84995|Rubrobacteria","Interacts with and stabilizes bases of the 16S rRNA that are involved in tRNA selection in the A site and with the mRNA backbone. Located at the interface of the 30S and 50S subunits, it traverses the body of the 30S subunit contacting proteins on the other side and probably holding the rRNA structure together. The combined cluster of proteins S8, S12 and S17 appears to hold together the shoulder and platform of the 30S subunit"
"ko:K02950",1574.40990027654,0.168924518887658,0.0463286311067794,3.64622296951353,0.000266123085981643,0.0163665697878711,"k87_1182014_3","COG0048@1|root,COG0048@2|Bacteria,2IHUF@201174|Actinobacteria,4FNRI@85023|Microbacteriaceae","Interacts with and stabilizes bases of the 16S rRNA that are involved in tRNA selection in the A site and with the mRNA backbone. Located at the interface of the 30S and 50S subunits, it traverses the body of the 30S subunit contacting proteins on the other side and probably holding the rRNA structure together. The combined cluster of proteins S8, S12 and S17 appears to hold together the shoulder and platform of the 30S subunit"
"ko:K02950",1574.40990027654,0.168924518887658,0.0463286311067794,3.64622296951353,0.000266123085981643,0.0163665697878711,"k87_1304855_1","COG0048@1|root,COG0048@2|Bacteria,1RCWY@1224|Proteobacteria,2U70K@28211|Alphaproteobacteria","Interacts with and stabilizes bases of the 16S rRNA that are involved in tRNA selection in the A site and with the mRNA backbone. Located at the interface of the 30S and 50S subunits, it traverses the body of the 30S subunit contacting proteins on the other side and probably holding the rRNA structure together. The combined cluster of proteins S8, S12 and S17 appears to hold together the shoulder and platform of the 30S subunit"
"ko:K02950",1574.40990027654,0.168924518887658,0.0463286311067794,3.64622296951353,0.000266123085981643,0.0163665697878711,"k87_1352272_2","COG0048@1|root,COG0048@2|Bacteria,1RCWY@1224|Proteobacteria,2VR2H@28216|Betaproteobacteria,4ADMD@80864|Comamonadaceae","Interacts with and stabilizes bases of the 16S rRNA that are involved in tRNA selection in the A site and with the mRNA backbone. Located at the interface of the 30S and 50S subunits, it traverses the body of the 30S subunit contacting proteins on the other side and probably holding the rRNA structure together. The combined cluster of proteins S8, S12 and S17 appears to hold together the shoulder and platform of the 30S subunit"
"ko:K02950",1574.40990027654,0.168924518887658,0.0463286311067794,3.64622296951353,0.000266123085981643,0.0163665697878711,"k87_1401146_2","COG0048@1|root,COG0048@2|Bacteria,1RCWY@1224|Proteobacteria,2U70K@28211|Alphaproteobacteria,2K3W8@204457|Sphingomonadales","Interacts with and stabilizes bases of the 16S rRNA that are involved in tRNA selection in the A site and with the mRNA backbone. Located at the interface of the 30S and 50S subunits, it traverses the body of the 30S subunit contacting proteins on the other side and probably holding the rRNA structure together. The combined cluster of proteins S8, S12 and S17 appears to hold together the shoulder and platform of the 30S subunit"
"ko:K02950",1574.40990027654,0.168924518887658,0.0463286311067794,3.64622296951353,0.000266123085981643,0.0163665697878711,"k87_1423181_3","COG0048@1|root,COG0048@2|Bacteria,1V1FJ@1239|Firmicutes,4HFMZ@91061|Bacilli,1ZFM9@1386|Bacillus","Interacts with and stabilizes bases of the 16S rRNA that are involved in tRNA selection in the A site and with the mRNA backbone. Located at the interface of the 30S and 50S subunits, it traverses the body of the 30S subunit contacting proteins on the other side and probably holding the rRNA structure together. The combined cluster of proteins S8, S12 and S17 appears to hold together the shoulder and platform of the 30S subunit"
"ko:K02950",1574.40990027654,0.168924518887658,0.0463286311067794,3.64622296951353,0.000266123085981643,0.0163665697878711,"k87_1639659_3","COG0048@1|root,COG0048@2|Bacteria,1RCWY@1224|Proteobacteria,2U70K@28211|Alphaproteobacteria,2JS50@204441|Rhodospirillales","Interacts with and stabilizes bases of the 16S rRNA that are involved in tRNA selection in the A site and with the mRNA backbone. Located at the interface of the 30S and 50S subunits, it traverses the body of the 30S subunit contacting proteins on the other side and probably holding the rRNA structure together. The combined cluster of proteins S8, S12 and S17 appears to hold together the shoulder and platform of the 30S subunit"
"ko:K02950",1574.40990027654,0.168924518887658,0.0463286311067794,3.64622296951353,0.000266123085981643,0.0163665697878711,"k87_1737806_3","COG0048@1|root,COG0048@2|Bacteria,2IHUF@201174|Actinobacteria,4D5TR@85005|Actinomycetales","Interacts with and stabilizes bases of the 16S rRNA that are involved in tRNA selection in the A site and with the mRNA backbone. Located at the interface of the 30S and 50S subunits, it traverses the body of the 30S subunit contacting proteins on the other side and probably holding the rRNA structure together. The combined cluster of proteins S8, S12 and S17 appears to hold together the shoulder and platform of the 30S subunit"
"ko:K02950",1574.40990027654,0.168924518887658,0.0463286311067794,3.64622296951353,0.000266123085981643,0.0163665697878711,"k87_1741442_3","COG0048@1|root,COG0048@2|Bacteria,2G6EX@200795|Chloroflexi,27YD6@189775|Thermomicrobia","Ribosomal protein S12/S23"
"ko:K02950",1574.40990027654,0.168924518887658,0.0463286311067794,3.64622296951353,0.000266123085981643,0.0163665697878711,"k87_1843677_1","COG0048@1|root,COG0048@2|Bacteria,1RCWY@1224|Proteobacteria,1S3WB@1236|Gammaproteobacteria,1X6C9@135614|Xanthomonadales","Interacts with and stabilizes bases of the 16S rRNA that are involved in tRNA selection in the A site and with the mRNA backbone. Located at the interface of the 30S and 50S subunits, it traverses the body of the 30S subunit contacting proteins on the other side and probably holding the rRNA structure together. The combined cluster of proteins S8, S12 and S17 appears to hold together the shoulder and platform of the 30S subunit"
"ko:K02950",1574.40990027654,0.168924518887658,0.0463286311067794,3.64622296951353,0.000266123085981643,0.0163665697878711,"k87_1955522_2","COG0048@1|root,COG0048@2|Bacteria,2IHUF@201174|Actinobacteria,4DQR6@85009|Propionibacteriales","Interacts with and stabilizes bases of the 16S rRNA that are involved in tRNA selection in the A site and with the mRNA backbone. Located at the interface of the 30S and 50S subunits, it traverses the body of the 30S subunit contacting proteins on the other side and probably holding the rRNA structure together. The combined cluster of proteins S8, S12 and S17 appears to hold together the shoulder and platform of the 30S subunit"
"ko:K02950",1574.40990027654,0.168924518887658,0.0463286311067794,3.64622296951353,0.000266123085981643,0.0163665697878711,"k87_1981798_4","COG0048@1|root,COG0048@2|Bacteria,2IHUF@201174|Actinobacteria,4CN6J@84992|Acidimicrobiia","Interacts with and stabilizes bases of the 16S rRNA that are involved in tRNA selection in the A site and with the mRNA backbone. Located at the interface of the 30S and 50S subunits, it traverses the body of the 30S subunit contacting proteins on the other side and probably holding the rRNA structure together. The combined cluster of proteins S8, S12 and S17 appears to hold together the shoulder and platform of the 30S subunit"
"ko:K02950",1574.40990027654,0.168924518887658,0.0463286311067794,3.64622296951353,0.000266123085981643,0.0163665697878711,"k87_2117745_2","COG0048@1|root,COG0048@2|Bacteria,1RCWY@1224|Proteobacteria,2U70K@28211|Alphaproteobacteria,2K3W8@204457|Sphingomonadales","Interacts with and stabilizes bases of the 16S rRNA that are involved in tRNA selection in the A site and with the mRNA backbone. Located at the interface of the 30S and 50S subunits, it traverses the body of the 30S subunit contacting proteins on the other side and probably holding the rRNA structure together. The combined cluster of proteins S8, S12 and S17 appears to hold together the shoulder and platform of the 30S subunit"
"ko:K02950",1574.40990027654,0.168924518887658,0.0463286311067794,3.64622296951353,0.000266123085981643,0.0163665697878711,"k87_2241222_3","COG0048@1|root,COG0048@2|Bacteria,1RCWY@1224|Proteobacteria,2U70K@28211|Alphaproteobacteria,4BE2N@82115|Rhizobiaceae","Interacts with and stabilizes bases of the 16S rRNA that are involved in tRNA selection in the A site and with the mRNA backbone. Located at the interface of the 30S and 50S subunits, it traverses the body of the 30S subunit contacting proteins on the other side and probably holding the rRNA structure together. The combined cluster of proteins S8, S12 and S17 appears to hold together the shoulder and platform of the 30S subunit"
"ko:K02950",1574.40990027654,0.168924518887658,0.0463286311067794,3.64622296951353,0.000266123085981643,0.0163665697878711,"k87_2285978_3","COG0048@1|root,COG0048@2|Bacteria,2IHUF@201174|Actinobacteria,4F6YA@85018|Dermatophilaceae","Interacts with and stabilizes bases of the 16S rRNA that are involved in tRNA selection in the A site and with the mRNA backbone. Located at the interface of the 30S and 50S subunits, it traverses the body of the 30S subunit contacting proteins on the other side and probably holding the rRNA structure together. The combined cluster of proteins S8, S12 and S17 appears to hold together the shoulder and platform of the 30S subunit"
"ko:K02950",1574.40990027654,0.168924518887658,0.0463286311067794,3.64622296951353,0.000266123085981643,0.0163665697878711,"k87_2371010_2","COG0048@1|root,COG0048@2|Bacteria,1RCWY@1224|Proteobacteria,2U70K@28211|Alphaproteobacteria,2JS50@204441|Rhodospirillales","Interacts with and stabilizes bases of the 16S rRNA that are involved in tRNA selection in the A site and with the mRNA backbone. Located at the interface of the 30S and 50S subunits, it traverses the body of the 30S subunit contacting proteins on the other side and probably holding the rRNA structure together. The combined cluster of proteins S8, S12 and S17 appears to hold together the shoulder and platform of the 30S subunit"
"ko:K02950",1574.40990027654,0.168924518887658,0.0463286311067794,3.64622296951353,0.000266123085981643,0.0163665697878711,"k87_2439983_2","COG0048@1|root,COG0048@2|Bacteria,2G6EX@200795|Chloroflexi,27YD6@189775|Thermomicrobia","Ribosomal protein S12/S23"
"ko:K02950",1574.40990027654,0.168924518887658,0.0463286311067794,3.64622296951353,0.000266123085981643,0.0163665697878711,"k87_2452583_3","COG0048@1|root,COG0048@2|Bacteria,1RCWY@1224|Proteobacteria,1S3WB@1236|Gammaproteobacteria,2Q25Y@267888|Pseudoalteromonadaceae","Interacts with and stabilizes bases of the 16S rRNA that are involved in tRNA selection in the A site and with the mRNA backbone. Located at the interface of the 30S and 50S subunits, it traverses the body of the 30S subunit contacting proteins on the other side and probably holding the rRNA structure together. The combined cluster of proteins S8, S12 and S17 appears to hold together the shoulder and platform of the 30S subunit"
"ko:K02950",1574.40990027654,0.168924518887658,0.0463286311067794,3.64622296951353,0.000266123085981643,0.0163665697878711,"k87_2512106_1","COG0048@1|root,COG0048@2|Bacteria,1RCWY@1224|Proteobacteria,1S3WB@1236|Gammaproteobacteria,3NN2Z@468|Moraxellaceae","Interacts with and stabilizes bases of the 16S rRNA that are involved in tRNA selection in the A site and with the mRNA backbone. Located at the interface of the 30S and 50S subunits, it traverses the body of the 30S subunit contacting proteins on the other side and probably holding the rRNA structure together. The combined cluster of proteins S8, S12 and S17 appears to hold together the shoulder and platform of the 30S subunit"
"ko:K02950",1574.40990027654,0.168924518887658,0.0463286311067794,3.64622296951353,0.000266123085981643,0.0163665697878711,"k87_2547455_2","COG0048@1|root,arCOG04255@2157|Archaea,41SIB@651137|Thaumarchaeota","With S4 and S5 plays an important role in translational accuracy. Located at the interface of the 30S and 50S subunits"
"ko:K02950",1574.40990027654,0.168924518887658,0.0463286311067794,3.64622296951353,0.000266123085981643,0.0163665697878711,"k87_2656933_3","COG0048@1|root,arCOG04255@2157|Archaea,41SIB@651137|Thaumarchaeota","With S4 and S5 plays an important role in translational accuracy. Located at the interface of the 30S and 50S subunits"
"ko:K02950",1574.40990027654,0.168924518887658,0.0463286311067794,3.64622296951353,0.000266123085981643,0.0163665697878711,"k87_2660561_2","COG0048@1|root,COG0048@2|Bacteria,4NM3Y@976|Bacteroidetes,1ISHA@117747|Sphingobacteriia","Interacts with and stabilizes bases of the 16S rRNA that are involved in tRNA selection in the A site and with the mRNA backbone. Located at the interface of the 30S and 50S subunits, it traverses the body of the 30S subunit contacting proteins on the other side and probably holding the rRNA structure together. The combined cluster of proteins S8, S12 and S17 appears to hold together the shoulder and platform of the 30S subunit"
"ko:K02950",1574.40990027654,0.168924518887658,0.0463286311067794,3.64622296951353,0.000266123085981643,0.0163665697878711,"k87_2915274_2","COG0048@1|root,COG0048@2|Bacteria,46SQR@74201|Verrucomicrobia,2IU8K@203494|Verrucomicrobiae","Ribosomal protein S12/S23"
"ko:K02950",1574.40990027654,0.168924518887658,0.0463286311067794,3.64622296951353,0.000266123085981643,0.0163665697878711,"k87_2949420_3","COG0048@1|root,arCOG04255@2157|Archaea,41SIB@651137|Thaumarchaeota","With S4 and S5 plays an important role in translational accuracy. Located at the interface of the 30S and 50S subunits"
"ko:K02950",1574.40990027654,0.168924518887658,0.0463286311067794,3.64622296951353,0.000266123085981643,0.0163665697878711,"k87_3056474_2","COG0048@1|root,COG0048@2|Bacteria,1G4ZZ@1117|Cyanobacteria,22SV2@167375|Cyanobium","Interacts with and stabilizes bases of the 16S rRNA that are involved in tRNA selection in the A site and with the mRNA backbone. Located at the interface of the 30S and 50S subunits, it traverses the body of the 30S subunit contacting proteins on the other side and probably holding the rRNA structure together. The combined cluster of proteins S8, S12 and S17 appears to hold together the shoulder and platform of the 30S subunit"
"ko:K02950",1574.40990027654,0.168924518887658,0.0463286311067794,3.64622296951353,0.000266123085981643,0.0163665697878711,"k87_3060309_1","COG0048@1|root,COG0048@2|Bacteria,2IHUF@201174|Actinobacteria,4CQ35@84995|Rubrobacteria","Interacts with and stabilizes bases of the 16S rRNA that are involved in tRNA selection in the A site and with the mRNA backbone. Located at the interface of the 30S and 50S subunits, it traverses the body of the 30S subunit contacting proteins on the other side and probably holding the rRNA structure together. The combined cluster of proteins S8, S12 and S17 appears to hold together the shoulder and platform of the 30S subunit"
"ko:K02950",1574.40990027654,0.168924518887658,0.0463286311067794,3.64622296951353,0.000266123085981643,0.0163665697878711,"k87_3239738_2","COG0048@1|root,COG0048@2|Bacteria,2IHUF@201174|Actinobacteria,4GDS4@85026|Gordoniaceae","Interacts with and stabilizes bases of the 16S rRNA that are involved in tRNA selection in the A site and with the mRNA backbone. Located at the interface of the 30S and 50S subunits, it traverses the body of the 30S subunit contacting proteins on the other side and probably holding the rRNA structure together. The combined cluster of proteins S8, S12 and S17 appears to hold together the shoulder and platform of the 30S subunit"
"ko:K02950",1574.40990027654,0.168924518887658,0.0463286311067794,3.64622296951353,0.000266123085981643,0.0163665697878711,"k87_3282433_3","COG0048@1|root,COG0048@2|Bacteria,2IHUF@201174|Actinobacteria,4CVWP@84998|Coriobacteriia","Interacts with and stabilizes bases of the 16S rRNA that are involved in tRNA selection in the A site and with the mRNA backbone. Located at the interface of the 30S and 50S subunits, it traverses the body of the 30S subunit contacting proteins on the other side and probably holding the rRNA structure together. The combined cluster of proteins S8, S12 and S17 appears to hold together the shoulder and platform of the 30S subunit"
"ko:K02950",1574.40990027654,0.168924518887658,0.0463286311067794,3.64622296951353,0.000266123085981643,0.0163665697878711,"k87_3288068_3","COG0048@1|root,COG0048@2|Bacteria,1RCWY@1224|Proteobacteria,2U70K@28211|Alphaproteobacteria,1JUK1@119045|Methylobacteriaceae","Interacts with and stabilizes bases of the 16S rRNA that are involved in tRNA selection in the A site and with the mRNA backbone. Located at the interface of the 30S and 50S subunits, it traverses the body of the 30S subunit contacting proteins on the other side and probably holding the rRNA structure together. The combined cluster of proteins S8, S12 and S17 appears to hold together the shoulder and platform of the 30S subunit"
"ko:K02950",1574.40990027654,0.168924518887658,0.0463286311067794,3.64622296951353,0.000266123085981643,0.0163665697878711,"k87_3453749_3","COG0048@1|root,COG0048@2|Bacteria,2IHUF@201174|Actinobacteria,4FGQ0@85021|Intrasporangiaceae","Interacts with and stabilizes bases of the 16S rRNA that are involved in tRNA selection in the A site and with the mRNA backbone. Located at the interface of the 30S and 50S subunits, it traverses the body of the 30S subunit contacting proteins on the other side and probably holding the rRNA structure together. The combined cluster of proteins S8, S12 and S17 appears to hold together the shoulder and platform of the 30S subunit"
"ko:K02950",1574.40990027654,0.168924518887658,0.0463286311067794,3.64622296951353,0.000266123085981643,0.0163665697878711,"k87_3628099_1","COG0048@1|root,COG0048@2|Bacteria,2IHUF@201174|Actinobacteria,4CN6J@84992|Acidimicrobiia","Interacts with and stabilizes bases of the 16S rRNA that are involved in tRNA selection in the A site and with the mRNA backbone. Located at the interface of the 30S and 50S subunits, it traverses the body of the 30S subunit contacting proteins on the other side and probably holding the rRNA structure together. The combined cluster of proteins S8, S12 and S17 appears to hold together the shoulder and platform of the 30S subunit"
"ko:K02950",1574.40990027654,0.168924518887658,0.0463286311067794,3.64622296951353,0.000266123085981643,0.0163665697878711,"k87_3646976_2","COG0048@1|root,COG0048@2|Bacteria,1RCWY@1224|Proteobacteria,2U70K@28211|Alphaproteobacteria,2JS50@204441|Rhodospirillales","Interacts with and stabilizes bases of the 16S rRNA that are involved in tRNA selection in the A site and with the mRNA backbone. Located at the interface of the 30S and 50S subunits, it traverses the body of the 30S subunit contacting proteins on the other side and probably holding the rRNA structure together. The combined cluster of proteins S8, S12 and S17 appears to hold together the shoulder and platform of the 30S subunit"
"ko:K02950",1574.40990027654,0.168924518887658,0.0463286311067794,3.64622296951353,0.000266123085981643,0.0163665697878711,"k87_3714635_1","COG0048@1|root,COG0048@2|Bacteria,1RCWY@1224|Proteobacteria,2U70K@28211|Alphaproteobacteria,3EZBU@335928|Xanthobacteraceae","30S ribosomal protein S12"
"ko:K02950",1574.40990027654,0.168924518887658,0.0463286311067794,3.64622296951353,0.000266123085981643,0.0163665697878711,"k87_3718422_1","COG0048@1|root,COG0048@2|Bacteria,1RCWY@1224|Proteobacteria,2U70K@28211|Alphaproteobacteria,3JY1D@41294|Bradyrhizobiaceae","Interacts with and stabilizes bases of the 16S rRNA that are involved in tRNA selection in the A site and with the mRNA backbone. Located at the interface of the 30S and 50S subunits, it traverses the body of the 30S subunit contacting proteins on the other side and probably holding the rRNA structure together. The combined cluster of proteins S8, S12 and S17 appears to hold together the shoulder and platform of the 30S subunit"
"ko:K02950",1574.40990027654,0.168924518887658,0.0463286311067794,3.64622296951353,0.000266123085981643,0.0163665697878711,"k87_3770289_3","COG0048@1|root,COG0048@2|Bacteria,3Y4JQ@57723|Acidobacteria,2JJ7D@204432|Acidobacteriia","Interacts with and stabilizes bases of the 16S rRNA that are involved in tRNA selection in the A site and with the mRNA backbone. Located at the interface of the 30S and 50S subunits, it traverses the body of the 30S subunit contacting proteins on the other side and probably holding the rRNA structure together. The combined cluster of proteins S8, S12 and S17 appears to hold together the shoulder and platform of the 30S subunit"
"ko:K02950",1574.40990027654,0.168924518887658,0.0463286311067794,3.64622296951353,0.000266123085981643,0.0163665697878711,"k87_4094453_2","COG0048@1|root,COG0048@2|Bacteria,2IHUF@201174|Actinobacteria,1W988@1268|Micrococcaceae","Interacts with and stabilizes bases of the 16S rRNA that are involved in tRNA selection in the A site and with the mRNA backbone. Located at the interface of the 30S and 50S subunits, it traverses the body of the 30S subunit contacting proteins on the other side and probably holding the rRNA structure together. The combined cluster of proteins S8, S12 and S17 appears to hold together the shoulder and platform of the 30S subunit"
"ko:K02950",1574.40990027654,0.168924518887658,0.0463286311067794,3.64622296951353,0.000266123085981643,0.0163665697878711,"k87_4180356_3","COG0048@1|root,COG0048@2|Bacteria,1RCWY@1224|Proteobacteria,2U70K@28211|Alphaproteobacteria,2K3W8@204457|Sphingomonadales","Interacts with and stabilizes bases of the 16S rRNA that are involved in tRNA selection in the A site and with the mRNA backbone. Located at the interface of the 30S and 50S subunits, it traverses the body of the 30S subunit contacting proteins on the other side and probably holding the rRNA structure together. The combined cluster of proteins S8, S12 and S17 appears to hold together the shoulder and platform of the 30S subunit"
"ko:K02950",1574.40990027654,0.168924518887658,0.0463286311067794,3.64622296951353,0.000266123085981643,0.0163665697878711,"k87_4186026_1","COG0048@1|root,COG0048@2|Bacteria,2NPA7@2323|unclassified Bacteria","Interacts with and stabilizes bases of the 16S rRNA that are involved in tRNA selection in the A site and with the mRNA backbone. Located at the interface of the 30S and 50S subunits, it traverses the body of the 30S subunit contacting proteins on the other side and probably holding the rRNA structure together. The combined cluster of proteins S8, S12 and S17 appears to hold together the shoulder and platform of the 30S subunit"
"ko:K02950",1574.40990027654,0.168924518887658,0.0463286311067794,3.64622296951353,0.000266123085981643,0.0163665697878711,"k87_4293860_2","COG0048@1|root,COG0048@2|Bacteria,2G6EX@200795|Chloroflexi,27YD6@189775|Thermomicrobia","Ribosomal protein S12/S23"
"ko:K02950",1574.40990027654,0.168924518887658,0.0463286311067794,3.64622296951353,0.000266123085981643,0.0163665697878711,"k87_4635477_2","COG0048@1|root,KOG1750@2759|Eukaryota,3A1XA@33154|Opisthokonta","mitochondrial translation"
"ko:K02950",1574.40990027654,0.168924518887658,0.0463286311067794,3.64622296951353,0.000266123085981643,0.0163665697878711,"k87_4774490_2","COG0048@1|root,COG0048@2|Bacteria,1V1FJ@1239|Firmicutes,4H4CG@909932|Negativicutes","Interacts with and stabilizes bases of the 16S rRNA that are involved in tRNA selection in the A site and with the mRNA backbone. Located at the interface of the 30S and 50S subunits, it traverses the body of the 30S subunit contacting proteins on the other side and probably holding the rRNA structure together. The combined cluster of proteins S8, S12 and S17 appears to hold together the shoulder and platform of the 30S subunit"
"ko:K02950",1574.40990027654,0.168924518887658,0.0463286311067794,3.64622296951353,0.000266123085981643,0.0163665697878711,"k87_5154851_3","COG0048@1|root,COG0048@2|Bacteria,2IHUF@201174|Actinobacteria,4CVWP@84998|Coriobacteriia","Interacts with and stabilizes bases of the 16S rRNA that are involved in tRNA selection in the A site and with the mRNA backbone. Located at the interface of the 30S and 50S subunits, it traverses the body of the 30S subunit contacting proteins on the other side and probably holding the rRNA structure together. The combined cluster of proteins S8, S12 and S17 appears to hold together the shoulder and platform of the 30S subunit"
"ko:K02950",1574.40990027654,0.168924518887658,0.0463286311067794,3.64622296951353,0.000266123085981643,0.0163665697878711,"k87_5275259_2","COG0048@1|root,COG0048@2|Bacteria,2IHUF@201174|Actinobacteria,4DQR6@85009|Propionibacteriales","Interacts with and stabilizes bases of the 16S rRNA that are involved in tRNA selection in the A site and with the mRNA backbone. Located at the interface of the 30S and 50S subunits, it traverses the body of the 30S subunit contacting proteins on the other side and probably holding the rRNA structure together. The combined cluster of proteins S8, S12 and S17 appears to hold together the shoulder and platform of the 30S subunit"
"ko:K02950",1574.40990027654,0.168924518887658,0.0463286311067794,3.64622296951353,0.000266123085981643,0.0163665697878711,"k87_5552739_1","COG0048@1|root,COG0048@2|Bacteria,1RCWY@1224|Proteobacteria,2U70K@28211|Alphaproteobacteria,43JSC@69277|Phyllobacteriaceae","Interacts with and stabilizes bases of the 16S rRNA that are involved in tRNA selection in the A site and with the mRNA backbone. Located at the interface of the 30S and 50S subunits, it traverses the body of the 30S subunit contacting proteins on the other side and probably holding the rRNA structure together. The combined cluster of proteins S8, S12 and S17 appears to hold together the shoulder and platform of the 30S subunit"
"ko:K02950",1574.40990027654,0.168924518887658,0.0463286311067794,3.64622296951353,0.000266123085981643,0.0163665697878711,"k87_5624018_2","COG0048@1|root,COG0048@2|Bacteria,1RCWY@1224|Proteobacteria,1S3WB@1236|Gammaproteobacteria,1X6C9@135614|Xanthomonadales","Interacts with and stabilizes bases of the 16S rRNA that are involved in tRNA selection in the A site and with the mRNA backbone. Located at the interface of the 30S and 50S subunits, it traverses the body of the 30S subunit contacting proteins on the other side and probably holding the rRNA structure together. The combined cluster of proteins S8, S12 and S17 appears to hold together the shoulder and platform of the 30S subunit"
"ko:K02950",1574.40990027654,0.168924518887658,0.0463286311067794,3.64622296951353,0.000266123085981643,0.0163665697878711,"k87_5650898_4","COG0048@1|root,COG0048@2|Bacteria,2IHUF@201174|Actinobacteria,4CN6J@84992|Acidimicrobiia","Interacts with and stabilizes bases of the 16S rRNA that are involved in tRNA selection in the A site and with the mRNA backbone. Located at the interface of the 30S and 50S subunits, it traverses the body of the 30S subunit contacting proteins on the other side and probably holding the rRNA structure together. The combined cluster of proteins S8, S12 and S17 appears to hold together the shoulder and platform of the 30S subunit"
"ko:K02950",1574.40990027654,0.168924518887658,0.0463286311067794,3.64622296951353,0.000266123085981643,0.0163665697878711,"k87_5843068_1","COG0048@1|root,COG0048@2|Bacteria,4NM3Y@976|Bacteroidetes,1IS0J@117747|Sphingobacteriia","Interacts with and stabilizes bases of the 16S rRNA that are involved in tRNA selection in the A site and with the mRNA backbone. Located at the interface of the 30S and 50S subunits, it traverses the body of the 30S subunit contacting proteins on the other side and probably holding the rRNA structure together. The combined cluster of proteins S8, S12 and S17 appears to hold together the shoulder and platform of the 30S subunit"
"ko:K02950",1574.40990027654,0.168924518887658,0.0463286311067794,3.64622296951353,0.000266123085981643,0.0163665697878711,"k87_5848009_4","COG0048@1|root,COG0048@2|Bacteria,2IHUF@201174|Actinobacteria,4CQ35@84995|Rubrobacteria","Interacts with and stabilizes bases of the 16S rRNA that are involved in tRNA selection in the A site and with the mRNA backbone. Located at the interface of the 30S and 50S subunits, it traverses the body of the 30S subunit contacting proteins on the other side and probably holding the rRNA structure together. The combined cluster of proteins S8, S12 and S17 appears to hold together the shoulder and platform of the 30S subunit"
"ko:K02950",1574.40990027654,0.168924518887658,0.0463286311067794,3.64622296951353,0.000266123085981643,0.0163665697878711,"k87_5934699_3","COG0048@1|root,COG0048@2|Bacteria,2IHUF@201174|Actinobacteria,4CQ35@84995|Rubrobacteria","Interacts with and stabilizes bases of the 16S rRNA that are involved in tRNA selection in the A site and with the mRNA backbone. Located at the interface of the 30S and 50S subunits, it traverses the body of the 30S subunit contacting proteins on the other side and probably holding the rRNA structure together. The combined cluster of proteins S8, S12 and S17 appears to hold together the shoulder and platform of the 30S subunit"
"ko:K02950",1574.40990027654,0.168924518887658,0.0463286311067794,3.64622296951353,0.000266123085981643,0.0163665697878711,"k87_6357127_2","COG0048@1|root,COG0048@2|Bacteria,1RCWY@1224|Proteobacteria,1S3WB@1236|Gammaproteobacteria,1X6C9@135614|Xanthomonadales","Interacts with and stabilizes bases of the 16S rRNA that are involved in tRNA selection in the A site and with the mRNA backbone. Located at the interface of the 30S and 50S subunits, it traverses the body of the 30S subunit contacting proteins on the other side and probably holding the rRNA structure together. The combined cluster of proteins S8, S12 and S17 appears to hold together the shoulder and platform of the 30S subunit"
"ko:K02950",1574.40990027654,0.168924518887658,0.0463286311067794,3.64622296951353,0.000266123085981643,0.0163665697878711,"k87_6816391_1","COG0048@1|root,COG0048@2|Bacteria,4NM3Y@976|Bacteroidetes,1ISHA@117747|Sphingobacteriia","Interacts with and stabilizes bases of the 16S rRNA that are involved in tRNA selection in the A site and with the mRNA backbone. Located at the interface of the 30S and 50S subunits, it traverses the body of the 30S subunit contacting proteins on the other side and probably holding the rRNA structure together. The combined cluster of proteins S8, S12 and S17 appears to hold together the shoulder and platform of the 30S subunit"
"ko:K02950",1574.40990027654,0.168924518887658,0.0463286311067794,3.64622296951353,0.000266123085981643,0.0163665697878711,"k87_6846655_4","COG0048@1|root,COG0048@2|Bacteria,2IHUF@201174|Actinobacteria,4D5TR@85005|Actinomycetales","Interacts with and stabilizes bases of the 16S rRNA that are involved in tRNA selection in the A site and with the mRNA backbone. Located at the interface of the 30S and 50S subunits, it traverses the body of the 30S subunit contacting proteins on the other side and probably holding the rRNA structure together. The combined cluster of proteins S8, S12 and S17 appears to hold together the shoulder and platform of the 30S subunit"
"ko:K02950",1574.40990027654,0.168924518887658,0.0463286311067794,3.64622296951353,0.000266123085981643,0.0163665697878711,"k87_6854183_1","COG0048@1|root,COG0048@2|Bacteria,2IHUF@201174|Actinobacteria","Interacts with and stabilizes bases of the 16S rRNA that are involved in tRNA selection in the A site and with the mRNA backbone. Located at the interface of the 30S and 50S subunits, it traverses the body of the 30S subunit contacting proteins on the other side and probably holding the rRNA structure together. The combined cluster of proteins S8, S12 and S17 appears to hold together the shoulder and platform of the 30S subunit"
"ko:K02950",1574.40990027654,0.168924518887658,0.0463286311067794,3.64622296951353,0.000266123085981643,0.0163665697878711,"k87_7007090_1","COG0048@1|root,COG0048@2|Bacteria,2IHUF@201174|Actinobacteria,22MX2@1653|Corynebacteriaceae","Interacts with and stabilizes bases of the 16S rRNA that are involved in tRNA selection in the A site and with the mRNA backbone. Located at the interface of the 30S and 50S subunits, it traverses the body of the 30S subunit contacting proteins on the other side and probably holding the rRNA structure together. The combined cluster of proteins S8, S12 and S17 appears to hold together the shoulder and platform of the 30S subunit"
"ko:K02956",449.284244856447,0.242159183066159,0.0757826894160122,3.19544192654362,0.00139616877356063,0.048144927278114,"k87_199353_14","COG0184@1|root,COG0184@2|Bacteria,1MZ2W@1224|Proteobacteria,2UBRZ@28211|Alphaproteobacteria,36YIT@31993|Methylocystaceae","Ribosomal_S15"
"ko:K02956",449.284244856447,0.242159183066159,0.0757826894160122,3.19544192654362,0.00139616877356063,0.048144927278114,"k87_376253_1","COG0184@1|root,arCOG04185@2157|Archaea,41SKP@651137|Thaumarchaeota","ribosomal protein"
"ko:K02956",449.284244856447,0.242159183066159,0.0757826894160122,3.19544192654362,0.00139616877356063,0.048144927278114,"k87_433193_2","COG0184@1|root,COG0184@2|Bacteria,1MZ2W@1224|Proteobacteria,2VU1D@28216|Betaproteobacteria,4AEI9@80864|Comamonadaceae","Forms an intersubunit bridge (bridge B4) with the 23S rRNA of the 50S subunit in the ribosome"
"ko:K02956",449.284244856447,0.242159183066159,0.0757826894160122,3.19544192654362,0.00139616877356063,0.048144927278114,"k87_526159_2","COG0184@1|root,COG0184@2|Bacteria,2IQA0@201174|Actinobacteria,4CQF0@84995|Rubrobacteria","Forms an intersubunit bridge (bridge B4) with the 23S rRNA of the 50S subunit in the ribosome"
"ko:K02956",449.284244856447,0.242159183066159,0.0757826894160122,3.19544192654362,0.00139616877356063,0.048144927278114,"k87_701077_1","COG0184@1|root,COG0184@2|Bacteria,2IQA0@201174|Actinobacteria,4DS16@85009|Propionibacteriales","Forms an intersubunit bridge (bridge B4) with the 23S rRNA of the 50S subunit in the ribosome"
"ko:K02956",449.284244856447,0.242159183066159,0.0757826894160122,3.19544192654362,0.00139616877356063,0.048144927278114,"k87_726197_1","COG0184@1|root,COG0184@2|Bacteria,2IQA0@201174|Actinobacteria,4DS16@85009|Propionibacteriales","Forms an intersubunit bridge (bridge B4) with the 23S rRNA of the 50S subunit in the ribosome"
"ko:K02956",449.284244856447,0.242159183066159,0.0757826894160122,3.19544192654362,0.00139616877356063,0.048144927278114,"k87_871885_2","COG0184@1|root,COG0184@2|Bacteria,2IQA0@201174|Actinobacteria,4FP6F@85023|Microbacteriaceae","Forms an intersubunit bridge (bridge B4) with the 23S rRNA of the 50S subunit in the ribosome"
"ko:K02956",449.284244856447,0.242159183066159,0.0757826894160122,3.19544192654362,0.00139616877356063,0.048144927278114,"k87_912808_3","COG0184@1|root,COG0184@2|Bacteria,2IQA0@201174|Actinobacteria","Forms an intersubunit bridge (bridge B4) with the 23S rRNA of the 50S subunit in the ribosome"
"ko:K02956",449.284244856447,0.242159183066159,0.0757826894160122,3.19544192654362,0.00139616877356063,0.048144927278114,"k87_1047654_4","COG0184@1|root,COG0184@2|Bacteria,2IQA0@201174|Actinobacteria,1W9NP@1268|Micrococcaceae","Forms an intersubunit bridge (bridge B4) with the 23S rRNA of the 50S subunit in the ribosome"
"ko:K02956",449.284244856447,0.242159183066159,0.0757826894160122,3.19544192654362,0.00139616877356063,0.048144927278114,"k87_1587167_2","COG0184@1|root,COG0184@2|Bacteria,2IQA0@201174|Actinobacteria,4DS16@85009|Propionibacteriales","Forms an intersubunit bridge (bridge B4) with the 23S rRNA of the 50S subunit in the ribosome"
"ko:K02956",449.284244856447,0.242159183066159,0.0757826894160122,3.19544192654362,0.00139616877356063,0.048144927278114,"k87_1643303_2","COG0184@1|root,COG0184@2|Bacteria,2IQA0@201174|Actinobacteria,4D10E@85004|Bifidobacteriales","Forms an intersubunit bridge (bridge B4) with the 23S rRNA of the 50S subunit in the ribosome"
"ko:K02956",449.284244856447,0.242159183066159,0.0757826894160122,3.19544192654362,0.00139616877356063,0.048144927278114,"k87_1705501_1","COG0184@1|root,COG0184@2|Bacteria,1MZ2W@1224|Proteobacteria,2UBRZ@28211|Alphaproteobacteria,3JZHF@41294|Bradyrhizobiaceae","Forms an intersubunit bridge (bridge B4) with the 23S rRNA of the 50S subunit in the ribosome"
"ko:K02956",449.284244856447,0.242159183066159,0.0757826894160122,3.19544192654362,0.00139616877356063,0.048144927278114,"k87_2592789_4","COG0184@1|root,COG0184@2|Bacteria,46T87@74201|Verrucomicrobia,3K894@414999|Opitutae","Forms an intersubunit bridge (bridge B4) with the 23S rRNA of the 50S subunit in the ribosome"
"ko:K02956",449.284244856447,0.242159183066159,0.0757826894160122,3.19544192654362,0.00139616877356063,0.048144927278114,"k87_2599140_2","COG0184@1|root,COG0184@2|Bacteria,2IQA0@201174|Actinobacteria,4CQF0@84995|Rubrobacteria","Forms an intersubunit bridge (bridge B4) with the 23S rRNA of the 50S subunit in the ribosome"
"ko:K02956",449.284244856447,0.242159183066159,0.0757826894160122,3.19544192654362,0.00139616877356063,0.048144927278114,"k87_2696883_2","COG0184@1|root,COG0184@2|Bacteria,4NS7U@976|Bacteroidetes,1IYH4@117747|Sphingobacteriia","Forms an intersubunit bridge (bridge B4) with the 23S rRNA of the 50S subunit in the ribosome"
"ko:K02956",449.284244856447,0.242159183066159,0.0757826894160122,3.19544192654362,0.00139616877356063,0.048144927278114,"k87_2909714_3","COG0184@1|root,COG0184@2|Bacteria,1MZ2W@1224|Proteobacteria,2VU1D@28216|Betaproteobacteria,3T465@506|Alcaligenaceae","Forms an intersubunit bridge (bridge B4) with the 23S rRNA of the 50S subunit in the ribosome"
"ko:K02956",449.284244856447,0.242159183066159,0.0757826894160122,3.19544192654362,0.00139616877356063,0.048144927278114,"k87_2993778_2","COG0184@1|root,COG0184@2|Bacteria,2IQA0@201174|Actinobacteria,4FP6F@85023|Microbacteriaceae","Forms an intersubunit bridge (bridge B4) with the 23S rRNA of the 50S subunit in the ribosome"
"ko:K02956",449.284244856447,0.242159183066159,0.0757826894160122,3.19544192654362,0.00139616877356063,0.048144927278114,"k87_3042973_1","COG0184@1|root,COG0184@2|Bacteria,1MZ2W@1224|Proteobacteria,1S8U6@1236|Gammaproteobacteria,1X7EJ@135614|Xanthomonadales","Forms an intersubunit bridge (bridge B4) with the 23S rRNA of the 50S subunit in the ribosome"
"ko:K02956",449.284244856447,0.242159183066159,0.0757826894160122,3.19544192654362,0.00139616877356063,0.048144927278114,"k87_3189380_2","COG0184@1|root,COG0184@2|Bacteria,1MZ2W@1224|Proteobacteria,1S8U6@1236|Gammaproteobacteria,1X7EJ@135614|Xanthomonadales","Forms an intersubunit bridge (bridge B4) with the 23S rRNA of the 50S subunit in the ribosome"
"ko:K02956",449.284244856447,0.242159183066159,0.0757826894160122,3.19544192654362,0.00139616877356063,0.048144927278114,"k87_3541625_2","COG0184@1|root,COG0184@2|Bacteria,1MZ2W@1224|Proteobacteria,2UBRZ@28211|Alphaproteobacteria","Forms an intersubunit bridge (bridge B4) with the 23S rRNA of the 50S subunit in the ribosome"
"ko:K02956",449.284244856447,0.242159183066159,0.0757826894160122,3.19544192654362,0.00139616877356063,0.048144927278114,"k87_3969802_1","COG0184@1|root,COG0184@2|Bacteria,1MZ2W@1224|Proteobacteria,2UBRZ@28211|Alphaproteobacteria,3JZHF@41294|Bradyrhizobiaceae","Forms an intersubunit bridge (bridge B4) with the 23S rRNA of the 50S subunit in the ribosome"
"ko:K02956",449.284244856447,0.242159183066159,0.0757826894160122,3.19544192654362,0.00139616877356063,0.048144927278114,"k87_4341118_1","COG0184@1|root,COG0184@2|Bacteria,1MZ2W@1224|Proteobacteria,42TPZ@68525|delta/epsilon subdivisions,2WQ0P@28221|Deltaproteobacteria","Forms an intersubunit bridge (bridge B4) with the 23S rRNA of the 50S subunit in the ribosome"
"ko:K02956",449.284244856447,0.242159183066159,0.0757826894160122,3.19544192654362,0.00139616877356063,0.048144927278114,"k87_4853803_2","COG0184@1|root,COG0184@2|Bacteria,1MZ2W@1224|Proteobacteria,1S8U6@1236|Gammaproteobacteria,1X7EJ@135614|Xanthomonadales","Forms an intersubunit bridge (bridge B4) with the 23S rRNA of the 50S subunit in the ribosome"
"ko:K02956",449.284244856447,0.242159183066159,0.0757826894160122,3.19544192654362,0.00139616877356063,0.048144927278114,"k87_4911193_2","COG0184@1|root,COG0184@2|Bacteria,1MZ2W@1224|Proteobacteria,42TPZ@68525|delta/epsilon subdivisions,2WQ0P@28221|Deltaproteobacteria,2MKH5@213118|Desulfobacterales","One of the primary rRNA binding proteins, it binds directly to 16S rRNA where it helps nucleate assembly of the platform of the 30S subunit by binding and bridging several RNA helices of the 16S rRNA"
"ko:K02956",449.284244856447,0.242159183066159,0.0757826894160122,3.19544192654362,0.00139616877356063,0.048144927278114,"k87_4942995_1","COG0184@1|root,COG0184@2|Bacteria,1MZ2W@1224|Proteobacteria,2UBRZ@28211|Alphaproteobacteria,3JZHF@41294|Bradyrhizobiaceae","Forms an intersubunit bridge (bridge B4) with the 23S rRNA of the 50S subunit in the ribosome"
"ko:K02956",449.284244856447,0.242159183066159,0.0757826894160122,3.19544192654362,0.00139616877356063,0.048144927278114,"k87_5062188_2","COG0184@1|root,COG0184@2|Bacteria,1MZ2W@1224|Proteobacteria,2UBRZ@28211|Alphaproteobacteria,2K622@204457|Sphingomonadales","Forms an intersubunit bridge (bridge B4) with the 23S rRNA of the 50S subunit in the ribosome"
"ko:K02956",449.284244856447,0.242159183066159,0.0757826894160122,3.19544192654362,0.00139616877356063,0.048144927278114,"k87_5222538_1","COG0184@1|root,COG0184@2|Bacteria,2IQA0@201174|Actinobacteria,4CQF0@84995|Rubrobacteria","Forms an intersubunit bridge (bridge B4) with the 23S rRNA of the 50S subunit in the ribosome"
"ko:K02956",449.284244856447,0.242159183066159,0.0757826894160122,3.19544192654362,0.00139616877356063,0.048144927278114,"k87_5240496_2","COG0184@1|root,COG0184@2|Bacteria,1MZ2W@1224|Proteobacteria,2UBRZ@28211|Alphaproteobacteria,4BFA0@82115|Rhizobiaceae","Forms an intersubunit bridge (bridge B4) with the 23S rRNA of the 50S subunit in the ribosome"
"ko:K02956",449.284244856447,0.242159183066159,0.0757826894160122,3.19544192654362,0.00139616877356063,0.048144927278114,"k87_5250695_2","COG0184@1|root,COG0184@2|Bacteria,1MZ2W@1224|Proteobacteria,2UBRZ@28211|Alphaproteobacteria,3JZHF@41294|Bradyrhizobiaceae","Forms an intersubunit bridge (bridge B4) with the 23S rRNA of the 50S subunit in the ribosome"
"ko:K02956",449.284244856447,0.242159183066159,0.0757826894160122,3.19544192654362,0.00139616877356063,0.048144927278114,"k87_5413529_1","COG0184@1|root,KOG2815@2759|Eukaryota,37W6V@33090|Viridiplantae,3GKIP@35493|Streptophyta,3M1HK@4447|Liliopsida,3IIAW@38820|Poales","30S ribosomal protein S15"
"ko:K02956",449.284244856447,0.242159183066159,0.0757826894160122,3.19544192654362,0.00139616877356063,0.048144927278114,"k87_5540837_2","COG0184@1|root,COG0184@2|Bacteria,2IQA0@201174|Actinobacteria,4FP6F@85023|Microbacteriaceae","Forms an intersubunit bridge (bridge B4) with the 23S rRNA of the 50S subunit in the ribosome"
"ko:K02956",449.284244856447,0.242159183066159,0.0757826894160122,3.19544192654362,0.00139616877356063,0.048144927278114,"k87_5609379_2","COG0184@1|root,COG0184@2|Bacteria,1MZ2W@1224|Proteobacteria,2UBRZ@28211|Alphaproteobacteria,3N735@45401|Hyphomicrobiaceae","Forms an intersubunit bridge (bridge B4) with the 23S rRNA of the 50S subunit in the ribosome"
"ko:K02956",449.284244856447,0.242159183066159,0.0757826894160122,3.19544192654362,0.00139616877356063,0.048144927278114,"k87_5965511_2","COG0184@1|root,COG0184@2|Bacteria,2IQA0@201174|Actinobacteria,4CQF0@84995|Rubrobacteria","Forms an intersubunit bridge (bridge B4) with the 23S rRNA of the 50S subunit in the ribosome"
"ko:K02956",449.284244856447,0.242159183066159,0.0757826894160122,3.19544192654362,0.00139616877356063,0.048144927278114,"k87_6110576_2","COG0184@1|root,COG0184@2|Bacteria,2IQA0@201174|Actinobacteria,4DS16@85009|Propionibacteriales","Forms an intersubunit bridge (bridge B4) with the 23S rRNA of the 50S subunit in the ribosome"
"ko:K02956",449.284244856447,0.242159183066159,0.0757826894160122,3.19544192654362,0.00139616877356063,0.048144927278114,"k87_6412572_2","COG0184@1|root,COG0184@2|Bacteria,1MZ2W@1224|Proteobacteria,2VU1D@28216|Betaproteobacteria,3T465@506|Alcaligenaceae","Forms an intersubunit bridge (bridge B4) with the 23S rRNA of the 50S subunit in the ribosome"
"ko:K02956",449.284244856447,0.242159183066159,0.0757826894160122,3.19544192654362,0.00139616877356063,0.048144927278114,"k87_6989136_1","COG0184@1|root,COG0184@2|Bacteria,2IQA0@201174|Actinobacteria,4CQF0@84995|Rubrobacteria","Forms an intersubunit bridge (bridge B4) with the 23S rRNA of the 50S subunit in the ribosome"
"ko:K02994",741.390254324497,0.212514438337238,0.0601457618053903,3.53332357855666,0.000410369874071661,0.0208864115217162,"k87_3408_4","COG0096@1|root,arCOG04091@2157|Archaea,41SMM@651137|Thaumarchaeota","One of the primary rRNA binding proteins, it binds directly to 16S rRNA central domain where it helps coordinate assembly of the platform of the 30S subunit"
"ko:K02994",741.390254324497,0.212514438337238,0.0601457618053903,3.53332357855666,0.000410369874071661,0.0208864115217162,"k87_8944_1","COG0096@1|root,COG0096@2|Bacteria,4NNFW@976|Bacteroidetes,1IXFK@117747|Sphingobacteriia","One of the primary rRNA binding proteins, it binds directly to 16S rRNA central domain where it helps coordinate assembly of the platform of the 30S subunit"
"ko:K02994",741.390254324497,0.212514438337238,0.0601457618053903,3.53332357855666,0.000410369874071661,0.0208864115217162,"k87_50264_2","COG0096@1|root,KOG1754@2759|Eukaryota,37UMN@33090|Viridiplantae,3GIWP@35493|Streptophyta,3KZES@4447|Liliopsida,3IH33@38820|Poales","One of the primary rRNA binding proteins, it binds directly to 16S rRNA central domain where it helps coordinate assembly of the platform of the 30S subunit"
"ko:K02994",741.390254324497,0.212514438337238,0.0601457618053903,3.53332357855666,0.000410369874071661,0.0208864115217162,"k87_56535_4","COG0096@1|root,arCOG04091@2157|Archaea,41SMM@651137|Thaumarchaeota","One of the primary rRNA binding proteins, it binds directly to 16S rRNA central domain where it helps coordinate assembly of the platform of the 30S subunit"
"ko:K02994",741.390254324497,0.212514438337238,0.0601457618053903,3.53332357855666,0.000410369874071661,0.0208864115217162,"k87_85619_8","COG0096@1|root,COG0096@2|Bacteria,46T2K@74201|Verrucomicrobia,2IUCT@203494|Verrucomicrobiae","One of the primary rRNA binding proteins, it binds directly to 16S rRNA central domain where it helps coordinate assembly of the platform of the 30S subunit"
"ko:K02994",741.390254324497,0.212514438337238,0.0601457618053903,3.53332357855666,0.000410369874071661,0.0208864115217162,"k87_111641_2","COG0096@1|root,COG0096@2|Bacteria,2IHQZ@201174|Actinobacteria,4CN3X@84992|Acidimicrobiia","One of the primary rRNA binding proteins, it binds directly to 16S rRNA central domain where it helps coordinate assembly of the platform of the 30S subunit"
"ko:K02994",741.390254324497,0.212514438337238,0.0601457618053903,3.53332357855666,0.000410369874071661,0.0208864115217162,"k87_133908_4","COG0096@1|root,COG0096@2|Bacteria,1RDG3@1224|Proteobacteria,2U6ZH@28211|Alphaproteobacteria,3JY5V@41294|Bradyrhizobiaceae","One of the primary rRNA binding proteins, it binds directly to 16S rRNA central domain where it helps coordinate assembly of the platform of the 30S subunit"
"ko:K02994",741.390254324497,0.212514438337238,0.0601457618053903,3.53332357855666,0.000410369874071661,0.0208864115217162,"k87_167728_2","COG0096@1|root,arCOG04091@2157|Archaea,41SMM@651137|Thaumarchaeota","One of the primary rRNA binding proteins, it binds directly to 16S rRNA central domain where it helps coordinate assembly of the platform of the 30S subunit"
"ko:K02994",741.390254324497,0.212514438337238,0.0601457618053903,3.53332357855666,0.000410369874071661,0.0208864115217162,"k87_237168_2","COG0096@1|root,COG0096@2|Bacteria,1RDG3@1224|Proteobacteria,2U6ZH@28211|Alphaproteobacteria,3JY5V@41294|Bradyrhizobiaceae","One of the primary rRNA binding proteins, it binds directly to 16S rRNA central domain where it helps coordinate assembly of the platform of the 30S subunit"
"ko:K02994",741.390254324497,0.212514438337238,0.0601457618053903,3.53332357855666,0.000410369874071661,0.0208864115217162,"k87_247951_2","COG0096@1|root,COG0096@2|Bacteria,1RDG3@1224|Proteobacteria,2VRBD@28216|Betaproteobacteria,4ADJT@80864|Comamonadaceae","One of the primary rRNA binding proteins, it binds directly to 16S rRNA central domain where it helps coordinate assembly of the platform of the 30S subunit"
"ko:K02994",741.390254324497,0.212514438337238,0.0601457618053903,3.53332357855666,0.000410369874071661,0.0208864115217162,"k87_328366_3","COG0096@1|root,COG0096@2|Bacteria,4NNFW@976|Bacteroidetes,1IS0B@117747|Sphingobacteriia","One of the primary rRNA binding proteins, it binds directly to 16S rRNA central domain where it helps coordinate assembly of the platform of the 30S subunit"
"ko:K02994",741.390254324497,0.212514438337238,0.0601457618053903,3.53332357855666,0.000410369874071661,0.0208864115217162,"k87_380027_1","COG0096@1|root,COG0096@2|Bacteria,4NNFW@976|Bacteroidetes,1IS0B@117747|Sphingobacteriia","One of the primary rRNA binding proteins, it binds directly to 16S rRNA central domain where it helps coordinate assembly of the platform of the 30S subunit"
"ko:K02994",741.390254324497,0.212514438337238,0.0601457618053903,3.53332357855666,0.000410369874071661,0.0208864115217162,"k87_395552_3","COG0096@1|root,COG0096@2|Bacteria,1RDG3@1224|Proteobacteria,2VRBD@28216|Betaproteobacteria,1KKUW@119065|unclassified Burkholderiales","One of the primary rRNA binding proteins, it binds directly to 16S rRNA central domain where it helps coordinate assembly of the platform of the 30S subunit"
"ko:K02994",741.390254324497,0.212514438337238,0.0601457618053903,3.53332357855666,0.000410369874071661,0.0208864115217162,"k87_738503_3","COG0096@1|root,COG0096@2|Bacteria,2IHQZ@201174|Actinobacteria","One of the primary rRNA binding proteins, it binds directly to 16S rRNA central domain where it helps coordinate assembly of the platform of the 30S subunit"
"ko:K02994",741.390254324497,0.212514438337238,0.0601457618053903,3.53332357855666,0.000410369874071661,0.0208864115217162,"k87_928889_1","COG0096@1|root,COG0096@2|Bacteria,1RDG3@1224|Proteobacteria,2U6ZH@28211|Alphaproteobacteria,3FD6C@34008|Rhodovulum","One of the primary rRNA binding proteins, it binds directly to 16S rRNA central domain where it helps coordinate assembly of the platform of the 30S subunit"
"ko:K02994",741.390254324497,0.212514438337238,0.0601457618053903,3.53332357855666,0.000410369874071661,0.0208864115217162,"k87_932121_7","COG0096@1|root,COG0096@2|Bacteria,1RDG3@1224|Proteobacteria,2VRBD@28216|Betaproteobacteria,3T3SI@506|Alcaligenaceae","One of the primary rRNA binding proteins, it binds directly to 16S rRNA central domain where it helps coordinate assembly of the platform of the 30S subunit"
"ko:K02994",741.390254324497,0.212514438337238,0.0601457618053903,3.53332357855666,0.000410369874071661,0.0208864115217162,"k87_998577_1","COG0096@1|root,COG0096@2|Bacteria,1RDG3@1224|Proteobacteria,2VRBD@28216|Betaproteobacteria,4ADJT@80864|Comamonadaceae","One of the primary rRNA binding proteins, it binds directly to 16S rRNA central domain where it helps coordinate assembly of the platform of the 30S subunit"
"ko:K02994",741.390254324497,0.212514438337238,0.0601457618053903,3.53332357855666,0.000410369874071661,0.0208864115217162,"k87_1107346_2","COG0096@1|root,COG0096@2|Bacteria,2IHQZ@201174|Actinobacteria,4CN3X@84992|Acidimicrobiia","One of the primary rRNA binding proteins, it binds directly to 16S rRNA central domain where it helps coordinate assembly of the platform of the 30S subunit"
"ko:K02994",741.390254324497,0.212514438337238,0.0601457618053903,3.53332357855666,0.000410369874071661,0.0208864115217162,"k87_1118713_3","COG0096@1|root,COG0096@2|Bacteria,2IHQZ@201174|Actinobacteria,4CN3X@84992|Acidimicrobiia","One of the primary rRNA binding proteins, it binds directly to 16S rRNA central domain where it helps coordinate assembly of the platform of the 30S subunit"
"ko:K02994",741.390254324497,0.212514438337238,0.0601457618053903,3.53332357855666,0.000410369874071661,0.0208864115217162,"k87_1201402_1","COG0096@1|root,COG0096@2|Bacteria,2IHQZ@201174|Actinobacteria,4DQQ1@85009|Propionibacteriales","One of the primary rRNA binding proteins, it binds directly to 16S rRNA central domain where it helps coordinate assembly of the platform of the 30S subunit"
"ko:K02994",741.390254324497,0.212514438337238,0.0601457618053903,3.53332357855666,0.000410369874071661,0.0208864115217162,"k87_1206471_2","COG0096@1|root,COG0096@2|Bacteria,1RDG3@1224|Proteobacteria,2U6ZH@28211|Alphaproteobacteria,3N6Y3@45401|Hyphomicrobiaceae","One of the primary rRNA binding proteins, it binds directly to 16S rRNA central domain where it helps coordinate assembly of the platform of the 30S subunit"
"ko:K02994",741.390254324497,0.212514438337238,0.0601457618053903,3.53332357855666,0.000410369874071661,0.0208864115217162,"k87_1255925_3","COG0096@1|root,COG0096@2|Bacteria,1RDG3@1224|Proteobacteria,2U6ZH@28211|Alphaproteobacteria,4BE2J@82115|Rhizobiaceae","One of the primary rRNA binding proteins, it binds directly to 16S rRNA central domain where it helps coordinate assembly of the platform of the 30S subunit"
"ko:K02994",741.390254324497,0.212514438337238,0.0601457618053903,3.53332357855666,0.000410369874071661,0.0208864115217162,"k87_1308691_9","COG0096@1|root,arCOG04091@2157|Archaea,41SMM@651137|Thaumarchaeota","One of the primary rRNA binding proteins, it binds directly to 16S rRNA central domain where it helps coordinate assembly of the platform of the 30S subunit"
"ko:K02994",741.390254324497,0.212514438337238,0.0601457618053903,3.53332357855666,0.000410369874071661,0.0208864115217162,"k87_1733915_11","COG0096@1|root,COG0096@2|Bacteria,1RDG3@1224|Proteobacteria,1S452@1236|Gammaproteobacteria,1X6IW@135614|Xanthomonadales","One of the primary rRNA binding proteins, it binds directly to 16S rRNA central domain where it helps coordinate assembly of the platform of the 30S subunit"
"ko:K02994",741.390254324497,0.212514438337238,0.0601457618053903,3.53332357855666,0.000410369874071661,0.0208864115217162,"k87_2147765_3","COG0096@1|root,COG0096@2|Bacteria,2IHQZ@201174|Actinobacteria,4CQGZ@84995|Rubrobacteria","One of the primary rRNA binding proteins, it binds directly to 16S rRNA central domain where it helps coordinate assembly of the platform of the 30S subunit"
"ko:K02994",741.390254324497,0.212514438337238,0.0601457618053903,3.53332357855666,0.000410369874071661,0.0208864115217162,"k87_2570149_4","COG0096@1|root,COG0096@2|Bacteria,2IHQZ@201174|Actinobacteria,4CQGZ@84995|Rubrobacteria","One of the primary rRNA binding proteins, it binds directly to 16S rRNA central domain where it helps coordinate assembly of the platform of the 30S subunit"
"ko:K02994",741.390254324497,0.212514438337238,0.0601457618053903,3.53332357855666,0.000410369874071661,0.0208864115217162,"k87_2639231_2","COG0096@1|root,COG0096@2|Bacteria,1RDG3@1224|Proteobacteria,2U6ZH@28211|Alphaproteobacteria,3N6Y3@45401|Hyphomicrobiaceae","One of the primary rRNA binding proteins, it binds directly to 16S rRNA central domain where it helps coordinate assembly of the platform of the 30S subunit"
"ko:K02994",741.390254324497,0.212514438337238,0.0601457618053903,3.53332357855666,0.000410369874071661,0.0208864115217162,"k87_2712071_1","COG0096@1|root,COG0096@2|Bacteria,1ZTMD@142182|Gemmatimonadetes","One of the primary rRNA binding proteins, it binds directly to 16S rRNA central domain where it helps coordinate assembly of the platform of the 30S subunit"
"ko:K02994",741.390254324497,0.212514438337238,0.0601457618053903,3.53332357855666,0.000410369874071661,0.0208864115217162,"k87_2900025_1","COG0096@1|root,COG0096@2|Bacteria,1RDG3@1224|Proteobacteria,2VRBD@28216|Betaproteobacteria,1K77S@119060|Burkholderiaceae","One of the primary rRNA binding proteins, it binds directly to 16S rRNA central domain where it helps coordinate assembly of the platform of the 30S subunit"
"ko:K02994",741.390254324497,0.212514438337238,0.0601457618053903,3.53332357855666,0.000410369874071661,0.0208864115217162,"k87_3049930_2","COG0096@1|root,COG0096@2|Bacteria,1RDG3@1224|Proteobacteria,2VRBD@28216|Betaproteobacteria,3T3SI@506|Alcaligenaceae","One of the primary rRNA binding proteins, it binds directly to 16S rRNA central domain where it helps coordinate assembly of the platform of the 30S subunit"
"ko:K02994",741.390254324497,0.212514438337238,0.0601457618053903,3.53332357855666,0.000410369874071661,0.0208864115217162,"k87_3379628_2","COG0096@1|root,COG0096@2|Bacteria,2IHQZ@201174|Actinobacteria,4CQGZ@84995|Rubrobacteria","One of the primary rRNA binding proteins, it binds directly to 16S rRNA central domain where it helps coordinate assembly of the platform of the 30S subunit"
"ko:K02994",741.390254324497,0.212514438337238,0.0601457618053903,3.53332357855666,0.000410369874071661,0.0208864115217162,"k87_3639148_2","COG0096@1|root,COG0096@2|Bacteria,1RDG3@1224|Proteobacteria,2U6ZH@28211|Alphaproteobacteria,3N6Y3@45401|Hyphomicrobiaceae","One of the primary rRNA binding proteins, it binds directly to 16S rRNA central domain where it helps coordinate assembly of the platform of the 30S subunit"
"ko:K02994",741.390254324497,0.212514438337238,0.0601457618053903,3.53332357855666,0.000410369874071661,0.0208864115217162,"k87_3690651_2","COG0096@1|root,COG0096@2|Bacteria,2IHQZ@201174|Actinobacteria,238JP@1762|Mycobacteriaceae","One of the primary rRNA binding proteins, it binds directly to 16S rRNA central domain where it helps coordinate assembly of the platform of the 30S subunit"
"ko:K02994",741.390254324497,0.212514438337238,0.0601457618053903,3.53332357855666,0.000410369874071661,0.0208864115217162,"k87_3752352_2","COG0096@1|root,COG0096@2|Bacteria,1RDG3@1224|Proteobacteria,2U6ZH@28211|Alphaproteobacteria,1JUI4@119045|Methylobacteriaceae","One of the primary rRNA binding proteins, it binds directly to 16S rRNA central domain where it helps coordinate assembly of the platform of the 30S subunit"
"ko:K02994",741.390254324497,0.212514438337238,0.0601457618053903,3.53332357855666,0.000410369874071661,0.0208864115217162,"k87_3829418_1","COG0096@1|root,COG0096@2|Bacteria,1RDG3@1224|Proteobacteria,2U6ZH@28211|Alphaproteobacteria,3JY5V@41294|Bradyrhizobiaceae","One of the primary rRNA binding proteins, it binds directly to 16S rRNA central domain where it helps coordinate assembly of the platform of the 30S subunit"
"ko:K02994",741.390254324497,0.212514438337238,0.0601457618053903,3.53332357855666,0.000410369874071661,0.0208864115217162,"k87_4187255_3","COG0096@1|root,COG0096@2|Bacteria,2IHQZ@201174|Actinobacteria,1ZVXC@145357|Dermacoccaceae","One of the primary rRNA binding proteins, it binds directly to 16S rRNA central domain where it helps coordinate assembly of the platform of the 30S subunit"
"ko:K02994",741.390254324497,0.212514438337238,0.0601457618053903,3.53332357855666,0.000410369874071661,0.0208864115217162,"k87_4905257_2","COG0096@1|root,COG0096@2|Bacteria,1RDG3@1224|Proteobacteria,2U6ZH@28211|Alphaproteobacteria,2K3ZU@204457|Sphingomonadales","One of the primary rRNA binding proteins, it binds directly to 16S rRNA central domain where it helps coordinate assembly of the platform of the 30S subunit"
"ko:K02994",741.390254324497,0.212514438337238,0.0601457618053903,3.53332357855666,0.000410369874071661,0.0208864115217162,"k87_4917817_3","COG0096@1|root,COG0096@2|Bacteria,1V3KK@1239|Firmicutes,4HH32@91061|Bacilli,1ZFMC@1386|Bacillus","One of the primary rRNA binding proteins, it binds directly to 16S rRNA central domain where it helps coordinate assembly of the platform of the 30S subunit"
"ko:K02994",741.390254324497,0.212514438337238,0.0601457618053903,3.53332357855666,0.000410369874071661,0.0208864115217162,"k87_5173801_1","COG0096@1|root,COG0096@2|Bacteria,1RDG3@1224|Proteobacteria,2U6ZH@28211|Alphaproteobacteria","One of the primary rRNA binding proteins, it binds directly to 16S rRNA central domain where it helps coordinate assembly of the platform of the 30S subunit"
"ko:K02994",741.390254324497,0.212514438337238,0.0601457618053903,3.53332357855666,0.000410369874071661,0.0208864115217162,"k87_5217230_4","COG0096@1|root,COG0096@2|Bacteria,2IHQZ@201174|Actinobacteria,4DQQ1@85009|Propionibacteriales","One of the primary rRNA binding proteins, it binds directly to 16S rRNA central domain where it helps coordinate assembly of the platform of the 30S subunit"
"ko:K02994",741.390254324497,0.212514438337238,0.0601457618053903,3.53332357855666,0.000410369874071661,0.0208864115217162,"k87_5257786_1","COG0096@1|root,COG0096@2|Bacteria,1RDG3@1224|Proteobacteria,1S452@1236|Gammaproteobacteria,1X6IW@135614|Xanthomonadales","One of the primary rRNA binding proteins, it binds directly to 16S rRNA central domain where it helps coordinate assembly of the platform of the 30S subunit"
"ko:K02994",741.390254324497,0.212514438337238,0.0601457618053903,3.53332357855666,0.000410369874071661,0.0208864115217162,"k87_5523612_2","COG0096@1|root,COG0096@2|Bacteria,2IHQZ@201174|Actinobacteria,4CQGZ@84995|Rubrobacteria","One of the primary rRNA binding proteins, it binds directly to 16S rRNA central domain where it helps coordinate assembly of the platform of the 30S subunit"
"ko:K02994",741.390254324497,0.212514438337238,0.0601457618053903,3.53332357855666,0.000410369874071661,0.0208864115217162,"k87_5863951_4","COG0096@1|root,COG0096@2|Bacteria,2IHQZ@201174|Actinobacteria,4CN3X@84992|Acidimicrobiia","One of the primary rRNA binding proteins, it binds directly to 16S rRNA central domain where it helps coordinate assembly of the platform of the 30S subunit"
"ko:K02994",741.390254324497,0.212514438337238,0.0601457618053903,3.53332357855666,0.000410369874071661,0.0208864115217162,"k87_6123238_1","COG0096@1|root,COG0096@2|Bacteria,2IHQZ@201174|Actinobacteria,4CN3X@84992|Acidimicrobiia","One of the primary rRNA binding proteins, it binds directly to 16S rRNA central domain where it helps coordinate assembly of the platform of the 30S subunit"
"ko:K02994",741.390254324497,0.212514438337238,0.0601457618053903,3.53332357855666,0.000410369874071661,0.0208864115217162,"k87_6269295_3","COG0096@1|root,COG0096@2|Bacteria,1RDG3@1224|Proteobacteria,2U6ZH@28211|Alphaproteobacteria,2K3ZU@204457|Sphingomonadales","One of the primary rRNA binding proteins, it binds directly to 16S rRNA central domain where it helps coordinate assembly of the platform of the 30S subunit"
"ko:K02994",741.390254324497,0.212514438337238,0.0601457618053903,3.53332357855666,0.000410369874071661,0.0208864115217162,"k87_6269295_4","COG0096@1|root,COG0096@2|Bacteria,1RDG3@1224|Proteobacteria,2U6ZH@28211|Alphaproteobacteria,2K3ZU@204457|Sphingomonadales","One of the primary rRNA binding proteins, it binds directly to 16S rRNA central domain where it helps coordinate assembly of the platform of the 30S subunit"
"ko:K02994",741.390254324497,0.212514438337238,0.0601457618053903,3.53332357855666,0.000410369874071661,0.0208864115217162,"k87_6413600_3","COG0096@1|root,COG0096@2|Bacteria,46T2K@74201|Verrucomicrobia,3K839@414999|Opitutae","One of the primary rRNA binding proteins, it binds directly to 16S rRNA central domain where it helps coordinate assembly of the platform of the 30S subunit"
"ko:K02994",741.390254324497,0.212514438337238,0.0601457618053903,3.53332357855666,0.000410369874071661,0.0208864115217162,"k87_6440971_3","COG0096@1|root,COG0096@2|Bacteria,1RDG3@1224|Proteobacteria,2U6ZH@28211|Alphaproteobacteria,4BE2J@82115|Rhizobiaceae","One of the primary rRNA binding proteins, it binds directly to 16S rRNA central domain where it helps coordinate assembly of the platform of the 30S subunit"
"ko:K02994",741.390254324497,0.212514438337238,0.0601457618053903,3.53332357855666,0.000410369874071661,0.0208864115217162,"k87_6908004_3","COG0096@1|root,COG0096@2|Bacteria,1RDG3@1224|Proteobacteria,2U6ZH@28211|Alphaproteobacteria,3JY5V@41294|Bradyrhizobiaceae","One of the primary rRNA binding proteins, it binds directly to 16S rRNA central domain where it helps coordinate assembly of the platform of the 30S subunit"
"ko:K02994",741.390254324497,0.212514438337238,0.0601457618053903,3.53332357855666,0.000410369874071661,0.0208864115217162,"k87_7024494_3","COG0096@1|root,COG0096@2|Bacteria,1RDG3@1224|Proteobacteria,2U6ZH@28211|Alphaproteobacteria,2JS56@204441|Rhodospirillales","One of the primary rRNA binding proteins, it binds directly to 16S rRNA central domain where it helps coordinate assembly of the platform of the 30S subunit"
"ko:K02994",741.390254324497,0.212514438337238,0.0601457618053903,3.53332357855666,0.000410369874071661,0.0208864115217162,"k87_7080750_1","COG0096@1|root,COG0096@2|Bacteria,4NNFW@976|Bacteroidetes,1IS0B@117747|Sphingobacteriia","One of the primary rRNA binding proteins, it binds directly to 16S rRNA central domain where it helps coordinate assembly of the platform of the 30S subunit"
"ko:K03043",7466.61033635932,0.127644773513401,0.0203328696762804,6.27775496256226,3.43496696088874e-10,2.53500561713589e-07,"k87_67014_2","COG0085@1|root,KOG0214@2759|Eukaryota,37HVP@33090|Viridiplantae,3G72V@35493|Streptophyta,3KRI7@4447|Liliopsida,3IGC6@38820|Poales","DNA-directed RNA polymerase"
"ko:K03043",7466.61033635932,0.127644773513401,0.0203328696762804,6.27775496256226,3.43496696088874e-10,2.53500561713589e-07,"k87_155987_1","COG0085@1|root,COG0085@2|Bacteria,1MUC4@1224|Proteobacteria,2TS7S@28211|Alphaproteobacteria,3FCSH@34008|Rhodovulum","DNA-dependent RNA polymerase catalyzes the transcription of DNA into RNA using the four ribonucleoside triphosphates as substrates"
"ko:K03043",7466.61033635932,0.127644773513401,0.0203328696762804,6.27775496256226,3.43496696088874e-10,2.53500561713589e-07,"k87_250217_2","COG0085@1|root,COG0085@2|Bacteria,1MUC4@1224|Proteobacteria,2TS7S@28211|Alphaproteobacteria,1JNGX@119043|Rhodobiaceae","DNA-dependent RNA polymerase catalyzes the transcription of DNA into RNA using the four ribonucleoside triphosphates as substrates"
"ko:K03043",7466.61033635932,0.127644773513401,0.0203328696762804,6.27775496256226,3.43496696088874e-10,2.53500561713589e-07,"k87_275952_1","COG0085@1|root,COG0085@2|Bacteria,3J0CW@40117|Nitrospirae","DNA-dependent RNA polymerase catalyzes the transcription of DNA into RNA using the four ribonucleoside triphosphates as substrates"
"ko:K03043",7466.61033635932,0.127644773513401,0.0203328696762804,6.27775496256226,3.43496696088874e-10,2.53500561713589e-07,"k87_611065_1","COG0085@1|root,COG0085@2|Bacteria,2GJ81@201174|Actinobacteria,4CPMH@84995|Rubrobacteria","DNA-dependent RNA polymerase catalyzes the transcription of DNA into RNA using the four ribonucleoside triphosphates as substrates"
"ko:K03043",7466.61033635932,0.127644773513401,0.0203328696762804,6.27775496256226,3.43496696088874e-10,2.53500561713589e-07,"k87_789755_1","COG0085@1|root,COG0085@2|Bacteria,1MUC4@1224|Proteobacteria,2TS7S@28211|Alphaproteobacteria,3JR0M@41294|Bradyrhizobiaceae","DNA-dependent RNA polymerase catalyzes the transcription of DNA into RNA using the four ribonucleoside triphosphates as substrates"
"ko:K03043",7466.61033635932,0.127644773513401,0.0203328696762804,6.27775496256226,3.43496696088874e-10,2.53500561713589e-07,"k87_843848_1","COG0085@1|root,COG0085@2|Bacteria,2GJ81@201174|Actinobacteria,4CPMH@84995|Rubrobacteria","DNA-dependent RNA polymerase catalyzes the transcription of DNA into RNA using the four ribonucleoside triphosphates as substrates"
"ko:K03043",7466.61033635932,0.127644773513401,0.0203328696762804,6.27775496256226,3.43496696088874e-10,2.53500561713589e-07,"k87_853578_1","COG0085@1|root,COG0085@2|Bacteria,2GJ81@201174|Actinobacteria,4CPMH@84995|Rubrobacteria","DNA-dependent RNA polymerase catalyzes the transcription of DNA into RNA using the four ribonucleoside triphosphates as substrates"
"ko:K03043",7466.61033635932,0.127644773513401,0.0203328696762804,6.27775496256226,3.43496696088874e-10,2.53500561713589e-07,"k87_892758_1","COG0085@1|root,COG0085@2|Bacteria,3J0CW@40117|Nitrospirae","DNA-dependent RNA polymerase catalyzes the transcription of DNA into RNA using the four ribonucleoside triphosphates as substrates"
"ko:K03043",7466.61033635932,0.127644773513401,0.0203328696762804,6.27775496256226,3.43496696088874e-10,2.53500561713589e-07,"k87_909903_1","COG0085@1|root,COG0085@2|Bacteria,1MUC4@1224|Proteobacteria,2VHF3@28216|Betaproteobacteria,1JZZZ@119060|Burkholderiaceae","DNA-dependent RNA polymerase catalyzes the transcription of DNA into RNA using the four ribonucleoside triphosphates as substrates"
"ko:K03043",7466.61033635932,0.127644773513401,0.0203328696762804,6.27775496256226,3.43496696088874e-10,2.53500561713589e-07,"k87_1115470_2","COG0085@1|root,COG0085@2|Bacteria,2GJ81@201174|Actinobacteria,4FMB5@85023|Microbacteriaceae","DNA-dependent RNA polymerase catalyzes the transcription of DNA into RNA using the four ribonucleoside triphosphates as substrates"
"ko:K03043",7466.61033635932,0.127644773513401,0.0203328696762804,6.27775496256226,3.43496696088874e-10,2.53500561713589e-07,"k87_1118421_1","COG0085@1|root,COG0085@2|Bacteria,1MUC4@1224|Proteobacteria,1RMK0@1236|Gammaproteobacteria,1X3ME@135614|Xanthomonadales","DNA-dependent RNA polymerase catalyzes the transcription of DNA into RNA using the four ribonucleoside triphosphates as substrates"
"ko:K03043",7466.61033635932,0.127644773513401,0.0203328696762804,6.27775496256226,3.43496696088874e-10,2.53500561713589e-07,"k87_1134529_2","COG0085@1|root,COG0085@2|Bacteria,1MUC4@1224|Proteobacteria,43DMZ@68525|delta/epsilon subdivisions,2WIW5@28221|Deltaproteobacteria,2YUEA@29|Myxococcales","DNA-dependent RNA polymerase catalyzes the transcription of DNA into RNA using the four ribonucleoside triphosphates as substrates"
"ko:K03043",7466.61033635932,0.127644773513401,0.0203328696762804,6.27775496256226,3.43496696088874e-10,2.53500561713589e-07,"k87_1206496_1","COG0085@1|root,COG0085@2|Bacteria,2GJ81@201174|Actinobacteria,4DMYN@85009|Propionibacteriales","DNA-dependent RNA polymerase catalyzes the transcription of DNA into RNA using the four ribonucleoside triphosphates as substrates"
"ko:K03043",7466.61033635932,0.127644773513401,0.0203328696762804,6.27775496256226,3.43496696088874e-10,2.53500561713589e-07,"k87_1256956_1","COG0085@1|root,COG0085@2|Bacteria,2GJ81@201174|Actinobacteria,4CPMH@84995|Rubrobacteria","DNA-dependent RNA polymerase catalyzes the transcription of DNA into RNA using the four ribonucleoside triphosphates as substrates"
"ko:K03043",7466.61033635932,0.127644773513401,0.0203328696762804,6.27775496256226,3.43496696088874e-10,2.53500561713589e-07,"k87_1312835_2","COG0085@1|root,COG0085@2|Bacteria,1MUC4@1224|Proteobacteria,2TS7S@28211|Alphaproteobacteria,4BATA@82115|Rhizobiaceae","DNA-dependent RNA polymerase catalyzes the transcription of DNA into RNA using the four ribonucleoside triphosphates as substrates"
"ko:K03043",7466.61033635932,0.127644773513401,0.0203328696762804,6.27775496256226,3.43496696088874e-10,2.53500561713589e-07,"k87_1332824_1","COG0085@1|root,COG0085@2|Bacteria,46S8Q@74201|Verrucomicrobia,3K77T@414999|Opitutae","DNA-dependent RNA polymerase catalyzes the transcription of DNA into RNA using the four ribonucleoside triphosphates as substrates"
"ko:K03043",7466.61033635932,0.127644773513401,0.0203328696762804,6.27775496256226,3.43496696088874e-10,2.53500561713589e-07,"k87_1400104_3","COG0085@1|root,COG0085@2|Bacteria,2GJ81@201174|Actinobacteria,4CPMH@84995|Rubrobacteria","DNA-dependent RNA polymerase catalyzes the transcription of DNA into RNA using the four ribonucleoside triphosphates as substrates"
"ko:K03043",7466.61033635932,0.127644773513401,0.0203328696762804,6.27775496256226,3.43496696088874e-10,2.53500561713589e-07,"k87_1417512_7","COG0085@1|root,COG0085@2|Bacteria,1MUC4@1224|Proteobacteria,2TS7S@28211|Alphaproteobacteria,3N6C4@45401|Hyphomicrobiaceae","DNA-dependent RNA polymerase catalyzes the transcription of DNA into RNA using the four ribonucleoside triphosphates as substrates"
"ko:K03043",7466.61033635932,0.127644773513401,0.0203328696762804,6.27775496256226,3.43496696088874e-10,2.53500561713589e-07,"k87_1495833_1","COG0085@1|root,COG0085@2|Bacteria,2GJ81@201174|Actinobacteria,4CPMH@84995|Rubrobacteria","DNA-dependent RNA polymerase catalyzes the transcription of DNA into RNA using the four ribonucleoside triphosphates as substrates"
"ko:K03043",7466.61033635932,0.127644773513401,0.0203328696762804,6.27775496256226,3.43496696088874e-10,2.53500561713589e-07,"k87_1496253_1","COG0085@1|root,COG0085@2|Bacteria,1MUC4@1224|Proteobacteria,1RMK0@1236|Gammaproteobacteria,1X3ME@135614|Xanthomonadales","DNA-dependent RNA polymerase catalyzes the transcription of DNA into RNA using the four ribonucleoside triphosphates as substrates"
"ko:K03043",7466.61033635932,0.127644773513401,0.0203328696762804,6.27775496256226,3.43496696088874e-10,2.53500561713589e-07,"k87_1552825_6","COG0085@1|root,COG0085@2|Bacteria,1MUC4@1224|Proteobacteria,2TS7S@28211|Alphaproteobacteria,2JZWE@204457|Sphingomonadales","DNA-dependent RNA polymerase catalyzes the transcription of DNA into RNA using the four ribonucleoside triphosphates as substrates"
"ko:K03043",7466.61033635932,0.127644773513401,0.0203328696762804,6.27775496256226,3.43496696088874e-10,2.53500561713589e-07,"k87_1626313_1","COG0085@1|root,COG0085@2|Bacteria,2GJ81@201174|Actinobacteria,4CPMH@84995|Rubrobacteria","DNA-dependent RNA polymerase catalyzes the transcription of DNA into RNA using the four ribonucleoside triphosphates as substrates"
"ko:K03043",7466.61033635932,0.127644773513401,0.0203328696762804,6.27775496256226,3.43496696088874e-10,2.53500561713589e-07,"k87_1638566_1","COG0085@1|root,COG0085@2|Bacteria,46S8Q@74201|Verrucomicrobia","DNA-dependent RNA polymerase catalyzes the transcription of DNA into RNA using the four ribonucleoside triphosphates as substrates"
"ko:K03043",7466.61033635932,0.127644773513401,0.0203328696762804,6.27775496256226,3.43496696088874e-10,2.53500561713589e-07,"k87_1742296_3","COG0085@1|root,COG0085@2|Bacteria,1MUC4@1224|Proteobacteria,1RMK0@1236|Gammaproteobacteria,1X3ME@135614|Xanthomonadales","DNA-dependent RNA polymerase catalyzes the transcription of DNA into RNA using the four ribonucleoside triphosphates as substrates"
"ko:K03043",7466.61033635932,0.127644773513401,0.0203328696762804,6.27775496256226,3.43496696088874e-10,2.53500561713589e-07,"k87_1848896_1","COG0085@1|root,COG0085@2|Bacteria,1MUC4@1224|Proteobacteria,2TS7S@28211|Alphaproteobacteria,3JR0M@41294|Bradyrhizobiaceae","DNA-dependent RNA polymerase catalyzes the transcription of DNA into RNA using the four ribonucleoside triphosphates as substrates"
"ko:K03043",7466.61033635932,0.127644773513401,0.0203328696762804,6.27775496256226,3.43496696088874e-10,2.53500561713589e-07,"k87_1850851_1","COG0085@1|root,COG0085@2|Bacteria,1MUC4@1224|Proteobacteria,2VHF3@28216|Betaproteobacteria,1KJI2@119065|unclassified Burkholderiales","DNA-dependent RNA polymerase catalyzes the transcription of DNA into RNA using the four ribonucleoside triphosphates as substrates"
"ko:K03043",7466.61033635932,0.127644773513401,0.0203328696762804,6.27775496256226,3.43496696088874e-10,2.53500561713589e-07,"k87_1877277_1","COG0085@1|root,COG0085@2|Bacteria,1MUC4@1224|Proteobacteria,1RMK0@1236|Gammaproteobacteria,1X3ME@135614|Xanthomonadales","DNA-dependent RNA polymerase catalyzes the transcription of DNA into RNA using the four ribonucleoside triphosphates as substrates"
"ko:K03043",7466.61033635932,0.127644773513401,0.0203328696762804,6.27775496256226,3.43496696088874e-10,2.53500561713589e-07,"k87_1881646_1","COG0085@1|root,COG0085@2|Bacteria,1MUC4@1224|Proteobacteria,2TS7S@28211|Alphaproteobacteria,3FCSH@34008|Rhodovulum","DNA-dependent RNA polymerase catalyzes the transcription of DNA into RNA using the four ribonucleoside triphosphates as substrates"
"ko:K03043",7466.61033635932,0.127644773513401,0.0203328696762804,6.27775496256226,3.43496696088874e-10,2.53500561713589e-07,"k87_2071752_1","COG0085@1|root,COG0085@2|Bacteria,1MUC4@1224|Proteobacteria,2TS7S@28211|Alphaproteobacteria,43HI0@69277|Phyllobacteriaceae","DNA-dependent RNA polymerase catalyzes the transcription of DNA into RNA using the four ribonucleoside triphosphates as substrates"
"ko:K03043",7466.61033635932,0.127644773513401,0.0203328696762804,6.27775496256226,3.43496696088874e-10,2.53500561713589e-07,"k87_2373068_4","COG0085@1|root,COG0085@2|Bacteria,2GJ81@201174|Actinobacteria,4CPMH@84995|Rubrobacteria","DNA-dependent RNA polymerase catalyzes the transcription of DNA into RNA using the four ribonucleoside triphosphates as substrates"
"ko:K03043",7466.61033635932,0.127644773513401,0.0203328696762804,6.27775496256226,3.43496696088874e-10,2.53500561713589e-07,"k87_2475202_2","COG0085@1|root,COG0085@2|Bacteria,46S8Q@74201|Verrucomicrobia,3K77T@414999|Opitutae","DNA-dependent RNA polymerase catalyzes the transcription of DNA into RNA using the four ribonucleoside triphosphates as substrates"
"ko:K03043",7466.61033635932,0.127644773513401,0.0203328696762804,6.27775496256226,3.43496696088874e-10,2.53500561713589e-07,"k87_2481209_3","COG0085@1|root,COG0085@2|Bacteria,1MUC4@1224|Proteobacteria,2VHF3@28216|Betaproteobacteria,472V5@75682|Oxalobacteraceae","DNA-dependent RNA polymerase catalyzes the transcription of DNA into RNA using the four ribonucleoside triphosphates as substrates"
"ko:K03043",7466.61033635932,0.127644773513401,0.0203328696762804,6.27775496256226,3.43496696088874e-10,2.53500561713589e-07,"k87_2481867_1","COG0085@1|root,COG0085@2|Bacteria,1MUC4@1224|Proteobacteria,2TS7S@28211|Alphaproteobacteria,2JZWE@204457|Sphingomonadales","DNA-dependent RNA polymerase catalyzes the transcription of DNA into RNA using the four ribonucleoside triphosphates as substrates"
"ko:K03043",7466.61033635932,0.127644773513401,0.0203328696762804,6.27775496256226,3.43496696088874e-10,2.53500561713589e-07,"k87_2538013_2","COG0085@1|root,COG0085@2|Bacteria,2GJ81@201174|Actinobacteria,4CPMH@84995|Rubrobacteria","DNA-dependent RNA polymerase catalyzes the transcription of DNA into RNA using the four ribonucleoside triphosphates as substrates"
"ko:K03043",7466.61033635932,0.127644773513401,0.0203328696762804,6.27775496256226,3.43496696088874e-10,2.53500561713589e-07,"k87_2571891_1","COG0085@1|root,COG0085@2|Bacteria,2GJ81@201174|Actinobacteria,4CPMH@84995|Rubrobacteria","DNA-dependent RNA polymerase catalyzes the transcription of DNA into RNA using the four ribonucleoside triphosphates as substrates"
"ko:K03043",7466.61033635932,0.127644773513401,0.0203328696762804,6.27775496256226,3.43496696088874e-10,2.53500561713589e-07,"k87_2581793_1","COG0085@1|root,COG0085@2|Bacteria,4NF8D@976|Bacteroidetes,1INW0@117747|Sphingobacteriia","DNA-dependent RNA polymerase catalyzes the transcription of DNA into RNA using the four ribonucleoside triphosphates as substrates"
"ko:K03043",7466.61033635932,0.127644773513401,0.0203328696762804,6.27775496256226,3.43496696088874e-10,2.53500561713589e-07,"k87_2725802_11","COG0085@1|root,COG0085@2|Bacteria,1MUC4@1224|Proteobacteria,2TS7S@28211|Alphaproteobacteria,3JR0M@41294|Bradyrhizobiaceae","DNA-dependent RNA polymerase catalyzes the transcription of DNA into RNA using the four ribonucleoside triphosphates as substrates"
"ko:K03043",7466.61033635932,0.127644773513401,0.0203328696762804,6.27775496256226,3.43496696088874e-10,2.53500561713589e-07,"k87_2924946_1","COG0085@1|root,COG0085@2|Bacteria,4NF8D@976|Bacteroidetes,1INW0@117747|Sphingobacteriia","DNA-dependent RNA polymerase catalyzes the transcription of DNA into RNA using the four ribonucleoside triphosphates as substrates"
"ko:K03043",7466.61033635932,0.127644773513401,0.0203328696762804,6.27775496256226,3.43496696088874e-10,2.53500561713589e-07,"k87_2971651_1","COG0085@1|root,COG0085@2|Bacteria,2GJ81@201174|Actinobacteria,4CPMH@84995|Rubrobacteria","DNA-dependent RNA polymerase catalyzes the transcription of DNA into RNA using the four ribonucleoside triphosphates as substrates"
"ko:K03043",7466.61033635932,0.127644773513401,0.0203328696762804,6.27775496256226,3.43496696088874e-10,2.53500561713589e-07,"k87_2974418_5","COG0085@1|root,COG0085@2|Bacteria,1MUC4@1224|Proteobacteria,1RMK0@1236|Gammaproteobacteria,1X3ME@135614|Xanthomonadales","DNA-dependent RNA polymerase catalyzes the transcription of DNA into RNA using the four ribonucleoside triphosphates as substrates"
"ko:K03043",7466.61033635932,0.127644773513401,0.0203328696762804,6.27775496256226,3.43496696088874e-10,2.53500561713589e-07,"k87_3045444_1","COG0085@1|root,COG0085@2|Bacteria,2GJ81@201174|Actinobacteria,4CMVP@84992|Acidimicrobiia","DNA-dependent RNA polymerase catalyzes the transcription of DNA into RNA using the four ribonucleoside triphosphates as substrates"
"ko:K03043",7466.61033635932,0.127644773513401,0.0203328696762804,6.27775496256226,3.43496696088874e-10,2.53500561713589e-07,"k87_3106893_1","COG0085@1|root,COG0085@2|Bacteria,2GJ81@201174|Actinobacteria,4CMVP@84992|Acidimicrobiia","DNA-dependent RNA polymerase catalyzes the transcription of DNA into RNA using the four ribonucleoside triphosphates as substrates"
"ko:K03043",7466.61033635932,0.127644773513401,0.0203328696762804,6.27775496256226,3.43496696088874e-10,2.53500561713589e-07,"k87_3274285_1","COG0085@1|root,COG0085@2|Bacteria,2GJ81@201174|Actinobacteria,4CPMH@84995|Rubrobacteria","DNA-dependent RNA polymerase catalyzes the transcription of DNA into RNA using the four ribonucleoside triphosphates as substrates"
"ko:K03043",7466.61033635932,0.127644773513401,0.0203328696762804,6.27775496256226,3.43496696088874e-10,2.53500561713589e-07,"k87_3305818_1","COG0085@1|root,COG0085@2|Bacteria,2GJ81@201174|Actinobacteria,4ES8S@85013|Frankiales","DNA-dependent RNA polymerase catalyzes the transcription of DNA into RNA using the four ribonucleoside triphosphates as substrates"
"ko:K03043",7466.61033635932,0.127644773513401,0.0203328696762804,6.27775496256226,3.43496696088874e-10,2.53500561713589e-07,"k87_3312067_3","COG0085@1|root,COG0085@2|Bacteria,1MUC4@1224|Proteobacteria,2TS7S@28211|Alphaproteobacteria,3FCSH@34008|Rhodovulum","DNA-dependent RNA polymerase catalyzes the transcription of DNA into RNA using the four ribonucleoside triphosphates as substrates"
"ko:K03043",7466.61033635932,0.127644773513401,0.0203328696762804,6.27775496256226,3.43496696088874e-10,2.53500561713589e-07,"k87_3349099_1","COG0085@1|root,COG0085@2|Bacteria,4NF8D@976|Bacteroidetes,1INW0@117747|Sphingobacteriia","DNA-dependent RNA polymerase catalyzes the transcription of DNA into RNA using the four ribonucleoside triphosphates as substrates"
"ko:K03043",7466.61033635932,0.127644773513401,0.0203328696762804,6.27775496256226,3.43496696088874e-10,2.53500561713589e-07,"k87_3667788_2","COG0085@1|root,COG0085@2|Bacteria,3J0CW@40117|Nitrospirae","DNA-dependent RNA polymerase catalyzes the transcription of DNA into RNA using the four ribonucleoside triphosphates as substrates"
"ko:K03043",7466.61033635932,0.127644773513401,0.0203328696762804,6.27775496256226,3.43496696088874e-10,2.53500561713589e-07,"k87_3714118_1","COG0085@1|root,COG0085@2|Bacteria,2GJ81@201174|Actinobacteria,4CPMH@84995|Rubrobacteria","DNA-dependent RNA polymerase catalyzes the transcription of DNA into RNA using the four ribonucleoside triphosphates as substrates"
"ko:K03043",7466.61033635932,0.127644773513401,0.0203328696762804,6.27775496256226,3.43496696088874e-10,2.53500561713589e-07,"k87_3787807_1","COG0085@1|root,COG0085@2|Bacteria,2GJ81@201174|Actinobacteria,4CPMH@84995|Rubrobacteria","DNA-dependent RNA polymerase catalyzes the transcription of DNA into RNA using the four ribonucleoside triphosphates as substrates"
"ko:K03043",7466.61033635932,0.127644773513401,0.0203328696762804,6.27775496256226,3.43496696088874e-10,2.53500561713589e-07,"k87_3948221_1","COG0085@1|root,COG0085@2|Bacteria,1MUC4@1224|Proteobacteria,2TS7S@28211|Alphaproteobacteria,2JQ0Q@204441|Rhodospirillales","DNA-dependent RNA polymerase catalyzes the transcription of DNA into RNA using the four ribonucleoside triphosphates as substrates"
"ko:K03043",7466.61033635932,0.127644773513401,0.0203328696762804,6.27775496256226,3.43496696088874e-10,2.53500561713589e-07,"k87_4095275_1","COG0085@1|root,COG0085@2|Bacteria,3Y36G@57723|Acidobacteria,2JIQM@204432|Acidobacteriia","DNA-dependent RNA polymerase catalyzes the transcription of DNA into RNA using the four ribonucleoside triphosphates as substrates"
"ko:K03043",7466.61033635932,0.127644773513401,0.0203328696762804,6.27775496256226,3.43496696088874e-10,2.53500561713589e-07,"k87_4095640_1","COG0085@1|root,COG0085@2|Bacteria,2GJ81@201174|Actinobacteria,4ES8S@85013|Frankiales","DNA-dependent RNA polymerase catalyzes the transcription of DNA into RNA using the four ribonucleoside triphosphates as substrates"
"ko:K03043",7466.61033635932,0.127644773513401,0.0203328696762804,6.27775496256226,3.43496696088874e-10,2.53500561713589e-07,"k87_4386586_1","COG0085@1|root,COG0085@2|Bacteria,1MUC4@1224|Proteobacteria,2TS7S@28211|Alphaproteobacteria,3JR0M@41294|Bradyrhizobiaceae","DNA-dependent RNA polymerase catalyzes the transcription of DNA into RNA using the four ribonucleoside triphosphates as substrates"
"ko:K03043",7466.61033635932,0.127644773513401,0.0203328696762804,6.27775496256226,3.43496696088874e-10,2.53500561713589e-07,"k87_4554703_1","COG0085@1|root,COG0085@2|Bacteria,1MUC4@1224|Proteobacteria,2TS7S@28211|Alphaproteobacteria,1JTZS@119045|Methylobacteriaceae","DNA-dependent RNA polymerase catalyzes the transcription of DNA into RNA using the four ribonucleoside triphosphates as substrates"
"ko:K03043",7466.61033635932,0.127644773513401,0.0203328696762804,6.27775496256226,3.43496696088874e-10,2.53500561713589e-07,"k87_4572012_1","COG0085@1|root,COG0085@2|Bacteria,1MUC4@1224|Proteobacteria,2TS7S@28211|Alphaproteobacteria,3JR0M@41294|Bradyrhizobiaceae","DNA-dependent RNA polymerase catalyzes the transcription of DNA into RNA using the four ribonucleoside triphosphates as substrates"
"ko:K03043",7466.61033635932,0.127644773513401,0.0203328696762804,6.27775496256226,3.43496696088874e-10,2.53500561713589e-07,"k87_4592896_2","COG0085@1|root,COG0085@2|Bacteria,1MUC4@1224|Proteobacteria,1RMK0@1236|Gammaproteobacteria,1XDX0@135618|Methylococcales","DNA-dependent RNA polymerase catalyzes the transcription of DNA into RNA using the four ribonucleoside triphosphates as substrates"
"ko:K03043",7466.61033635932,0.127644773513401,0.0203328696762804,6.27775496256226,3.43496696088874e-10,2.53500561713589e-07,"k87_4687802_1","COG0085@1|root,COG0085@2|Bacteria,1MUC4@1224|Proteobacteria,2TS7S@28211|Alphaproteobacteria,4BATA@82115|Rhizobiaceae","DNA-dependent RNA polymerase catalyzes the transcription of DNA into RNA using the four ribonucleoside triphosphates as substrates"
"ko:K03043",7466.61033635932,0.127644773513401,0.0203328696762804,6.27775496256226,3.43496696088874e-10,2.53500561713589e-07,"k87_4847890_1","COG0085@1|root,COG0085@2|Bacteria,2GJ81@201174|Actinobacteria,4DMYN@85009|Propionibacteriales","DNA-dependent RNA polymerase catalyzes the transcription of DNA into RNA using the four ribonucleoside triphosphates as substrates"
"ko:K03043",7466.61033635932,0.127644773513401,0.0203328696762804,6.27775496256226,3.43496696088874e-10,2.53500561713589e-07,"k87_4938070_1","COG0085@1|root,COG0085@2|Bacteria,2GJ81@201174|Actinobacteria,4FF63@85021|Intrasporangiaceae","DNA-dependent RNA polymerase catalyzes the transcription of DNA into RNA using the four ribonucleoside triphosphates as substrates"
"ko:K03043",7466.61033635932,0.127644773513401,0.0203328696762804,6.27775496256226,3.43496696088874e-10,2.53500561713589e-07,"k87_4971314_3","COG0085@1|root,COG0085@2|Bacteria,1MUC4@1224|Proteobacteria,2TS7S@28211|Alphaproteobacteria,3FCSH@34008|Rhodovulum","DNA-dependent RNA polymerase catalyzes the transcription of DNA into RNA using the four ribonucleoside triphosphates as substrates"
"ko:K03043",7466.61033635932,0.127644773513401,0.0203328696762804,6.27775496256226,3.43496696088874e-10,2.53500561713589e-07,"k87_4979354_1","COG0085@1|root,COG0085@2|Bacteria,1MUC4@1224|Proteobacteria,2TS7S@28211|Alphaproteobacteria,1JTZS@119045|Methylobacteriaceae","DNA-dependent RNA polymerase catalyzes the transcription of DNA into RNA using the four ribonucleoside triphosphates as substrates"
"ko:K03043",7466.61033635932,0.127644773513401,0.0203328696762804,6.27775496256226,3.43496696088874e-10,2.53500561713589e-07,"k87_5145252_2","COG0085@1|root,COG0085@2|Bacteria,1TP96@1239|Firmicutes,4H9PK@91061|Bacilli,1ZBPC@1386|Bacillus","DNA-dependent RNA polymerase catalyzes the transcription of DNA into RNA using the four ribonucleoside triphosphates as substrates"
"ko:K03043",7466.61033635932,0.127644773513401,0.0203328696762804,6.27775496256226,3.43496696088874e-10,2.53500561713589e-07,"k87_5582807_5","COG0085@1|root,COG0085@2|Bacteria,3J0CW@40117|Nitrospirae","DNA-dependent RNA polymerase catalyzes the transcription of DNA into RNA using the four ribonucleoside triphosphates as substrates"
"ko:K03043",7466.61033635932,0.127644773513401,0.0203328696762804,6.27775496256226,3.43496696088874e-10,2.53500561713589e-07,"k87_5801805_1","COG0085@1|root,COG0085@2|Bacteria,2GJ81@201174|Actinobacteria,1W8D1@1268|Micrococcaceae","DNA-dependent RNA polymerase catalyzes the transcription of DNA into RNA using the four ribonucleoside triphosphates as substrates"
"ko:K03043",7466.61033635932,0.127644773513401,0.0203328696762804,6.27775496256226,3.43496696088874e-10,2.53500561713589e-07,"k87_5961941_1","COG0085@1|root,COG0085@2|Bacteria,2GJ81@201174|Actinobacteria,4CPMH@84995|Rubrobacteria","DNA-dependent RNA polymerase catalyzes the transcription of DNA into RNA using the four ribonucleoside triphosphates as substrates"
"ko:K03043",7466.61033635932,0.127644773513401,0.0203328696762804,6.27775496256226,3.43496696088874e-10,2.53500561713589e-07,"k87_6266928_1","COG0085@1|root,COG0085@2|Bacteria,2GJ81@201174|Actinobacteria,4DMYN@85009|Propionibacteriales","DNA-dependent RNA polymerase catalyzes the transcription of DNA into RNA using the four ribonucleoside triphosphates as substrates"
"ko:K03043",7466.61033635932,0.127644773513401,0.0203328696762804,6.27775496256226,3.43496696088874e-10,2.53500561713589e-07,"k87_6412194_1","COG0085@1|root,COG0085@2|Bacteria,1MUC4@1224|Proteobacteria,2VHF3@28216|Betaproteobacteria,4AC3Z@80864|Comamonadaceae","DNA-dependent RNA polymerase catalyzes the transcription of DNA into RNA using the four ribonucleoside triphosphates as substrates"
"ko:K03043",7466.61033635932,0.127644773513401,0.0203328696762804,6.27775496256226,3.43496696088874e-10,2.53500561713589e-07,"k87_6421289_1","COG0085@1|root,COG0085@2|Bacteria,1MUC4@1224|Proteobacteria,2TS7S@28211|Alphaproteobacteria,3JR0M@41294|Bradyrhizobiaceae","DNA-dependent RNA polymerase catalyzes the transcription of DNA into RNA using the four ribonucleoside triphosphates as substrates"
"ko:K03043",7466.61033635932,0.127644773513401,0.0203328696762804,6.27775496256226,3.43496696088874e-10,2.53500561713589e-07,"k87_6421300_3","COG0085@1|root,COG0085@2|Bacteria,1MUC4@1224|Proteobacteria,2TS7S@28211|Alphaproteobacteria","DNA-dependent RNA polymerase catalyzes the transcription of DNA into RNA using the four ribonucleoside triphosphates as substrates"
"ko:K03043",7466.61033635932,0.127644773513401,0.0203328696762804,6.27775496256226,3.43496696088874e-10,2.53500561713589e-07,"k87_6565154_1","COG0085@1|root,COG0085@2|Bacteria,1MUC4@1224|Proteobacteria,2TS7S@28211|Alphaproteobacteria,2JQ0Q@204441|Rhodospirillales","DNA-dependent RNA polymerase catalyzes the transcription of DNA into RNA using the four ribonucleoside triphosphates as substrates"
"ko:K03046",4672.80736044153,0.134091153215933,0.0230322334767227,5.82189101857839,5.81854875757492e-09,2.86272598872686e-06,"k87_67014_1","COG0086@1|root,2QPYA@2759|Eukaryota,37HVM@33090|Viridiplantae,3GFWY@35493|Streptophyta,3KXP2@4447|Liliopsida,3IQ3S@38820|Poales","RNA polymerase Rpb1, domain 1"
"ko:K03046",4672.80736044153,0.134091153215933,0.0230322334767227,5.82189101857839,5.81854875757492e-09,2.86272598872686e-06,"k87_80879_1","COG0086@1|root,COG0086@2|Bacteria,3J0BT@40117|Nitrospirae","DNA-dependent RNA polymerase catalyzes the transcription of DNA into RNA using the four ribonucleoside triphosphates as substrates"
"ko:K03046",4672.80736044153,0.134091153215933,0.0230322334767227,5.82189101857839,5.81854875757492e-09,2.86272598872686e-06,"k87_169722_2","COG0086@1|root,COG0086@2|Bacteria,2GKWF@201174|Actinobacteria,4CMT4@84992|Acidimicrobiia","DNA-dependent RNA polymerase catalyzes the transcription of DNA into RNA using the four ribonucleoside triphosphates as substrates"
"ko:K03046",4672.80736044153,0.134091153215933,0.0230322334767227,5.82189101857839,5.81854875757492e-09,2.86272598872686e-06,"k87_566592_4","COG0086@1|root,COG0086@2|Bacteria,1MU3M@1224|Proteobacteria,42NAW@68525|delta/epsilon subdivisions,2WISU@28221|Deltaproteobacteria","DNA-dependent RNA polymerase catalyzes the transcription of DNA into RNA using the four ribonucleoside triphosphates as substrates"
"ko:K03046",4672.80736044153,0.134091153215933,0.0230322334767227,5.82189101857839,5.81854875757492e-09,2.86272598872686e-06,"k87_632606_1","COG0086@1|root,COG0086@2|Bacteria,2GKWF@201174|Actinobacteria,4CP97@84995|Rubrobacteria","DNA-dependent RNA polymerase catalyzes the transcription of DNA into RNA using the four ribonucleoside triphosphates as substrates"
"ko:K03046",4672.80736044153,0.134091153215933,0.0230322334767227,5.82189101857839,5.81854875757492e-09,2.86272598872686e-06,"k87_725980_1","COG0086@1|root,COG0086@2|Bacteria,3J0BT@40117|Nitrospirae","DNA-dependent RNA polymerase catalyzes the transcription of DNA into RNA using the four ribonucleoside triphosphates as substrates"
"ko:K03046",4672.80736044153,0.134091153215933,0.0230322334767227,5.82189101857839,5.81854875757492e-09,2.86272598872686e-06,"k87_761897_1","COG0086@1|root,COG0086@2|Bacteria,4NEMW@976|Bacteroidetes,1IP5J@117747|Sphingobacteriia","DNA-dependent RNA polymerase catalyzes the transcription of DNA into RNA using the four ribonucleoside triphosphates as substrates"
"ko:K03046",4672.80736044153,0.134091153215933,0.0230322334767227,5.82189101857839,5.81854875757492e-09,2.86272598872686e-06,"k87_789755_2","COG0086@1|root,COG0086@2|Bacteria,1MU3M@1224|Proteobacteria,2VIF3@28216|Betaproteobacteria,1KJ6A@119065|unclassified Burkholderiales","DNA-dependent RNA polymerase catalyzes the transcription of DNA into RNA using the four ribonucleoside triphosphates as substrates"
"ko:K03046",4672.80736044153,0.134091153215933,0.0230322334767227,5.82189101857839,5.81854875757492e-09,2.86272598872686e-06,"k87_872229_1","COG0086@1|root,COG0086@2|Bacteria,2GKWF@201174|Actinobacteria,4DP2S@85009|Propionibacteriales","DNA-dependent RNA polymerase catalyzes the transcription of DNA into RNA using the four ribonucleoside triphosphates as substrates"
"ko:K03046",4672.80736044153,0.134091153215933,0.0230322334767227,5.82189101857839,5.81854875757492e-09,2.86272598872686e-06,"k87_910451_9","COG0086@1|root,COG0086@2|Bacteria,46S79@74201|Verrucomicrobia,3K7EI@414999|Opitutae","DNA-dependent RNA polymerase catalyzes the transcription of DNA into RNA using the four ribonucleoside triphosphates as substrates"
"ko:K03046",4672.80736044153,0.134091153215933,0.0230322334767227,5.82189101857839,5.81854875757492e-09,2.86272598872686e-06,"k87_952378_1","COG0086@1|root,COG0086@2|Bacteria,1MU3M@1224|Proteobacteria,2VIF3@28216|Betaproteobacteria,4726T@75682|Oxalobacteraceae","DNA-dependent RNA polymerase catalyzes the transcription of DNA into RNA using the four ribonucleoside triphosphates as substrates"
"ko:K03046",4672.80736044153,0.134091153215933,0.0230322334767227,5.82189101857839,5.81854875757492e-09,2.86272598872686e-06,"k87_1087554_1","COG0086@1|root,COG0086@2|Bacteria,2GKWF@201174|Actinobacteria,4CP97@84995|Rubrobacteria","DNA-dependent RNA polymerase catalyzes the transcription of DNA into RNA using the four ribonucleoside triphosphates as substrates"
"ko:K03046",4672.80736044153,0.134091153215933,0.0230322334767227,5.82189101857839,5.81854875757492e-09,2.86272598872686e-06,"k87_1107354_2","COG0086@1|root,COG0086@2|Bacteria,3J0BT@40117|Nitrospirae","DNA-dependent RNA polymerase catalyzes the transcription of DNA into RNA using the four ribonucleoside triphosphates as substrates"
"ko:K03046",4672.80736044153,0.134091153215933,0.0230322334767227,5.82189101857839,5.81854875757492e-09,2.86272598872686e-06,"k87_1115470_1","COG0086@1|root,COG0086@2|Bacteria,2GKWF@201174|Actinobacteria,4FKFY@85023|Microbacteriaceae","DNA-dependent RNA polymerase catalyzes the transcription of DNA into RNA using the four ribonucleoside triphosphates as substrates"
"ko:K03046",4672.80736044153,0.134091153215933,0.0230322334767227,5.82189101857839,5.81854875757492e-09,2.86272598872686e-06,"k87_1284708_1","COG0086@1|root,COG0086@2|Bacteria,2GKWF@201174|Actinobacteria,232M3@1762|Mycobacteriaceae","DNA-dependent RNA polymerase catalyzes the transcription of DNA into RNA using the four ribonucleoside triphosphates as substrates"
"ko:K03046",4672.80736044153,0.134091153215933,0.0230322334767227,5.82189101857839,5.81854875757492e-09,2.86272598872686e-06,"k87_1348499_1","COG0086@1|root,COG0086@2|Bacteria,2GKWF@201174|Actinobacteria,4CP97@84995|Rubrobacteria","DNA-dependent RNA polymerase catalyzes the transcription of DNA into RNA using the four ribonucleoside triphosphates as substrates"
"ko:K03046",4672.80736044153,0.134091153215933,0.0230322334767227,5.82189101857839,5.81854875757492e-09,2.86272598872686e-06,"k87_1423181_1","COG0086@1|root,COG0086@2|Bacteria,1TNYT@1239|Firmicutes,4HA24@91061|Bacilli,1ZDK0@1386|Bacillus","DNA-dependent RNA polymerase catalyzes the transcription of DNA into RNA using the four ribonucleoside triphosphates as substrates"
"ko:K03046",4672.80736044153,0.134091153215933,0.0230322334767227,5.82189101857839,5.81854875757492e-09,2.86272598872686e-06,"k87_1584263_1","COG0086@1|root,COG0086@2|Bacteria,2GKWF@201174|Actinobacteria,232M3@1762|Mycobacteriaceae","DNA-dependent RNA polymerase catalyzes the transcription of DNA into RNA using the four ribonucleoside triphosphates as substrates"
"ko:K03046",4672.80736044153,0.134091153215933,0.0230322334767227,5.82189101857839,5.81854875757492e-09,2.86272598872686e-06,"k87_1825762_1","COG0086@1|root,COG0086@2|Bacteria,2GKWF@201174|Actinobacteria","DNA-dependent RNA polymerase catalyzes the transcription of DNA into RNA using the four ribonucleoside triphosphates as substrates"
"ko:K03046",4672.80736044153,0.134091153215933,0.0230322334767227,5.82189101857839,5.81854875757492e-09,2.86272598872686e-06,"k87_2138097_1","COG0086@1|root,COG0086@2|Bacteria,2GKWF@201174|Actinobacteria,4CP97@84995|Rubrobacteria","DNA-dependent RNA polymerase catalyzes the transcription of DNA into RNA using the four ribonucleoside triphosphates as substrates"
"ko:K03046",4672.80736044153,0.134091153215933,0.0230322334767227,5.82189101857839,5.81854875757492e-09,2.86272598872686e-06,"k87_2473351_1","COG0086@1|root,COG0086@2|Bacteria,1MU3M@1224|Proteobacteria,2VIF3@28216|Betaproteobacteria,4AA8U@80864|Comamonadaceae","DNA-dependent RNA polymerase catalyzes the transcription of DNA into RNA using the four ribonucleoside triphosphates as substrates"
"ko:K03046",4672.80736044153,0.134091153215933,0.0230322334767227,5.82189101857839,5.81854875757492e-09,2.86272598872686e-06,"k87_2475202_1","COG0086@1|root,COG0086@2|Bacteria,46S79@74201|Verrucomicrobia,3K7EI@414999|Opitutae","DNA-dependent RNA polymerase catalyzes the transcription of DNA into RNA using the four ribonucleoside triphosphates as substrates"
"ko:K03046",4672.80736044153,0.134091153215933,0.0230322334767227,5.82189101857839,5.81854875757492e-09,2.86272598872686e-06,"k87_2538013_1","COG0086@1|root,COG0086@2|Bacteria,2GKWF@201174|Actinobacteria,4CP97@84995|Rubrobacteria","DNA-dependent RNA polymerase catalyzes the transcription of DNA into RNA using the four ribonucleoside triphosphates as substrates"
"ko:K03046",4672.80736044153,0.134091153215933,0.0230322334767227,5.82189101857839,5.81854875757492e-09,2.86272598872686e-06,"k87_2581793_2","COG0086@1|root,COG0086@2|Bacteria,4NEMW@976|Bacteroidetes,1IP5J@117747|Sphingobacteriia","DNA-dependent RNA polymerase catalyzes the transcription of DNA into RNA using the four ribonucleoside triphosphates as substrates"
"ko:K03046",4672.80736044153,0.134091153215933,0.0230322334767227,5.82189101857839,5.81854875757492e-09,2.86272598872686e-06,"k87_2924946_2","COG0086@1|root,COG0086@2|Bacteria,4NEMW@976|Bacteroidetes,1IP5J@117747|Sphingobacteriia","DNA-dependent RNA polymerase catalyzes the transcription of DNA into RNA using the four ribonucleoside triphosphates as substrates"
"ko:K03046",4672.80736044153,0.134091153215933,0.0230322334767227,5.82189101857839,5.81854875757492e-09,2.86272598872686e-06,"k87_2990228_1","COG0086@1|root,COG0086@2|Bacteria,2GKWF@201174|Actinobacteria,4DP2S@85009|Propionibacteriales","DNA-dependent RNA polymerase catalyzes the transcription of DNA into RNA using the four ribonucleoside triphosphates as substrates"
"ko:K03046",4672.80736044153,0.134091153215933,0.0230322334767227,5.82189101857839,5.81854875757492e-09,2.86272598872686e-06,"k87_3420448_1","COG0086@1|root,COG0086@2|Bacteria,1MU3M@1224|Proteobacteria,2VIF3@28216|Betaproteobacteria,1KJ6A@119065|unclassified Burkholderiales","DNA-dependent RNA polymerase catalyzes the transcription of DNA into RNA using the four ribonucleoside triphosphates as substrates"
"ko:K03046",4672.80736044153,0.134091153215933,0.0230322334767227,5.82189101857839,5.81854875757492e-09,2.86272598872686e-06,"k87_3450005_1","COG0086@1|root,COG0086@2|Bacteria,2GKWF@201174|Actinobacteria,4CP97@84995|Rubrobacteria","DNA-dependent RNA polymerase catalyzes the transcription of DNA into RNA using the four ribonucleoside triphosphates as substrates"
"ko:K03046",4672.80736044153,0.134091153215933,0.0230322334767227,5.82189101857839,5.81854875757492e-09,2.86272598872686e-06,"k87_3602474_1","COG0086@1|root,COG0086@2|Bacteria,46S79@74201|Verrucomicrobia,3K7EI@414999|Opitutae","DNA-dependent RNA polymerase catalyzes the transcription of DNA into RNA using the four ribonucleoside triphosphates as substrates"
"ko:K03046",4672.80736044153,0.134091153215933,0.0230322334767227,5.82189101857839,5.81854875757492e-09,2.86272598872686e-06,"k87_3667788_1","COG0086@1|root,COG0086@2|Bacteria,3J0BT@40117|Nitrospirae","DNA-dependent RNA polymerase catalyzes the transcription of DNA into RNA using the four ribonucleoside triphosphates as substrates"
"ko:K03046",4672.80736044153,0.134091153215933,0.0230322334767227,5.82189101857839,5.81854875757492e-09,2.86272598872686e-06,"k87_3927960_1","COG0086@1|root,COG0086@2|Bacteria,46S79@74201|Verrucomicrobia,2ITYC@203494|Verrucomicrobiae","DNA-dependent RNA polymerase catalyzes the transcription of DNA into RNA using the four ribonucleoside triphosphates as substrates"
"ko:K03046",4672.80736044153,0.134091153215933,0.0230322334767227,5.82189101857839,5.81854875757492e-09,2.86272598872686e-06,"k87_4095275_2","COG0086@1|root,COG0086@2|Bacteria,3Y2FZ@57723|Acidobacteria,2JIW0@204432|Acidobacteriia","DNA-dependent RNA polymerase catalyzes the transcription of DNA into RNA using the four ribonucleoside triphosphates as substrates"
"ko:K03046",4672.80736044153,0.134091153215933,0.0230322334767227,5.82189101857839,5.81854875757492e-09,2.86272598872686e-06,"k87_4151498_1","COG0086@1|root,COG0086@2|Bacteria,2GKWF@201174|Actinobacteria,4CP97@84995|Rubrobacteria","DNA-dependent RNA polymerase catalyzes the transcription of DNA into RNA using the four ribonucleoside triphosphates as substrates"
"ko:K03046",4672.80736044153,0.134091153215933,0.0230322334767227,5.82189101857839,5.81854875757492e-09,2.86272598872686e-06,"k87_4561096_1","COG0086@1|root,COG0086@2|Bacteria,46S79@74201|Verrucomicrobia,2ITYC@203494|Verrucomicrobiae","DNA-dependent RNA polymerase catalyzes the transcription of DNA into RNA using the four ribonucleoside triphosphates as substrates"
"ko:K03046",4672.80736044153,0.134091153215933,0.0230322334767227,5.82189101857839,5.81854875757492e-09,2.86272598872686e-06,"k87_4592896_1","COG0086@1|root,COG0086@2|Bacteria,1MU3M@1224|Proteobacteria,1RPYH@1236|Gammaproteobacteria,1WVVI@135613|Chromatiales","DNA-dependent RNA polymerase catalyzes the transcription of DNA into RNA using the four ribonucleoside triphosphates as substrates"
"ko:K03046",4672.80736044153,0.134091153215933,0.0230322334767227,5.82189101857839,5.81854875757492e-09,2.86272598872686e-06,"k87_4803191_1","COG0086@1|root,COG0086@2|Bacteria,2GKWF@201174|Actinobacteria,4CMT4@84992|Acidimicrobiia","DNA-dependent RNA polymerase catalyzes the transcription of DNA into RNA using the four ribonucleoside triphosphates as substrates"
"ko:K03046",4672.80736044153,0.134091153215933,0.0230322334767227,5.82189101857839,5.81854875757492e-09,2.86272598872686e-06,"k87_4833814_1","COG0086@1|root,COG0086@2|Bacteria,1MU3M@1224|Proteobacteria,1RPYH@1236|Gammaproteobacteria,1X3IQ@135614|Xanthomonadales","DNA-dependent RNA polymerase catalyzes the transcription of DNA into RNA using the four ribonucleoside triphosphates as substrates"
"ko:K03046",4672.80736044153,0.134091153215933,0.0230322334767227,5.82189101857839,5.81854875757492e-09,2.86272598872686e-06,"k87_4845095_1","COG0086@1|root,COG0086@2|Bacteria,2GKWF@201174|Actinobacteria,4CP97@84995|Rubrobacteria","DNA-dependent RNA polymerase catalyzes the transcription of DNA into RNA using the four ribonucleoside triphosphates as substrates"
"ko:K03046",4672.80736044153,0.134091153215933,0.0230322334767227,5.82189101857839,5.81854875757492e-09,2.86272598872686e-06,"k87_4983261_2","COG0086@1|root,COG0086@2|Bacteria,1MU3M@1224|Proteobacteria,2VIF3@28216|Betaproteobacteria,1KJ6A@119065|unclassified Burkholderiales","DNA-dependent RNA polymerase catalyzes the transcription of DNA into RNA using the four ribonucleoside triphosphates as substrates"
"ko:K03046",4672.80736044153,0.134091153215933,0.0230322334767227,5.82189101857839,5.81854875757492e-09,2.86272598872686e-06,"k87_5130235_1","COG0086@1|root,COG0086@2|Bacteria,2GKWF@201174|Actinobacteria,1W7I2@1268|Micrococcaceae","DNA-dependent RNA polymerase catalyzes the transcription of DNA into RNA using the four ribonucleoside triphosphates as substrates"
"ko:K03046",4672.80736044153,0.134091153215933,0.0230322334767227,5.82189101857839,5.81854875757492e-09,2.86272598872686e-06,"k87_5145252_1","COG0086@1|root,COG0086@2|Bacteria,1TNYT@1239|Firmicutes,4HA24@91061|Bacilli,1ZDK0@1386|Bacillus","DNA-dependent RNA polymerase catalyzes the transcription of DNA into RNA using the four ribonucleoside triphosphates as substrates"
"ko:K03046",4672.80736044153,0.134091153215933,0.0230322334767227,5.82189101857839,5.81854875757492e-09,2.86272598872686e-06,"k87_5234728_1","COG0086@1|root,COG0086@2|Bacteria,2GKWF@201174|Actinobacteria,4CP97@84995|Rubrobacteria","DNA-dependent RNA polymerase catalyzes the transcription of DNA into RNA using the four ribonucleoside triphosphates as substrates"
"ko:K03046",4672.80736044153,0.134091153215933,0.0230322334767227,5.82189101857839,5.81854875757492e-09,2.86272598872686e-06,"k87_5252244_1","COG0086@1|root,COG0086@2|Bacteria,2GKWF@201174|Actinobacteria,4FKFY@85023|Microbacteriaceae","DNA-dependent RNA polymerase catalyzes the transcription of DNA into RNA using the four ribonucleoside triphosphates as substrates"
"ko:K03046",4672.80736044153,0.134091153215933,0.0230322334767227,5.82189101857839,5.81854875757492e-09,2.86272598872686e-06,"k87_5419775_1","COG0086@1|root,2QPYA@2759|Eukaryota,37HSD@33090|Viridiplantae,3GDVE@35493|Streptophyta,3KV60@4447|Liliopsida,3I5C8@38820|Poales","DNA-directed RNA polymerase"
"ko:K03046",4672.80736044153,0.134091153215933,0.0230322334767227,5.82189101857839,5.81854875757492e-09,2.86272598872686e-06,"k87_5419775_2","COG0086@1|root,2QPYA@2759|Eukaryota,37HVM@33090|Viridiplantae,3GFWY@35493|Streptophyta,3KXP2@4447|Liliopsida,3I7FS@38820|Poales","DNA-directed RNA polymerase"
"ko:K03046",4672.80736044153,0.134091153215933,0.0230322334767227,5.82189101857839,5.81854875757492e-09,2.86272598872686e-06,"k87_5440481_1","COG0086@1|root,COG0086@2|Bacteria,4NEMW@976|Bacteroidetes,1IP5J@117747|Sphingobacteriia","DNA-dependent RNA polymerase catalyzes the transcription of DNA into RNA using the four ribonucleoside triphosphates as substrates"
"ko:K03046",4672.80736044153,0.134091153215933,0.0230322334767227,5.82189101857839,5.81854875757492e-09,2.86272598872686e-06,"k87_5723992_1","COG0086@1|root,COG0086@2|Bacteria,2GKWF@201174|Actinobacteria,4DZJD@85010|Pseudonocardiales","DNA-dependent RNA polymerase catalyzes the transcription of DNA into RNA using the four ribonucleoside triphosphates as substrates"
"ko:K03046",4672.80736044153,0.134091153215933,0.0230322334767227,5.82189101857839,5.81854875757492e-09,2.86272598872686e-06,"k87_5801805_2","COG0086@1|root,COG0086@2|Bacteria,2GKWF@201174|Actinobacteria,1W7I2@1268|Micrococcaceae","DNA-dependent RNA polymerase catalyzes the transcription of DNA into RNA using the four ribonucleoside triphosphates as substrates"
"ko:K03046",4672.80736044153,0.134091153215933,0.0230322334767227,5.82189101857839,5.81854875757492e-09,2.86272598872686e-06,"k87_6021071_1","COG0086@1|root,COG0086@2|Bacteria,1MU3M@1224|Proteobacteria,1RPYH@1236|Gammaproteobacteria,1X3IQ@135614|Xanthomonadales","DNA-dependent RNA polymerase catalyzes the transcription of DNA into RNA using the four ribonucleoside triphosphates as substrates"
"ko:K03046",4672.80736044153,0.134091153215933,0.0230322334767227,5.82189101857839,5.81854875757492e-09,2.86272598872686e-06,"k87_6191047_2","COG0086@1|root,2QPYA@2759|Eukaryota,37HSD@33090|Viridiplantae,3GDVE@35493|Streptophyta,3KV60@4447|Liliopsida,3I5C8@38820|Poales","DNA-directed RNA polymerase"
"ko:K03046",4672.80736044153,0.134091153215933,0.0230322334767227,5.82189101857839,5.81854875757492e-09,2.86272598872686e-06,"k87_6274858_1","COG0086@1|root,COG0086@2|Bacteria,1MU3M@1224|Proteobacteria,2TRHV@28211|Alphaproteobacteria,2K1CM@204457|Sphingomonadales","DNA-dependent RNA polymerase catalyzes the transcription of DNA into RNA using the four ribonucleoside triphosphates as substrates"
"ko:K03046",4672.80736044153,0.134091153215933,0.0230322334767227,5.82189101857839,5.81854875757492e-09,2.86272598872686e-06,"k87_6357127_1","COG0086@1|root,COG0086@2|Bacteria,1MU3M@1224|Proteobacteria,1RPYH@1236|Gammaproteobacteria,1X3IQ@135614|Xanthomonadales","DNA-dependent RNA polymerase catalyzes the transcription of DNA into RNA using the four ribonucleoside triphosphates as substrates"
"ko:K03046",4672.80736044153,0.134091153215933,0.0230322334767227,5.82189101857839,5.81854875757492e-09,2.86272598872686e-06,"k87_6392542_1","COG0086@1|root,COG0086@2|Bacteria,2GKWF@201174|Actinobacteria,232M3@1762|Mycobacteriaceae","DNA-dependent RNA polymerase catalyzes the transcription of DNA into RNA using the four ribonucleoside triphosphates as substrates"
"ko:K03046",4672.80736044153,0.134091153215933,0.0230322334767227,5.82189101857839,5.81854875757492e-09,2.86272598872686e-06,"k87_6520618_1","COG0086@1|root,COG0086@2|Bacteria,1MU3M@1224|Proteobacteria,1RPYH@1236|Gammaproteobacteria,1X3IQ@135614|Xanthomonadales","DNA-dependent RNA polymerase catalyzes the transcription of DNA into RNA using the four ribonucleoside triphosphates as substrates"
"ko:K03046",4672.80736044153,0.134091153215933,0.0230322334767227,5.82189101857839,5.81854875757492e-09,2.86272598872686e-06,"k87_6557218_1","COG0086@1|root,COG0086@2|Bacteria,1MU3M@1224|Proteobacteria,2TRHV@28211|Alphaproteobacteria,2JQ0E@204441|Rhodospirillales","DNA-dependent RNA polymerase catalyzes the transcription of DNA into RNA using the four ribonucleoside triphosphates as substrates"
"ko:K03046",4672.80736044153,0.134091153215933,0.0230322334767227,5.82189101857839,5.81854875757492e-09,2.86272598872686e-06,"k87_6603071_2","COG0086@1|root,COG0086@2|Bacteria,2GKWF@201174|Actinobacteria,4ERS7@85013|Frankiales","DNA-dependent RNA polymerase catalyzes the transcription of DNA into RNA using the four ribonucleoside triphosphates as substrates"
"ko:K03046",4672.80736044153,0.134091153215933,0.0230322334767227,5.82189101857839,5.81854875757492e-09,2.86272598872686e-06,"k87_6615461_1","COG0086@1|root,COG0086@2|Bacteria,46S79@74201|Verrucomicrobia,2ITYC@203494|Verrucomicrobiae","DNA-dependent RNA polymerase catalyzes the transcription of DNA into RNA using the four ribonucleoside triphosphates as substrates"
"ko:K03046",4672.80736044153,0.134091153215933,0.0230322334767227,5.82189101857839,5.81854875757492e-09,2.86272598872686e-06,"k87_6623488_1","COG0086@1|root,COG0086@2|Bacteria,1MU3M@1224|Proteobacteria,2TRHV@28211|Alphaproteobacteria,2JQ0E@204441|Rhodospirillales","DNA-dependent RNA polymerase catalyzes the transcription of DNA into RNA using the four ribonucleoside triphosphates as substrates"
"ko:K03046,ko:K13797",1130.35950679147,0.260023453721734,0.0507115715003399,5.12749745331774,2.93618950974928e-07,0.000108345392909748,"k87_250217_1","COG0086@1|root,COG0086@2|Bacteria,1MU3M@1224|Proteobacteria,2TRHV@28211|Alphaproteobacteria,1JNCD@119043|Rhodobiaceae","DNA-dependent RNA polymerase catalyzes the transcription of DNA into RNA using the four ribonucleoside triphosphates as substrates"
"ko:K03046,ko:K13797",1130.35950679147,0.260023453721734,0.0507115715003399,5.12749745331774,2.93618950974928e-07,0.000108345392909748,"k87_352414_1","COG0086@1|root,COG0086@2|Bacteria,1MU3M@1224|Proteobacteria,2TRHV@28211|Alphaproteobacteria,1JQW1@119045|Methylobacteriaceae","DNA-dependent RNA polymerase catalyzes the transcription of DNA into RNA using the four ribonucleoside triphosphates as substrates"
"ko:K03046,ko:K13797",1130.35950679147,0.260023453721734,0.0507115715003399,5.12749745331774,2.93618950974928e-07,0.000108345392909748,"k87_894892_1","COG0086@1|root,COG0086@2|Bacteria,1MU3M@1224|Proteobacteria,2TRHV@28211|Alphaproteobacteria,3FCU5@34008|Rhodovulum","DNA-dependent RNA polymerase catalyzes the transcription of DNA into RNA using the four ribonucleoside triphosphates as substrates"
"ko:K03046,ko:K13797",1130.35950679147,0.260023453721734,0.0507115715003399,5.12749745331774,2.93618950974928e-07,0.000108345392909748,"k87_1312835_1","COG0086@1|root,COG0086@2|Bacteria,1MU3M@1224|Proteobacteria,2TRHV@28211|Alphaproteobacteria,4B8ZF@82115|Rhizobiaceae","DNA-dependent RNA polymerase catalyzes the transcription of DNA into RNA using the four ribonucleoside triphosphates as substrates"
"ko:K03046,ko:K13797",1130.35950679147,0.260023453721734,0.0507115715003399,5.12749745331774,2.93618950974928e-07,0.000108345392909748,"k87_1481672_1","COG0086@1|root,COG0086@2|Bacteria,1MU3M@1224|Proteobacteria,2TRHV@28211|Alphaproteobacteria,43GSH@69277|Phyllobacteriaceae","DNA-dependent RNA polymerase catalyzes the transcription of DNA into RNA using the four ribonucleoside triphosphates as substrates"
"ko:K03046,ko:K13797",1130.35950679147,0.260023453721734,0.0507115715003399,5.12749745331774,2.93618950974928e-07,0.000108345392909748,"k87_2447267_1","COG0086@1|root,COG0086@2|Bacteria,1MU3M@1224|Proteobacteria,2TRHV@28211|Alphaproteobacteria,3N66K@45401|Hyphomicrobiaceae","DNA-dependent RNA polymerase catalyzes the transcription of DNA into RNA using the four ribonucleoside triphosphates as substrates"
"ko:K03046,ko:K13797",1130.35950679147,0.260023453721734,0.0507115715003399,5.12749745331774,2.93618950974928e-07,0.000108345392909748,"k87_4179011_1","COG0086@1|root,COG0086@2|Bacteria,1MU3M@1224|Proteobacteria,2TRHV@28211|Alphaproteobacteria,3N66K@45401|Hyphomicrobiaceae","DNA-dependent RNA polymerase catalyzes the transcription of DNA into RNA using the four ribonucleoside triphosphates as substrates"
"ko:K03046,ko:K13797",1130.35950679147,0.260023453721734,0.0507115715003399,5.12749745331774,2.93618950974928e-07,0.000108345392909748,"k87_4359332_2","COG0086@1|root,COG0086@2|Bacteria,1MU3M@1224|Proteobacteria,2TRHV@28211|Alphaproteobacteria,3JQRW@41294|Bradyrhizobiaceae","DNA-dependent RNA polymerase catalyzes the transcription of DNA into RNA using the four ribonucleoside triphosphates as substrates"
"ko:K03046,ko:K13797",1130.35950679147,0.260023453721734,0.0507115715003399,5.12749745331774,2.93618950974928e-07,0.000108345392909748,"k87_4635477_1","COG0086@1|root,COG0086@2|Bacteria,1MU3M@1224|Proteobacteria,2TRHV@28211|Alphaproteobacteria,3JQRW@41294|Bradyrhizobiaceae","DNA-dependent RNA polymerase catalyzes the transcription of DNA into RNA using the four ribonucleoside triphosphates as substrates"
"ko:K03046,ko:K13797",1130.35950679147,0.260023453721734,0.0507115715003399,5.12749745331774,2.93618950974928e-07,0.000108345392909748,"k87_4728992_1","COG0086@1|root,COG0086@2|Bacteria,1MU3M@1224|Proteobacteria,2TRHV@28211|Alphaproteobacteria,3JQRW@41294|Bradyrhizobiaceae","DNA-dependent RNA polymerase catalyzes the transcription of DNA into RNA using the four ribonucleoside triphosphates as substrates"
"ko:K03046,ko:K13797",1130.35950679147,0.260023453721734,0.0507115715003399,5.12749745331774,2.93618950974928e-07,0.000108345392909748,"k87_5478132_1","COG0086@1|root,COG0086@2|Bacteria,1MU3M@1224|Proteobacteria,2TRHV@28211|Alphaproteobacteria,4B8ZF@82115|Rhizobiaceae","DNA-dependent RNA polymerase catalyzes the transcription of DNA into RNA using the four ribonucleoside triphosphates as substrates"
"ko:K03086",4351.10521412723,0.183617471354065,0.0246262848099771,7.45615803483578,8.90818882620271e-14,1.31484867074752e-10,"k87_90518_3","COG0568@1|root,COG0568@2|Bacteria,1MVNJ@1224|Proteobacteria,2TS6C@28211|Alphaproteobacteria,43HNJ@69277|Phyllobacteriaceae","Sigma factors are initiation factors that promote the attachment of RNA polymerase to specific initiation sites and are then released. This sigma factor is the primary sigma factor during exponential growth"
"ko:K03086",4351.10521412723,0.183617471354065,0.0246262848099771,7.45615803483578,8.90818882620271e-14,1.31484867074752e-10,"k87_174069_1","COG0568@1|root,COG0568@2|Bacteria,1MVNJ@1224|Proteobacteria,2TS6C@28211|Alphaproteobacteria,3JSBI@41294|Bradyrhizobiaceae","Sigma factors are initiation factors that promote the attachment of RNA polymerase to specific initiation sites and are then released. This sigma factor is the primary sigma factor during exponential growth"
"ko:K03086",4351.10521412723,0.183617471354065,0.0246262848099771,7.45615803483578,8.90818882620271e-14,1.31484867074752e-10,"k87_300682_1","COG0568@1|root,COG0568@2|Bacteria,1MVNJ@1224|Proteobacteria,2TS6C@28211|Alphaproteobacteria,43HNJ@69277|Phyllobacteriaceae","Sigma factors are initiation factors that promote the attachment of RNA polymerase to specific initiation sites and are then released. This sigma factor is the primary sigma factor during exponential growth"
"ko:K03086",4351.10521412723,0.183617471354065,0.0246262848099771,7.45615803483578,8.90818882620271e-14,1.31484867074752e-10,"k87_409990_1","COG0568@1|root,COG0568@2|Bacteria,2GK3Z@201174|Actinobacteria,4CPPG@84995|Rubrobacteria","Sigma factors are initiation factors that promote the attachment of RNA polymerase to specific initiation sites and are then released"
"ko:K03086",4351.10521412723,0.183617471354065,0.0246262848099771,7.45615803483578,8.90818882620271e-14,1.31484867074752e-10,"k87_470659_3","COG0568@1|root,COG0568@2|Bacteria,2GK3Z@201174|Actinobacteria,4CS51@84995|Rubrobacteria","Sigma factors are initiation factors that promote the attachment of RNA polymerase to specific initiation sites and are then released"
"ko:K03086",4351.10521412723,0.183617471354065,0.0246262848099771,7.45615803483578,8.90818882620271e-14,1.31484867074752e-10,"k87_525434_8","COG0568@1|root,COG0568@2|Bacteria,1MVNJ@1224|Proteobacteria,2TS6C@28211|Alphaproteobacteria,3JSBI@41294|Bradyrhizobiaceae","Sigma factors are initiation factors that promote the attachment of RNA polymerase to specific initiation sites and are then released. This sigma factor is the primary sigma factor during exponential growth"
"ko:K03086",4351.10521412723,0.183617471354065,0.0246262848099771,7.45615803483578,8.90818882620271e-14,1.31484867074752e-10,"k87_641953_1","COG0568@1|root,COG0568@2|Bacteria,2GK3Z@201174|Actinobacteria,4CS51@84995|Rubrobacteria","Sigma factors are initiation factors that promote the attachment of RNA polymerase to specific initiation sites and are then released"
"ko:K03086",4351.10521412723,0.183617471354065,0.0246262848099771,7.45615803483578,8.90818882620271e-14,1.31484867074752e-10,"k87_702599_3","COG0568@1|root,COG0568@2|Bacteria,2GK3Z@201174|Actinobacteria","Sigma factors are initiation factors that promote the attachment of RNA polymerase to specific initiation sites and are then released"
"ko:K03086",4351.10521412723,0.183617471354065,0.0246262848099771,7.45615803483578,8.90818882620271e-14,1.31484867074752e-10,"k87_729657_1","COG0568@1|root,COG0568@2|Bacteria,1MVNJ@1224|Proteobacteria,2TS6C@28211|Alphaproteobacteria,1JRPR@119045|Methylobacteriaceae","Sigma factors are initiation factors that promote the attachment of RNA polymerase to specific initiation sites and are then released. This sigma factor is the primary sigma factor during exponential growth"
"ko:K03086",4351.10521412723,0.183617471354065,0.0246262848099771,7.45615803483578,8.90818882620271e-14,1.31484867074752e-10,"k87_757370_2","COG0568@1|root,COG0568@2|Bacteria,2G5W3@200795|Chloroflexi","Sigma factors are initiation factors that promote the attachment of RNA polymerase to specific initiation sites and are then released"
"ko:K03086",4351.10521412723,0.183617471354065,0.0246262848099771,7.45615803483578,8.90818882620271e-14,1.31484867074752e-10,"k87_808668_3","COG0568@1|root,COG0568@2|Bacteria,4NEBF@976|Bacteroidetes,47JZ7@768503|Cytophagia","Sigma factors are initiation factors that promote the attachment of RNA polymerase to specific initiation sites and are then released"
"ko:K03086",4351.10521412723,0.183617471354065,0.0246262848099771,7.45615803483578,8.90818882620271e-14,1.31484867074752e-10,"k87_820719_1","COG0568@1|root,COG0568@2|Bacteria,4NEBF@976|Bacteroidetes,1INNM@117747|Sphingobacteriia","Sigma factors are initiation factors that promote the attachment of RNA polymerase to specific initiation sites and are then released"
"ko:K03086",4351.10521412723,0.183617471354065,0.0246262848099771,7.45615803483578,8.90818882620271e-14,1.31484867074752e-10,"k87_824903_4","COG0568@1|root,COG0568@2|Bacteria,2GK3Z@201174|Actinobacteria,4CPPG@84995|Rubrobacteria","Sigma factors are initiation factors that promote the attachment of RNA polymerase to specific initiation sites and are then released"
"ko:K03086",4351.10521412723,0.183617471354065,0.0246262848099771,7.45615803483578,8.90818882620271e-14,1.31484867074752e-10,"k87_851560_1","COG0568@1|root,COG0568@2|Bacteria,1MVNJ@1224|Proteobacteria,1RMQI@1236|Gammaproteobacteria,1WWD1@135613|Chromatiales","Sigma factors are initiation factors that promote the attachment of RNA polymerase to specific initiation sites and are then released. This sigma factor is the primary sigma factor during exponential growth"
"ko:K03086",4351.10521412723,0.183617471354065,0.0246262848099771,7.45615803483578,8.90818882620271e-14,1.31484867074752e-10,"k87_885454_3","COG0568@1|root,COG0568@2|Bacteria,2GK3Z@201174|Actinobacteria,4CPPG@84995|Rubrobacteria","Sigma factors are initiation factors that promote the attachment of RNA polymerase to specific initiation sites and are then released"
"ko:K03086",4351.10521412723,0.183617471354065,0.0246262848099771,7.45615803483578,8.90818882620271e-14,1.31484867074752e-10,"k87_898046_3","COG0568@1|root,COG0568@2|Bacteria,2GK3Z@201174|Actinobacteria,4CPPG@84995|Rubrobacteria","Sigma factors are initiation factors that promote the attachment of RNA polymerase to specific initiation sites and are then released"
"ko:K03086",4351.10521412723,0.183617471354065,0.0246262848099771,7.45615803483578,8.90818882620271e-14,1.31484867074752e-10,"k87_967486_1","COG0568@1|root,COG0568@2|Bacteria,1TPD6@1239|Firmicutes,2481I@186801|Clostridia","Sigma factors are initiation factors that promote the attachment of RNA polymerase to specific initiation sites and are then released. This sigma factor is the primary sigma factor during exponential growth"
"ko:K03086",4351.10521412723,0.183617471354065,0.0246262848099771,7.45615803483578,8.90818882620271e-14,1.31484867074752e-10,"k87_977758_2","COG0568@1|root,COG0568@2|Bacteria,4NEBF@976|Bacteroidetes,1INNM@117747|Sphingobacteriia","Sigma factors are initiation factors that promote the attachment of RNA polymerase to specific initiation sites and are then released"
"ko:K03086",4351.10521412723,0.183617471354065,0.0246262848099771,7.45615803483578,8.90818882620271e-14,1.31484867074752e-10,"k87_991009_1","COG0568@1|root,COG0568@2|Bacteria,1MVNJ@1224|Proteobacteria,1RMQI@1236|Gammaproteobacteria,1X44R@135614|Xanthomonadales","Sigma factors are initiation factors that promote the attachment of RNA polymerase to specific initiation sites and are then released. This sigma factor is the primary sigma factor during exponential growth"
"ko:K03086",4351.10521412723,0.183617471354065,0.0246262848099771,7.45615803483578,8.90818882620271e-14,1.31484867074752e-10,"k87_1027002_2","COG0568@1|root,COG0568@2|Bacteria,1ZSNB@142182|Gemmatimonadetes","Sigma factors are initiation factors that promote the attachment of RNA polymerase to specific initiation sites and are then released"
"ko:K03086",4351.10521412723,0.183617471354065,0.0246262848099771,7.45615803483578,8.90818882620271e-14,1.31484867074752e-10,"k87_1046749_1","COG0568@1|root,COG0568@2|Bacteria,2GK3Z@201174|Actinobacteria,4CS51@84995|Rubrobacteria","Sigma factors are initiation factors that promote the attachment of RNA polymerase to specific initiation sites and are then released"
"ko:K03086",4351.10521412723,0.183617471354065,0.0246262848099771,7.45615803483578,8.90818882620271e-14,1.31484867074752e-10,"k87_1107881_1","COG0568@1|root,COG0568@2|Bacteria,2GK3Z@201174|Actinobacteria,4CPPG@84995|Rubrobacteria","Sigma factors are initiation factors that promote the attachment of RNA polymerase to specific initiation sites and are then released"
"ko:K03086",4351.10521412723,0.183617471354065,0.0246262848099771,7.45615803483578,8.90818882620271e-14,1.31484867074752e-10,"k87_1116808_1","COG0568@1|root,COG0568@2|Bacteria,2GK3Z@201174|Actinobacteria","Sigma factors are initiation factors that promote the attachment of RNA polymerase to specific initiation sites and are then released"
"ko:K03086",4351.10521412723,0.183617471354065,0.0246262848099771,7.45615803483578,8.90818882620271e-14,1.31484867074752e-10,"k87_1130083_3","COG0568@1|root,COG0568@2|Bacteria,1MVNJ@1224|Proteobacteria,2TS6C@28211|Alphaproteobacteria,2K260@204457|Sphingomonadales","Sigma factors are initiation factors that promote the attachment of RNA polymerase to specific initiation sites and are then released. This sigma factor is the primary sigma factor during exponential growth"
"ko:K03086",4351.10521412723,0.183617471354065,0.0246262848099771,7.45615803483578,8.90818882620271e-14,1.31484867074752e-10,"k87_1153843_1","COG0568@1|root,COG0568@2|Bacteria,2GK3Z@201174|Actinobacteria,4CS51@84995|Rubrobacteria","Sigma factors are initiation factors that promote the attachment of RNA polymerase to specific initiation sites and are then released"
"ko:K03086",4351.10521412723,0.183617471354065,0.0246262848099771,7.45615803483578,8.90818882620271e-14,1.31484867074752e-10,"k87_1360518_1","COG0568@1|root,COG0568@2|Bacteria,1MVNJ@1224|Proteobacteria,2TS6C@28211|Alphaproteobacteria,3EYJC@335928|Xanthobacteraceae","Sigma factors are initiation factors that promote the attachment of RNA polymerase to specific initiation sites and are then released. This sigma factor is the primary sigma factor during exponential growth"
"ko:K03086",4351.10521412723,0.183617471354065,0.0246262848099771,7.45615803483578,8.90818882620271e-14,1.31484867074752e-10,"k87_1570592_3","COG0568@1|root,COG0568@2|Bacteria,2GK3Z@201174|Actinobacteria,4CPPG@84995|Rubrobacteria","Sigma factors are initiation factors that promote the attachment of RNA polymerase to specific initiation sites and are then released"
"ko:K03086",4351.10521412723,0.183617471354065,0.0246262848099771,7.45615803483578,8.90818882620271e-14,1.31484867074752e-10,"k87_1616398_3","COG0568@1|root,COG0568@2|Bacteria,2GK3Z@201174|Actinobacteria,4CPPG@84995|Rubrobacteria","Sigma factors are initiation factors that promote the attachment of RNA polymerase to specific initiation sites and are then released"
"ko:K03086",4351.10521412723,0.183617471354065,0.0246262848099771,7.45615803483578,8.90818882620271e-14,1.31484867074752e-10,"k87_1670289_1","COG0568@1|root,COG0568@2|Bacteria,2GK3Z@201174|Actinobacteria,4CMST@84992|Acidimicrobiia","Sigma factors are initiation factors that promote the attachment of RNA polymerase to specific initiation sites and are then released"
"ko:K03086",4351.10521412723,0.183617471354065,0.0246262848099771,7.45615803483578,8.90818882620271e-14,1.31484867074752e-10,"k87_1674772_1","COG0568@1|root,COG0568@2|Bacteria,1MVNJ@1224|Proteobacteria,1RMQI@1236|Gammaproteobacteria,1X44R@135614|Xanthomonadales","Sigma factors are initiation factors that promote the attachment of RNA polymerase to specific initiation sites and are then released. This sigma factor is the primary sigma factor during exponential growth"
"ko:K03086",4351.10521412723,0.183617471354065,0.0246262848099771,7.45615803483578,8.90818882620271e-14,1.31484867074752e-10,"k87_1726771_1","COG0568@1|root,COG0568@2|Bacteria,2GK3Z@201174|Actinobacteria,4DN2F@85009|Propionibacteriales","Sigma factors are initiation factors that promote the attachment of RNA polymerase to specific initiation sites and are then released. This sigma factor is the primary sigma factor during exponential growth"
"ko:K03086",4351.10521412723,0.183617471354065,0.0246262848099771,7.45615803483578,8.90818882620271e-14,1.31484867074752e-10,"k87_1776250_5","COG0568@1|root,COG0568@2|Bacteria,3J0E4@40117|Nitrospirae","Sigma factors are initiation factors that promote the attachment of RNA polymerase to specific initiation sites and are then released"
"ko:K03086",4351.10521412723,0.183617471354065,0.0246262848099771,7.45615803483578,8.90818882620271e-14,1.31484867074752e-10,"k87_1784766_1","COG0568@1|root,COG0568@2|Bacteria,2GK3Z@201174|Actinobacteria,4CMST@84992|Acidimicrobiia","Sigma factors are initiation factors that promote the attachment of RNA polymerase to specific initiation sites and are then released"
"ko:K03086",4351.10521412723,0.183617471354065,0.0246262848099771,7.45615803483578,8.90818882620271e-14,1.31484867074752e-10,"k87_1805342_2","COG0568@1|root,COG0568@2|Bacteria,46SJ8@74201|Verrucomicrobia,3K77A@414999|Opitutae","Sigma factors are initiation factors that promote the attachment of RNA polymerase to specific initiation sites and are then released"
"ko:K03086",4351.10521412723,0.183617471354065,0.0246262848099771,7.45615803483578,8.90818882620271e-14,1.31484867074752e-10,"k87_1869049_2","COG0568@1|root,COG0568@2|Bacteria,2GK3Z@201174|Actinobacteria,4CS51@84995|Rubrobacteria","Sigma factors are initiation factors that promote the attachment of RNA polymerase to specific initiation sites and are then released"
"ko:K03086",4351.10521412723,0.183617471354065,0.0246262848099771,7.45615803483578,8.90818882620271e-14,1.31484867074752e-10,"k87_1873463_3","COG0568@1|root,COG0568@2|Bacteria,2GK3Z@201174|Actinobacteria,4CPPG@84995|Rubrobacteria","Sigma factors are initiation factors that promote the attachment of RNA polymerase to specific initiation sites and are then released"
"ko:K03086",4351.10521412723,0.183617471354065,0.0246262848099771,7.45615803483578,8.90818882620271e-14,1.31484867074752e-10,"k87_2105845_1","COG0568@1|root,COG0568@2|Bacteria,2GK3Z@201174|Actinobacteria,4CPPG@84995|Rubrobacteria","Sigma factors are initiation factors that promote the attachment of RNA polymerase to specific initiation sites and are then released"
"ko:K03086",4351.10521412723,0.183617471354065,0.0246262848099771,7.45615803483578,8.90818882620271e-14,1.31484867074752e-10,"k87_2125410_1","COG0568@1|root,COG0568@2|Bacteria,1MVNJ@1224|Proteobacteria,1RMQI@1236|Gammaproteobacteria,3WZWP@547|Enterobacter","Sigma factors are initiation factors that promote the attachment of RNA polymerase to specific initiation sites and are then released. This sigma factor is the primary sigma factor during exponential growth"
"ko:K03086",4351.10521412723,0.183617471354065,0.0246262848099771,7.45615803483578,8.90818882620271e-14,1.31484867074752e-10,"k87_2176722_2","COG0568@1|root,COG0568@2|Bacteria,1MVNJ@1224|Proteobacteria,2TS6C@28211|Alphaproteobacteria,4BPAY@82117|unclassified Alphaproteobacteria","Sigma factors are initiation factors that promote the attachment of RNA polymerase to specific initiation sites and are then released. This sigma factor is the primary sigma factor during exponential growth"
"ko:K03086",4351.10521412723,0.183617471354065,0.0246262848099771,7.45615803483578,8.90818882620271e-14,1.31484867074752e-10,"k87_2207456_1","COG0568@1|root,COG0568@2|Bacteria,1MVNJ@1224|Proteobacteria,2VH74@28216|Betaproteobacteria,1KJFB@119065|unclassified Burkholderiales","Sigma factors are initiation factors that promote the attachment of RNA polymerase to specific initiation sites and are then released. This sigma factor is the primary sigma factor during exponential growth"
"ko:K03086",4351.10521412723,0.183617471354065,0.0246262848099771,7.45615803483578,8.90818882620271e-14,1.31484867074752e-10,"k87_2279898_1","COG0568@1|root,COG0568@2|Bacteria,2GK3Z@201174|Actinobacteria,4CPPG@84995|Rubrobacteria","Sigma factors are initiation factors that promote the attachment of RNA polymerase to specific initiation sites and are then released"
"ko:K03086",4351.10521412723,0.183617471354065,0.0246262848099771,7.45615803483578,8.90818882620271e-14,1.31484867074752e-10,"k87_2424395_1","COG0568@1|root,COG0568@2|Bacteria,46S6M@74201|Verrucomicrobia,2ITQW@203494|Verrucomicrobiae","Sigma factors are initiation factors that promote the attachment of RNA polymerase to specific initiation sites and are then released. This sigma factor is the primary sigma factor during exponential growth"
"ko:K03086",4351.10521412723,0.183617471354065,0.0246262848099771,7.45615803483578,8.90818882620271e-14,1.31484867074752e-10,"k87_2455116_2","COG0568@1|root,COG0568@2|Bacteria,2GK3Z@201174|Actinobacteria,4CPPG@84995|Rubrobacteria","Sigma factors are initiation factors that promote the attachment of RNA polymerase to specific initiation sites and are then released"
"ko:K03086",4351.10521412723,0.183617471354065,0.0246262848099771,7.45615803483578,8.90818882620271e-14,1.31484867074752e-10,"k87_2492123_1","COG0568@1|root,COG0568@2|Bacteria,1MVNJ@1224|Proteobacteria,2TS6C@28211|Alphaproteobacteria","Sigma factors are initiation factors that promote the attachment of RNA polymerase to specific initiation sites and are then released. This sigma factor is the primary sigma factor during exponential growth"
"ko:K03086",4351.10521412723,0.183617471354065,0.0246262848099771,7.45615803483578,8.90818882620271e-14,1.31484867074752e-10,"k87_2545002_2","COG0568@1|root,COG0568@2|Bacteria,2GK3Z@201174|Actinobacteria","Sigma factors are initiation factors that promote the attachment of RNA polymerase to specific initiation sites and are then released"
"ko:K03086",4351.10521412723,0.183617471354065,0.0246262848099771,7.45615803483578,8.90818882620271e-14,1.31484867074752e-10,"k87_2646643_1","COG0568@1|root,COG0568@2|Bacteria,2GK3Z@201174|Actinobacteria,4FUYC@85025|Nocardiaceae","Sigma factors are initiation factors that promote the attachment of RNA polymerase to specific initiation sites and are then released. This sigma factor is the primary sigma factor during exponential growth"
"ko:K03086",4351.10521412723,0.183617471354065,0.0246262848099771,7.45615803483578,8.90818882620271e-14,1.31484867074752e-10,"k87_2683447_3","COG0568@1|root,COG0568@2|Bacteria,1MVNJ@1224|Proteobacteria,42N2S@68525|delta/epsilon subdivisions,2WJ0E@28221|Deltaproteobacteria,2YUHI@29|Myxococcales","Sigma factors are initiation factors that promote the attachment of RNA polymerase to specific initiation sites and are then released. This sigma factor is the primary sigma factor during exponential growth"
"ko:K03086",4351.10521412723,0.183617471354065,0.0246262848099771,7.45615803483578,8.90818882620271e-14,1.31484867074752e-10,"k87_2711942_6","COG0568@1|root,COG0568@2|Bacteria,2GK3Z@201174|Actinobacteria,235RH@1762|Mycobacteriaceae","Sigma factors are initiation factors that promote the attachment of RNA polymerase to specific initiation sites and are then released. This sigma factor is the primary sigma factor during exponential growth"
"ko:K03086",4351.10521412723,0.183617471354065,0.0246262848099771,7.45615803483578,8.90818882620271e-14,1.31484867074752e-10,"k87_2727473_1","COG0568@1|root,COG0568@2|Bacteria,2GK3Z@201174|Actinobacteria,4CPPG@84995|Rubrobacteria","Sigma factors are initiation factors that promote the attachment of RNA polymerase to specific initiation sites and are then released"
"ko:K03086",4351.10521412723,0.183617471354065,0.0246262848099771,7.45615803483578,8.90818882620271e-14,1.31484867074752e-10,"k87_2835828_1","COG0568@1|root,COG0568@2|Bacteria,1MVNJ@1224|Proteobacteria,2TS6C@28211|Alphaproteobacteria,4B9A5@82115|Rhizobiaceae","Sigma factors are initiation factors that promote the attachment of RNA polymerase to specific initiation sites and are then released. This sigma factor is the primary sigma factor during exponential growth"
"ko:K03086",4351.10521412723,0.183617471354065,0.0246262848099771,7.45615803483578,8.90818882620271e-14,1.31484867074752e-10,"k87_2879219_4","COG0568@1|root,COG0568@2|Bacteria,2GK3Z@201174|Actinobacteria","Sigma factors are initiation factors that promote the attachment of RNA polymerase to specific initiation sites and are then released"
"ko:K03086",4351.10521412723,0.183617471354065,0.0246262848099771,7.45615803483578,8.90818882620271e-14,1.31484867074752e-10,"k87_3289095_1","COG0568@1|root,COG0568@2|Bacteria,1MVNJ@1224|Proteobacteria,2TS6C@28211|Alphaproteobacteria,4B9A5@82115|Rhizobiaceae","Sigma factors are initiation factors that promote the attachment of RNA polymerase to specific initiation sites and are then released. This sigma factor is the primary sigma factor during exponential growth"
"ko:K03086",4351.10521412723,0.183617471354065,0.0246262848099771,7.45615803483578,8.90818882620271e-14,1.31484867074752e-10,"k87_3304686_2","COG0568@1|root,COG0568@2|Bacteria,1MVNJ@1224|Proteobacteria,2TS6C@28211|Alphaproteobacteria,2K260@204457|Sphingomonadales","Sigma factors are initiation factors that promote the attachment of RNA polymerase to specific initiation sites and are then released. This sigma factor is the primary sigma factor during exponential growth"
"ko:K03086",4351.10521412723,0.183617471354065,0.0246262848099771,7.45615803483578,8.90818882620271e-14,1.31484867074752e-10,"k87_3319769_2","COG0568@1|root,COG0568@2|Bacteria,2GK3Z@201174|Actinobacteria,4FUYC@85025|Nocardiaceae","Sigma factors are initiation factors that promote the attachment of RNA polymerase to specific initiation sites and are then released. This sigma factor is the primary sigma factor during exponential growth"
"ko:K03086",4351.10521412723,0.183617471354065,0.0246262848099771,7.45615803483578,8.90818882620271e-14,1.31484867074752e-10,"k87_3338596_2","COG0568@1|root,COG0568@2|Bacteria,1ZTCX@142182|Gemmatimonadetes","Sigma factors are initiation factors that promote the attachment of RNA polymerase to specific initiation sites and are then released"
"ko:K03086",4351.10521412723,0.183617471354065,0.0246262848099771,7.45615803483578,8.90818882620271e-14,1.31484867074752e-10,"k87_3404250_2","COG0568@1|root,COG0568@2|Bacteria,3J0E4@40117|Nitrospirae","Sigma factors are initiation factors that promote the attachment of RNA polymerase to specific initiation sites and are then released"
"ko:K03086",4351.10521412723,0.183617471354065,0.0246262848099771,7.45615803483578,8.90818882620271e-14,1.31484867074752e-10,"k87_3420587_1","COG0568@1|root,COG0568@2|Bacteria,2GK3Z@201174|Actinobacteria,4DNNR@85009|Propionibacteriales","Sigma factors are initiation factors that promote the attachment of RNA polymerase to specific initiation sites and are then released"
"ko:K03086",4351.10521412723,0.183617471354065,0.0246262848099771,7.45615803483578,8.90818882620271e-14,1.31484867074752e-10,"k87_3535721_1","COG0568@1|root,COG0568@2|Bacteria,2GK3Z@201174|Actinobacteria,4DNNR@85009|Propionibacteriales","Sigma factors are initiation factors that promote the attachment of RNA polymerase to specific initiation sites and are then released"
"ko:K03086",4351.10521412723,0.183617471354065,0.0246262848099771,7.45615803483578,8.90818882620271e-14,1.31484867074752e-10,"k87_3537573_2","COG0568@1|root,COG0568@2|Bacteria,3J0E4@40117|Nitrospirae","Sigma factors are initiation factors that promote the attachment of RNA polymerase to specific initiation sites and are then released"
"ko:K03086",4351.10521412723,0.183617471354065,0.0246262848099771,7.45615803483578,8.90818882620271e-14,1.31484867074752e-10,"k87_3560378_1","COG0568@1|root,COG0568@2|Bacteria,2G5W3@200795|Chloroflexi,34D2Y@301297|Dehalococcoidia","Sigma factors are initiation factors that promote the attachment of RNA polymerase to specific initiation sites and are then released. This sigma factor is the primary sigma factor during exponential growth"
"ko:K03086",4351.10521412723,0.183617471354065,0.0246262848099771,7.45615803483578,8.90818882620271e-14,1.31484867074752e-10,"k87_3717820_2","COG0568@1|root,COG0568@2|Bacteria,2GK3Z@201174|Actinobacteria","Sigma factors are initiation factors that promote the attachment of RNA polymerase to specific initiation sites and are then released"
"ko:K03086",4351.10521412723,0.183617471354065,0.0246262848099771,7.45615803483578,8.90818882620271e-14,1.31484867074752e-10,"k87_3763308_2","COG0568@1|root,COG0568@2|Bacteria,2GK3Z@201174|Actinobacteria,4CS51@84995|Rubrobacteria","Sigma factors are initiation factors that promote the attachment of RNA polymerase to specific initiation sites and are then released"
"ko:K03086",4351.10521412723,0.183617471354065,0.0246262848099771,7.45615803483578,8.90818882620271e-14,1.31484867074752e-10,"k87_3809075_1","COG0568@1|root,COG0568@2|Bacteria,2GK3Z@201174|Actinobacteria,4CMST@84992|Acidimicrobiia","Sigma factors are initiation factors that promote the attachment of RNA polymerase to specific initiation sites and are then released"
"ko:K03086",4351.10521412723,0.183617471354065,0.0246262848099771,7.45615803483578,8.90818882620271e-14,1.31484867074752e-10,"k87_3916992_2","COG0568@1|root,COG0568@2|Bacteria,2GK3Z@201174|Actinobacteria,4DN2F@85009|Propionibacteriales","Sigma factors are initiation factors that promote the attachment of RNA polymerase to specific initiation sites and are then released. This sigma factor is the primary sigma factor during exponential growth"
"ko:K03086",4351.10521412723,0.183617471354065,0.0246262848099771,7.45615803483578,8.90818882620271e-14,1.31484867074752e-10,"k87_3949198_1","COG0568@1|root,COG0568@2|Bacteria,1MVNJ@1224|Proteobacteria,1RMQI@1236|Gammaproteobacteria,1X44R@135614|Xanthomonadales","Sigma factors are initiation factors that promote the attachment of RNA polymerase to specific initiation sites and are then released. This sigma factor is the primary sigma factor during exponential growth"
"ko:K03086",4351.10521412723,0.183617471354065,0.0246262848099771,7.45615803483578,8.90818882620271e-14,1.31484867074752e-10,"k87_3974426_2","COG0568@1|root,COG0568@2|Bacteria,2GK3Z@201174|Actinobacteria,4CS51@84995|Rubrobacteria","Sigma factors are initiation factors that promote the attachment of RNA polymerase to specific initiation sites and are then released"
"ko:K03086",4351.10521412723,0.183617471354065,0.0246262848099771,7.45615803483578,8.90818882620271e-14,1.31484867074752e-10,"k87_3974435_1","COG0568@1|root,COG0568@2|Bacteria,2GK3Z@201174|Actinobacteria,4CS51@84995|Rubrobacteria","Sigma factors are initiation factors that promote the attachment of RNA polymerase to specific initiation sites and are then released"
"ko:K03086",4351.10521412723,0.183617471354065,0.0246262848099771,7.45615803483578,8.90818882620271e-14,1.31484867074752e-10,"k87_3985144_1","COG0568@1|root,COG0568@2|Bacteria,1ZSNB@142182|Gemmatimonadetes","Sigma factors are initiation factors that promote the attachment of RNA polymerase to specific initiation sites and are then released"
"ko:K03086",4351.10521412723,0.183617471354065,0.0246262848099771,7.45615803483578,8.90818882620271e-14,1.31484867074752e-10,"k87_4069321_2","COG0568@1|root,COG0568@2|Bacteria,2GK3Z@201174|Actinobacteria,4ERX9@85013|Frankiales","Sigma factors are initiation factors that promote the attachment of RNA polymerase to specific initiation sites and are then released. This sigma factor is the primary sigma factor during exponential growth"
"ko:K03086",4351.10521412723,0.183617471354065,0.0246262848099771,7.45615803483578,8.90818882620271e-14,1.31484867074752e-10,"k87_4095374_1","COG0568@1|root,COG0568@2|Bacteria,2GK3Z@201174|Actinobacteria,4ERX9@85013|Frankiales","Sigma factors are initiation factors that promote the attachment of RNA polymerase to specific initiation sites and are then released. This sigma factor is the primary sigma factor during exponential growth"
"ko:K03086",4351.10521412723,0.183617471354065,0.0246262848099771,7.45615803483578,8.90818882620271e-14,1.31484867074752e-10,"k87_4159668_2","COG0568@1|root,COG0568@2|Bacteria,2GK3Z@201174|Actinobacteria","Sigma factors are initiation factors that promote the attachment of RNA polymerase to specific initiation sites and are then released"
"ko:K03086",4351.10521412723,0.183617471354065,0.0246262848099771,7.45615803483578,8.90818882620271e-14,1.31484867074752e-10,"k87_4273951_1","COG0568@1|root,COG0568@2|Bacteria,2GK3Z@201174|Actinobacteria,4CPPG@84995|Rubrobacteria","Sigma factors are initiation factors that promote the attachment of RNA polymerase to specific initiation sites and are then released"
"ko:K03086",4351.10521412723,0.183617471354065,0.0246262848099771,7.45615803483578,8.90818882620271e-14,1.31484867074752e-10,"k87_4327254_2","COG0568@1|root,COG0568@2|Bacteria,1ZTCX@142182|Gemmatimonadetes","Sigma factors are initiation factors that promote the attachment of RNA polymerase to specific initiation sites and are then released"
"ko:K03086",4351.10521412723,0.183617471354065,0.0246262848099771,7.45615803483578,8.90818882620271e-14,1.31484867074752e-10,"k87_4544295_2","COG0568@1|root,COG0568@2|Bacteria,2GK3Z@201174|Actinobacteria,4CPPG@84995|Rubrobacteria","Sigma factors are initiation factors that promote the attachment of RNA polymerase to specific initiation sites and are then released"
"ko:K03086",4351.10521412723,0.183617471354065,0.0246262848099771,7.45615803483578,8.90818882620271e-14,1.31484867074752e-10,"k87_4586685_1","COG0568@1|root,COG0568@2|Bacteria,2GK3Z@201174|Actinobacteria,4CMST@84992|Acidimicrobiia","Sigma factors are initiation factors that promote the attachment of RNA polymerase to specific initiation sites and are then released"
"ko:K03086",4351.10521412723,0.183617471354065,0.0246262848099771,7.45615803483578,8.90818882620271e-14,1.31484867074752e-10,"k87_4652175_1","COG0568@1|root,COG0568@2|Bacteria,1MVNJ@1224|Proteobacteria,2TS6C@28211|Alphaproteobacteria,3N677@45401|Hyphomicrobiaceae","Sigma factors are initiation factors that promote the attachment of RNA polymerase to specific initiation sites and are then released. This sigma factor is the primary sigma factor during exponential growth"
"ko:K03086",4351.10521412723,0.183617471354065,0.0246262848099771,7.45615803483578,8.90818882620271e-14,1.31484867074752e-10,"k87_4687743_1","COG0568@1|root,COG0568@2|Bacteria,2GK3Z@201174|Actinobacteria,4CMST@84992|Acidimicrobiia","Sigma factors are initiation factors that promote the attachment of RNA polymerase to specific initiation sites and are then released"
"ko:K03086",4351.10521412723,0.183617471354065,0.0246262848099771,7.45615803483578,8.90818882620271e-14,1.31484867074752e-10,"k87_4805963_2","COG0568@1|root,COG0568@2|Bacteria,2G5W3@200795|Chloroflexi","Sigma factors are initiation factors that promote the attachment of RNA polymerase to specific initiation sites and are then released"
"ko:K03086",4351.10521412723,0.183617471354065,0.0246262848099771,7.45615803483578,8.90818882620271e-14,1.31484867074752e-10,"k87_4833030_1","COG0568@1|root,COG0568@2|Bacteria,2GK3Z@201174|Actinobacteria,4CPPG@84995|Rubrobacteria","Sigma factors are initiation factors that promote the attachment of RNA polymerase to specific initiation sites and are then released"
"ko:K03086",4351.10521412723,0.183617471354065,0.0246262848099771,7.45615803483578,8.90818882620271e-14,1.31484867074752e-10,"k87_4908548_1","COG0568@1|root,COG0568@2|Bacteria,2GK3Z@201174|Actinobacteria","Sigma factors are initiation factors that promote the attachment of RNA polymerase to specific initiation sites and are then released"
"ko:K03086",4351.10521412723,0.183617471354065,0.0246262848099771,7.45615803483578,8.90818882620271e-14,1.31484867074752e-10,"k87_4976093_1","COG0568@1|root,COG0568@2|Bacteria,2GK3Z@201174|Actinobacteria,4CMST@84992|Acidimicrobiia","Sigma factors are initiation factors that promote the attachment of RNA polymerase to specific initiation sites and are then released"
"ko:K03086",4351.10521412723,0.183617471354065,0.0246262848099771,7.45615803483578,8.90818882620271e-14,1.31484867074752e-10,"k87_5004096_1","COG0568@1|root,COG0568@2|Bacteria,1TPD6@1239|Firmicutes,2481I@186801|Clostridia,22GJT@1570339|Peptoniphilaceae","Sigma factors are initiation factors that promote the attachment of RNA polymerase to specific initiation sites and are then released. This sigma factor is the primary sigma factor during exponential growth"
"ko:K03086",4351.10521412723,0.183617471354065,0.0246262848099771,7.45615803483578,8.90818882620271e-14,1.31484867074752e-10,"k87_5005383_1","COG0568@1|root,COG0568@2|Bacteria,3Y2XG@57723|Acidobacteria,2JHX1@204432|Acidobacteriia","Sigma factors are initiation factors that promote the attachment of RNA polymerase to specific initiation sites and are then released. This sigma factor is the primary sigma factor during exponential growth"
"ko:K03086",4351.10521412723,0.183617471354065,0.0246262848099771,7.45615803483578,8.90818882620271e-14,1.31484867074752e-10,"k87_5179336_2","COG0568@1|root,COG0568@2|Bacteria,2GK3Z@201174|Actinobacteria,4FK47@85023|Microbacteriaceae","Sigma factors are initiation factors that promote the attachment of RNA polymerase to specific initiation sites and are then released. This sigma factor is the primary sigma factor during exponential growth"
"ko:K03086",4351.10521412723,0.183617471354065,0.0246262848099771,7.45615803483578,8.90818882620271e-14,1.31484867074752e-10,"k87_5182095_1","COG0568@1|root,COG0568@2|Bacteria,1MVNJ@1224|Proteobacteria,2TS6C@28211|Alphaproteobacteria,3JSBI@41294|Bradyrhizobiaceae","Sigma factors are initiation factors that promote the attachment of RNA polymerase to specific initiation sites and are then released. This sigma factor is the primary sigma factor during exponential growth"
"ko:K03086",4351.10521412723,0.183617471354065,0.0246262848099771,7.45615803483578,8.90818882620271e-14,1.31484867074752e-10,"k87_5203222_1","COG0568@1|root,COG0568@2|Bacteria,2GK3Z@201174|Actinobacteria,4CS51@84995|Rubrobacteria","Sigma factors are initiation factors that promote the attachment of RNA polymerase to specific initiation sites and are then released"
"ko:K03086",4351.10521412723,0.183617471354065,0.0246262848099771,7.45615803483578,8.90818882620271e-14,1.31484867074752e-10,"k87_5354687_3","COG0568@1|root,COG0568@2|Bacteria,2GK3Z@201174|Actinobacteria,4CPPG@84995|Rubrobacteria","Sigma factors are initiation factors that promote the attachment of RNA polymerase to specific initiation sites and are then released"
"ko:K03086",4351.10521412723,0.183617471354065,0.0246262848099771,7.45615803483578,8.90818882620271e-14,1.31484867074752e-10,"k87_5437671_1","COG0568@1|root,COG0568@2|Bacteria,1MVNJ@1224|Proteobacteria,2TS6C@28211|Alphaproteobacteria,2K260@204457|Sphingomonadales","Sigma factors are initiation factors that promote the attachment of RNA polymerase to specific initiation sites and are then released. This sigma factor is the primary sigma factor during exponential growth"
"ko:K03086",4351.10521412723,0.183617471354065,0.0246262848099771,7.45615803483578,8.90818882620271e-14,1.31484867074752e-10,"k87_5464074_3","COG0568@1|root,COG0568@2|Bacteria,2GK3Z@201174|Actinobacteria,4CS51@84995|Rubrobacteria","Sigma factors are initiation factors that promote the attachment of RNA polymerase to specific initiation sites and are then released"
"ko:K03086",4351.10521412723,0.183617471354065,0.0246262848099771,7.45615803483578,8.90818882620271e-14,1.31484867074752e-10,"k87_5609192_1","COG0568@1|root,COG0568@2|Bacteria,2GK3Z@201174|Actinobacteria,4CPPG@84995|Rubrobacteria","Sigma factors are initiation factors that promote the attachment of RNA polymerase to specific initiation sites and are then released"
"ko:K03086",4351.10521412723,0.183617471354065,0.0246262848099771,7.45615803483578,8.90818882620271e-14,1.31484867074752e-10,"k87_5622140_1","COG0568@1|root,COG0568@2|Bacteria,2GK3Z@201174|Actinobacteria","Sigma factors are initiation factors that promote the attachment of RNA polymerase to specific initiation sites and are then released"
"ko:K03086",4351.10521412723,0.183617471354065,0.0246262848099771,7.45615803483578,8.90818882620271e-14,1.31484867074752e-10,"k87_5944362_1","COG0568@1|root,COG0568@2|Bacteria,1MVNJ@1224|Proteobacteria,1RMQI@1236|Gammaproteobacteria,1X44R@135614|Xanthomonadales","Sigma factors are initiation factors that promote the attachment of RNA polymerase to specific initiation sites and are then released. This sigma factor is the primary sigma factor during exponential growth"
"ko:K03086",4351.10521412723,0.183617471354065,0.0246262848099771,7.45615803483578,8.90818882620271e-14,1.31484867074752e-10,"k87_6049886_3","COG0568@1|root,COG0568@2|Bacteria,1MVNJ@1224|Proteobacteria,2TS6C@28211|Alphaproteobacteria,2KEXV@204458|Caulobacterales","Sigma factors are initiation factors that promote the attachment of RNA polymerase to specific initiation sites and are then released. This sigma factor is the primary sigma factor during exponential growth"
"ko:K03086",4351.10521412723,0.183617471354065,0.0246262848099771,7.45615803483578,8.90818882620271e-14,1.31484867074752e-10,"k87_6051527_2","COG0568@1|root,COG0568@2|Bacteria,1ZSR6@142182|Gemmatimonadetes","Sigma factors are initiation factors that promote the attachment of RNA polymerase to specific initiation sites and are then released"
"ko:K03086",4351.10521412723,0.183617471354065,0.0246262848099771,7.45615803483578,8.90818882620271e-14,1.31484867074752e-10,"k87_6058668_1","COG0568@1|root,COG0568@2|Bacteria,2GK3Z@201174|Actinobacteria,4CS51@84995|Rubrobacteria","Sigma factors are initiation factors that promote the attachment of RNA polymerase to specific initiation sites and are then released"
"ko:K03086",4351.10521412723,0.183617471354065,0.0246262848099771,7.45615803483578,8.90818882620271e-14,1.31484867074752e-10,"k87_6085366_1","COG0568@1|root,COG0568@2|Bacteria,2GK3Z@201174|Actinobacteria","Sigma factors are initiation factors that promote the attachment of RNA polymerase to specific initiation sites and are then released"
"ko:K03086",4351.10521412723,0.183617471354065,0.0246262848099771,7.45615803483578,8.90818882620271e-14,1.31484867074752e-10,"k87_6139611_3","COG0568@1|root,COG0568@2|Bacteria,2GK3Z@201174|Actinobacteria,4CMST@84992|Acidimicrobiia","Sigma factors are initiation factors that promote the attachment of RNA polymerase to specific initiation sites and are then released"
"ko:K03086",4351.10521412723,0.183617471354065,0.0246262848099771,7.45615803483578,8.90818882620271e-14,1.31484867074752e-10,"k87_6318969_1","COG0568@1|root,COG0568@2|Bacteria,2GK3Z@201174|Actinobacteria,2NGTJ@228398|Streptacidiphilus","Sigma-70 factor, region 1.2"
"ko:K03086",4351.10521412723,0.183617471354065,0.0246262848099771,7.45615803483578,8.90818882620271e-14,1.31484867074752e-10,"k87_6484842_1","COG0568@1|root,COG0568@2|Bacteria,2GK3Z@201174|Actinobacteria,4FK47@85023|Microbacteriaceae","Sigma factors are initiation factors that promote the attachment of RNA polymerase to specific initiation sites and are then released. This sigma factor is the primary sigma factor during exponential growth"
"ko:K03086",4351.10521412723,0.183617471354065,0.0246262848099771,7.45615803483578,8.90818882620271e-14,1.31484867074752e-10,"k87_6704747_2","COG0568@1|root,COG0568@2|Bacteria,2G5W3@200795|Chloroflexi,27Y4V@189775|Thermomicrobia","Sigma factors are initiation factors that promote the attachment of RNA polymerase to specific initiation sites and are then released. This sigma factor is the primary sigma factor during exponential growth"
"ko:K03086",4351.10521412723,0.183617471354065,0.0246262848099771,7.45615803483578,8.90818882620271e-14,1.31484867074752e-10,"k87_6798020_1","COG0568@1|root,COG0568@2|Bacteria,4NEBF@976|Bacteroidetes,1INNM@117747|Sphingobacteriia","Sigma factors are initiation factors that promote the attachment of RNA polymerase to specific initiation sites and are then released"
"ko:K03086",4351.10521412723,0.183617471354065,0.0246262848099771,7.45615803483578,8.90818882620271e-14,1.31484867074752e-10,"k87_6992858_2","COG0568@1|root,COG0568@2|Bacteria,4NEBF@976|Bacteroidetes,1INNM@117747|Sphingobacteriia","Sigma factors are initiation factors that promote the attachment of RNA polymerase to specific initiation sites and are then released"
"ko:K03147",2083.74582766169,0.141042914673988,0.0350094776041773,4.02870663391902,5.60845526021866e-05,0.0054730683996092,"k87_235765_3","COG0422@1|root,COG0422@2|Bacteria,46S5R@74201|Verrucomicrobia,3K77R@414999|Opitutae","Catalyzes the synthesis of the hydroxymethylpyrimidine phosphate (HMP-P) moiety of thiamine from aminoimidazole ribotide (AIR) in a radical S-adenosyl-L-methionine (SAM)-dependent reaction"
"ko:K03147",2083.74582766169,0.141042914673988,0.0350094776041773,4.02870663391902,5.60845526021866e-05,0.0054730683996092,"k87_320856_3","COG0422@1|root,COG0422@2|Bacteria,4NFTF@976|Bacteroidetes,1INSZ@117747|Sphingobacteriia","Catalyzes the synthesis of the hydroxymethylpyrimidine phosphate (HMP-P) moiety of thiamine from aminoimidazole ribotide (AIR) in a radical S-adenosyl-L-methionine (SAM)-dependent reaction"
"ko:K03147",2083.74582766169,0.141042914673988,0.0350094776041773,4.02870663391902,5.60845526021866e-05,0.0054730683996092,"k87_528951_8","COG0422@1|root,COG0422@2|Bacteria,3J0AY@40117|Nitrospirae","Catalyzes the synthesis of the hydroxymethylpyrimidine phosphate (HMP-P) moiety of thiamine from aminoimidazole ribotide (AIR) in a radical S-adenosyl-L-methionine (SAM)-dependent reaction"
"ko:K03147",2083.74582766169,0.141042914673988,0.0350094776041773,4.02870663391902,5.60845526021866e-05,0.0054730683996092,"k87_619641_2","COG0422@1|root,arCOG02741@2157|Archaea,41S5Z@651137|Thaumarchaeota","Thiamine biosynthesis protein ThiC"
"ko:K03147",2083.74582766169,0.141042914673988,0.0350094776041773,4.02870663391902,5.60845526021866e-05,0.0054730683996092,"k87_626804_1","COG0422@1|root,arCOG02741@2157|Archaea,41S5Z@651137|Thaumarchaeota","Thiamine biosynthesis protein ThiC"
"ko:K03147",2083.74582766169,0.141042914673988,0.0350094776041773,4.02870663391902,5.60845526021866e-05,0.0054730683996092,"k87_651855_1","COG0422@1|root,COG0422@2|Bacteria,4NFTF@976|Bacteroidetes,1INSZ@117747|Sphingobacteriia","Catalyzes the synthesis of the hydroxymethylpyrimidine phosphate (HMP-P) moiety of thiamine from aminoimidazole ribotide (AIR) in a radical S-adenosyl-L-methionine (SAM)-dependent reaction"
"ko:K03147",2083.74582766169,0.141042914673988,0.0350094776041773,4.02870663391902,5.60845526021866e-05,0.0054730683996092,"k87_922574_8","COG0422@1|root,COG0422@2|Bacteria,1MUVV@1224|Proteobacteria,2TS0S@28211|Alphaproteobacteria,2JZYN@204457|Sphingomonadales","Catalyzes the synthesis of the hydroxymethylpyrimidine phosphate (HMP-P) moiety of thiamine from aminoimidazole ribotide (AIR) in a radical S-adenosyl-L-methionine (SAM)-dependent reaction"
"ko:K03147",2083.74582766169,0.141042914673988,0.0350094776041773,4.02870663391902,5.60845526021866e-05,0.0054730683996092,"k87_1175340_1","COG0422@1|root,COG0422@2|Bacteria,1MUVV@1224|Proteobacteria,1RP1F@1236|Gammaproteobacteria,465SM@72275|Alteromonadaceae","Catalyzes the synthesis of the hydroxymethylpyrimidine phosphate (HMP-P) moiety of thiamine from aminoimidazole ribotide (AIR) in a radical S-adenosyl-L-methionine (SAM)-dependent reaction"
"ko:K03147",2083.74582766169,0.141042914673988,0.0350094776041773,4.02870663391902,5.60845526021866e-05,0.0054730683996092,"k87_1241811_2","COG0422@1|root,COG0422@2|Bacteria,46S5R@74201|Verrucomicrobia,2ITWP@203494|Verrucomicrobiae","ThiC-associated domain"
"ko:K03147",2083.74582766169,0.141042914673988,0.0350094776041773,4.02870663391902,5.60845526021866e-05,0.0054730683996092,"k87_1381639_1","COG0422@1|root,arCOG02741@2157|Archaea,41S5Z@651137|Thaumarchaeota","Thiamine biosynthesis protein ThiC"
"ko:K03147",2083.74582766169,0.141042914673988,0.0350094776041773,4.02870663391902,5.60845526021866e-05,0.0054730683996092,"k87_1411842_1","COG0422@1|root,COG0422@2|Bacteria,2GJ3Y@201174|Actinobacteria,4DA4Y@85008|Micromonosporales","Catalyzes the synthesis of the hydroxymethylpyrimidine phosphate (HMP-P) moiety of thiamine from aminoimidazole ribotide (AIR) in a radical S-adenosyl-L-methionine (SAM)-dependent reaction"
"ko:K03147",2083.74582766169,0.141042914673988,0.0350094776041773,4.02870663391902,5.60845526021866e-05,0.0054730683996092,"k87_1445568_2","COG0422@1|root,COG0422@2|Bacteria,4NFTF@976|Bacteroidetes,1INSZ@117747|Sphingobacteriia","Catalyzes the synthesis of the hydroxymethylpyrimidine phosphate (HMP-P) moiety of thiamine from aminoimidazole ribotide (AIR) in a radical S-adenosyl-L-methionine (SAM)-dependent reaction"
"ko:K03147",2083.74582766169,0.141042914673988,0.0350094776041773,4.02870663391902,5.60845526021866e-05,0.0054730683996092,"k87_2417932_2","COG0422@1|root,COG0422@2|Bacteria,1MUVV@1224|Proteobacteria,2TS0S@28211|Alphaproteobacteria,43IXA@69277|Phyllobacteriaceae","Catalyzes the synthesis of the hydroxymethylpyrimidine phosphate (HMP-P) moiety of thiamine from aminoimidazole ribotide (AIR) in a radical S-adenosyl-L-methionine (SAM)-dependent reaction"
"ko:K03147",2083.74582766169,0.141042914673988,0.0350094776041773,4.02870663391902,5.60845526021866e-05,0.0054730683996092,"k87_2845461_1","COG0422@1|root,arCOG02741@2157|Archaea,41S5Z@651137|Thaumarchaeota","Thiamine biosynthesis protein ThiC"
"ko:K03147",2083.74582766169,0.141042914673988,0.0350094776041773,4.02870663391902,5.60845526021866e-05,0.0054730683996092,"k87_3488104_1","COG0422@1|root,COG0422@2|Bacteria,4NFTF@976|Bacteroidetes,1INSZ@117747|Sphingobacteriia","Catalyzes the synthesis of the hydroxymethylpyrimidine phosphate (HMP-P) moiety of thiamine from aminoimidazole ribotide (AIR) in a radical S-adenosyl-L-methionine (SAM)-dependent reaction"
"ko:K03147",2083.74582766169,0.141042914673988,0.0350094776041773,4.02870663391902,5.60845526021866e-05,0.0054730683996092,"k87_3578703_3","COG0422@1|root,COG0422@2|Bacteria,2GJ3Y@201174|Actinobacteria,234MB@1762|Mycobacteriaceae","Catalyzes the synthesis of the hydroxymethylpyrimidine phosphate (HMP-P) moiety of thiamine from aminoimidazole ribotide (AIR) in a radical S-adenosyl-L-methionine (SAM)-dependent reaction"
"ko:K03147",2083.74582766169,0.141042914673988,0.0350094776041773,4.02870663391902,5.60845526021866e-05,0.0054730683996092,"k87_3647221_1","COG0422@1|root,COG0422@2|Bacteria,2GJ3Y@201174|Actinobacteria","Catalyzes the synthesis of the hydroxymethylpyrimidine phosphate (HMP-P) moiety of thiamine from aminoimidazole ribotide (AIR) in a radical S-adenosyl-L-methionine (SAM)-dependent reaction"
"ko:K03147",2083.74582766169,0.141042914673988,0.0350094776041773,4.02870663391902,5.60845526021866e-05,0.0054730683996092,"k87_3955766_2","COG0422@1|root,COG0422@2|Bacteria,1MUVV@1224|Proteobacteria,1RP1F@1236|Gammaproteobacteria,3Z1MW@583|Proteus","Catalyzes the synthesis of the hydroxymethylpyrimidine phosphate (HMP-P) moiety of thiamine from aminoimidazole ribotide (AIR) in a radical S-adenosyl-L-methionine (SAM)-dependent reaction"
"ko:K03147",2083.74582766169,0.141042914673988,0.0350094776041773,4.02870663391902,5.60845526021866e-05,0.0054730683996092,"k87_4022713_1","COG0422@1|root,COG0422@2|Bacteria,1MUVV@1224|Proteobacteria,2TS0S@28211|Alphaproteobacteria","Catalyzes the synthesis of the hydroxymethylpyrimidine phosphate (HMP-P) moiety of thiamine from aminoimidazole ribotide (AIR) in a radical S-adenosyl-L-methionine (SAM)-dependent reaction"
"ko:K03147",2083.74582766169,0.141042914673988,0.0350094776041773,4.02870663391902,5.60845526021866e-05,0.0054730683996092,"k87_4065397_1","COG0422@1|root,COG0422@2|Bacteria,1MUVV@1224|Proteobacteria,2TS0S@28211|Alphaproteobacteria","Catalyzes the synthesis of the hydroxymethylpyrimidine phosphate (HMP-P) moiety of thiamine from aminoimidazole ribotide (AIR) in a radical S-adenosyl-L-methionine (SAM)-dependent reaction"
"ko:K03147",2083.74582766169,0.141042914673988,0.0350094776041773,4.02870663391902,5.60845526021866e-05,0.0054730683996092,"k87_4184368_2","COG0422@1|root,COG0422@2|Bacteria,1MUVV@1224|Proteobacteria,2VHS3@28216|Betaproteobacteria,2KQ7W@206351|Neisseriales","Catalyzes the synthesis of the hydroxymethylpyrimidine phosphate (HMP-P) moiety of thiamine from aminoimidazole ribotide (AIR) in a radical S-adenosyl-L-methionine (SAM)-dependent reaction"
"ko:K03147",2083.74582766169,0.141042914673988,0.0350094776041773,4.02870663391902,5.60845526021866e-05,0.0054730683996092,"k87_4742468_11","COG0422@1|root,COG0422@2|Bacteria,1MUVV@1224|Proteobacteria,1RP1F@1236|Gammaproteobacteria,1X4N0@135614|Xanthomonadales","Catalyzes the synthesis of the hydroxymethylpyrimidine phosphate (HMP-P) moiety of thiamine from aminoimidazole ribotide (AIR) in a radical S-adenosyl-L-methionine (SAM)-dependent reaction"
"ko:K03147",2083.74582766169,0.141042914673988,0.0350094776041773,4.02870663391902,5.60845526021866e-05,0.0054730683996092,"k87_4954543_1","COG0422@1|root,COG0422@2|Bacteria,1MUVV@1224|Proteobacteria,2TS0S@28211|Alphaproteobacteria,2JPET@204441|Rhodospirillales","Catalyzes the synthesis of the hydroxymethylpyrimidine phosphate (HMP-P) moiety of thiamine from aminoimidazole ribotide (AIR) in a radical S-adenosyl-L-methionine (SAM)-dependent reaction"
"ko:K03147",2083.74582766169,0.141042914673988,0.0350094776041773,4.02870663391902,5.60845526021866e-05,0.0054730683996092,"k87_4973489_1","COG0422@1|root,COG0422@2|Bacteria,1MUVV@1224|Proteobacteria,1RP1F@1236|Gammaproteobacteria,4608M@72273|Thiotrichales","Catalyzes the synthesis of the hydroxymethylpyrimidine phosphate (HMP-P) moiety of thiamine from aminoimidazole ribotide (AIR) in a radical S-adenosyl-L-methionine (SAM)-dependent reaction"
"ko:K03147",2083.74582766169,0.141042914673988,0.0350094776041773,4.02870663391902,5.60845526021866e-05,0.0054730683996092,"k87_5047211_1","COG0422@1|root,COG0422@2|Bacteria,1TNZ3@1239|Firmicutes,4HC0P@91061|Bacilli,1ZBCQ@1386|Bacillus","Catalyzes the synthesis of the hydroxymethylpyrimidine phosphate (HMP-P) moiety of thiamine from aminoimidazole ribotide (AIR) in a radical S-adenosyl-L-methionine (SAM)-dependent reaction"
"ko:K03147",2083.74582766169,0.141042914673988,0.0350094776041773,4.02870663391902,5.60845526021866e-05,0.0054730683996092,"k87_5161359_1","COG0422@1|root,arCOG02741@2157|Archaea,41S5Z@651137|Thaumarchaeota","Thiamine biosynthesis protein ThiC"
"ko:K03147",2083.74582766169,0.141042914673988,0.0350094776041773,4.02870663391902,5.60845526021866e-05,0.0054730683996092,"k87_5197314_2","COG0422@1|root,arCOG02741@2157|Archaea,41S5Z@651137|Thaumarchaeota","Thiamine biosynthesis protein ThiC"
"ko:K03147",2083.74582766169,0.141042914673988,0.0350094776041773,4.02870663391902,5.60845526021866e-05,0.0054730683996092,"k87_5214698_1","COG0422@1|root,arCOG02741@2157|Archaea,41S5Z@651137|Thaumarchaeota","Thiamine biosynthesis protein ThiC"
"ko:K03147",2083.74582766169,0.141042914673988,0.0350094776041773,4.02870663391902,5.60845526021866e-05,0.0054730683996092,"k87_5536030_1","COG0422@1|root,COG0422@2|Bacteria,1MUVV@1224|Proteobacteria,1RP1F@1236|Gammaproteobacteria,1Y3Z6@135624|Aeromonadales","Catalyzes the synthesis of the hydroxymethylpyrimidine phosphate (HMP-P) moiety of thiamine from aminoimidazole ribotide (AIR) in a radical S-adenosyl-L-methionine (SAM)-dependent reaction"
"ko:K03147",2083.74582766169,0.141042914673988,0.0350094776041773,4.02870663391902,5.60845526021866e-05,0.0054730683996092,"k87_5868770_4","COG0422@1|root,COG0422@2|Bacteria,2GJ3Y@201174|Actinobacteria","Catalyzes the synthesis of the hydroxymethylpyrimidine phosphate (HMP-P) moiety of thiamine from aminoimidazole ribotide (AIR) in a radical S-adenosyl-L-methionine (SAM)-dependent reaction"
"ko:K03147",2083.74582766169,0.141042914673988,0.0350094776041773,4.02870663391902,5.60845526021866e-05,0.0054730683996092,"k87_5922426_1","COG0422@1|root,COG0422@2|Bacteria,1MUVV@1224|Proteobacteria,42MMB@68525|delta/epsilon subdivisions,2WJBM@28221|Deltaproteobacteria,2YTUN@29|Myxococcales","Catalyzes the synthesis of the hydroxymethylpyrimidine phosphate (HMP-P) moiety of thiamine from aminoimidazole ribotide (AIR) in a radical S-adenosyl-L-methionine (SAM)-dependent reaction"
"ko:K03147",2083.74582766169,0.141042914673988,0.0350094776041773,4.02870663391902,5.60845526021866e-05,0.0054730683996092,"k87_6030706_5","COG0422@1|root,COG0422@2|Bacteria,1MUVV@1224|Proteobacteria,2TS0S@28211|Alphaproteobacteria,2JZYN@204457|Sphingomonadales","Catalyzes the synthesis of the hydroxymethylpyrimidine phosphate (HMP-P) moiety of thiamine from aminoimidazole ribotide (AIR) in a radical S-adenosyl-L-methionine (SAM)-dependent reaction"
"ko:K03147",2083.74582766169,0.141042914673988,0.0350094776041773,4.02870663391902,5.60845526021866e-05,0.0054730683996092,"k87_6163463_2","COG0422@1|root,COG0422@2|Bacteria,2GJ3Y@201174|Actinobacteria,234MB@1762|Mycobacteriaceae","Catalyzes the synthesis of the hydroxymethylpyrimidine phosphate (HMP-P) moiety of thiamine from aminoimidazole ribotide (AIR) in a radical S-adenosyl-L-methionine (SAM)-dependent reaction"
"ko:K03147",2083.74582766169,0.141042914673988,0.0350094776041773,4.02870663391902,5.60845526021866e-05,0.0054730683996092,"k87_6171237_1","COG0422@1|root,COG0422@2|Bacteria,1MUVV@1224|Proteobacteria,1RP1F@1236|Gammaproteobacteria,1X4N0@135614|Xanthomonadales","Catalyzes the synthesis of the hydroxymethylpyrimidine phosphate (HMP-P) moiety of thiamine from aminoimidazole ribotide (AIR) in a radical S-adenosyl-L-methionine (SAM)-dependent reaction"
"ko:K03147",2083.74582766169,0.141042914673988,0.0350094776041773,4.02870663391902,5.60845526021866e-05,0.0054730683996092,"k87_6172993_2","COG0422@1|root,COG0422@2|Bacteria,1TNZ3@1239|Firmicutes,4HC0P@91061|Bacilli,278VK@186823|Alicyclobacillaceae","ThiC-associated domain"
"ko:K03147",2083.74582766169,0.141042914673988,0.0350094776041773,4.02870663391902,5.60845526021866e-05,0.0054730683996092,"k87_6269901_3","COG0422@1|root,COG0422@2|Bacteria,1MUVV@1224|Proteobacteria,2TS0S@28211|Alphaproteobacteria,3N7Z1@45401|Hyphomicrobiaceae","Catalyzes the synthesis of the hydroxymethylpyrimidine phosphate (HMP-P) moiety of thiamine from aminoimidazole ribotide (AIR) in a radical S-adenosyl-L-methionine (SAM)-dependent reaction"
"ko:K03147",2083.74582766169,0.141042914673988,0.0350094776041773,4.02870663391902,5.60845526021866e-05,0.0054730683996092,"k87_6616198_1","COG0422@1|root,COG0422@2|Bacteria,4NFTF@976|Bacteroidetes,47KGP@768503|Cytophagia","Catalyzes the synthesis of the hydroxymethylpyrimidine phosphate (HMP-P) moiety of thiamine from aminoimidazole ribotide (AIR) in a radical S-adenosyl-L-methionine (SAM)-dependent reaction"
"ko:K03147",2083.74582766169,0.141042914673988,0.0350094776041773,4.02870663391902,5.60845526021866e-05,0.0054730683996092,"k87_6915166_1","COG0422@1|root,arCOG02741@2157|Archaea,41S5Z@651137|Thaumarchaeota","Thiamine biosynthesis protein ThiC"
"ko:K03544",3484.29730513325,0.136616543401611,0.0283268148767534,4.82286992010975,1.41507260514219e-06,0.000261080895648733,"k87_209195_4","COG1219@1|root,COG1219@2|Bacteria,3J0AM@40117|Nitrospirae","ATP-dependent specificity component of the Clp protease. It directs the protease to specific substrates. Can perform chaperone functions in the absence of ClpP"
"ko:K03544",3484.29730513325,0.136616543401611,0.0283268148767534,4.82286992010975,1.41507260514219e-06,0.000261080895648733,"k87_229065_3","COG1219@1|root,COG1219@2|Bacteria,2GJXQ@201174|Actinobacteria,4CPB5@84995|Rubrobacteria","ATP-dependent specificity component of the Clp protease. It directs the protease to specific substrates. Can perform chaperone functions in the absence of ClpP"
"ko:K03544",3484.29730513325,0.136616543401611,0.0283268148767534,4.82286992010975,1.41507260514219e-06,0.000261080895648733,"k87_235693_1","COG1219@1|root,COG1219@2|Bacteria,1MVQK@1224|Proteobacteria,2TS3R@28211|Alphaproteobacteria,43HVH@69277|Phyllobacteriaceae","ATP-dependent specificity component of the Clp protease. It directs the protease to specific substrates. Can perform chaperone functions in the absence of ClpP"
"ko:K03544",3484.29730513325,0.136616543401611,0.0283268148767534,4.82286992010975,1.41507260514219e-06,0.000261080895648733,"k87_236569_1","COG1219@1|root,COG1219@2|Bacteria,1MVQK@1224|Proteobacteria,1RN9N@1236|Gammaproteobacteria,1X4TT@135614|Xanthomonadales","ATP-dependent specificity component of the Clp protease. It directs the protease to specific substrates. Can perform chaperone functions in the absence of ClpP"
"ko:K03544",3484.29730513325,0.136616543401611,0.0283268148767534,4.82286992010975,1.41507260514219e-06,0.000261080895648733,"k87_236569_2","COG1219@1|root,COG1219@2|Bacteria,1MVQK@1224|Proteobacteria,1RN9N@1236|Gammaproteobacteria,1X4TT@135614|Xanthomonadales","ATP-dependent specificity component of the Clp protease. It directs the protease to specific substrates. Can perform chaperone functions in the absence of ClpP"
"ko:K03544",3484.29730513325,0.136616543401611,0.0283268148767534,4.82286992010975,1.41507260514219e-06,0.000261080895648733,"k87_238945_2","COG1219@1|root,COG1219@2|Bacteria,2GJXQ@201174|Actinobacteria,4CPB5@84995|Rubrobacteria","ATP-dependent specificity component of the Clp protease. It directs the protease to specific substrates. Can perform chaperone functions in the absence of ClpP"
"ko:K03544",3484.29730513325,0.136616543401611,0.0283268148767534,4.82286992010975,1.41507260514219e-06,0.000261080895648733,"k87_340271_1","COG1219@1|root,COG1219@2|Bacteria,2GJXQ@201174|Actinobacteria,4DP0T@85009|Propionibacteriales","ATP-dependent specificity component of the Clp protease. It directs the protease to specific substrates. Can perform chaperone functions in the absence of ClpP"
"ko:K03544",3484.29730513325,0.136616543401611,0.0283268148767534,4.82286992010975,1.41507260514219e-06,0.000261080895648733,"k87_388189_1","COG1219@1|root,COG1219@2|Bacteria,1TQ00@1239|Firmicutes,4H9U4@91061|Bacilli,1ZANE@1386|Bacillus","ATP-dependent specificity component of the Clp protease. It directs the protease to specific substrates. Can perform chaperone functions in the absence of ClpP"
"ko:K03544",3484.29730513325,0.136616543401611,0.0283268148767534,4.82286992010975,1.41507260514219e-06,0.000261080895648733,"k87_673425_2","COG1219@1|root,COG1219@2|Bacteria,2GJXQ@201174|Actinobacteria,4CPB5@84995|Rubrobacteria","ATP-dependent specificity component of the Clp protease. It directs the protease to specific substrates. Can perform chaperone functions in the absence of ClpP"
"ko:K03544",3484.29730513325,0.136616543401611,0.0283268148767534,4.82286992010975,1.41507260514219e-06,0.000261080895648733,"k87_740195_1","COG1219@1|root,COG1219@2|Bacteria,1MVQK@1224|Proteobacteria,2VIEU@28216|Betaproteobacteria,2KVAQ@206389|Rhodocyclales","ATP-dependent specificity component of the Clp protease. It directs the protease to specific substrates. Can perform chaperone functions in the absence of ClpP"
"ko:K03544",3484.29730513325,0.136616543401611,0.0283268148767534,4.82286992010975,1.41507260514219e-06,0.000261080895648733,"k87_752171_3","COG1219@1|root,COG1219@2|Bacteria,2GJXQ@201174|Actinobacteria,4CPB5@84995|Rubrobacteria","ATP-dependent specificity component of the Clp protease. It directs the protease to specific substrates. Can perform chaperone functions in the absence of ClpP"
"ko:K03544",3484.29730513325,0.136616543401611,0.0283268148767534,4.82286992010975,1.41507260514219e-06,0.000261080895648733,"k87_800694_2","COG1219@1|root,COG1219@2|Bacteria,1MVQK@1224|Proteobacteria,2VIEU@28216|Betaproteobacteria,1KJ1K@119065|unclassified Burkholderiales","ATP-dependent specificity component of the Clp protease. It directs the protease to specific substrates. Can perform chaperone functions in the absence of ClpP"
"ko:K03544",3484.29730513325,0.136616543401611,0.0283268148767534,4.82286992010975,1.41507260514219e-06,0.000261080895648733,"k87_802519_3","COG1219@1|root,COG1219@2|Bacteria,2GJXQ@201174|Actinobacteria,4ERKD@85013|Frankiales","ATP-dependent specificity component of the Clp protease. It directs the protease to specific substrates. Can perform chaperone functions in the absence of ClpP"
"ko:K03544",3484.29730513325,0.136616543401611,0.0283268148767534,4.82286992010975,1.41507260514219e-06,0.000261080895648733,"k87_891166_1","COG1219@1|root,COG1219@2|Bacteria,1MVQK@1224|Proteobacteria,2TS3R@28211|Alphaproteobacteria,43W8M@69657|Hyphomonadaceae","ATP-dependent specificity component of the Clp protease. It directs the protease to specific substrates. Can perform chaperone functions in the absence of ClpP"
"ko:K03544",3484.29730513325,0.136616543401611,0.0283268148767534,4.82286992010975,1.41507260514219e-06,0.000261080895648733,"k87_896603_6","COG1219@1|root,COG1219@2|Bacteria,1MVQK@1224|Proteobacteria,2TS3R@28211|Alphaproteobacteria,36X54@31993|Methylocystaceae","ClpX C4-type zinc finger"
"ko:K03544",3484.29730513325,0.136616543401611,0.0283268148767534,4.82286992010975,1.41507260514219e-06,0.000261080895648733,"k87_972870_3","COG1219@1|root,COG1219@2|Bacteria,1MVQK@1224|Proteobacteria,2TS3R@28211|Alphaproteobacteria","ATP-dependent specificity component of the Clp protease. It directs the protease to specific substrates. Can perform chaperone functions in the absence of ClpP"
"ko:K03544",3484.29730513325,0.136616543401611,0.0283268148767534,4.82286992010975,1.41507260514219e-06,0.000261080895648733,"k87_1089280_2","COG1219@1|root,COG1219@2|Bacteria,2GJXQ@201174|Actinobacteria,2341X@1762|Mycobacteriaceae","ATP-dependent specificity component of the Clp protease. It directs the protease to specific substrates. Can perform chaperone functions in the absence of ClpP"
"ko:K03544",3484.29730513325,0.136616543401611,0.0283268148767534,4.82286992010975,1.41507260514219e-06,0.000261080895648733,"k87_1107539_1","COG1219@1|root,COG1219@2|Bacteria,1MVQK@1224|Proteobacteria,2TS3R@28211|Alphaproteobacteria,3JQY9@41294|Bradyrhizobiaceae","ATP-dependent specificity component of the Clp protease. It directs the protease to specific substrates. Can perform chaperone functions in the absence of ClpP"
"ko:K03544",3484.29730513325,0.136616543401611,0.0283268148767534,4.82286992010975,1.41507260514219e-06,0.000261080895648733,"k87_1117547_3","COG1219@1|root,COG1219@2|Bacteria,2GJXQ@201174|Actinobacteria,4CPB5@84995|Rubrobacteria","ATP-dependent specificity component of the Clp protease. It directs the protease to specific substrates. Can perform chaperone functions in the absence of ClpP"
"ko:K03544",3484.29730513325,0.136616543401611,0.0283268148767534,4.82286992010975,1.41507260514219e-06,0.000261080895648733,"k87_1195167_2","COG1219@1|root,COG1219@2|Bacteria,2GJXQ@201174|Actinobacteria,4CPB5@84995|Rubrobacteria","ATP-dependent specificity component of the Clp protease. It directs the protease to specific substrates. Can perform chaperone functions in the absence of ClpP"
"ko:K03544",3484.29730513325,0.136616543401611,0.0283268148767534,4.82286992010975,1.41507260514219e-06,0.000261080895648733,"k87_1195468_1","COG1219@1|root,COG1219@2|Bacteria,2GJXQ@201174|Actinobacteria,4CPB5@84995|Rubrobacteria","ATP-dependent specificity component of the Clp protease. It directs the protease to specific substrates. Can perform chaperone functions in the absence of ClpP"
"ko:K03544",3484.29730513325,0.136616543401611,0.0283268148767534,4.82286992010975,1.41507260514219e-06,0.000261080895648733,"k87_1329293_1","COG1219@1|root,COG1219@2|Bacteria,1MVQK@1224|Proteobacteria,2TS3R@28211|Alphaproteobacteria,3FCNH@34008|Rhodovulum","ATP-dependent specificity component of the Clp protease. It directs the protease to specific substrates. Can perform chaperone functions in the absence of ClpP"
"ko:K03544",3484.29730513325,0.136616543401611,0.0283268148767534,4.82286992010975,1.41507260514219e-06,0.000261080895648733,"k87_1344325_2","COG1219@1|root,COG1219@2|Bacteria,2GJXQ@201174|Actinobacteria,4CPB5@84995|Rubrobacteria","ATP-dependent specificity component of the Clp protease. It directs the protease to specific substrates. Can perform chaperone functions in the absence of ClpP"
"ko:K03544",3484.29730513325,0.136616543401611,0.0283268148767534,4.82286992010975,1.41507260514219e-06,0.000261080895648733,"k87_1483397_3","COG1219@1|root,COG1219@2|Bacteria,2GJXQ@201174|Actinobacteria,4EI0M@85012|Streptosporangiales","ATP-dependent specificity component of the Clp protease. It directs the protease to specific substrates. Can perform chaperone functions in the absence of ClpP"
"ko:K03544",3484.29730513325,0.136616543401611,0.0283268148767534,4.82286992010975,1.41507260514219e-06,0.000261080895648733,"k87_1536138_1","COG1219@1|root,COG1219@2|Bacteria,1MVQK@1224|Proteobacteria,2TS3R@28211|Alphaproteobacteria,3JQY9@41294|Bradyrhizobiaceae","ATP-dependent specificity component of the Clp protease. It directs the protease to specific substrates. Can perform chaperone functions in the absence of ClpP"
"ko:K03544",3484.29730513325,0.136616543401611,0.0283268148767534,4.82286992010975,1.41507260514219e-06,0.000261080895648733,"k87_1616044_6","COG1219@1|root,COG1219@2|Bacteria,2GJXQ@201174|Actinobacteria,4CPB5@84995|Rubrobacteria","ATP-dependent specificity component of the Clp protease. It directs the protease to specific substrates. Can perform chaperone functions in the absence of ClpP"
"ko:K03544",3484.29730513325,0.136616543401611,0.0283268148767534,4.82286992010975,1.41507260514219e-06,0.000261080895648733,"k87_1617801_2","COG1219@1|root,COG1219@2|Bacteria,1MVQK@1224|Proteobacteria,2TS3R@28211|Alphaproteobacteria,3FCNH@34008|Rhodovulum","ATP-dependent specificity component of the Clp protease. It directs the protease to specific substrates. Can perform chaperone functions in the absence of ClpP"
"ko:K03544",3484.29730513325,0.136616543401611,0.0283268148767534,4.82286992010975,1.41507260514219e-06,0.000261080895648733,"k87_1674320_1","COG1219@1|root,COG1219@2|Bacteria,2GJXQ@201174|Actinobacteria,4CMS8@84992|Acidimicrobiia","ATP-dependent specificity component of the Clp protease. It directs the protease to specific substrates. Can perform chaperone functions in the absence of ClpP"
"ko:K03544",3484.29730513325,0.136616543401611,0.0283268148767534,4.82286992010975,1.41507260514219e-06,0.000261080895648733,"k87_1881486_3","COG1219@1|root,COG1219@2|Bacteria,1MVQK@1224|Proteobacteria,2TS3R@28211|Alphaproteobacteria,1JNA9@119043|Rhodobiaceae","ATP-dependent specificity component of the Clp protease. It directs the protease to specific substrates. Can perform chaperone functions in the absence of ClpP"
"ko:K03544",3484.29730513325,0.136616543401611,0.0283268148767534,4.82286992010975,1.41507260514219e-06,0.000261080895648733,"k87_2081475_4","COG1219@1|root,COG1219@2|Bacteria,2GJXQ@201174|Actinobacteria,4CPB5@84995|Rubrobacteria","ATP-dependent specificity component of the Clp protease. It directs the protease to specific substrates. Can perform chaperone functions in the absence of ClpP"
"ko:K03544",3484.29730513325,0.136616543401611,0.0283268148767534,4.82286992010975,1.41507260514219e-06,0.000261080895648733,"k87_2081476_3","COG1219@1|root,COG1219@2|Bacteria,2GJXQ@201174|Actinobacteria,4CPB5@84995|Rubrobacteria","ATP-dependent specificity component of the Clp protease. It directs the protease to specific substrates. Can perform chaperone functions in the absence of ClpP"
"ko:K03544",3484.29730513325,0.136616543401611,0.0283268148767534,4.82286992010975,1.41507260514219e-06,0.000261080895648733,"k87_2114427_1","COG1219@1|root,COG1219@2|Bacteria,2GJXQ@201174|Actinobacteria,4FKD2@85023|Microbacteriaceae","ATP-dependent specificity component of the Clp protease. It directs the protease to specific substrates. Can perform chaperone functions in the absence of ClpP"
"ko:K03544",3484.29730513325,0.136616543401611,0.0283268148767534,4.82286992010975,1.41507260514219e-06,0.000261080895648733,"k87_2119981_1","COG1219@1|root,COG1219@2|Bacteria,3J0AM@40117|Nitrospirae","ATP-dependent specificity component of the Clp protease. It directs the protease to specific substrates. Can perform chaperone functions in the absence of ClpP"
"ko:K03544",3484.29730513325,0.136616543401611,0.0283268148767534,4.82286992010975,1.41507260514219e-06,0.000261080895648733,"k87_2134654_1","COG1219@1|root,COG1219@2|Bacteria,1MVQK@1224|Proteobacteria,2VIEU@28216|Betaproteobacteria,3T2EG@506|Alcaligenaceae","ATP-dependent specificity component of the Clp protease. It directs the protease to specific substrates. Can perform chaperone functions in the absence of ClpP"
"ko:K03544",3484.29730513325,0.136616543401611,0.0283268148767534,4.82286992010975,1.41507260514219e-06,0.000261080895648733,"k87_2486374_1","COG1219@1|root,COG1219@2|Bacteria,2GJXQ@201174|Actinobacteria,4CPB5@84995|Rubrobacteria","ATP-dependent specificity component of the Clp protease. It directs the protease to specific substrates. Can perform chaperone functions in the absence of ClpP"
"ko:K03544",3484.29730513325,0.136616543401611,0.0283268148767534,4.82286992010975,1.41507260514219e-06,0.000261080895648733,"k87_2943777_2","COG1219@1|root,COG1219@2|Bacteria,2GJXQ@201174|Actinobacteria,4CPB5@84995|Rubrobacteria","ATP-dependent specificity component of the Clp protease. It directs the protease to specific substrates. Can perform chaperone functions in the absence of ClpP"
"ko:K03544",3484.29730513325,0.136616543401611,0.0283268148767534,4.82286992010975,1.41507260514219e-06,0.000261080895648733,"k87_2960691_1","COG1219@1|root,COG1219@2|Bacteria,1MVQK@1224|Proteobacteria,2TS3R@28211|Alphaproteobacteria,2JZWY@204457|Sphingomonadales","ATP-dependent specificity component of the Clp protease. It directs the protease to specific substrates. Can perform chaperone functions in the absence of ClpP"
"ko:K03544",3484.29730513325,0.136616543401611,0.0283268148767534,4.82286992010975,1.41507260514219e-06,0.000261080895648733,"k87_2990144_1","COG1219@1|root,COG1219@2|Bacteria,2GJXQ@201174|Actinobacteria,4CPB5@84995|Rubrobacteria","ATP-dependent specificity component of the Clp protease. It directs the protease to specific substrates. Can perform chaperone functions in the absence of ClpP"
"ko:K03544",3484.29730513325,0.136616543401611,0.0283268148767534,4.82286992010975,1.41507260514219e-06,0.000261080895648733,"k87_3294969_1","COG1219@1|root,COG1219@2|Bacteria,3J0AM@40117|Nitrospirae","ATP-dependent specificity component of the Clp protease. It directs the protease to specific substrates. Can perform chaperone functions in the absence of ClpP"
"ko:K03544",3484.29730513325,0.136616543401611,0.0283268148767534,4.82286992010975,1.41507260514219e-06,0.000261080895648733,"k87_3519990_3","COG1219@1|root,COG1219@2|Bacteria,2GJXQ@201174|Actinobacteria,4CPB5@84995|Rubrobacteria","ATP-dependent specificity component of the Clp protease. It directs the protease to specific substrates. Can perform chaperone functions in the absence of ClpP"
"ko:K03544",3484.29730513325,0.136616543401611,0.0283268148767534,4.82286992010975,1.41507260514219e-06,0.000261080895648733,"k87_3825998_2","COG1219@1|root,COG1219@2|Bacteria,2GJXQ@201174|Actinobacteria,1W7WZ@1268|Micrococcaceae","ATP-dependent specificity component of the Clp protease. It directs the protease to specific substrates. Can perform chaperone functions in the absence of ClpP"
"ko:K03544",3484.29730513325,0.136616543401611,0.0283268148767534,4.82286992010975,1.41507260514219e-06,0.000261080895648733,"k87_3951700_1","COG1219@1|root,COG1219@2|Bacteria,2GJXQ@201174|Actinobacteria,4CMS8@84992|Acidimicrobiia","ATP-dependent specificity component of the Clp protease. It directs the protease to specific substrates. Can perform chaperone functions in the absence of ClpP"
"ko:K03544",3484.29730513325,0.136616543401611,0.0283268148767534,4.82286992010975,1.41507260514219e-06,0.000261080895648733,"k87_3958877_2","COG1219@1|root,COG1219@2|Bacteria,1MVQK@1224|Proteobacteria,2TS3R@28211|Alphaproteobacteria,3FCNH@34008|Rhodovulum","ATP-dependent specificity component of the Clp protease. It directs the protease to specific substrates. Can perform chaperone functions in the absence of ClpP"
"ko:K03544",3484.29730513325,0.136616543401611,0.0283268148767534,4.82286992010975,1.41507260514219e-06,0.000261080895648733,"k87_3964236_3","COG1219@1|root,COG1219@2|Bacteria,2GJXQ@201174|Actinobacteria,4CPB5@84995|Rubrobacteria","ATP-dependent specificity component of the Clp protease. It directs the protease to specific substrates. Can perform chaperone functions in the absence of ClpP"
"ko:K03544",3484.29730513325,0.136616543401611,0.0283268148767534,4.82286992010975,1.41507260514219e-06,0.000261080895648733,"k87_4127159_3","COG1219@1|root,COG1219@2|Bacteria,2GJXQ@201174|Actinobacteria,4CPB5@84995|Rubrobacteria","ATP-dependent specificity component of the Clp protease. It directs the protease to specific substrates. Can perform chaperone functions in the absence of ClpP"
"ko:K03544",3484.29730513325,0.136616543401611,0.0283268148767534,4.82286992010975,1.41507260514219e-06,0.000261080895648733,"k87_4214246_1","COG1219@1|root,COG1219@2|Bacteria,1MVQK@1224|Proteobacteria,2TS3R@28211|Alphaproteobacteria,1JT5D@119045|Methylobacteriaceae","ATP-dependent specificity component of the Clp protease. It directs the protease to specific substrates. Can perform chaperone functions in the absence of ClpP"
"ko:K03544",3484.29730513325,0.136616543401611,0.0283268148767534,4.82286992010975,1.41507260514219e-06,0.000261080895648733,"k87_4269384_2","COG1219@1|root,COG1219@2|Bacteria,1MVQK@1224|Proteobacteria,2TS3R@28211|Alphaproteobacteria,1JNA9@119043|Rhodobiaceae","ATP-dependent specificity component of the Clp protease. It directs the protease to specific substrates. Can perform chaperone functions in the absence of ClpP"
"ko:K03544",3484.29730513325,0.136616543401611,0.0283268148767534,4.82286992010975,1.41507260514219e-06,0.000261080895648733,"k87_4644017_4","COG1219@1|root,COG1219@2|Bacteria,2GJXQ@201174|Actinobacteria,4FKD2@85023|Microbacteriaceae","ATP-dependent specificity component of the Clp protease. It directs the protease to specific substrates. Can perform chaperone functions in the absence of ClpP"
"ko:K03544",3484.29730513325,0.136616543401611,0.0283268148767534,4.82286992010975,1.41507260514219e-06,0.000261080895648733,"k87_4963533_1","COG1219@1|root,COG1219@2|Bacteria,1MVQK@1224|Proteobacteria,1RN9N@1236|Gammaproteobacteria,1X4TT@135614|Xanthomonadales","ATP-dependent specificity component of the Clp protease. It directs the protease to specific substrates. Can perform chaperone functions in the absence of ClpP"
"ko:K03544",3484.29730513325,0.136616543401611,0.0283268148767534,4.82286992010975,1.41507260514219e-06,0.000261080895648733,"k87_4969445_1","COG1219@1|root,COG1219@2|Bacteria,2GJXQ@201174|Actinobacteria,4CPB5@84995|Rubrobacteria","ATP-dependent specificity component of the Clp protease. It directs the protease to specific substrates. Can perform chaperone functions in the absence of ClpP"
"ko:K03544",3484.29730513325,0.136616543401611,0.0283268148767534,4.82286992010975,1.41507260514219e-06,0.000261080895648733,"k87_5144333_3","COG1219@1|root,COG1219@2|Bacteria,1MVQK@1224|Proteobacteria,1RN9N@1236|Gammaproteobacteria,1XH3A@135619|Oceanospirillales","ATP-dependent specificity component of the Clp protease. It directs the protease to specific substrates. Can perform chaperone functions in the absence of ClpP"
"ko:K03544",3484.29730513325,0.136616543401611,0.0283268148767534,4.82286992010975,1.41507260514219e-06,0.000261080895648733,"k87_5195755_1","COG1219@1|root,COG1219@2|Bacteria,1MVQK@1224|Proteobacteria,2TS3R@28211|Alphaproteobacteria","ATP-dependent specificity component of the Clp protease. It directs the protease to specific substrates. Can perform chaperone functions in the absence of ClpP"
"ko:K03544",3484.29730513325,0.136616543401611,0.0283268148767534,4.82286992010975,1.41507260514219e-06,0.000261080895648733,"k87_5207398_1","COG1219@1|root,COG1219@2|Bacteria,1MVQK@1224|Proteobacteria,2TS3R@28211|Alphaproteobacteria,2JQFG@204441|Rhodospirillales","ATP-dependent specificity component of the Clp protease. It directs the protease to specific substrates. Can perform chaperone functions in the absence of ClpP"
"ko:K03544",3484.29730513325,0.136616543401611,0.0283268148767534,4.82286992010975,1.41507260514219e-06,0.000261080895648733,"k87_5316102_4","COG1219@1|root,COG1219@2|Bacteria,2GJXQ@201174|Actinobacteria,4CPB5@84995|Rubrobacteria","ATP-dependent specificity component of the Clp protease. It directs the protease to specific substrates. Can perform chaperone functions in the absence of ClpP"
"ko:K03544",3484.29730513325,0.136616543401611,0.0283268148767534,4.82286992010975,1.41507260514219e-06,0.000261080895648733,"k87_5454576_1","COG1219@1|root,COG1219@2|Bacteria,1MVQK@1224|Proteobacteria,2TS3R@28211|Alphaproteobacteria,3JQY9@41294|Bradyrhizobiaceae","ATP-dependent specificity component of the Clp protease. It directs the protease to specific substrates. Can perform chaperone functions in the absence of ClpP"
"ko:K03544",3484.29730513325,0.136616543401611,0.0283268148767534,4.82286992010975,1.41507260514219e-06,0.000261080895648733,"k87_5536798_1","COG1219@1|root,COG1219@2|Bacteria,1MVQK@1224|Proteobacteria,2TS3R@28211|Alphaproteobacteria,3JQY9@41294|Bradyrhizobiaceae","ATP-dependent specificity component of the Clp protease. It directs the protease to specific substrates. Can perform chaperone functions in the absence of ClpP"
"ko:K03544",3484.29730513325,0.136616543401611,0.0283268148767534,4.82286992010975,1.41507260514219e-06,0.000261080895648733,"k87_5658454_2","COG1219@1|root,COG1219@2|Bacteria,1MVQK@1224|Proteobacteria,1RN9N@1236|Gammaproteobacteria,1XDTP@135618|Methylococcales","ATP-dependent specificity component of the Clp protease. It directs the protease to specific substrates. Can perform chaperone functions in the absence of ClpP"
"ko:K03544",3484.29730513325,0.136616543401611,0.0283268148767534,4.82286992010975,1.41507260514219e-06,0.000261080895648733,"k87_5697577_3","COG1219@1|root,COG1219@2|Bacteria,1MVQK@1224|Proteobacteria,2TS3R@28211|Alphaproteobacteria,2JZWY@204457|Sphingomonadales","ATP-dependent specificity component of the Clp protease. It directs the protease to specific substrates. Can perform chaperone functions in the absence of ClpP"
"ko:K03544",3484.29730513325,0.136616543401611,0.0283268148767534,4.82286992010975,1.41507260514219e-06,0.000261080895648733,"k87_6055873_1","COG1219@1|root,COG1219@2|Bacteria,1ZT8F@142182|Gemmatimonadetes","ATP-dependent specificity component of the Clp protease. It directs the protease to specific substrates. Can perform chaperone functions in the absence of ClpP"
"ko:K03544",3484.29730513325,0.136616543401611,0.0283268148767534,4.82286992010975,1.41507260514219e-06,0.000261080895648733,"k87_6115235_1","COG1219@1|root,COG1219@2|Bacteria,1MVQK@1224|Proteobacteria,2TS3R@28211|Alphaproteobacteria,3FCNH@34008|Rhodovulum","ATP-dependent specificity component of the Clp protease. It directs the protease to specific substrates. Can perform chaperone functions in the absence of ClpP"
"ko:K03544",3484.29730513325,0.136616543401611,0.0283268148767534,4.82286992010975,1.41507260514219e-06,0.000261080895648733,"k87_6115796_11","COG1219@1|root,COG1219@2|Bacteria,1MVQK@1224|Proteobacteria,1RN9N@1236|Gammaproteobacteria,1X4TT@135614|Xanthomonadales","ATP-dependent specificity component of the Clp protease. It directs the protease to specific substrates. Can perform chaperone functions in the absence of ClpP"
"ko:K03544",3484.29730513325,0.136616543401611,0.0283268148767534,4.82286992010975,1.41507260514219e-06,0.000261080895648733,"k87_6166798_2","COG1219@1|root,COG1219@2|Bacteria,1MVQK@1224|Proteobacteria,2VIEU@28216|Betaproteobacteria,4A9Q7@80864|Comamonadaceae","ATP-dependent specificity component of the Clp protease. It directs the protease to specific substrates. Can perform chaperone functions in the absence of ClpP"
"ko:K03544",3484.29730513325,0.136616543401611,0.0283268148767534,4.82286992010975,1.41507260514219e-06,0.000261080895648733,"k87_6343089_4","COG1219@1|root,COG1219@2|Bacteria,2GJXQ@201174|Actinobacteria,4DP0T@85009|Propionibacteriales","ATP-dependent specificity component of the Clp protease. It directs the protease to specific substrates. Can perform chaperone functions in the absence of ClpP"
"ko:K03544",3484.29730513325,0.136616543401611,0.0283268148767534,4.82286992010975,1.41507260514219e-06,0.000261080895648733,"k87_6429121_1","COG1219@1|root,COG1219@2|Bacteria,2GJXQ@201174|Actinobacteria,4DYXZ@85010|Pseudonocardiales","ATP-dependent specificity component of the Clp protease. It directs the protease to specific substrates. Can perform chaperone functions in the absence of ClpP"
"ko:K03544",3484.29730513325,0.136616543401611,0.0283268148767534,4.82286992010975,1.41507260514219e-06,0.000261080895648733,"k87_6556709_3","COG1219@1|root,COG1219@2|Bacteria,2GJXQ@201174|Actinobacteria,4CPB5@84995|Rubrobacteria","ATP-dependent specificity component of the Clp protease. It directs the protease to specific substrates. Can perform chaperone functions in the absence of ClpP"
"ko:K03628",3117.5797530119,0.149612927126488,0.0294495217388708,5.08031771969364,3.76804135832427e-07,0.000111232580897733,"k87_23594_2","COG1158@1|root,COG1158@2|Bacteria,3Y2V3@57723|Acidobacteria","Facilitates transcription termination by a mechanism that involves Rho binding to the nascent RNA, activation of Rho's RNA-dependent ATPase activity, and release of the mRNA from the DNA template"
"ko:K03628",3117.5797530119,0.149612927126488,0.0294495217388708,5.08031771969364,3.76804135832427e-07,0.000111232580897733,"k87_111517_1","COG1158@1|root,COG1158@2|Bacteria,1MUCF@1224|Proteobacteria,2VJ2E@28216|Betaproteobacteria,1KJE2@119065|unclassified Burkholderiales","Facilitates transcription termination by a mechanism that involves Rho binding to the nascent RNA, activation of Rho's RNA-dependent ATPase activity, and release of the mRNA from the DNA template"
"ko:K03628",3117.5797530119,0.149612927126488,0.0294495217388708,5.08031771969364,3.76804135832427e-07,0.000111232580897733,"k87_248762_1","COG1158@1|root,COG1158@2|Bacteria,3Y2V3@57723|Acidobacteria,2JHRC@204432|Acidobacteriia","Facilitates transcription termination by a mechanism that involves Rho binding to the nascent RNA, activation of Rho's RNA-dependent ATPase activity, and release of the mRNA from the DNA template"
"ko:K03628",3117.5797530119,0.149612927126488,0.0294495217388708,5.08031771969364,3.76804135832427e-07,0.000111232580897733,"k87_369007_3","COG1158@1|root,COG1158@2|Bacteria,1MUCF@1224|Proteobacteria,42M15@68525|delta/epsilon subdivisions,2WIQN@28221|Deltaproteobacteria","Facilitates transcription termination by a mechanism that involves Rho binding to the nascent RNA, activation of Rho's RNA-dependent ATPase activity, and release of the mRNA from the DNA template"
"ko:K03628",3117.5797530119,0.149612927126488,0.0294495217388708,5.08031771969364,3.76804135832427e-07,0.000111232580897733,"k87_369483_1","COG1158@1|root,COG1158@2|Bacteria,2GIWY@201174|Actinobacteria,4CQBF@84995|Rubrobacteria","Facilitates transcription termination by a mechanism that involves Rho binding to the nascent RNA, activation of Rho's RNA-dependent ATPase activity, and release of the mRNA from the DNA template"
"ko:K03628",3117.5797530119,0.149612927126488,0.0294495217388708,5.08031771969364,3.76804135832427e-07,0.000111232580897733,"k87_547053_1","COG1158@1|root,COG1158@2|Bacteria,1MUCF@1224|Proteobacteria,2TRB4@28211|Alphaproteobacteria,43HCC@69277|Phyllobacteriaceae","Facilitates transcription termination by a mechanism that involves Rho binding to the nascent RNA, activation of Rho's RNA-dependent ATPase activity, and release of the mRNA from the DNA template"
"ko:K03628",3117.5797530119,0.149612927126488,0.0294495217388708,5.08031771969364,3.76804135832427e-07,0.000111232580897733,"k87_776740_2","COG1158@1|root,COG1158@2|Bacteria,1MUCF@1224|Proteobacteria,2VJ2E@28216|Betaproteobacteria,372DQ@32003|Nitrosomonadales","Facilitates transcription termination by a mechanism that involves Rho binding to the nascent RNA, activation of Rho's RNA-dependent ATPase activity, and release of the mRNA from the DNA template"
"ko:K03628",3117.5797530119,0.149612927126488,0.0294495217388708,5.08031771969364,3.76804135832427e-07,0.000111232580897733,"k87_845088_7","COG1158@1|root,COG1158@2|Bacteria,1MUCF@1224|Proteobacteria,2TRB4@28211|Alphaproteobacteria,3EYP5@335928|Xanthobacteraceae","Facilitates transcription termination by a mechanism that involves Rho binding to the nascent RNA, activation of Rho's RNA-dependent ATPase activity, and release of the mRNA from the DNA template"
"ko:K03628",3117.5797530119,0.149612927126488,0.0294495217388708,5.08031771969364,3.76804135832427e-07,0.000111232580897733,"k87_887357_1","COG1158@1|root,COG1158@2|Bacteria,1MUCF@1224|Proteobacteria,2TRB4@28211|Alphaproteobacteria,1JQRP@119045|Methylobacteriaceae","Facilitates transcription termination by a mechanism that involves Rho binding to the nascent RNA, activation of Rho's RNA-dependent ATPase activity, and release of the mRNA from the DNA template"
"ko:K03628",3117.5797530119,0.149612927126488,0.0294495217388708,5.08031771969364,3.76804135832427e-07,0.000111232580897733,"k87_977473_2","COG1158@1|root,COG1158@2|Bacteria,1MUCF@1224|Proteobacteria,2TRB4@28211|Alphaproteobacteria,2K1UD@204457|Sphingomonadales","Facilitates transcription termination by a mechanism that involves Rho binding to the nascent RNA, activation of Rho's RNA-dependent ATPase activity, and release of the mRNA from the DNA template"
"ko:K03628",3117.5797530119,0.149612927126488,0.0294495217388708,5.08031771969364,3.76804135832427e-07,0.000111232580897733,"k87_1020747_1","COG1158@1|root,COG1158@2|Bacteria,2GIWY@201174|Actinobacteria,4CQBF@84995|Rubrobacteria","Facilitates transcription termination by a mechanism that involves Rho binding to the nascent RNA, activation of Rho's RNA-dependent ATPase activity, and release of the mRNA from the DNA template"
"ko:K03628",3117.5797530119,0.149612927126488,0.0294495217388708,5.08031771969364,3.76804135832427e-07,0.000111232580897733,"k87_1080519_3","COG1158@1|root,COG1158@2|Bacteria,3J0BK@40117|Nitrospirae","Facilitates transcription termination by a mechanism that involves Rho binding to the nascent RNA, activation of Rho's RNA-dependent ATPase activity, and release of the mRNA from the DNA template"
"ko:K03628",3117.5797530119,0.149612927126488,0.0294495217388708,5.08031771969364,3.76804135832427e-07,0.000111232580897733,"k87_1213112_1","COG1158@1|root,COG1158@2|Bacteria,1MUCF@1224|Proteobacteria,2TRB4@28211|Alphaproteobacteria,2K1UD@204457|Sphingomonadales","Facilitates transcription termination by a mechanism that involves Rho binding to the nascent RNA, activation of Rho's RNA-dependent ATPase activity, and release of the mRNA from the DNA template"
"ko:K03628",3117.5797530119,0.149612927126488,0.0294495217388708,5.08031771969364,3.76804135832427e-07,0.000111232580897733,"k87_1405715_1","COG1158@1|root,COG1158@2|Bacteria,3Y2V3@57723|Acidobacteria,2JHRC@204432|Acidobacteriia","Facilitates transcription termination by a mechanism that involves Rho binding to the nascent RNA, activation of Rho's RNA-dependent ATPase activity, and release of the mRNA from the DNA template"
"ko:K03628",3117.5797530119,0.149612927126488,0.0294495217388708,5.08031771969364,3.76804135832427e-07,0.000111232580897733,"k87_1431674_1","COG1158@1|root,COG1158@2|Bacteria,1MUCF@1224|Proteobacteria,1RP95@1236|Gammaproteobacteria,1XHZA@135619|Oceanospirillales","Facilitates transcription termination by a mechanism that involves Rho binding to the nascent RNA, activation of Rho's RNA-dependent ATPase activity, and release of the mRNA from the DNA template"
"ko:K03628",3117.5797530119,0.149612927126488,0.0294495217388708,5.08031771969364,3.76804135832427e-07,0.000111232580897733,"k87_1482905_1","COG1158@1|root,COG1158@2|Bacteria,46S5Y@74201|Verrucomicrobia,2ITR1@203494|Verrucomicrobiae","Facilitates transcription termination by a mechanism that involves Rho binding to the nascent RNA, activation of Rho's RNA-dependent ATPase activity, and release of the mRNA from the DNA template"
"ko:K03628",3117.5797530119,0.149612927126488,0.0294495217388708,5.08031771969364,3.76804135832427e-07,0.000111232580897733,"k87_1487566_3","COG1158@1|root,COG1158@2|Bacteria,1MUCF@1224|Proteobacteria,2TRB4@28211|Alphaproteobacteria,3FCTH@34008|Rhodovulum","Facilitates transcription termination by a mechanism that involves Rho binding to the nascent RNA, activation of Rho's RNA-dependent ATPase activity, and release of the mRNA from the DNA template"
"ko:K03628",3117.5797530119,0.149612927126488,0.0294495217388708,5.08031771969364,3.76804135832427e-07,0.000111232580897733,"k87_1607476_3","COG1158@1|root,COG1158@2|Bacteria,1MUCF@1224|Proteobacteria,2TRB4@28211|Alphaproteobacteria,3FCTH@34008|Rhodovulum","Facilitates transcription termination by a mechanism that involves Rho binding to the nascent RNA, activation of Rho's RNA-dependent ATPase activity, and release of the mRNA from the DNA template"
"ko:K03628",3117.5797530119,0.149612927126488,0.0294495217388708,5.08031771969364,3.76804135832427e-07,0.000111232580897733,"k87_1754602_1","COG1158@1|root,COG1158@2|Bacteria,2GIWY@201174|Actinobacteria,4F403@85017|Promicromonosporaceae","Facilitates transcription termination by a mechanism that involves Rho binding to the nascent RNA, activation of Rho's RNA-dependent ATPase activity, and release of the mRNA from the DNA template"
"ko:K03628",3117.5797530119,0.149612927126488,0.0294495217388708,5.08031771969364,3.76804135832427e-07,0.000111232580897733,"k87_1776164_1","COG1158@1|root,COG1158@2|Bacteria,1MUCF@1224|Proteobacteria,2TRB4@28211|Alphaproteobacteria,3JQY5@41294|Bradyrhizobiaceae","Facilitates transcription termination by a mechanism that involves Rho binding to the nascent RNA, activation of Rho's RNA-dependent ATPase activity, and release of the mRNA from the DNA template"
"ko:K03628",3117.5797530119,0.149612927126488,0.0294495217388708,5.08031771969364,3.76804135832427e-07,0.000111232580897733,"k87_1834285_1","COG1158@1|root,COG1158@2|Bacteria,2GIWY@201174|Actinobacteria,4CQBF@84995|Rubrobacteria","Facilitates transcription termination by a mechanism that involves Rho binding to the nascent RNA, activation of Rho's RNA-dependent ATPase activity, and release of the mRNA from the DNA template"
"ko:K03628",3117.5797530119,0.149612927126488,0.0294495217388708,5.08031771969364,3.76804135832427e-07,0.000111232580897733,"k87_1870301_2","COG1158@1|root,COG1158@2|Bacteria,3J0BK@40117|Nitrospirae","Facilitates transcription termination by a mechanism that involves Rho binding to the nascent RNA, activation of Rho's RNA-dependent ATPase activity, and release of the mRNA from the DNA template"
"ko:K03628",3117.5797530119,0.149612927126488,0.0294495217388708,5.08031771969364,3.76804135832427e-07,0.000111232580897733,"k87_2151446_2","COG1158@1|root,COG1158@2|Bacteria,2GIWY@201174|Actinobacteria,4CMS7@84992|Acidimicrobiia","Facilitates transcription termination by a mechanism that involves Rho binding to the nascent RNA, activation of Rho's RNA-dependent ATPase activity, and release of the mRNA from the DNA template"
"ko:K03628",3117.5797530119,0.149612927126488,0.0294495217388708,5.08031771969364,3.76804135832427e-07,0.000111232580897733,"k87_2510842_1","COG1158@1|root,COG1158@2|Bacteria,1MUCF@1224|Proteobacteria,2VJ2E@28216|Betaproteobacteria,4723K@75682|Oxalobacteraceae","Facilitates transcription termination by a mechanism that involves Rho binding to the nascent RNA, activation of Rho's RNA-dependent ATPase activity, and release of the mRNA from the DNA template"
"ko:K03628",3117.5797530119,0.149612927126488,0.0294495217388708,5.08031771969364,3.76804135832427e-07,0.000111232580897733,"k87_2672235_9","COG1158@1|root,COG1158@2|Bacteria,1MUCF@1224|Proteobacteria,42M15@68525|delta/epsilon subdivisions,2WIQN@28221|Deltaproteobacteria","Facilitates transcription termination by a mechanism that involves Rho binding to the nascent RNA, activation of Rho's RNA-dependent ATPase activity, and release of the mRNA from the DNA template"
"ko:K03628",3117.5797530119,0.149612927126488,0.0294495217388708,5.08031771969364,3.76804135832427e-07,0.000111232580897733,"k87_2750522_1","COG1158@1|root,COG1158@2|Bacteria,1MUCF@1224|Proteobacteria,2VJ2E@28216|Betaproteobacteria,1KJE2@119065|unclassified Burkholderiales","Facilitates transcription termination by a mechanism that involves Rho binding to the nascent RNA, activation of Rho's RNA-dependent ATPase activity, and release of the mRNA from the DNA template"
"ko:K03628",3117.5797530119,0.149612927126488,0.0294495217388708,5.08031771969364,3.76804135832427e-07,0.000111232580897733,"k87_2783888_1","COG1158@1|root,COG1158@2|Bacteria,1TPHZ@1239|Firmicutes,4H9XB@91061|Bacilli,26Q9E@186822|Paenibacillaceae","Facilitates transcription termination by a mechanism that involves Rho binding to the nascent RNA, activation of Rho's RNA-dependent ATPase activity, and release of the mRNA from the DNA template"
"ko:K03628",3117.5797530119,0.149612927126488,0.0294495217388708,5.08031771969364,3.76804135832427e-07,0.000111232580897733,"k87_2923752_1","COG1158@1|root,COG1158@2|Bacteria,2GIWY@201174|Actinobacteria,4CMS7@84992|Acidimicrobiia","Facilitates transcription termination by a mechanism that involves Rho binding to the nascent RNA, activation of Rho's RNA-dependent ATPase activity, and release of the mRNA from the DNA template"
"ko:K03628",3117.5797530119,0.149612927126488,0.0294495217388708,5.08031771969364,3.76804135832427e-07,0.000111232580897733,"k87_2929389_1","COG1158@1|root,COG1158@2|Bacteria,1MUCF@1224|Proteobacteria,2TRB4@28211|Alphaproteobacteria","Facilitates transcription termination by a mechanism that involves Rho binding to the nascent RNA, activation of Rho's RNA-dependent ATPase activity, and release of the mRNA from the DNA template"
"ko:K03628",3117.5797530119,0.149612927126488,0.0294495217388708,5.08031771969364,3.76804135832427e-07,0.000111232580897733,"k87_3035133_1","COG1158@1|root,COG1158@2|Bacteria,1MUCF@1224|Proteobacteria,2VJ2E@28216|Betaproteobacteria,4ABJZ@80864|Comamonadaceae","Facilitates transcription termination by a mechanism that involves Rho binding to the nascent RNA, activation of Rho's RNA-dependent ATPase activity, and release of the mRNA from the DNA template"
"ko:K03628",3117.5797530119,0.149612927126488,0.0294495217388708,5.08031771969364,3.76804135832427e-07,0.000111232580897733,"k87_3091488_1","COG1158@1|root,COG1158@2|Bacteria,3Y2V3@57723|Acidobacteria,2JHRC@204432|Acidobacteriia","Facilitates transcription termination by a mechanism that involves Rho binding to the nascent RNA, activation of Rho's RNA-dependent ATPase activity, and release of the mRNA from the DNA template"
"ko:K03628",3117.5797530119,0.149612927126488,0.0294495217388708,5.08031771969364,3.76804135832427e-07,0.000111232580897733,"k87_3227290_3","COG1158@1|root,COG1158@2|Bacteria,1MUCF@1224|Proteobacteria,2TRB4@28211|Alphaproteobacteria,3JQY5@41294|Bradyrhizobiaceae","Facilitates transcription termination by a mechanism that involves Rho binding to the nascent RNA, activation of Rho's RNA-dependent ATPase activity, and release of the mRNA from the DNA template"
"ko:K03628",3117.5797530119,0.149612927126488,0.0294495217388708,5.08031771969364,3.76804135832427e-07,0.000111232580897733,"k87_3342139_2","COG1158@1|root,COG1158@2|Bacteria,1MUCF@1224|Proteobacteria,2VJ2E@28216|Betaproteobacteria,44VCZ@713636|Nitrosomonadales","Facilitates transcription termination by a mechanism that involves Rho binding to the nascent RNA, activation of Rho's RNA-dependent ATPase activity, and release of the mRNA from the DNA template"
"ko:K03628",3117.5797530119,0.149612927126488,0.0294495217388708,5.08031771969364,3.76804135832427e-07,0.000111232580897733,"k87_3412528_1","COG1158@1|root,COG1158@2|Bacteria,46TIH@74201|Verrucomicrobia,3K753@414999|Opitutae","Facilitates transcription termination by a mechanism that involves Rho binding to the nascent RNA, activation of Rho's RNA-dependent ATPase activity, and release of the mRNA from the DNA template"
"ko:K03628",3117.5797530119,0.149612927126488,0.0294495217388708,5.08031771969364,3.76804135832427e-07,0.000111232580897733,"k87_3429999_2","COG1158@1|root,COG1158@2|Bacteria,1MUCF@1224|Proteobacteria,42M15@68525|delta/epsilon subdivisions,2WIQN@28221|Deltaproteobacteria,2MQ9T@213462|Syntrophobacterales","Facilitates transcription termination by a mechanism that involves Rho binding to the nascent RNA, activation of Rho's RNA-dependent ATPase activity, and release of the mRNA from the DNA template"
"ko:K03628",3117.5797530119,0.149612927126488,0.0294495217388708,5.08031771969364,3.76804135832427e-07,0.000111232580897733,"k87_3534742_9","COG1158@1|root,COG1158@2|Bacteria,1MUCF@1224|Proteobacteria,2TRB4@28211|Alphaproteobacteria,3N6B0@45401|Hyphomicrobiaceae","Facilitates transcription termination by a mechanism that involves Rho binding to the nascent RNA, activation of Rho's RNA-dependent ATPase activity, and release of the mRNA from the DNA template"
"ko:K03628",3117.5797530119,0.149612927126488,0.0294495217388708,5.08031771969364,3.76804135832427e-07,0.000111232580897733,"k87_3566165_1","COG1158@1|root,COG1158@2|Bacteria,1MUCF@1224|Proteobacteria,1RP95@1236|Gammaproteobacteria,1X3B9@135614|Xanthomonadales","Facilitates transcription termination by a mechanism that involves Rho binding to the nascent RNA, activation of Rho's RNA-dependent ATPase activity, and release of the mRNA from the DNA template"
"ko:K03628",3117.5797530119,0.149612927126488,0.0294495217388708,5.08031771969364,3.76804135832427e-07,0.000111232580897733,"k87_3671397_4","COG1158@1|root,COG1158@2|Bacteria,3J0BK@40117|Nitrospirae","Facilitates transcription termination by a mechanism that involves Rho binding to the nascent RNA, activation of Rho's RNA-dependent ATPase activity, and release of the mRNA from the DNA template"
"ko:K03628",3117.5797530119,0.149612927126488,0.0294495217388708,5.08031771969364,3.76804135832427e-07,0.000111232580897733,"k87_3678858_1","COG1158@1|root,COG1158@2|Bacteria,2G5UQ@200795|Chloroflexi,27Y0Z@189775|Thermomicrobia","Facilitates transcription termination by a mechanism that involves Rho binding to the nascent RNA, activation of Rho's RNA-dependent ATPase activity, and release of the mRNA from the DNA template"
"ko:K03628",3117.5797530119,0.149612927126488,0.0294495217388708,5.08031771969364,3.76804135832427e-07,0.000111232580897733,"k87_3878924_4","COG1158@1|root,COG1158@2|Bacteria,46TIH@74201|Verrucomicrobia,3K753@414999|Opitutae","Facilitates transcription termination by a mechanism that involves Rho binding to the nascent RNA, activation of Rho's RNA-dependent ATPase activity, and release of the mRNA from the DNA template"
"ko:K03628",3117.5797530119,0.149612927126488,0.0294495217388708,5.08031771969364,3.76804135832427e-07,0.000111232580897733,"k87_3931861_1","COG1158@1|root,COG1158@2|Bacteria,1MUCF@1224|Proteobacteria,1RP95@1236|Gammaproteobacteria,3NJ6D@468|Moraxellaceae","Facilitates transcription termination by a mechanism that involves Rho binding to the nascent RNA, activation of Rho's RNA-dependent ATPase activity, and release of the mRNA from the DNA template"
"ko:K03628",3117.5797530119,0.149612927126488,0.0294495217388708,5.08031771969364,3.76804135832427e-07,0.000111232580897733,"k87_4035381_2","COG1158@1|root,COG1158@2|Bacteria,2GIYY@201174|Actinobacteria","Facilitates transcription termination by a mechanism that involves Rho binding to the nascent RNA, activation of Rho's RNA-dependent ATPase activity, and release of the mRNA from the DNA template"
"ko:K03628",3117.5797530119,0.149612927126488,0.0294495217388708,5.08031771969364,3.76804135832427e-07,0.000111232580897733,"k87_4177678_1","COG1158@1|root,COG1158@2|Bacteria,1MUCF@1224|Proteobacteria,2TRB4@28211|Alphaproteobacteria,3JQY5@41294|Bradyrhizobiaceae","Facilitates transcription termination by a mechanism that involves Rho binding to the nascent RNA, activation of Rho's RNA-dependent ATPase activity, and release of the mRNA from the DNA template"
"ko:K03628",3117.5797530119,0.149612927126488,0.0294495217388708,5.08031771969364,3.76804135832427e-07,0.000111232580897733,"k87_4361925_1","COG1158@1|root,COG1158@2|Bacteria,1MUCF@1224|Proteobacteria,2TRB4@28211|Alphaproteobacteria","Facilitates transcription termination by a mechanism that involves Rho binding to the nascent RNA, activation of Rho's RNA-dependent ATPase activity, and release of the mRNA from the DNA template"
"ko:K03628",3117.5797530119,0.149612927126488,0.0294495217388708,5.08031771969364,3.76804135832427e-07,0.000111232580897733,"k87_4559062_1","COG1158@1|root,COG1158@2|Bacteria,2GIWY@201174|Actinobacteria,4FM78@85023|Microbacteriaceae","Facilitates transcription termination by a mechanism that involves Rho binding to the nascent RNA, activation of Rho's RNA-dependent ATPase activity, and release of the mRNA from the DNA template"
"ko:K03628",3117.5797530119,0.149612927126488,0.0294495217388708,5.08031771969364,3.76804135832427e-07,0.000111232580897733,"k87_4867954_6","COG1158@1|root,COG1158@2|Bacteria,2GIWY@201174|Actinobacteria,4CMS7@84992|Acidimicrobiia","Facilitates transcription termination by a mechanism that involves Rho binding to the nascent RNA, activation of Rho's RNA-dependent ATPase activity, and release of the mRNA from the DNA template"
"ko:K03628",3117.5797530119,0.149612927126488,0.0294495217388708,5.08031771969364,3.76804135832427e-07,0.000111232580897733,"k87_4931084_1","COG1158@1|root,COG1158@2|Bacteria,1MUCF@1224|Proteobacteria,2TRB4@28211|Alphaproteobacteria,1JQRP@119045|Methylobacteriaceae","Facilitates transcription termination by a mechanism that involves Rho binding to the nascent RNA, activation of Rho's RNA-dependent ATPase activity, and release of the mRNA from the DNA template"
"ko:K03628",3117.5797530119,0.149612927126488,0.0294495217388708,5.08031771969364,3.76804135832427e-07,0.000111232580897733,"k87_5111399_2","COG1158@1|root,COG1158@2|Bacteria,1MUCF@1224|Proteobacteria,2VJ2E@28216|Betaproteobacteria,44VCZ@713636|Nitrosomonadales","Facilitates transcription termination by a mechanism that involves Rho binding to the nascent RNA, activation of Rho's RNA-dependent ATPase activity, and release of the mRNA from the DNA template"
"ko:K03628",3117.5797530119,0.149612927126488,0.0294495217388708,5.08031771969364,3.76804135832427e-07,0.000111232580897733,"k87_5212630_1","COG1158@1|root,COG1158@2|Bacteria,2GIWY@201174|Actinobacteria","Facilitates transcription termination by a mechanism that involves Rho binding to the nascent RNA, activation of Rho's RNA-dependent ATPase activity, and release of the mRNA from the DNA template"
"ko:K03628",3117.5797530119,0.149612927126488,0.0294495217388708,5.08031771969364,3.76804135832427e-07,0.000111232580897733,"k87_5332133_2","COG1158@1|root,COG1158@2|Bacteria,1TPHZ@1239|Firmicutes,247YK@186801|Clostridia,2PR1E@265975|Oribacterium","Facilitates transcription termination by a mechanism that involves Rho binding to the nascent RNA, activation of Rho's RNA-dependent ATPase activity, and release of the mRNA from the DNA template"
"ko:K03628",3117.5797530119,0.149612927126488,0.0294495217388708,5.08031771969364,3.76804135832427e-07,0.000111232580897733,"k87_5448549_1","COG1158@1|root,COG1158@2|Bacteria,1MUCF@1224|Proteobacteria,1RP95@1236|Gammaproteobacteria,1X3B9@135614|Xanthomonadales","Facilitates transcription termination by a mechanism that involves Rho binding to the nascent RNA, activation of Rho's RNA-dependent ATPase activity, and release of the mRNA from the DNA template"
"ko:K03628",3117.5797530119,0.149612927126488,0.0294495217388708,5.08031771969364,3.76804135832427e-07,0.000111232580897733,"k87_5530736_1","COG1158@1|root,COG1158@2|Bacteria,3Y2V3@57723|Acidobacteria","Facilitates transcription termination by a mechanism that involves Rho binding to the nascent RNA, activation of Rho's RNA-dependent ATPase activity, and release of the mRNA from the DNA template"
"ko:K03628",3117.5797530119,0.149612927126488,0.0294495217388708,5.08031771969364,3.76804135832427e-07,0.000111232580897733,"k87_5638338_3","COG1158@1|root,COG1158@2|Bacteria,1MUCF@1224|Proteobacteria,2TRB4@28211|Alphaproteobacteria,43HCC@69277|Phyllobacteriaceae","Facilitates transcription termination by a mechanism that involves Rho binding to the nascent RNA, activation of Rho's RNA-dependent ATPase activity, and release of the mRNA from the DNA template"
"ko:K03628",3117.5797530119,0.149612927126488,0.0294495217388708,5.08031771969364,3.76804135832427e-07,0.000111232580897733,"k87_5784643_2","COG1158@1|root,COG1158@2|Bacteria,2GIWY@201174|Actinobacteria,4DN0N@85009|Propionibacteriales","Facilitates transcription termination by a mechanism that involves Rho binding to the nascent RNA, activation of Rho's RNA-dependent ATPase activity, and release of the mRNA from the DNA template"
"ko:K03628",3117.5797530119,0.149612927126488,0.0294495217388708,5.08031771969364,3.76804135832427e-07,0.000111232580897733,"k87_6030374_2","COG1158@1|root,COG1158@2|Bacteria,2GIYY@201174|Actinobacteria","Facilitates transcription termination by a mechanism that involves Rho binding to the nascent RNA, activation of Rho's RNA-dependent ATPase activity, and release of the mRNA from the DNA template"
"ko:K03628",3117.5797530119,0.149612927126488,0.0294495217388708,5.08031771969364,3.76804135832427e-07,0.000111232580897733,"k87_6169253_3","COG1158@1|root,COG1158@2|Bacteria,1MUCF@1224|Proteobacteria,2TRB4@28211|Alphaproteobacteria,2K1UD@204457|Sphingomonadales","Facilitates transcription termination by a mechanism that involves Rho binding to the nascent RNA, activation of Rho's RNA-dependent ATPase activity, and release of the mRNA from the DNA template"
"ko:K03628",3117.5797530119,0.149612927126488,0.0294495217388708,5.08031771969364,3.76804135832427e-07,0.000111232580897733,"k87_6271007_1","COG1158@1|root,COG1158@2|Bacteria,3Y2V3@57723|Acidobacteria,2JHRC@204432|Acidobacteriia","Facilitates transcription termination by a mechanism that involves Rho binding to the nascent RNA, activation of Rho's RNA-dependent ATPase activity, and release of the mRNA from the DNA template"
"ko:K03628",3117.5797530119,0.149612927126488,0.0294495217388708,5.08031771969364,3.76804135832427e-07,0.000111232580897733,"k87_6374064_1","COG1158@1|root,COG1158@2|Bacteria,1MUCF@1224|Proteobacteria,2TRB4@28211|Alphaproteobacteria,2K1UD@204457|Sphingomonadales","Facilitates transcription termination by a mechanism that involves Rho binding to the nascent RNA, activation of Rho's RNA-dependent ATPase activity, and release of the mRNA from the DNA template"
"ko:K03628",3117.5797530119,0.149612927126488,0.0294495217388708,5.08031771969364,3.76804135832427e-07,0.000111232580897733,"k87_6578717_3","COG1158@1|root,COG1158@2|Bacteria,1MUCF@1224|Proteobacteria,2VJ2E@28216|Betaproteobacteria,4723K@75682|Oxalobacteraceae","Facilitates transcription termination by a mechanism that involves Rho binding to the nascent RNA, activation of Rho's RNA-dependent ATPase activity, and release of the mRNA from the DNA template"
"ko:K03628",3117.5797530119,0.149612927126488,0.0294495217388708,5.08031771969364,3.76804135832427e-07,0.000111232580897733,"k87_7016906_1","COG1158@1|root,COG1158@2|Bacteria,1MUCF@1224|Proteobacteria,2TRB4@28211|Alphaproteobacteria,3JQY5@41294|Bradyrhizobiaceae","Facilitates transcription termination by a mechanism that involves Rho binding to the nascent RNA, activation of Rho's RNA-dependent ATPase activity, and release of the mRNA from the DNA template"
"ko:K03704",1710.99691375817,0.152780617183294,0.0424577181051685,3.59841800270223,0.000320158757483989,0.0175020120757914,"k87_17920_2","COG1278@1|root,COG1278@2|Bacteria,1N5V3@1224|Proteobacteria,2UED5@28211|Alphaproteobacteria,4BFZW@82115|Rhizobiaceae","Cold shock"
"ko:K03704",1710.99691375817,0.152780617183294,0.0424577181051685,3.59841800270223,0.000320158757483989,0.0175020120757914,"k87_26383_2","COG1278@1|root,COG1278@2|Bacteria,1N6Q5@1224|Proteobacteria,2UF6W@28211|Alphaproteobacteria,3FEGI@34008|Rhodovulum","Ribonuclease B OB domain"
"ko:K03704",1710.99691375817,0.152780617183294,0.0424577181051685,3.59841800270223,0.000320158757483989,0.0175020120757914,"k87_55032_2","COG1278@1|root,COG1278@2|Bacteria,2GQRU@201174|Actinobacteria","Cold shock protein"
"ko:K03704",1710.99691375817,0.152780617183294,0.0424577181051685,3.59841800270223,0.000320158757483989,0.0175020120757914,"k87_117582_4","COG1278@1|root,COG1278@2|Bacteria,2IKXN@201174|Actinobacteria,238MD@1762|Mycobacteriaceae","Cold-shock'"
"ko:K03704",1710.99691375817,0.152780617183294,0.0424577181051685,3.59841800270223,0.000320158757483989,0.0175020120757914,"k87_141233_3","COG1278@1|root,COG1278@2|Bacteria,1N6Q5@1224|Proteobacteria,2UF6W@28211|Alphaproteobacteria","Cold shock"
"ko:K03704",1710.99691375817,0.152780617183294,0.0424577181051685,3.59841800270223,0.000320158757483989,0.0175020120757914,"k87_192860_4","COG1278@1|root,COG1278@2|Bacteria,1N6Q5@1224|Proteobacteria,2UF6W@28211|Alphaproteobacteria,4BG0X@82115|Rhizobiaceae","Cold shock"
"ko:K03704",1710.99691375817,0.152780617183294,0.0424577181051685,3.59841800270223,0.000320158757483989,0.0175020120757914,"k87_237934_4","COG1278@1|root,COG1278@2|Bacteria,1N6Q5@1224|Proteobacteria,2UF6W@28211|Alphaproteobacteria","Cold shock"
"ko:K03704",1710.99691375817,0.152780617183294,0.0424577181051685,3.59841800270223,0.000320158757483989,0.0175020120757914,"k87_371512_2","COG1278@1|root,COG1278@2|Bacteria,2GQRU@201174|Actinobacteria,4CTQS@84995|Rubrobacteria","Cold shock protein"
"ko:K03704",1710.99691375817,0.152780617183294,0.0424577181051685,3.59841800270223,0.000320158757483989,0.0175020120757914,"k87_401412_5","COG1278@1|root,COG1278@2|Bacteria,1RIH7@1224|Proteobacteria,2VCMG@28211|Alphaproteobacteria,4BGDA@82115|Rhizobiaceae","'Cold-shock' DNA-binding domain"
"ko:K03704",1710.99691375817,0.152780617183294,0.0424577181051685,3.59841800270223,0.000320158757483989,0.0175020120757914,"k87_546420_1","COG1278@1|root,COG1278@2|Bacteria,2GQRU@201174|Actinobacteria,4CQPR@84995|Rubrobacteria","Cold shock protein domain"
"ko:K03704",1710.99691375817,0.152780617183294,0.0424577181051685,3.59841800270223,0.000320158757483989,0.0175020120757914,"k87_594992_3","COG1278@1|root,COG1278@2|Bacteria,1N6Q5@1224|Proteobacteria,2UF6W@28211|Alphaproteobacteria,3K06Z@41294|Bradyrhizobiaceae","'Cold-shock' DNA-binding domain"
"ko:K03704",1710.99691375817,0.152780617183294,0.0424577181051685,3.59841800270223,0.000320158757483989,0.0175020120757914,"k87_636809_2","COG1278@1|root,COG1278@2|Bacteria,1N6Q5@1224|Proteobacteria,2UF6W@28211|Alphaproteobacteria,3FEGI@34008|Rhodovulum","Ribonuclease B OB domain"
"ko:K03704",1710.99691375817,0.152780617183294,0.0424577181051685,3.59841800270223,0.000320158757483989,0.0175020120757914,"k87_663872_1","COG1278@1|root,COG1278@2|Bacteria,2IKXN@201174|Actinobacteria,1W9DU@1268|Micrococcaceae","Cold shock protein domain"
"ko:K03704",1710.99691375817,0.152780617183294,0.0424577181051685,3.59841800270223,0.000320158757483989,0.0175020120757914,"k87_676518_4","COG1278@1|root,COG1278@2|Bacteria,2GQRU@201174|Actinobacteria,4CQPR@84995|Rubrobacteria","Cold shock protein domain"
"ko:K03704",1710.99691375817,0.152780617183294,0.0424577181051685,3.59841800270223,0.000320158757483989,0.0175020120757914,"k87_721349_2","COG1278@1|root,COG1278@2|Bacteria,1Q07M@1224|Proteobacteria,2UV3T@28211|Alphaproteobacteria","Ribonuclease B OB domain"
"ko:K03704",1710.99691375817,0.152780617183294,0.0424577181051685,3.59841800270223,0.000320158757483989,0.0175020120757914,"k87_753365_3","COG1278@1|root,COG1278@2|Bacteria,1N6Q5@1224|Proteobacteria,2UF6W@28211|Alphaproteobacteria,3K06Z@41294|Bradyrhizobiaceae","'Cold-shock' DNA-binding domain"
"ko:K03704",1710.99691375817,0.152780617183294,0.0424577181051685,3.59841800270223,0.000320158757483989,0.0175020120757914,"k87_764961_6","COG1278@1|root,COG1278@2|Bacteria,2IKXN@201174|Actinobacteria,4DQZ2@85009|Propionibacteriales","Cold shock protein domain"
"ko:K03704",1710.99691375817,0.152780617183294,0.0424577181051685,3.59841800270223,0.000320158757483989,0.0175020120757914,"k87_765608_1","COG1278@1|root,COG1278@2|Bacteria,2GQRU@201174|Actinobacteria","Cold shock protein"
"ko:K03704",1710.99691375817,0.152780617183294,0.0424577181051685,3.59841800270223,0.000320158757483989,0.0175020120757914,"k87_779710_1","COG1278@1|root,COG1278@2|Bacteria,1RAUE@1224|Proteobacteria,2U0S7@28211|Alphaproteobacteria,3JS7P@41294|Bradyrhizobiaceae","Cold shock protein domain"
"ko:K03704",1710.99691375817,0.152780617183294,0.0424577181051685,3.59841800270223,0.000320158757483989,0.0175020120757914,"k87_802941_2","COG1278@1|root,COG1278@2|Bacteria,1N6Q5@1224|Proteobacteria,2U8YK@28211|Alphaproteobacteria","Cold shock"
"ko:K03704",1710.99691375817,0.152780617183294,0.0424577181051685,3.59841800270223,0.000320158757483989,0.0175020120757914,"k87_807352_4","COG1278@1|root,COG1278@2|Bacteria,1RAUE@1224|Proteobacteria,2U0S7@28211|Alphaproteobacteria,3FDFH@34008|Rhodovulum","Cold shock protein domain"
"ko:K03704",1710.99691375817,0.152780617183294,0.0424577181051685,3.59841800270223,0.000320158757483989,0.0175020120757914,"k87_854850_1","COG1278@1|root,COG1278@2|Bacteria,2GQRU@201174|Actinobacteria,4ETAA@85013|Frankiales","Cold shock protein"
"ko:K03704",1710.99691375817,0.152780617183294,0.0424577181051685,3.59841800270223,0.000320158757483989,0.0175020120757914,"k87_881660_2","COG1278@1|root,COG1278@2|Bacteria,2GQRU@201174|Actinobacteria,4CQPR@84995|Rubrobacteria","Cold shock protein domain"
"ko:K03704",1710.99691375817,0.152780617183294,0.0424577181051685,3.59841800270223,0.000320158757483989,0.0175020120757914,"k87_961021_3","COG1278@1|root,COG1278@2|Bacteria,1RAUE@1224|Proteobacteria,2U0S7@28211|Alphaproteobacteria,3FDFH@34008|Rhodovulum","Cold shock protein domain"
"ko:K03704",1710.99691375817,0.152780617183294,0.0424577181051685,3.59841800270223,0.000320158757483989,0.0175020120757914,"k87_1036288_2","COG1278@1|root,COG1278@2|Bacteria","Cold shock"
"ko:K03704",1710.99691375817,0.152780617183294,0.0424577181051685,3.59841800270223,0.000320158757483989,0.0175020120757914,"k87_1057371_1","COG1278@1|root,COG1278@2|Bacteria,1VEE0@1239|Firmicutes,24QJE@186801|Clostridia,3WKT9@541000|Ruminococcaceae","'Cold-shock' DNA-binding domain"
"ko:K03704",1710.99691375817,0.152780617183294,0.0424577181051685,3.59841800270223,0.000320158757483989,0.0175020120757914,"k87_1069030_3","COG1278@1|root,COG1278@2|Bacteria,1N6Q5@1224|Proteobacteria,2UF6W@28211|Alphaproteobacteria,1JVR4@119045|Methylobacteriaceae","SMART Cold shock protein"
"ko:K03704",1710.99691375817,0.152780617183294,0.0424577181051685,3.59841800270223,0.000320158757483989,0.0175020120757914,"k87_1089962_1","COG1278@1|root,COG1278@2|Bacteria,1N6Q5@1224|Proteobacteria,1SCA7@1236|Gammaproteobacteria,1X8KE@135614|Xanthomonadales","COG1278 Cold shock proteins"
"ko:K03704",1710.99691375817,0.152780617183294,0.0424577181051685,3.59841800270223,0.000320158757483989,0.0175020120757914,"k87_1090380_2","COG1278@1|root,COG1278@2|Bacteria,2IKXN@201174|Actinobacteria,4DQZ2@85009|Propionibacteriales","Cold shock protein domain"
"ko:K03704",1710.99691375817,0.152780617183294,0.0424577181051685,3.59841800270223,0.000320158757483989,0.0175020120757914,"k87_1116844_4","COG1278@1|root,COG1278@2|Bacteria,1RAUE@1224|Proteobacteria,2U0S7@28211|Alphaproteobacteria","Cold shock"
"ko:K03704",1710.99691375817,0.152780617183294,0.0424577181051685,3.59841800270223,0.000320158757483989,0.0175020120757914,"k87_1116862_2","COG1278@1|root,COG1278@2|Bacteria,2IKXN@201174|Actinobacteria,4DQZ2@85009|Propionibacteriales","Cold shock protein domain"
"ko:K03704",1710.99691375817,0.152780617183294,0.0424577181051685,3.59841800270223,0.000320158757483989,0.0175020120757914,"k87_1205017_4","COG1278@1|root,COG1278@2|Bacteria,1N6Q5@1224|Proteobacteria,2UF6W@28211|Alphaproteobacteria,3K06Z@41294|Bradyrhizobiaceae","'Cold-shock' DNA-binding domain"
"ko:K03704",1710.99691375817,0.152780617183294,0.0424577181051685,3.59841800270223,0.000320158757483989,0.0175020120757914,"k87_1265997_2","COG1278@1|root,COG1278@2|Bacteria,1N6Q5@1224|Proteobacteria,2VVTG@28216|Betaproteobacteria,2KRPH@206351|Neisseriales","Cold-shock DNA-binding domain protein"
"ko:K03704",1710.99691375817,0.152780617183294,0.0424577181051685,3.59841800270223,0.000320158757483989,0.0175020120757914,"k87_1283000_3","COG1278@1|root,COG1278@2|Bacteria,1RAUE@1224|Proteobacteria,2U0S7@28211|Alphaproteobacteria,43I4N@69277|Phyllobacteriaceae","Cold-shock"
"ko:K03704",1710.99691375817,0.152780617183294,0.0424577181051685,3.59841800270223,0.000320158757483989,0.0175020120757914,"k87_1294501_3","COG1278@1|root,COG1278@2|Bacteria,2GQRU@201174|Actinobacteria,4CQPR@84995|Rubrobacteria","Cold shock protein domain"
"ko:K03704",1710.99691375817,0.152780617183294,0.0424577181051685,3.59841800270223,0.000320158757483989,0.0175020120757914,"k87_1362236_2","COG1278@1|root,COG1278@2|Bacteria,1N6Q5@1224|Proteobacteria,2UF6W@28211|Alphaproteobacteria,1JY73@119045|Methylobacteriaceae","PFAM 'Cold-shock' DNA-binding domain"
"ko:K03704",1710.99691375817,0.152780617183294,0.0424577181051685,3.59841800270223,0.000320158757483989,0.0175020120757914,"k87_1392860_1","COG1278@1|root,COG1278@2|Bacteria,1RAUE@1224|Proteobacteria,2U0S7@28211|Alphaproteobacteria,3JS7P@41294|Bradyrhizobiaceae","Cold shock protein domain"
"ko:K03704",1710.99691375817,0.152780617183294,0.0424577181051685,3.59841800270223,0.000320158757483989,0.0175020120757914,"k87_1435250_3","COG1278@1|root,COG1278@2|Bacteria,1N6Q5@1224|Proteobacteria,2UF6W@28211|Alphaproteobacteria,2K5Z5@204457|Sphingomonadales","Cold-shock protein"
"ko:K03704",1710.99691375817,0.152780617183294,0.0424577181051685,3.59841800270223,0.000320158757483989,0.0175020120757914,"k87_1484891_3","COG1278@1|root,COG1278@2|Bacteria,1N6Q5@1224|Proteobacteria,2VVTG@28216|Betaproteobacteria,1KMN9@119065|unclassified Burkholderiales","'Cold-shock' DNA-binding domain"
"ko:K03704",1710.99691375817,0.152780617183294,0.0424577181051685,3.59841800270223,0.000320158757483989,0.0175020120757914,"k87_1520731_1","COG1278@1|root,COG1278@2|Bacteria,1N6Q5@1224|Proteobacteria,2VVTG@28216|Betaproteobacteria,1KMII@119065|unclassified Burkholderiales","Cold shock protein"
"ko:K03704",1710.99691375817,0.152780617183294,0.0424577181051685,3.59841800270223,0.000320158757483989,0.0175020120757914,"k87_1588592_4","COG1278@1|root,COG1278@2|Bacteria,2GQRU@201174|Actinobacteria,4CTQS@84995|Rubrobacteria","Cold shock protein"
"ko:K03704",1710.99691375817,0.152780617183294,0.0424577181051685,3.59841800270223,0.000320158757483989,0.0175020120757914,"k87_1628658_3","COG1278@1|root,COG1278@2|Bacteria,1N6Q5@1224|Proteobacteria,2UF6W@28211|Alphaproteobacteria","Cold shock"
"ko:K03704",1710.99691375817,0.152780617183294,0.0424577181051685,3.59841800270223,0.000320158757483989,0.0175020120757914,"k87_1746095_2","COG1278@1|root,COG1278@2|Bacteria,1N6Q5@1224|Proteobacteria,2UF6W@28211|Alphaproteobacteria,3K06Z@41294|Bradyrhizobiaceae","'Cold-shock' DNA-binding domain"
"ko:K03704",1710.99691375817,0.152780617183294,0.0424577181051685,3.59841800270223,0.000320158757483989,0.0175020120757914,"k87_1833284_3","COG1278@1|root,COG1278@2|Bacteria,1N6Q5@1224|Proteobacteria,2UF6W@28211|Alphaproteobacteria,2K5Z5@204457|Sphingomonadales","Cold-shock protein"
"ko:K03704",1710.99691375817,0.152780617183294,0.0424577181051685,3.59841800270223,0.000320158757483989,0.0175020120757914,"k87_1846646_2","COG1278@1|root,COG1278@2|Bacteria,2GQRU@201174|Actinobacteria,2NJGP@228398|Streptacidiphilus","'Cold-shock' DNA-binding domain"
"ko:K03704",1710.99691375817,0.152780617183294,0.0424577181051685,3.59841800270223,0.000320158757483989,0.0175020120757914,"k87_1981921_1","COG1278@1|root,COG1278@2|Bacteria,1N6Q5@1224|Proteobacteria,2UF6W@28211|Alphaproteobacteria","Cold shock"
"ko:K03704",1710.99691375817,0.152780617183294,0.0424577181051685,3.59841800270223,0.000320158757483989,0.0175020120757914,"k87_2096061_7","COG1278@1|root,COG1278@2|Bacteria,1N6Q5@1224|Proteobacteria,2UF6W@28211|Alphaproteobacteria,1JPE6@119043|Rhodobiaceae","Cold shock protein domain"
"ko:K03704",1710.99691375817,0.152780617183294,0.0424577181051685,3.59841800270223,0.000320158757483989,0.0175020120757914,"k87_2206824_1","COG1278@1|root,COG1278@2|Bacteria,2GQRU@201174|Actinobacteria,4CTQS@84995|Rubrobacteria","Cold shock protein"
"ko:K03704",1710.99691375817,0.152780617183294,0.0424577181051685,3.59841800270223,0.000320158757483989,0.0175020120757914,"k87_2243214_2","COG1278@1|root,COG1278@2|Bacteria,1N6Q5@1224|Proteobacteria,2UF6W@28211|Alphaproteobacteria","Cold shock"
"ko:K03704",1710.99691375817,0.152780617183294,0.0424577181051685,3.59841800270223,0.000320158757483989,0.0175020120757914,"k87_2286535_2","COG1278@1|root,COG1278@2|Bacteria,2GQRU@201174|Actinobacteria,4CTQS@84995|Rubrobacteria","Cold shock protein"
"ko:K03704",1710.99691375817,0.152780617183294,0.0424577181051685,3.59841800270223,0.000320158757483989,0.0175020120757914,"k87_2420709_1","COG1278@1|root,COG1278@2|Bacteria,2GQRU@201174|Actinobacteria,4FPW8@85023|Microbacteriaceae","Cold shock protein domain"
"ko:K03704",1710.99691375817,0.152780617183294,0.0424577181051685,3.59841800270223,0.000320158757483989,0.0175020120757914,"k87_2496547_3","COG1278@1|root,COG1278@2|Bacteria,2IKXN@201174|Actinobacteria,4DQZ2@85009|Propionibacteriales","Cold shock protein domain"
"ko:K03704",1710.99691375817,0.152780617183294,0.0424577181051685,3.59841800270223,0.000320158757483989,0.0175020120757914,"k87_2550695_6","COG1278@1|root,COG1278@2|Bacteria,3J0QZ@40117|Nitrospirae","'Cold-shock' DNA-binding domain"
"ko:K03704",1710.99691375817,0.152780617183294,0.0424577181051685,3.59841800270223,0.000320158757483989,0.0175020120757914,"k87_2579687_2","COG1278@1|root,COG1278@2|Bacteria,1N6Q5@1224|Proteobacteria,2UF6W@28211|Alphaproteobacteria","Cold shock"
"ko:K03704",1710.99691375817,0.152780617183294,0.0424577181051685,3.59841800270223,0.000320158757483989,0.0175020120757914,"k87_2654072_2","COG1278@1|root,COG1278@2|Bacteria,2GQRU@201174|Actinobacteria,4DF84@85008|Micromonosporales","PFAM Cold-shock protein, DNA-binding"
"ko:K03704",1710.99691375817,0.152780617183294,0.0424577181051685,3.59841800270223,0.000320158757483989,0.0175020120757914,"k87_2656700_1","COG1278@1|root,COG1278@2|Bacteria,1RAUE@1224|Proteobacteria,2U0S7@28211|Alphaproteobacteria","Cold shock"
"ko:K03704",1710.99691375817,0.152780617183294,0.0424577181051685,3.59841800270223,0.000320158757483989,0.0175020120757914,"k87_2669570_4","COG1278@1|root,COG1278@2|Bacteria,1N6Q5@1224|Proteobacteria,42V0K@68525|delta/epsilon subdivisions,2WQ3M@28221|Deltaproteobacteria","cold-shock protein"
"ko:K03704",1710.99691375817,0.152780617183294,0.0424577181051685,3.59841800270223,0.000320158757483989,0.0175020120757914,"k87_2800928_3","COG1278@1|root,COG1278@2|Bacteria,1N6Q5@1224|Proteobacteria,2UF6W@28211|Alphaproteobacteria,43M29@69277|Phyllobacteriaceae","Cold shock protein"
"ko:K03704",1710.99691375817,0.152780617183294,0.0424577181051685,3.59841800270223,0.000320158757483989,0.0175020120757914,"k87_2842461_1","COG1278@1|root,COG1278@2|Bacteria,1N6Q5@1224|Proteobacteria,2UF6W@28211|Alphaproteobacteria,43M29@69277|Phyllobacteriaceae","Cold shock protein"
"ko:K03704",1710.99691375817,0.152780617183294,0.0424577181051685,3.59841800270223,0.000320158757483989,0.0175020120757914,"k87_2849999_4","COG1278@1|root,COG1278@2|Bacteria,1N6Q5@1224|Proteobacteria,42V0K@68525|delta/epsilon subdivisions,2WQ3M@28221|Deltaproteobacteria","cold-shock protein"
"ko:K03704",1710.99691375817,0.152780617183294,0.0424577181051685,3.59841800270223,0.000320158757483989,0.0175020120757914,"k87_2874059_1","COG1278@1|root,COG1278@2|Bacteria,2GQRU@201174|Actinobacteria,4CTQS@84995|Rubrobacteria","Cold shock protein"
"ko:K03704",1710.99691375817,0.152780617183294,0.0424577181051685,3.59841800270223,0.000320158757483989,0.0175020120757914,"k87_2911538_4","COG1278@1|root,COG1278@2|Bacteria,1N6Q5@1224|Proteobacteria,2UF6W@28211|Alphaproteobacteria","Cold shock"
"ko:K03704",1710.99691375817,0.152780617183294,0.0424577181051685,3.59841800270223,0.000320158757483989,0.0175020120757914,"k87_2948210_3","COG1278@1|root,COG1278@2|Bacteria,1N6Q5@1224|Proteobacteria","Cold shock"
"ko:K03704",1710.99691375817,0.152780617183294,0.0424577181051685,3.59841800270223,0.000320158757483989,0.0175020120757914,"k87_3009367_2","COG1278@1|root,COG1278@2|Bacteria,1N6Q5@1224|Proteobacteria,2UF6W@28211|Alphaproteobacteria","Cold shock"
"ko:K03704",1710.99691375817,0.152780617183294,0.0424577181051685,3.59841800270223,0.000320158757483989,0.0175020120757914,"k87_3022826_2","COG1278@1|root,COG1278@2|Bacteria,1N6Q5@1224|Proteobacteria,2UF6W@28211|Alphaproteobacteria,3K06Z@41294|Bradyrhizobiaceae","'Cold-shock' DNA-binding domain"
"ko:K03704",1710.99691375817,0.152780617183294,0.0424577181051685,3.59841800270223,0.000320158757483989,0.0175020120757914,"k87_3049525_4","COG1278@1|root,COG1278@2|Bacteria,2GQRU@201174|Actinobacteria","Cold shock protein"
"ko:K03704",1710.99691375817,0.152780617183294,0.0424577181051685,3.59841800270223,0.000320158757483989,0.0175020120757914,"k87_3051661_1","COG1278@1|root,COG1278@2|Bacteria","Cold shock"
"ko:K03704",1710.99691375817,0.152780617183294,0.0424577181051685,3.59841800270223,0.000320158757483989,0.0175020120757914,"k87_3189240_3","COG1278@1|root,COG1278@2|Bacteria,1N6Q5@1224|Proteobacteria,2VVTG@28216|Betaproteobacteria,1K98H@119060|Burkholderiaceae","SMART Cold shock protein"
"ko:K03704",1710.99691375817,0.152780617183294,0.0424577181051685,3.59841800270223,0.000320158757483989,0.0175020120757914,"k87_3273973_2","COG1278@1|root,COG1278@2|Bacteria,1N6Q5@1224|Proteobacteria,2UF6W@28211|Alphaproteobacteria","Cold shock"
"ko:K03704",1710.99691375817,0.152780617183294,0.0424577181051685,3.59841800270223,0.000320158757483989,0.0175020120757914,"k87_3275119_3","COG1278@1|root,COG1278@2|Bacteria","Cold shock"
"ko:K03704",1710.99691375817,0.152780617183294,0.0424577181051685,3.59841800270223,0.000320158757483989,0.0175020120757914,"k87_3293396_6","COG1278@1|root,COG1278@2|Bacteria,1N6Q5@1224|Proteobacteria,2UF6W@28211|Alphaproteobacteria,1JY73@119045|Methylobacteriaceae","PFAM 'Cold-shock' DNA-binding domain"
"ko:K03704",1710.99691375817,0.152780617183294,0.0424577181051685,3.59841800270223,0.000320158757483989,0.0175020120757914,"k87_3418977_2","COG1278@1|root,COG1278@2|Bacteria,2GQRU@201174|Actinobacteria,1WA1P@1268|Micrococcaceae","'Cold-shock' DNA-binding domain"
"ko:K03704",1710.99691375817,0.152780617183294,0.0424577181051685,3.59841800270223,0.000320158757483989,0.0175020120757914,"k87_3443541_2","COG1278@1|root,COG1278@2|Bacteria,2GQRU@201174|Actinobacteria,4CQPR@84995|Rubrobacteria","Cold shock protein domain"
"ko:K03704",1710.99691375817,0.152780617183294,0.0424577181051685,3.59841800270223,0.000320158757483989,0.0175020120757914,"k87_3463644_1","COG1278@1|root,COG1278@2|Bacteria,1N6Q5@1224|Proteobacteria,2UF6W@28211|Alphaproteobacteria,43M29@69277|Phyllobacteriaceae","Cold shock protein"
"ko:K03704",1710.99691375817,0.152780617183294,0.0424577181051685,3.59841800270223,0.000320158757483989,0.0175020120757914,"k87_3471781_1","COG1278@1|root,COG1278@2|Bacteria,2GQRU@201174|Actinobacteria,4CTQS@84995|Rubrobacteria","Cold shock protein"
"ko:K03704",1710.99691375817,0.152780617183294,0.0424577181051685,3.59841800270223,0.000320158757483989,0.0175020120757914,"k87_3474142_2","COG1278@1|root,COG1278@2|Bacteria,1N6Q5@1224|Proteobacteria,2UF6W@28211|Alphaproteobacteria","Cold shock"
"ko:K03704",1710.99691375817,0.152780617183294,0.0424577181051685,3.59841800270223,0.000320158757483989,0.0175020120757914,"k87_3477515_2","COG1278@1|root,COG1278@2|Bacteria,2GQRU@201174|Actinobacteria,23AQ0@1762|Mycobacteriaceae","cold-shock protein"
"ko:K03704",1710.99691375817,0.152780617183294,0.0424577181051685,3.59841800270223,0.000320158757483989,0.0175020120757914,"k87_3481702_4","COG1278@1|root,COG1278@2|Bacteria,2IKXN@201174|Actinobacteria,4FP65@85023|Microbacteriaceae","Cold shock protein domain"
"ko:K03704",1710.99691375817,0.152780617183294,0.0424577181051685,3.59841800270223,0.000320158757483989,0.0175020120757914,"k87_3494530_2","COG1278@1|root,COG1278@2|Bacteria,2IKXN@201174|Actinobacteria,4DQZ2@85009|Propionibacteriales","Cold shock protein domain"
"ko:K03704",1710.99691375817,0.152780617183294,0.0424577181051685,3.59841800270223,0.000320158757483989,0.0175020120757914,"k87_3563135_1","COG1278@1|root,COG1278@2|Bacteria,1N6Q5@1224|Proteobacteria,1SCA7@1236|Gammaproteobacteria,1X7PN@135614|Xanthomonadales","Cold-shock protein"
"ko:K03704",1710.99691375817,0.152780617183294,0.0424577181051685,3.59841800270223,0.000320158757483989,0.0175020120757914,"k87_3576059_1","COG1278@1|root,COG1278@2|Bacteria,1N6Q5@1224|Proteobacteria,2U8YK@28211|Alphaproteobacteria,1JRW1@119045|Methylobacteriaceae","PFAM Cold-shock protein DNA-binding"
"ko:K03704",1710.99691375817,0.152780617183294,0.0424577181051685,3.59841800270223,0.000320158757483989,0.0175020120757914,"k87_3590487_3","COG1278@1|root,COG1278@2|Bacteria,2GQRU@201174|Actinobacteria,4CTQS@84995|Rubrobacteria","Cold shock protein"
"ko:K03704",1710.99691375817,0.152780617183294,0.0424577181051685,3.59841800270223,0.000320158757483989,0.0175020120757914,"k87_3612295_1","COG1278@1|root,COG1278@2|Bacteria","Cold shock"
"ko:K03704",1710.99691375817,0.152780617183294,0.0424577181051685,3.59841800270223,0.000320158757483989,0.0175020120757914,"k87_3612859_1","COG1278@1|root,COG1278@2|Bacteria,2IKXN@201174|Actinobacteria,4FGX5@85021|Intrasporangiaceae","Cold-shock protein"
"ko:K03704",1710.99691375817,0.152780617183294,0.0424577181051685,3.59841800270223,0.000320158757483989,0.0175020120757914,"k87_3612859_2","COG1278@1|root,COG1278@2|Bacteria,2IKXN@201174|Actinobacteria,4FGX5@85021|Intrasporangiaceae","Cold-shock protein"
"ko:K03704",1710.99691375817,0.152780617183294,0.0424577181051685,3.59841800270223,0.000320158757483989,0.0175020120757914,"k87_3626256_2","COG1278@1|root,COG1278@2|Bacteria,1N6Q5@1224|Proteobacteria,2UF6W@28211|Alphaproteobacteria,3FEGI@34008|Rhodovulum","Ribonuclease B OB domain"
"ko:K03704",1710.99691375817,0.152780617183294,0.0424577181051685,3.59841800270223,0.000320158757483989,0.0175020120757914,"k87_3712185_3","COG1278@1|root,COG1278@2|Bacteria,1N6Q5@1224|Proteobacteria,2UF6W@28211|Alphaproteobacteria,3K06Z@41294|Bradyrhizobiaceae","'Cold-shock' DNA-binding domain"
"ko:K03704",1710.99691375817,0.152780617183294,0.0424577181051685,3.59841800270223,0.000320158757483989,0.0175020120757914,"k87_3744471_1","COG1278@1|root,COG1278@2|Bacteria,2GQRU@201174|Actinobacteria","Cold shock protein"
"ko:K03704",1710.99691375817,0.152780617183294,0.0424577181051685,3.59841800270223,0.000320158757483989,0.0175020120757914,"k87_3775812_1","COG1278@1|root,COG1278@2|Bacteria,1VEE0@1239|Firmicutes,24QJE@186801|Clostridia,25RUN@186804|Peptostreptococcaceae","Cold shock protein"
"ko:K03704",1710.99691375817,0.152780617183294,0.0424577181051685,3.59841800270223,0.000320158757483989,0.0175020120757914,"k87_3921380_2","COG1278@1|root,COG1278@2|Bacteria,1RIH7@1224|Proteobacteria,2VCMG@28211|Alphaproteobacteria,4BGDA@82115|Rhizobiaceae","'Cold-shock' DNA-binding domain"
"ko:K03704",1710.99691375817,0.152780617183294,0.0424577181051685,3.59841800270223,0.000320158757483989,0.0175020120757914,"k87_3927229_2","COG1278@1|root,COG1278@2|Bacteria,1N6Q5@1224|Proteobacteria,2VVTG@28216|Betaproteobacteria,4AFG6@80864|Comamonadaceae","'Cold-shock' DNA-binding domain"
"ko:K03704",1710.99691375817,0.152780617183294,0.0424577181051685,3.59841800270223,0.000320158757483989,0.0175020120757914,"k87_3954192_3","COG1278@1|root,COG1278@2|Bacteria,1N6Q5@1224|Proteobacteria,2VVTG@28216|Betaproteobacteria,1KMN9@119065|unclassified Burkholderiales","'Cold-shock' DNA-binding domain"
"ko:K03704",1710.99691375817,0.152780617183294,0.0424577181051685,3.59841800270223,0.000320158757483989,0.0175020120757914,"k87_3962888_3","COG1278@1|root,COG1278@2|Bacteria,2GQRU@201174|Actinobacteria,4CTQS@84995|Rubrobacteria","Cold shock protein"
"ko:K03704",1710.99691375817,0.152780617183294,0.0424577181051685,3.59841800270223,0.000320158757483989,0.0175020120757914,"k87_3992497_1","COG1278@1|root,COG1278@2|Bacteria,2GQRU@201174|Actinobacteria,4CTQS@84995|Rubrobacteria","Cold shock protein"
"ko:K03704",1710.99691375817,0.152780617183294,0.0424577181051685,3.59841800270223,0.000320158757483989,0.0175020120757914,"k87_4032209_6","COG1278@1|root,COG1278@2|Bacteria,1N6Q5@1224|Proteobacteria,2UF6W@28211|Alphaproteobacteria,2K5Z5@204457|Sphingomonadales","Cold-shock protein"
"ko:K03704",1710.99691375817,0.152780617183294,0.0424577181051685,3.59841800270223,0.000320158757483989,0.0175020120757914,"k87_4049331_2","COG1278@1|root,COG1278@2|Bacteria,3J0QZ@40117|Nitrospirae","'Cold-shock' DNA-binding domain"
"ko:K03704",1710.99691375817,0.152780617183294,0.0424577181051685,3.59841800270223,0.000320158757483989,0.0175020120757914,"k87_4075569_2","COG1278@1|root,COG1278@2|Bacteria,1N6Q5@1224|Proteobacteria,2UF6W@28211|Alphaproteobacteria","Cold shock"
"ko:K03704",1710.99691375817,0.152780617183294,0.0424577181051685,3.59841800270223,0.000320158757483989,0.0175020120757914,"k87_4079137_1","COG1278@1|root,COG1278@2|Bacteria,1N6Q5@1224|Proteobacteria,2VVTG@28216|Betaproteobacteria,1KMII@119065|unclassified Burkholderiales","Cold shock protein"
"ko:K03704",1710.99691375817,0.152780617183294,0.0424577181051685,3.59841800270223,0.000320158757483989,0.0175020120757914,"k87_4240555_9","COG1278@1|root,COG1278@2|Bacteria,1N6Q5@1224|Proteobacteria,2UF6W@28211|Alphaproteobacteria,3K03T@41294|Bradyrhizobiaceae","'Cold-shock' DNA-binding domain"
"ko:K03704",1710.99691375817,0.152780617183294,0.0424577181051685,3.59841800270223,0.000320158757483989,0.0175020120757914,"k87_4284942_1","COG1278@1|root,COG1278@2|Bacteria,1N6Q5@1224|Proteobacteria,2UF6W@28211|Alphaproteobacteria","Cold shock"
"ko:K03704",1710.99691375817,0.152780617183294,0.0424577181051685,3.59841800270223,0.000320158757483989,0.0175020120757914,"k87_4350420_2","COG1278@1|root,COG1278@2|Bacteria,1N6Q5@1224|Proteobacteria,2UF6W@28211|Alphaproteobacteria","Cold shock"
"ko:K03704",1710.99691375817,0.152780617183294,0.0424577181051685,3.59841800270223,0.000320158757483989,0.0175020120757914,"k87_4361946_2","COG1278@1|root,COG1278@2|Bacteria,2GQRU@201174|Actinobacteria,4CTQS@84995|Rubrobacteria","Cold shock protein"
"ko:K03704",1710.99691375817,0.152780617183294,0.0424577181051685,3.59841800270223,0.000320158757483989,0.0175020120757914,"k87_4378570_2","COG1278@1|root,COG1278@2|Bacteria,2IKXN@201174|Actinobacteria,4DQZ2@85009|Propionibacteriales","Cold shock protein domain"
"ko:K03704",1710.99691375817,0.152780617183294,0.0424577181051685,3.59841800270223,0.000320158757483989,0.0175020120757914,"k87_4481117_2","COG1278@1|root,COG1278@2|Bacteria,1RAUE@1224|Proteobacteria,2U0S7@28211|Alphaproteobacteria","Cold shock"
"ko:K03704",1710.99691375817,0.152780617183294,0.0424577181051685,3.59841800270223,0.000320158757483989,0.0175020120757914,"k87_4482676_3","COG1278@1|root,COG1278@2|Bacteria,2GQRU@201174|Actinobacteria,4CQPR@84995|Rubrobacteria","Cold shock protein domain"
"ko:K03704",1710.99691375817,0.152780617183294,0.0424577181051685,3.59841800270223,0.000320158757483989,0.0175020120757914,"k87_4657385_2","COG1278@1|root,COG1278@2|Bacteria,1N6Q5@1224|Proteobacteria,2UF6W@28211|Alphaproteobacteria,2JTV9@204441|Rhodospirillales","Cold shock"
"ko:K03704",1710.99691375817,0.152780617183294,0.0424577181051685,3.59841800270223,0.000320158757483989,0.0175020120757914,"k87_4714897_1","COG1278@1|root,COG1278@2|Bacteria,2GQRU@201174|Actinobacteria,4CQPR@84995|Rubrobacteria","Cold shock protein domain"
"ko:K03704",1710.99691375817,0.152780617183294,0.0424577181051685,3.59841800270223,0.000320158757483989,0.0175020120757914,"k87_4721837_1","COG1278@1|root,COG1278@2|Bacteria,2GQRU@201174|Actinobacteria,4CTQS@84995|Rubrobacteria","Cold shock protein"
"ko:K03704",1710.99691375817,0.152780617183294,0.0424577181051685,3.59841800270223,0.000320158757483989,0.0175020120757914,"k87_4742925_4","COG1278@1|root,COG1278@2|Bacteria,2GQRU@201174|Actinobacteria","Cold shock protein"
"ko:K03704",1710.99691375817,0.152780617183294,0.0424577181051685,3.59841800270223,0.000320158757483989,0.0175020120757914,"k87_4747941_2","COG1278@1|root,COG1278@2|Bacteria,2GQRU@201174|Actinobacteria,4DRJS@85009|Propionibacteriales","Cold shock protein domain"
"ko:K03704",1710.99691375817,0.152780617183294,0.0424577181051685,3.59841800270223,0.000320158757483989,0.0175020120757914,"k87_4816778_3","COG1278@1|root,COG1278@2|Bacteria,1N6Q5@1224|Proteobacteria,2UF6W@28211|Alphaproteobacteria,3K050@41294|Bradyrhizobiaceae","Ribonuclease B OB domain"
"ko:K03704",1710.99691375817,0.152780617183294,0.0424577181051685,3.59841800270223,0.000320158757483989,0.0175020120757914,"k87_4860550_1","COG1278@1|root,COG1278@2|Bacteria,1ZTZ4@142182|Gemmatimonadetes","Cold shock protein domain"
"ko:K03704",1710.99691375817,0.152780617183294,0.0424577181051685,3.59841800270223,0.000320158757483989,0.0175020120757914,"k87_4865155_2","COG1278@1|root,COG1278@2|Bacteria,1RAUE@1224|Proteobacteria,2U0S7@28211|Alphaproteobacteria,4B8J9@82115|Rhizobiaceae","Cold shock"
"ko:K03704",1710.99691375817,0.152780617183294,0.0424577181051685,3.59841800270223,0.000320158757483989,0.0175020120757914,"k87_4884620_1","COG1278@1|root,COG1278@2|Bacteria,4NURE@976|Bacteroidetes,1ITTJ@117747|Sphingobacteriia","Cold-shock protein"
"ko:K03704",1710.99691375817,0.152780617183294,0.0424577181051685,3.59841800270223,0.000320158757483989,0.0175020120757914,"k87_4934956_1","COG1278@1|root,COG1278@2|Bacteria,2GQRU@201174|Actinobacteria,4CQPR@84995|Rubrobacteria","Cold shock protein domain"
"ko:K03704",1710.99691375817,0.152780617183294,0.0424577181051685,3.59841800270223,0.000320158757483989,0.0175020120757914,"k87_5023446_1","COG1278@1|root,COG1278@2|Bacteria,2IKXN@201174|Actinobacteria,4DQZ2@85009|Propionibacteriales","Cold shock protein domain"
"ko:K03704",1710.99691375817,0.152780617183294,0.0424577181051685,3.59841800270223,0.000320158757483989,0.0175020120757914,"k87_5033290_4","COG1278@1|root,COG1278@2|Bacteria,1N6Q5@1224|Proteobacteria,2U55R@28211|Alphaproteobacteria,4BG6F@82115|Rhizobiaceae","Cold shock"
"ko:K03704",1710.99691375817,0.152780617183294,0.0424577181051685,3.59841800270223,0.000320158757483989,0.0175020120757914,"k87_5303678_2","COG1278@1|root,COG1278@2|Bacteria,2GQRU@201174|Actinobacteria,23AQ0@1762|Mycobacteriaceae","cold-shock protein"
"ko:K03704",1710.99691375817,0.152780617183294,0.0424577181051685,3.59841800270223,0.000320158757483989,0.0175020120757914,"k87_5318561_2","COG1278@1|root,COG1278@2|Bacteria,1N6Q5@1224|Proteobacteria,1SCA7@1236|Gammaproteobacteria,1X7PN@135614|Xanthomonadales","Cold-shock protein"
"ko:K03704",1710.99691375817,0.152780617183294,0.0424577181051685,3.59841800270223,0.000320158757483989,0.0175020120757914,"k87_5485003_1","COG1278@1|root,COG1278@2|Bacteria,1N6Q5@1224|Proteobacteria,2UF6W@28211|Alphaproteobacteria,1JVR4@119045|Methylobacteriaceae","SMART Cold shock protein"
"ko:K03704",1710.99691375817,0.152780617183294,0.0424577181051685,3.59841800270223,0.000320158757483989,0.0175020120757914,"k87_5515466_1","COG1278@1|root,COG1278@2|Bacteria,1N6Q5@1224|Proteobacteria,2UF6W@28211|Alphaproteobacteria","Cold shock"
"ko:K03704",1710.99691375817,0.152780617183294,0.0424577181051685,3.59841800270223,0.000320158757483989,0.0175020120757914,"k87_5553859_2","COG1278@1|root,COG1278@2|Bacteria,2GQRU@201174|Actinobacteria,4FQ66@85023|Microbacteriaceae","'Cold-shock' DNA-binding domain"
"ko:K03704",1710.99691375817,0.152780617183294,0.0424577181051685,3.59841800270223,0.000320158757483989,0.0175020120757914,"k87_5602973_1","COG1278@1|root,COG1278@2|Bacteria,1N6Q5@1224|Proteobacteria,1SCA7@1236|Gammaproteobacteria,1X8KE@135614|Xanthomonadales","COG1278 Cold shock proteins"
"ko:K03704",1710.99691375817,0.152780617183294,0.0424577181051685,3.59841800270223,0.000320158757483989,0.0175020120757914,"k87_5656552_3","COG1278@1|root,COG1278@2|Bacteria,1N6Q5@1224|Proteobacteria,2UF6W@28211|Alphaproteobacteria,3N78J@45401|Hyphomicrobiaceae","Cold shock protein"
"ko:K03704",1710.99691375817,0.152780617183294,0.0424577181051685,3.59841800270223,0.000320158757483989,0.0175020120757914,"k87_5753218_3","COG1278@1|root,COG1278@2|Bacteria,1RAUE@1224|Proteobacteria,2U0S7@28211|Alphaproteobacteria,43I4N@69277|Phyllobacteriaceae","Cold-shock"
"ko:K03704",1710.99691375817,0.152780617183294,0.0424577181051685,3.59841800270223,0.000320158757483989,0.0175020120757914,"k87_5753322_1","COG1278@1|root,COG1278@2|Bacteria,1N6Q5@1224|Proteobacteria,2UF6W@28211|Alphaproteobacteria,3K06Z@41294|Bradyrhizobiaceae","'Cold-shock' DNA-binding domain"
"ko:K03704",1710.99691375817,0.152780617183294,0.0424577181051685,3.59841800270223,0.000320158757483989,0.0175020120757914,"k87_5784957_2","COG1278@1|root,COG1278@2|Bacteria,1N6Q5@1224|Proteobacteria,2UF6W@28211|Alphaproteobacteria,3K130@41294|Bradyrhizobiaceae","'Cold-shock' DNA-binding domain"
"ko:K03704",1710.99691375817,0.152780617183294,0.0424577181051685,3.59841800270223,0.000320158757483989,0.0175020120757914,"k87_5895253_1","COG1278@1|root,COG1278@2|Bacteria,2GQRU@201174|Actinobacteria,4DRJS@85009|Propionibacteriales","Cold shock protein domain"
"ko:K03704",1710.99691375817,0.152780617183294,0.0424577181051685,3.59841800270223,0.000320158757483989,0.0175020120757914,"k87_5912497_1","COG1278@1|root,COG1278@2|Bacteria,2GQRU@201174|Actinobacteria,4FH9F@85021|Intrasporangiaceae","Cold-shock protein"
"ko:K03704",1710.99691375817,0.152780617183294,0.0424577181051685,3.59841800270223,0.000320158757483989,0.0175020120757914,"k87_5923979_1","COG1278@1|root,COG1278@2|Bacteria,2IKXN@201174|Actinobacteria,4FP65@85023|Microbacteriaceae","Cold shock protein domain"
"ko:K03704",1710.99691375817,0.152780617183294,0.0424577181051685,3.59841800270223,0.000320158757483989,0.0175020120757914,"k87_5998500_3","COG1278@1|root,COG1278@2|Bacteria","Cold shock"
"ko:K03704",1710.99691375817,0.152780617183294,0.0424577181051685,3.59841800270223,0.000320158757483989,0.0175020120757914,"k87_6011260_1","COG1278@1|root,COG1278@2|Bacteria,1N6Q5@1224|Proteobacteria,2UF6W@28211|Alphaproteobacteria,1JW27@119045|Methylobacteriaceae","Ribonuclease B OB domain"
"ko:K03704",1710.99691375817,0.152780617183294,0.0424577181051685,3.59841800270223,0.000320158757483989,0.0175020120757914,"k87_6039754_3","COG1278@1|root,COG1278@2|Bacteria,2GQRU@201174|Actinobacteria,4FQ66@85023|Microbacteriaceae","'Cold-shock' DNA-binding domain"
"ko:K03704",1710.99691375817,0.152780617183294,0.0424577181051685,3.59841800270223,0.000320158757483989,0.0175020120757914,"k87_6066082_1","COG1278@1|root,COG1278@2|Bacteria,2GQRU@201174|Actinobacteria,4CQPR@84995|Rubrobacteria","Cold shock protein domain"
"ko:K03704",1710.99691375817,0.152780617183294,0.0424577181051685,3.59841800270223,0.000320158757483989,0.0175020120757914,"k87_6108521_3","COG1278@1|root,COG1278@2|Bacteria,1N6Q5@1224|Proteobacteria,2UF6W@28211|Alphaproteobacteria,1JW27@119045|Methylobacteriaceae","Ribonuclease B OB domain"
"ko:K03704",1710.99691375817,0.152780617183294,0.0424577181051685,3.59841800270223,0.000320158757483989,0.0175020120757914,"k87_6132512_1","COG1278@1|root,COG1278@2|Bacteria,1RAUE@1224|Proteobacteria,2U0S7@28211|Alphaproteobacteria,3JS7P@41294|Bradyrhizobiaceae","Cold shock protein domain"
"ko:K03704",1710.99691375817,0.152780617183294,0.0424577181051685,3.59841800270223,0.000320158757483989,0.0175020120757914,"k87_6138327_2","COG1278@1|root,COG1278@2|Bacteria,1RAUE@1224|Proteobacteria,2U0S7@28211|Alphaproteobacteria","Cold shock"
"ko:K03704",1710.99691375817,0.152780617183294,0.0424577181051685,3.59841800270223,0.000320158757483989,0.0175020120757914,"k87_6183559_1","COG1278@1|root,COG1278@2|Bacteria,2GQRU@201174|Actinobacteria,4CTQS@84995|Rubrobacteria","Cold shock protein"
"ko:K03704",1710.99691375817,0.152780617183294,0.0424577181051685,3.59841800270223,0.000320158757483989,0.0175020120757914,"k87_6347478_1","COG1278@1|root,COG1278@2|Bacteria,1RAUE@1224|Proteobacteria,2U0S7@28211|Alphaproteobacteria,3FDFH@34008|Rhodovulum","Cold shock protein domain"
"ko:K03704",1710.99691375817,0.152780617183294,0.0424577181051685,3.59841800270223,0.000320158757483989,0.0175020120757914,"k87_6379650_2","COG1278@1|root,COG1278@2|Bacteria,1N6Q5@1224|Proteobacteria,2U8YK@28211|Alphaproteobacteria,1JRW1@119045|Methylobacteriaceae","PFAM Cold-shock protein DNA-binding"
"ko:K03704",1710.99691375817,0.152780617183294,0.0424577181051685,3.59841800270223,0.000320158757483989,0.0175020120757914,"k87_6396528_1","COG1278@1|root,COG1278@2|Bacteria,1N6Q5@1224|Proteobacteria,2UF6W@28211|Alphaproteobacteria,2JZZ2@204457|Sphingomonadales","Cold shock"
"ko:K03704",1710.99691375817,0.152780617183294,0.0424577181051685,3.59841800270223,0.000320158757483989,0.0175020120757914,"k87_6421880_2","COG1278@1|root,COG1278@2|Bacteria,2GQRU@201174|Actinobacteria,23AKA@1762|Mycobacteriaceae","Cold-shock"
"ko:K03704",1710.99691375817,0.152780617183294,0.0424577181051685,3.59841800270223,0.000320158757483989,0.0175020120757914,"k87_6605500_1","COG1278@1|root,COG1278@2|Bacteria,2IKXN@201174|Actinobacteria","Cold-shock'"
"ko:K03704",1710.99691375817,0.152780617183294,0.0424577181051685,3.59841800270223,0.000320158757483989,0.0175020120757914,"k87_6630861_10","COG1278@1|root,COG1278@2|Bacteria,1N6Q5@1224|Proteobacteria,1SCA7@1236|Gammaproteobacteria,1X7IF@135614|Xanthomonadales","Cold shock"
"ko:K03704",1710.99691375817,0.152780617183294,0.0424577181051685,3.59841800270223,0.000320158757483989,0.0175020120757914,"k87_6879311_3","COG1278@1|root,COG1278@2|Bacteria,1N6Q5@1224|Proteobacteria,2UF6W@28211|Alphaproteobacteria,3K06Z@41294|Bradyrhizobiaceae","'Cold-shock' DNA-binding domain"
"ko:K03704",1710.99691375817,0.152780617183294,0.0424577181051685,3.59841800270223,0.000320158757483989,0.0175020120757914,"k87_6977440_1","COG1278@1|root,COG1278@2|Bacteria,1RAUE@1224|Proteobacteria,2U0S7@28211|Alphaproteobacteria,43I4N@69277|Phyllobacteriaceae","Cold-shock"
"ko:K03704",1710.99691375817,0.152780617183294,0.0424577181051685,3.59841800270223,0.000320158757483989,0.0175020120757914,"k87_7015384_3","COG1278@1|root,COG1278@2|Bacteria,1N6Q5@1224|Proteobacteria,2UF6W@28211|Alphaproteobacteria,43M29@69277|Phyllobacteriaceae","Cold shock protein"
"ko:K03704",1710.99691375817,0.152780617183294,0.0424577181051685,3.59841800270223,0.000320158757483989,0.0175020120757914,"k87_7015696_1","COG1278@1|root,COG1278@2|Bacteria,1ZTZ4@142182|Gemmatimonadetes","Cold shock protein domain"
"ko:K03704",1710.99691375817,0.152780617183294,0.0424577181051685,3.59841800270223,0.000320158757483989,0.0175020120757914,"k87_7022384_2","COG1278@1|root,COG1278@2|Bacteria,1RAUE@1224|Proteobacteria,2U0S7@28211|Alphaproteobacteria","Cold shock"
"ko:K03782",2719.90500856185,0.104587830999917,0.03058709119341,3.41934544669779,0.000627719804837746,0.028953575998141,"k87_242018_1","COG0376@1|root,COG0376@2|Bacteria,1MUBF@1224|Proteobacteria,2VH5H@28216|Betaproteobacteria,4A9PE@80864|Comamonadaceae","Bifunctional enzyme with both catalase and broad- spectrum peroxidase activity"
"ko:K03782",2719.90500856185,0.104587830999917,0.03058709119341,3.41934544669779,0.000627719804837746,0.028953575998141,"k87_290357_2","COG0376@1|root,COG0376@2|Bacteria,1MUBF@1224|Proteobacteria,2TQJ7@28211|Alphaproteobacteria,1JSVV@119045|Methylobacteriaceae","Bifunctional enzyme with both catalase and broad- spectrum peroxidase activity"
"ko:K03782",2719.90500856185,0.104587830999917,0.03058709119341,3.41934544669779,0.000627719804837746,0.028953575998141,"k87_338101_1","COG0376@1|root,COG0376@2|Bacteria,2GJFP@201174|Actinobacteria,4DYF0@85010|Pseudonocardiales","Bifunctional enzyme with both catalase and broad- spectrum peroxidase activity"
"ko:K03782",2719.90500856185,0.104587830999917,0.03058709119341,3.41934544669779,0.000627719804837746,0.028953575998141,"k87_348491_1","COG0376@1|root,COG0376@2|Bacteria,2GJFP@201174|Actinobacteria,4EFTF@85012|Streptosporangiales","Bifunctional enzyme with both catalase and broad- spectrum peroxidase activity"
"ko:K03782",2719.90500856185,0.104587830999917,0.03058709119341,3.41934544669779,0.000627719804837746,0.028953575998141,"k87_768302_2","COG0376@1|root,COG0376@2|Bacteria,1MUBF@1224|Proteobacteria,2TQJ7@28211|Alphaproteobacteria,3JRQT@41294|Bradyrhizobiaceae","Bifunctional enzyme with both catalase and broad- spectrum peroxidase activity"
"ko:K03782",2719.90500856185,0.104587830999917,0.03058709119341,3.41934544669779,0.000627719804837746,0.028953575998141,"k87_841497_2","COG0376@1|root,COG0376@2|Bacteria,2GJFP@201174|Actinobacteria,1W8VC@1268|Micrococcaceae","Bifunctional enzyme with both catalase and broad- spectrum peroxidase activity"
"ko:K03782",2719.90500856185,0.104587830999917,0.03058709119341,3.41934544669779,0.000627719804837746,0.028953575998141,"k87_896154_1","COG0376@1|root,COG0376@2|Bacteria,1MUBF@1224|Proteobacteria,2TQJ7@28211|Alphaproteobacteria,3JRQT@41294|Bradyrhizobiaceae","Bifunctional enzyme with both catalase and broad- spectrum peroxidase activity"
"ko:K03782",2719.90500856185,0.104587830999917,0.03058709119341,3.41934544669779,0.000627719804837746,0.028953575998141,"k87_896154_2","COG0376@1|root,COG0376@2|Bacteria,1MUBF@1224|Proteobacteria,2TQJ7@28211|Alphaproteobacteria,43H6Z@69277|Phyllobacteriaceae","Bifunctional enzyme with both catalase and broad- spectrum peroxidase activity"
"ko:K03782",2719.90500856185,0.104587830999917,0.03058709119341,3.41934544669779,0.000627719804837746,0.028953575998141,"k87_962657_3","COG0376@1|root,COG0376@2|Bacteria,2GJFP@201174|Actinobacteria,4DYF0@85010|Pseudonocardiales","Bifunctional enzyme with both catalase and broad- spectrum peroxidase activity"
"ko:K03782",2719.90500856185,0.104587830999917,0.03058709119341,3.41934544669779,0.000627719804837746,0.028953575998141,"k87_1106869_1","COG0376@1|root,COG0376@2|Bacteria,2GJFP@201174|Actinobacteria","Bifunctional enzyme with both catalase and broad- spectrum peroxidase activity"
"ko:K03782",2719.90500856185,0.104587830999917,0.03058709119341,3.41934544669779,0.000627719804837746,0.028953575998141,"k87_1754072_2","COG0376@1|root,COG0376@2|Bacteria,1MUBF@1224|Proteobacteria,2TQJ7@28211|Alphaproteobacteria,3JRQT@41294|Bradyrhizobiaceae","Bifunctional enzyme with both catalase and broad- spectrum peroxidase activity"
"ko:K03782",2719.90500856185,0.104587830999917,0.03058709119341,3.41934544669779,0.000627719804837746,0.028953575998141,"k87_1887569_1","COG0376@1|root,COG0376@2|Bacteria,1MUBF@1224|Proteobacteria,2TQJ7@28211|Alphaproteobacteria,3JRQT@41294|Bradyrhizobiaceae","Bifunctional enzyme with both catalase and broad- spectrum peroxidase activity"
"ko:K03782",2719.90500856185,0.104587830999917,0.03058709119341,3.41934544669779,0.000627719804837746,0.028953575998141,"k87_2160467_3","COG0376@1|root,COG0376@2|Bacteria,1MUBF@1224|Proteobacteria,2TQJ7@28211|Alphaproteobacteria,3JRQT@41294|Bradyrhizobiaceae","Bifunctional enzyme with both catalase and broad- spectrum peroxidase activity"
"ko:K03782",2719.90500856185,0.104587830999917,0.03058709119341,3.41934544669779,0.000627719804837746,0.028953575998141,"k87_2206968_1","COG0376@1|root,COG0376@2|Bacteria,1MUBF@1224|Proteobacteria,2TQJ7@28211|Alphaproteobacteria,3JRQT@41294|Bradyrhizobiaceae","Bifunctional enzyme with both catalase and broad- spectrum peroxidase activity"
"ko:K03782",2719.90500856185,0.104587830999917,0.03058709119341,3.41934544669779,0.000627719804837746,0.028953575998141,"k87_2457042_4","COG0376@1|root,COG0376@2|Bacteria,2GJFP@201174|Actinobacteria,232CH@1762|Mycobacteriaceae","Bifunctional enzyme with both catalase and broad- spectrum peroxidase activity"
"ko:K03782",2719.90500856185,0.104587830999917,0.03058709119341,3.41934544669779,0.000627719804837746,0.028953575998141,"k87_2462486_1","COG0376@1|root,COG0376@2|Bacteria,1MUBF@1224|Proteobacteria,2TQJ7@28211|Alphaproteobacteria,3JRQT@41294|Bradyrhizobiaceae","Bifunctional enzyme with both catalase and broad- spectrum peroxidase activity"
"ko:K03782",2719.90500856185,0.104587830999917,0.03058709119341,3.41934544669779,0.000627719804837746,0.028953575998141,"k87_2486261_1","COG0376@1|root,COG0376@2|Bacteria,2GJFP@201174|Actinobacteria,4FF7U@85021|Intrasporangiaceae","Bifunctional enzyme with both catalase and broad- spectrum peroxidase activity"
"ko:K03782",2719.90500856185,0.104587830999917,0.03058709119341,3.41934544669779,0.000627719804837746,0.028953575998141,"k87_2528211_1","COG0376@1|root,COG0376@2|Bacteria,1MUBF@1224|Proteobacteria,2TQJ7@28211|Alphaproteobacteria,2JQEX@204441|Rhodospirillales","Bifunctional enzyme with both catalase and broad- spectrum peroxidase activity"
"ko:K03782",2719.90500856185,0.104587830999917,0.03058709119341,3.41934544669779,0.000627719804837746,0.028953575998141,"k87_2789360_1","COG0376@1|root,COG0376@2|Bacteria,2GJFP@201174|Actinobacteria,232CH@1762|Mycobacteriaceae","Bifunctional enzyme with both catalase and broad- spectrum peroxidase activity"
"ko:K03782",2719.90500856185,0.104587830999917,0.03058709119341,3.41934544669779,0.000627719804837746,0.028953575998141,"k87_3030037_1","COG0376@1|root,COG0376@2|Bacteria,1MUBF@1224|Proteobacteria,2VH5H@28216|Betaproteobacteria,4A9PE@80864|Comamonadaceae","Bifunctional enzyme with both catalase and broad- spectrum peroxidase activity"
"ko:K03782",2719.90500856185,0.104587830999917,0.03058709119341,3.41934544669779,0.000627719804837746,0.028953575998141,"k87_3302067_2","COG0376@1|root,COG0376@2|Bacteria,1MUBF@1224|Proteobacteria,1RNA5@1236|Gammaproteobacteria,1X4PG@135614|Xanthomonadales","Bifunctional enzyme with both catalase and broad- spectrum peroxidase activity"
"ko:K03782",2719.90500856185,0.104587830999917,0.03058709119341,3.41934544669779,0.000627719804837746,0.028953575998141,"k87_3496951_1","COG0376@1|root,COG0376@2|Bacteria,2GJFP@201174|Actinobacteria,1W8VC@1268|Micrococcaceae","Bifunctional enzyme with both catalase and broad- spectrum peroxidase activity"
"ko:K03782",2719.90500856185,0.104587830999917,0.03058709119341,3.41934544669779,0.000627719804837746,0.028953575998141,"k87_3626331_1","COG0376@1|root,COG0376@2|Bacteria,2GJFP@201174|Actinobacteria","Bifunctional enzyme with both catalase and broad- spectrum peroxidase activity"
"ko:K03782",2719.90500856185,0.104587830999917,0.03058709119341,3.41934544669779,0.000627719804837746,0.028953575998141,"k87_3832969_2","COG0376@1|root,COG0376@2|Bacteria,2GJFP@201174|Actinobacteria,232CH@1762|Mycobacteriaceae","Bifunctional enzyme with both catalase and broad- spectrum peroxidase activity"
"ko:K03782",2719.90500856185,0.104587830999917,0.03058709119341,3.41934544669779,0.000627719804837746,0.028953575998141,"k87_3962348_2","COG0376@1|root,COG0376@2|Bacteria,1MUBF@1224|Proteobacteria,2TQJ7@28211|Alphaproteobacteria,2JQEX@204441|Rhodospirillales","Bifunctional enzyme with both catalase and broad- spectrum peroxidase activity"
"ko:K03782",2719.90500856185,0.104587830999917,0.03058709119341,3.41934544669779,0.000627719804837746,0.028953575998141,"k87_4439789_2","COG0376@1|root,COG0376@2|Bacteria,1MUBF@1224|Proteobacteria,2TQJ7@28211|Alphaproteobacteria,1JSVV@119045|Methylobacteriaceae","Bifunctional enzyme with both catalase and broad- spectrum peroxidase activity"
"ko:K03782",2719.90500856185,0.104587830999917,0.03058709119341,3.41934544669779,0.000627719804837746,0.028953575998141,"k87_4968020_1","COG0376@1|root,COG0376@2|Bacteria,1MUBF@1224|Proteobacteria,2TQJ7@28211|Alphaproteobacteria,1JSVV@119045|Methylobacteriaceae","Bifunctional enzyme with both catalase and broad- spectrum peroxidase activity"
"ko:K03782",2719.90500856185,0.104587830999917,0.03058709119341,3.41934544669779,0.000627719804837746,0.028953575998141,"k87_5275285_1","COG0376@1|root,COG0376@2|Bacteria,1MUBF@1224|Proteobacteria,2TQJ7@28211|Alphaproteobacteria,2K0B7@204457|Sphingomonadales","Bifunctional enzyme with both catalase and broad- spectrum peroxidase activity"
"ko:K03782",2719.90500856185,0.104587830999917,0.03058709119341,3.41934544669779,0.000627719804837746,0.028953575998141,"k87_5282778_1","COG0376@1|root,COG0376@2|Bacteria,1MUBF@1224|Proteobacteria,2TQJ7@28211|Alphaproteobacteria,1JSVV@119045|Methylobacteriaceae","Bifunctional enzyme with both catalase and broad- spectrum peroxidase activity"
"ko:K03782",2719.90500856185,0.104587830999917,0.03058709119341,3.41934544669779,0.000627719804837746,0.028953575998141,"k87_5415128_1","COG0376@1|root,COG0376@2|Bacteria,1G1NM@1117|Cyanobacteria,3VI0J@52604|Pleurocapsales","Bifunctional enzyme with both catalase and broad- spectrum peroxidase activity"
"ko:K03782",2719.90500856185,0.104587830999917,0.03058709119341,3.41934544669779,0.000627719804837746,0.028953575998141,"k87_5523880_1","COG0376@1|root,COG0376@2|Bacteria,2GJFP@201174|Actinobacteria,1W8VC@1268|Micrococcaceae","Bifunctional enzyme with both catalase and broad- spectrum peroxidase activity"
"ko:K03782",2719.90500856185,0.104587830999917,0.03058709119341,3.41934544669779,0.000627719804837746,0.028953575998141,"k87_5735843_2","COG0376@1|root,COG0376@2|Bacteria,1MUBF@1224|Proteobacteria,2VH5H@28216|Betaproteobacteria,1K3VG@119060|Burkholderiaceae","Bifunctional enzyme with both catalase and broad- spectrum peroxidase activity"
"ko:K03782",2719.90500856185,0.104587830999917,0.03058709119341,3.41934544669779,0.000627719804837746,0.028953575998141,"k87_5856662_2","COG0376@1|root,COG0376@2|Bacteria,1MUBF@1224|Proteobacteria,2TQJ7@28211|Alphaproteobacteria,3JRQT@41294|Bradyrhizobiaceae","Bifunctional enzyme with both catalase and broad- spectrum peroxidase activity"
"ko:K03782",2719.90500856185,0.104587830999917,0.03058709119341,3.41934544669779,0.000627719804837746,0.028953575998141,"k87_6002510_1","COG0376@1|root,COG0376@2|Bacteria,1MUBF@1224|Proteobacteria,2VH5H@28216|Betaproteobacteria,1K3VG@119060|Burkholderiaceae","Bifunctional enzyme with both catalase and broad- spectrum peroxidase activity"
"ko:K03782",2719.90500856185,0.104587830999917,0.03058709119341,3.41934544669779,0.000627719804837746,0.028953575998141,"k87_6010294_1","COG0376@1|root,COG0376@2|Bacteria,1MUBF@1224|Proteobacteria,2TQJ7@28211|Alphaproteobacteria,3JRQT@41294|Bradyrhizobiaceae","Bifunctional enzyme with both catalase and broad- spectrum peroxidase activity"
"ko:K03782",2719.90500856185,0.104587830999917,0.03058709119341,3.41934544669779,0.000627719804837746,0.028953575998141,"k87_6412417_1","COG0376@1|root,COG0376@2|Bacteria,2GJFP@201174|Actinobacteria","Bifunctional enzyme with both catalase and broad- spectrum peroxidase activity"
"ko:K03782",2719.90500856185,0.104587830999917,0.03058709119341,3.41934544669779,0.000627719804837746,0.028953575998141,"k87_6744872_1","COG0376@1|root,COG0376@2|Bacteria,1MUBF@1224|Proteobacteria,2TQJ7@28211|Alphaproteobacteria,1JSVV@119045|Methylobacteriaceae","Bifunctional enzyme with both catalase and broad- spectrum peroxidase activity"
"ko:K03782",2719.90500856185,0.104587830999917,0.03058709119341,3.41934544669779,0.000627719804837746,0.028953575998141,"k87_6897452_1","COG0376@1|root,COG0376@2|Bacteria,4NG30@976|Bacteroidetes,47KR2@768503|Cytophagia","Bifunctional enzyme with both catalase and broad- spectrum peroxidase activity"
"ko:K03832",469.473673082405,-0.290994090695038,0.0740991105959863,-3.92709289429446,8.59787801889766e-05,0.00718186595059516,"k87_64034_1","COG0810@1|root,COG0810@2|Bacteria,1RESZ@1224|Proteobacteria,2UAM6@28211|Alphaproteobacteria,4BMTN@82115|Rhizobiaceae","Gram-negative bacterial TonB protein C-terminal"
"ko:K03832",469.473673082405,-0.290994090695038,0.0740991105959863,-3.92709289429446,8.59787801889766e-05,0.00718186595059516,"k87_354490_1","COG0810@1|root,COG0810@2|Bacteria,1MZPX@1224|Proteobacteria,2VM32@28216|Betaproteobacteria,4AD9Q@80864|Comamonadaceae","TIGRFAM TonB family protein"
"ko:K03832",469.473673082405,-0.290994090695038,0.0740991105959863,-3.92709289429446,8.59787801889766e-05,0.00718186595059516,"k87_549280_32","COG0810@1|root,COG0810@2|Bacteria","energy transducer activity"
"ko:K03832",469.473673082405,-0.290994090695038,0.0740991105959863,-3.92709289429446,8.59787801889766e-05,0.00718186595059516,"k87_627597_7","COG0810@1|root,COG0810@2|Bacteria,1NHEC@1224|Proteobacteria,1T6H8@1236|Gammaproteobacteria,1X7HB@135614|Xanthomonadales","COG0810 Periplasmic protein TonB, links inner and outer membranes"
"ko:K03832",469.473673082405,-0.290994090695038,0.0740991105959863,-3.92709289429446,8.59787801889766e-05,0.00718186595059516,"k87_1037202_8","COG0810@1|root,COG0810@2|Bacteria,1MZPX@1224|Proteobacteria,1S7VF@1236|Gammaproteobacteria,1X54J@135614|Xanthomonadales","Interacts with outer membrane receptor proteins that carry out high-affinity binding and energy dependent uptake into the periplasmic space of specific substrates. It could act to transduce energy from the cytoplasmic membrane to specific energy- requiring processes in the outer membrane, resulting in the release into the periplasm of ligands bound by these outer membrane proteins"
"ko:K03832",469.473673082405,-0.290994090695038,0.0740991105959863,-3.92709289429446,8.59787801889766e-05,0.00718186595059516,"k87_1225191_13","COG0810@1|root,COG0810@2|Bacteria,1PDQZ@1224|Proteobacteria,1SWIV@1236|Gammaproteobacteria,1X88P@135614|Xanthomonadales","Gram-negative bacterial TonB protein C-terminal"
"ko:K03832",469.473673082405,-0.290994090695038,0.0740991105959863,-3.92709289429446,8.59787801889766e-05,0.00718186595059516,"k87_1225191_14","COG0810@1|root,COG0810@2|Bacteria,1MZPX@1224|Proteobacteria,1SCVJ@1236|Gammaproteobacteria,1X7BK@135614|Xanthomonadales","Gram-negative bacterial TonB protein C-terminal"
"ko:K03832",469.473673082405,-0.290994090695038,0.0740991105959863,-3.92709289429446,8.59787801889766e-05,0.00718186595059516,"k87_1325455_5","COG0810@1|root,COG0810@2|Bacteria,1MUMT@1224|Proteobacteria,1S3A6@1236|Gammaproteobacteria,1X3C8@135614|Xanthomonadales","tonb protein"
"ko:K03832",469.473673082405,-0.290994090695038,0.0740991105959863,-3.92709289429446,8.59787801889766e-05,0.00718186595059516,"k87_1963065_1","COG0810@1|root,COG0810@2|Bacteria,1MZPX@1224|Proteobacteria,1S7VF@1236|Gammaproteobacteria,1X54J@135614|Xanthomonadales","Interacts with outer membrane receptor proteins that carry out high-affinity binding and energy dependent uptake into the periplasmic space of specific substrates. It could act to transduce energy from the cytoplasmic membrane to specific energy- requiring processes in the outer membrane, resulting in the release into the periplasm of ligands bound by these outer membrane proteins"
"ko:K03832",469.473673082405,-0.290994090695038,0.0740991105959863,-3.92709289429446,8.59787801889766e-05,0.00718186595059516,"k87_3431468_4","COG0810@1|root,COG0810@2|Bacteria,1NH16@1224|Proteobacteria,1S2FT@1236|Gammaproteobacteria,1XCIX@135614|Xanthomonadales","Gram-negative bacterial TonB protein C-terminal"
"ko:K03832",469.473673082405,-0.290994090695038,0.0740991105959863,-3.92709289429446,8.59787801889766e-05,0.00718186595059516,"k87_4352998_21","COG0810@1|root,COG0810@2|Bacteria,1MZPX@1224|Proteobacteria,1S24U@1236|Gammaproteobacteria,1X7K5@135614|Xanthomonadales","Periplasmic protein TonB links inner and outer membranes"
"ko:K03832",469.473673082405,-0.290994090695038,0.0740991105959863,-3.92709289429446,8.59787801889766e-05,0.00718186595059516,"k87_5018715_1","COG0810@1|root,COG0810@2|Bacteria,1MZXC@1224|Proteobacteria,2U2BG@28211|Alphaproteobacteria,3JTCR@41294|Bradyrhizobiaceae","Function proposed based on presence of conserved amino acid motif, structural feature or limited homology"
"ko:K03832",469.473673082405,-0.290994090695038,0.0740991105959863,-3.92709289429446,8.59787801889766e-05,0.00718186595059516,"k87_6846711_3","COG0810@1|root,COG0810@2|Bacteria,1RJI3@1224|Proteobacteria,2U8TV@28211|Alphaproteobacteria,2KDTK@204457|Sphingomonadales","Interacts with outer membrane receptor proteins that carry out high-affinity binding and energy dependent uptake into the periplasmic space of specific substrates. It could act to transduce energy from the cytoplasmic membrane to specific energy- requiring processes in the outer membrane, resulting in the release into the periplasm of ligands bound by these outer membrane proteins"
"ko:K03832",469.473673082405,-0.290994090695038,0.0740991105959863,-3.92709289429446,8.59787801889766e-05,0.00718186595059516,"k87_6982675_3","COG0810@1|root,COG0810@2|Bacteria,1NH16@1224|Proteobacteria,1S2FT@1236|Gammaproteobacteria,1X522@135614|Xanthomonadales","Interacts with outer membrane receptor proteins that carry out high-affinity binding and energy dependent uptake into the periplasmic space of specific substrates. It could act to transduce energy from the cytoplasmic membrane to specific energy- requiring processes in the outer membrane, resulting in the release into the periplasm of ligands bound by these outer membrane proteins"
"ko:K03832",469.473673082405,-0.290994090695038,0.0740991105959863,-3.92709289429446,8.59787801889766e-05,0.00718186595059516,"k87_7012912_2","COG0810@1|root,COG0810@2|Bacteria,1MZXC@1224|Proteobacteria,2U2BG@28211|Alphaproteobacteria,3JTCR@41294|Bradyrhizobiaceae","Function proposed based on presence of conserved amino acid motif, structural feature or limited homology"
"ko:K04043",5740.67372853798,0.109517717649228,0.0243698522391769,4.49398365547607,6.99029959969633e-06,0.000859806850762649,"k87_5999_2","COG0443@1|root,arCOG03060@2157|Archaea,41SCM@651137|Thaumarchaeota","Heat shock 70 kDa protein"
"ko:K04043",5740.67372853798,0.109517717649228,0.0243698522391769,4.49398365547607,6.99029959969633e-06,0.000859806850762649,"k87_10857_10","COG0443@1|root,COG0443@2|Bacteria,3J0D2@40117|Nitrospirae","Heat shock 70 kDa protein"
"ko:K04043",5740.67372853798,0.109517717649228,0.0243698522391769,4.49398365547607,6.99029959969633e-06,0.000859806850762649,"k87_15922_2","COG0443@1|root,COG0443@2|Bacteria,1MVEN@1224|Proteobacteria,42M64@68525|delta/epsilon subdivisions,2WIWS@28221|Deltaproteobacteria,43TCM@69541|Desulfuromonadales","Heat shock 70 kDa protein"
"ko:K04043",5740.67372853798,0.109517717649228,0.0243698522391769,4.49398365547607,6.99029959969633e-06,0.000859806850762649,"k87_33468_2","COG0443@1|root,arCOG03060@2157|Archaea,41SCM@651137|Thaumarchaeota","Heat shock 70 kDa protein"
"ko:K04043",5740.67372853798,0.109517717649228,0.0243698522391769,4.49398365547607,6.99029959969633e-06,0.000859806850762649,"k87_42400_2","COG0443@1|root,arCOG03060@2157|Archaea,41SCM@651137|Thaumarchaeota","Heat shock 70 kDa protein"
"ko:K04043",5740.67372853798,0.109517717649228,0.0243698522391769,4.49398365547607,6.99029959969633e-06,0.000859806850762649,"k87_102824_3","COG0443@1|root,COG0443@2|Bacteria,1MVEN@1224|Proteobacteria,2TR5H@28211|Alphaproteobacteria,3JQXK@41294|Bradyrhizobiaceae","Heat shock 70 kDa protein"
"ko:K04043",5740.67372853798,0.109517717649228,0.0243698522391769,4.49398365547607,6.99029959969633e-06,0.000859806850762649,"k87_159467_3","COG0443@1|root,COG0443@2|Bacteria,3Y2XU@57723|Acidobacteria,2JHT1@204432|Acidobacteriia","Heat shock 70 kDa protein"
"ko:K04043",5740.67372853798,0.109517717649228,0.0243698522391769,4.49398365547607,6.99029959969633e-06,0.000859806850762649,"k87_160722_3","COG0443@1|root,COG0443@2|Bacteria,1MVEN@1224|Proteobacteria,2TR5H@28211|Alphaproteobacteria,34F0R@302485|Phaeobacter","Heat shock 70 kDa protein"
"ko:K04043",5740.67372853798,0.109517717649228,0.0243698522391769,4.49398365547607,6.99029959969633e-06,0.000859806850762649,"k87_192860_8","COG0443@1|root,COG0443@2|Bacteria,1MVEN@1224|Proteobacteria,2TR5H@28211|Alphaproteobacteria,4B8XC@82115|Rhizobiaceae","Heat shock 70 kDa protein"
"ko:K04043",5740.67372853798,0.109517717649228,0.0243698522391769,4.49398365547607,6.99029959969633e-06,0.000859806850762649,"k87_202544_1","COG0443@1|root,COG0443@2|Bacteria,1MVEN@1224|Proteobacteria,2TR5H@28211|Alphaproteobacteria,2K1KK@204457|Sphingomonadales","Heat shock 70 kDa protein"
"ko:K04043",5740.67372853798,0.109517717649228,0.0243698522391769,4.49398365547607,6.99029959969633e-06,0.000859806850762649,"k87_222554_1","COG0443@1|root,COG0443@2|Bacteria,2NNU1@2323|unclassified Bacteria","Heat shock 70 kDa protein"
"ko:K04043",5740.67372853798,0.109517717649228,0.0243698522391769,4.49398365547607,6.99029959969633e-06,0.000859806850762649,"k87_261072_3","COG0443@1|root,COG0443@2|Bacteria,2GJTY@201174|Actinobacteria,4CP69@84995|Rubrobacteria","Heat shock 70 kDa protein"
"ko:K04043",5740.67372853798,0.109517717649228,0.0243698522391769,4.49398365547607,6.99029959969633e-06,0.000859806850762649,"k87_282098_1","COG0443@1|root,COG0443@2|Bacteria,4NERF@976|Bacteroidetes,1IPCI@117747|Sphingobacteriia","Heat shock 70 kDa protein"
"ko:K04043",5740.67372853798,0.109517717649228,0.0243698522391769,4.49398365547607,6.99029959969633e-06,0.000859806850762649,"k87_300198_3","COG0443@1|root,COG0443@2|Bacteria,2GJTY@201174|Actinobacteria,4CP69@84995|Rubrobacteria","Heat shock 70 kDa protein"
"ko:K04043",5740.67372853798,0.109517717649228,0.0243698522391769,4.49398365547607,6.99029959969633e-06,0.000859806850762649,"k87_352310_2","COG0443@1|root,COG0443@2|Bacteria,2GJTY@201174|Actinobacteria,4CP69@84995|Rubrobacteria","Heat shock 70 kDa protein"
"ko:K04043",5740.67372853798,0.109517717649228,0.0243698522391769,4.49398365547607,6.99029959969633e-06,0.000859806850762649,"k87_356875_3","COG0443@1|root,COG0443@2|Bacteria,1MVEN@1224|Proteobacteria,2TR5H@28211|Alphaproteobacteria,2JPS5@204441|Rhodospirillales","Heat shock 70 kDa protein"
"ko:K04043",5740.67372853798,0.109517717649228,0.0243698522391769,4.49398365547607,6.99029959969633e-06,0.000859806850762649,"k87_370918_1","COG0443@1|root,COG0443@2|Bacteria,2G5U5@200795|Chloroflexi,27Y4Z@189775|Thermomicrobia","MreB/Mbl protein"
"ko:K04043",5740.67372853798,0.109517717649228,0.0243698522391769,4.49398365547607,6.99029959969633e-06,0.000859806850762649,"k87_401997_3","COG0443@1|root,COG0443@2|Bacteria,2NNU1@2323|unclassified Bacteria","Heat shock 70 kDa protein"
"ko:K04043",5740.67372853798,0.109517717649228,0.0243698522391769,4.49398365547607,6.99029959969633e-06,0.000859806850762649,"k87_627406_1","COG0443@1|root,COG0443@2|Bacteria,2GJTY@201174|Actinobacteria,4CP69@84995|Rubrobacteria","Heat shock 70 kDa protein"
"ko:K04043",5740.67372853798,0.109517717649228,0.0243698522391769,4.49398365547607,6.99029959969633e-06,0.000859806850762649,"k87_660421_2","COG0443@1|root,COG0443@2|Bacteria,46SDM@74201|Verrucomicrobia,3K7JR@414999|Opitutae","Heat shock 70 kDa protein"
"ko:K04043",5740.67372853798,0.109517717649228,0.0243698522391769,4.49398365547607,6.99029959969633e-06,0.000859806850762649,"k87_739111_1","COG0443@1|root,COG0443@2|Bacteria,2GJTY@201174|Actinobacteria,4CP69@84995|Rubrobacteria","Heat shock 70 kDa protein"
"ko:K04043",5740.67372853798,0.109517717649228,0.0243698522391769,4.49398365547607,6.99029959969633e-06,0.000859806850762649,"k87_755261_1","COG0443@1|root,COG0443@2|Bacteria,3Y2XU@57723|Acidobacteria,2JHT1@204432|Acidobacteriia","Heat shock 70 kDa protein"
"ko:K04043",5740.67372853798,0.109517717649228,0.0243698522391769,4.49398365547607,6.99029959969633e-06,0.000859806850762649,"k87_791310_3","COG0443@1|root,COG0443@2|Bacteria,1MVEN@1224|Proteobacteria,2TR5H@28211|Alphaproteobacteria","Heat shock 70 kDa protein"
"ko:K04043",5740.67372853798,0.109517717649228,0.0243698522391769,4.49398365547607,6.99029959969633e-06,0.000859806850762649,"k87_838250_1","COG0443@1|root,COG0443@2|Bacteria,2GJTY@201174|Actinobacteria,4ERTY@85013|Frankiales","Heat shock 70 kDa protein"
"ko:K04043",5740.67372853798,0.109517717649228,0.0243698522391769,4.49398365547607,6.99029959969633e-06,0.000859806850762649,"k87_868158_2","COG0443@1|root,COG0443@2|Bacteria,2GJTY@201174|Actinobacteria,4DP1V@85009|Propionibacteriales","Heat shock 70 kDa protein"
"ko:K04043",5740.67372853798,0.109517717649228,0.0243698522391769,4.49398365547607,6.99029959969633e-06,0.000859806850762649,"k87_878367_2","COG0443@1|root,COG0443@2|Bacteria,1MVEN@1224|Proteobacteria,1RMDD@1236|Gammaproteobacteria,1X3SG@135614|Xanthomonadales","Heat shock 70 kDa protein"
"ko:K04043",5740.67372853798,0.109517717649228,0.0243698522391769,4.49398365547607,6.99029959969633e-06,0.000859806850762649,"k87_896590_1","COG0443@1|root,COG0443@2|Bacteria,2GJTY@201174|Actinobacteria,4FEDJ@85021|Intrasporangiaceae","Heat shock 70 kDa protein"
"ko:K04043",5740.67372853798,0.109517717649228,0.0243698522391769,4.49398365547607,6.99029959969633e-06,0.000859806850762649,"k87_949101_3","COG0443@1|root,COG0443@2|Bacteria,2GJTY@201174|Actinobacteria,4DP1V@85009|Propionibacteriales","Heat shock 70 kDa protein"
"ko:K04043",5740.67372853798,0.109517717649228,0.0243698522391769,4.49398365547607,6.99029959969633e-06,0.000859806850762649,"k87_1033188_1","COG0443@1|root,COG0443@2|Bacteria,2GJTY@201174|Actinobacteria,4CP69@84995|Rubrobacteria","Heat shock 70 kDa protein"
"ko:K04043",5740.67372853798,0.109517717649228,0.0243698522391769,4.49398365547607,6.99029959969633e-06,0.000859806850762649,"k87_1068660_2","COG0443@1|root,COG0443@2|Bacteria,2GJTY@201174|Actinobacteria,4DZEH@85010|Pseudonocardiales","Heat shock 70 kDa protein"
"ko:K04043",5740.67372853798,0.109517717649228,0.0243698522391769,4.49398365547607,6.99029959969633e-06,0.000859806850762649,"k87_1085558_3","COG0443@1|root,COG0443@2|Bacteria,2GJTY@201174|Actinobacteria,4CP69@84995|Rubrobacteria","Heat shock 70 kDa protein"
"ko:K04043",5740.67372853798,0.109517717649228,0.0243698522391769,4.49398365547607,6.99029959969633e-06,0.000859806850762649,"k87_1245482_1","COG0443@1|root,COG0443@2|Bacteria,4NERF@976|Bacteroidetes,1IPCI@117747|Sphingobacteriia","Heat shock 70 kDa protein"
"ko:K04043",5740.67372853798,0.109517717649228,0.0243698522391769,4.49398365547607,6.99029959969633e-06,0.000859806850762649,"k87_1292523_1","COG0443@1|root,arCOG03060@2157|Archaea,41SCM@651137|Thaumarchaeota","Heat shock 70 kDa protein"
"ko:K04043",5740.67372853798,0.109517717649228,0.0243698522391769,4.49398365547607,6.99029959969633e-06,0.000859806850762649,"k87_1305131_1","COG0443@1|root,COG0443@2|Bacteria,2GJTY@201174|Actinobacteria,4CP69@84995|Rubrobacteria","Heat shock 70 kDa protein"
"ko:K04043",5740.67372853798,0.109517717649228,0.0243698522391769,4.49398365547607,6.99029959969633e-06,0.000859806850762649,"k87_1313136_1","COG0443@1|root,COG0443@2|Bacteria,2NNU1@2323|unclassified Bacteria","Heat shock 70 kDa protein"
"ko:K04043",5740.67372853798,0.109517717649228,0.0243698522391769,4.49398365547607,6.99029959969633e-06,0.000859806850762649,"k87_1352526_2","COG0443@1|root,COG0443@2|Bacteria,2GJTY@201174|Actinobacteria,4ERTY@85013|Frankiales","Heat shock 70 kDa protein"
"ko:K04043",5740.67372853798,0.109517717649228,0.0243698522391769,4.49398365547607,6.99029959969633e-06,0.000859806850762649,"k87_1392743_4","COG0443@1|root,COG0443@2|Bacteria,1MVEN@1224|Proteobacteria,2VH14@28216|Betaproteobacteria,3T27F@506|Alcaligenaceae","Heat shock 70 kDa protein"
"ko:K04043",5740.67372853798,0.109517717649228,0.0243698522391769,4.49398365547607,6.99029959969633e-06,0.000859806850762649,"k87_1404348_4","COG0443@1|root,COG0443@2|Bacteria,2GJTY@201174|Actinobacteria,4CP69@84995|Rubrobacteria","Heat shock 70 kDa protein"
"ko:K04043",5740.67372853798,0.109517717649228,0.0243698522391769,4.49398365547607,6.99029959969633e-06,0.000859806850762649,"k87_1421384_1","COG0443@1|root,arCOG03060@2157|Archaea,41SCM@651137|Thaumarchaeota","Heat shock 70 kDa protein"
"ko:K04043",5740.67372853798,0.109517717649228,0.0243698522391769,4.49398365547607,6.99029959969633e-06,0.000859806850762649,"k87_1473448_1","COG0443@1|root,COG0443@2|Bacteria,1MVEN@1224|Proteobacteria,2TR5H@28211|Alphaproteobacteria,3JQXK@41294|Bradyrhizobiaceae","Heat shock 70 kDa protein"
"ko:K04043",5740.67372853798,0.109517717649228,0.0243698522391769,4.49398365547607,6.99029959969633e-06,0.000859806850762649,"k87_1574482_1","COG0443@1|root,COG0443@2|Bacteria,2G5U5@200795|Chloroflexi,27Y4Z@189775|Thermomicrobia","MreB/Mbl protein"
"ko:K04043",5740.67372853798,0.109517717649228,0.0243698522391769,4.49398365547607,6.99029959969633e-06,0.000859806850762649,"k87_1574482_2","COG0443@1|root,COG0443@2|Bacteria,2G5U5@200795|Chloroflexi,27Y4Z@189775|Thermomicrobia","MreB/Mbl protein"
"ko:K04043",5740.67372853798,0.109517717649228,0.0243698522391769,4.49398365547607,6.99029959969633e-06,0.000859806850762649,"k87_1575183_1","COG0443@1|root,COG0443@2|Bacteria,2GJTY@201174|Actinobacteria,4CP69@84995|Rubrobacteria","Heat shock 70 kDa protein"
"ko:K04043",5740.67372853798,0.109517717649228,0.0243698522391769,4.49398365547607,6.99029959969633e-06,0.000859806850762649,"k87_1587432_1","COG0443@1|root,COG0443@2|Bacteria,1MVEN@1224|Proteobacteria,2TR5H@28211|Alphaproteobacteria,2JPS5@204441|Rhodospirillales","Heat shock 70 kDa protein"
"ko:K04043",5740.67372853798,0.109517717649228,0.0243698522391769,4.49398365547607,6.99029959969633e-06,0.000859806850762649,"k87_1736735_2","COG0443@1|root,COG0443@2|Bacteria,1TP1J@1239|Firmicutes,248QV@186801|Clostridia,263XI@186807|Peptococcaceae","Heat shock 70 kDa protein"
"ko:K04043",5740.67372853798,0.109517717649228,0.0243698522391769,4.49398365547607,6.99029959969633e-06,0.000859806850762649,"k87_1781932_1","COG0443@1|root,COG0443@2|Bacteria,1MVEN@1224|Proteobacteria,2TR5H@28211|Alphaproteobacteria,3N6KP@45401|Hyphomicrobiaceae","Heat shock 70 kDa protein"
"ko:K04043",5740.67372853798,0.109517717649228,0.0243698522391769,4.49398365547607,6.99029959969633e-06,0.000859806850762649,"k87_1808775_2","COG0443@1|root,COG0443@2|Bacteria,1MVEN@1224|Proteobacteria,2TR5H@28211|Alphaproteobacteria,3JQXK@41294|Bradyrhizobiaceae","Heat shock 70 kDa protein"
"ko:K04043",5740.67372853798,0.109517717649228,0.0243698522391769,4.49398365547607,6.99029959969633e-06,0.000859806850762649,"k87_1910586_1","COG0443@1|root,COG0443@2|Bacteria,1TP1J@1239|Firmicutes,248QV@186801|Clostridia,3WGES@541000|Ruminococcaceae","Heat shock 70 kDa protein"
"ko:K04043",5740.67372853798,0.109517717649228,0.0243698522391769,4.49398365547607,6.99029959969633e-06,0.000859806850762649,"k87_2029156_2","COG0443@1|root,COG0443@2|Bacteria,1MVEN@1224|Proteobacteria,2TR5H@28211|Alphaproteobacteria,43HMU@69277|Phyllobacteriaceae","Heat shock 70 kDa protein"
"ko:K04043",5740.67372853798,0.109517717649228,0.0243698522391769,4.49398365547607,6.99029959969633e-06,0.000859806850762649,"k87_2033593_2","COG0443@1|root,COG0443@2|Bacteria,2GJTY@201174|Actinobacteria,4CP69@84995|Rubrobacteria","Heat shock 70 kDa protein"
"ko:K04043",5740.67372853798,0.109517717649228,0.0243698522391769,4.49398365547607,6.99029959969633e-06,0.000859806850762649,"k87_2047180_2","COG0443@1|root,COG0443@2|Bacteria,3J0D2@40117|Nitrospirae","Heat shock 70 kDa protein"
"ko:K04043",5740.67372853798,0.109517717649228,0.0243698522391769,4.49398365547607,6.99029959969633e-06,0.000859806850762649,"k87_2164372_2","COG0443@1|root,COG0443@2|Bacteria,2GJTY@201174|Actinobacteria,4DP1V@85009|Propionibacteriales","Heat shock 70 kDa protein"
"ko:K04043",5740.67372853798,0.109517717649228,0.0243698522391769,4.49398365547607,6.99029959969633e-06,0.000859806850762649,"k87_2210152_1","COG0443@1|root,COG0443@2|Bacteria,2GJTY@201174|Actinobacteria,4CP69@84995|Rubrobacteria","Heat shock 70 kDa protein"
"ko:K04043",5740.67372853798,0.109517717649228,0.0243698522391769,4.49398365547607,6.99029959969633e-06,0.000859806850762649,"k87_2242254_1","COG0443@1|root,COG0443@2|Bacteria,2GJTY@201174|Actinobacteria,4FMJW@85023|Microbacteriaceae","Heat shock 70 kDa protein"
"ko:K04043",5740.67372853798,0.109517717649228,0.0243698522391769,4.49398365547607,6.99029959969633e-06,0.000859806850762649,"k87_2353454_3","COG0443@1|root,COG0443@2|Bacteria,2GJTY@201174|Actinobacteria,4CP69@84995|Rubrobacteria","Heat shock 70 kDa protein"
"ko:K04043",5740.67372853798,0.109517717649228,0.0243698522391769,4.49398365547607,6.99029959969633e-06,0.000859806850762649,"k87_2419217_2","COG0443@1|root,COG0443@2|Bacteria,2GJTY@201174|Actinobacteria,4CP69@84995|Rubrobacteria","Heat shock 70 kDa protein"
"ko:K04043",5740.67372853798,0.109517717649228,0.0243698522391769,4.49398365547607,6.99029959969633e-06,0.000859806850762649,"k87_2507292_1","COG0443@1|root,arCOG03060@2157|Archaea,41SCM@651137|Thaumarchaeota","Heat shock 70 kDa protein"
"ko:K04043",5740.67372853798,0.109517717649228,0.0243698522391769,4.49398365547607,6.99029959969633e-06,0.000859806850762649,"k87_2615374_1","COG0443@1|root,arCOG03060@2157|Archaea,41SCM@651137|Thaumarchaeota","Heat shock 70 kDa protein"
"ko:K04043",5740.67372853798,0.109517717649228,0.0243698522391769,4.49398365547607,6.99029959969633e-06,0.000859806850762649,"k87_2641540_1","COG0443@1|root,COG0443@2|Bacteria,2GJTY@201174|Actinobacteria,4FMJW@85023|Microbacteriaceae","Heat shock 70 kDa protein"
"ko:K04043",5740.67372853798,0.109517717649228,0.0243698522391769,4.49398365547607,6.99029959969633e-06,0.000859806850762649,"k87_2815152_1","COG0443@1|root,arCOG03060@2157|Archaea,41SCM@651137|Thaumarchaeota","Heat shock 70 kDa protein"
"ko:K04043",5740.67372853798,0.109517717649228,0.0243698522391769,4.49398365547607,6.99029959969633e-06,0.000859806850762649,"k87_2876108_2","COG0443@1|root,COG0443@2|Bacteria,1MVEN@1224|Proteobacteria,2TR5H@28211|Alphaproteobacteria,3JQXK@41294|Bradyrhizobiaceae","Heat shock 70 kDa protein"
"ko:K04043",5740.67372853798,0.109517717649228,0.0243698522391769,4.49398365547607,6.99029959969633e-06,0.000859806850762649,"k87_2900104_1","COG0443@1|root,COG0443@2|Bacteria,1MVEN@1224|Proteobacteria,2TR5H@28211|Alphaproteobacteria,2K1KK@204457|Sphingomonadales","Heat shock 70 kDa protein"
"ko:K04043",5740.67372853798,0.109517717649228,0.0243698522391769,4.49398365547607,6.99029959969633e-06,0.000859806850762649,"k87_2938319_1","COG0443@1|root,COG0443@2|Bacteria,2GJTY@201174|Actinobacteria,4DP1V@85009|Propionibacteriales","Heat shock 70 kDa protein"
"ko:K04043",5740.67372853798,0.109517717649228,0.0243698522391769,4.49398365547607,6.99029959969633e-06,0.000859806850762649,"k87_3288000_5","COG0443@1|root,COG0443@2|Bacteria,1MVEN@1224|Proteobacteria,2TR5H@28211|Alphaproteobacteria,3JQXK@41294|Bradyrhizobiaceae","Heat shock 70 kDa protein"
"ko:K04043",5740.67372853798,0.109517717649228,0.0243698522391769,4.49398365547607,6.99029959969633e-06,0.000859806850762649,"k87_3302261_1","COG0443@1|root,COG0443@2|Bacteria,2GJTY@201174|Actinobacteria,4DP1V@85009|Propionibacteriales","Heat shock 70 kDa protein"
"ko:K04043",5740.67372853798,0.109517717649228,0.0243698522391769,4.49398365547607,6.99029959969633e-06,0.000859806850762649,"k87_3303319_1","COG0443@1|root,COG0443@2|Bacteria,1MVEN@1224|Proteobacteria,2VH14@28216|Betaproteobacteria,473J9@75682|Oxalobacteraceae","Heat shock 70 kDa protein"
"ko:K04043",5740.67372853798,0.109517717649228,0.0243698522391769,4.49398365547607,6.99029959969633e-06,0.000859806850762649,"k87_3412949_6","COG0443@1|root,COG0443@2|Bacteria,2GJTY@201174|Actinobacteria,4CMVI@84992|Acidimicrobiia","Heat shock 70 kDa protein"
"ko:K04043",5740.67372853798,0.109517717649228,0.0243698522391769,4.49398365547607,6.99029959969633e-06,0.000859806850762649,"k87_3495662_1","COG0443@1|root,COG0443@2|Bacteria,2GJTY@201174|Actinobacteria,4CMVI@84992|Acidimicrobiia","Heat shock 70 kDa protein"
"ko:K04043",5740.67372853798,0.109517717649228,0.0243698522391769,4.49398365547607,6.99029959969633e-06,0.000859806850762649,"k87_3555735_5","COG0443@1|root,arCOG03060@2157|Archaea,41SCM@651137|Thaumarchaeota","Heat shock 70 kDa protein"
"ko:K04043",5740.67372853798,0.109517717649228,0.0243698522391769,4.49398365547607,6.99029959969633e-06,0.000859806850762649,"k87_3567895_1","COG0443@1|root,COG0443@2|Bacteria,2GJTY@201174|Actinobacteria,4CP69@84995|Rubrobacteria","Heat shock 70 kDa protein"
"ko:K04043",5740.67372853798,0.109517717649228,0.0243698522391769,4.49398365547607,6.99029959969633e-06,0.000859806850762649,"k87_3865572_3","COG0443@1|root,COG0443@2|Bacteria,2GJTY@201174|Actinobacteria,4CP69@84995|Rubrobacteria","Heat shock 70 kDa protein"
"ko:K04043",5740.67372853798,0.109517717649228,0.0243698522391769,4.49398365547607,6.99029959969633e-06,0.000859806850762649,"k87_3884796_4","COG0443@1|root,COG0443@2|Bacteria,2GJTY@201174|Actinobacteria,4DP1V@85009|Propionibacteriales","Heat shock 70 kDa protein"
"ko:K04043",5740.67372853798,0.109517717649228,0.0243698522391769,4.49398365547607,6.99029959969633e-06,0.000859806850762649,"k87_3966179_1","COG0443@1|root,COG0443@2|Bacteria,2GJTY@201174|Actinobacteria,4CP69@84995|Rubrobacteria","Heat shock 70 kDa protein"
"ko:K04043",5740.67372853798,0.109517717649228,0.0243698522391769,4.49398365547607,6.99029959969633e-06,0.000859806850762649,"k87_4038061_1","COG0443@1|root,COG0443@2|Bacteria,3Y2XU@57723|Acidobacteria,2JHT1@204432|Acidobacteriia","Heat shock 70 kDa protein"
"ko:K04043",5740.67372853798,0.109517717649228,0.0243698522391769,4.49398365547607,6.99029959969633e-06,0.000859806850762649,"k87_4121428_1","COG0443@1|root,COG0443@2|Bacteria,1MVEN@1224|Proteobacteria,2TR5H@28211|Alphaproteobacteria,2JPS5@204441|Rhodospirillales","Heat shock 70 kDa protein"
"ko:K04043",5740.67372853798,0.109517717649228,0.0243698522391769,4.49398365547607,6.99029959969633e-06,0.000859806850762649,"k87_4503383_1","COG0443@1|root,COG0443@2|Bacteria,1MVEN@1224|Proteobacteria,2TR5H@28211|Alphaproteobacteria,3JQXK@41294|Bradyrhizobiaceae","Heat shock 70 kDa protein"
"ko:K04043",5740.67372853798,0.109517717649228,0.0243698522391769,4.49398365547607,6.99029959969633e-06,0.000859806850762649,"k87_4606852_1","COG0443@1|root,COG0443@2|Bacteria,2GJTY@201174|Actinobacteria,4EUH7@85013|Frankiales","Heat shock 70 kDa protein"
"ko:K04043",5740.67372853798,0.109517717649228,0.0243698522391769,4.49398365547607,6.99029959969633e-06,0.000859806850762649,"k87_4661733_1","COG0443@1|root,COG0443@2|Bacteria,1MVEN@1224|Proteobacteria,2VH14@28216|Betaproteobacteria,1KSEA@119069|Hydrogenophilales","Hsp70 protein"
"ko:K04043",5740.67372853798,0.109517717649228,0.0243698522391769,4.49398365547607,6.99029959969633e-06,0.000859806850762649,"k87_4672777_3","COG0443@1|root,COG0443@2|Bacteria,1TP1J@1239|Firmicutes,248QV@186801|Clostridia,36DJ7@31979|Clostridiaceae","Heat shock 70 kDa protein"
"ko:K04043",5740.67372853798,0.109517717649228,0.0243698522391769,4.49398365547607,6.99029959969633e-06,0.000859806850762649,"k87_4682638_1","COG0443@1|root,COG0443@2|Bacteria,2GJTY@201174|Actinobacteria,4DP1V@85009|Propionibacteriales","Heat shock 70 kDa protein"
"ko:K04043",5740.67372853798,0.109517717649228,0.0243698522391769,4.49398365547607,6.99029959969633e-06,0.000859806850762649,"k87_5139314_1","COG0443@1|root,arCOG03060@2157|Archaea,41SCM@651137|Thaumarchaeota","Heat shock 70 kDa protein"
"ko:K04043",5740.67372853798,0.109517717649228,0.0243698522391769,4.49398365547607,6.99029959969633e-06,0.000859806850762649,"k87_5160516_2","COG0443@1|root,COG0443@2|Bacteria,4NERF@976|Bacteroidetes,1IPCI@117747|Sphingobacteriia","Heat shock 70 kDa protein"
"ko:K04043",5740.67372853798,0.109517717649228,0.0243698522391769,4.49398365547607,6.99029959969633e-06,0.000859806850762649,"k87_5207649_1","COG0443@1|root,COG0443@2|Bacteria,2GJTY@201174|Actinobacteria,4CP69@84995|Rubrobacteria","Heat shock 70 kDa protein"
"ko:K04043",5740.67372853798,0.109517717649228,0.0243698522391769,4.49398365547607,6.99029959969633e-06,0.000859806850762649,"k87_5394347_1","COG0443@1|root,COG0443@2|Bacteria,2GJTY@201174|Actinobacteria,4CMVI@84992|Acidimicrobiia","Heat shock 70 kDa protein"
"ko:K04043",5740.67372853798,0.109517717649228,0.0243698522391769,4.49398365547607,6.99029959969633e-06,0.000859806850762649,"k87_5515267_2","COG0443@1|root,COG0443@2|Bacteria,2GJTY@201174|Actinobacteria,4DP1V@85009|Propionibacteriales","Heat shock 70 kDa protein"
"ko:K04043",5740.67372853798,0.109517717649228,0.0243698522391769,4.49398365547607,6.99029959969633e-06,0.000859806850762649,"k87_5664888_2","COG0443@1|root,COG0443@2|Bacteria,1MVEN@1224|Proteobacteria,2TR5H@28211|Alphaproteobacteria,1JSDC@119045|Methylobacteriaceae","Heat shock 70 kDa protein"
"ko:K04043",5740.67372853798,0.109517717649228,0.0243698522391769,4.49398365547607,6.99029959969633e-06,0.000859806850762649,"k87_5733096_1","COG0443@1|root,COG0443@2|Bacteria,2GJTY@201174|Actinobacteria,4CP69@84995|Rubrobacteria","Heat shock 70 kDa protein"
"ko:K04043",5740.67372853798,0.109517717649228,0.0243698522391769,4.49398365547607,6.99029959969633e-06,0.000859806850762649,"k87_5775591_1","COG0443@1|root,COG0443@2|Bacteria,2GJTY@201174|Actinobacteria,4CMVI@84992|Acidimicrobiia","Heat shock 70 kDa protein"
"ko:K04043",5740.67372853798,0.109517717649228,0.0243698522391769,4.49398365547607,6.99029959969633e-06,0.000859806850762649,"k87_5838755_1","COG0443@1|root,COG0443@2|Bacteria,2GJTY@201174|Actinobacteria,2339Q@1762|Mycobacteriaceae","Heat shock 70 kDa protein"
"ko:K04043",5740.67372853798,0.109517717649228,0.0243698522391769,4.49398365547607,6.99029959969633e-06,0.000859806850762649,"k87_5877055_2","COG0443@1|root,COG0443@2|Bacteria,2GJTY@201174|Actinobacteria,4CP69@84995|Rubrobacteria","Heat shock 70 kDa protein"
"ko:K04043",5740.67372853798,0.109517717649228,0.0243698522391769,4.49398365547607,6.99029959969633e-06,0.000859806850762649,"k87_6088996_1","COG0443@1|root,COG0443@2|Bacteria,1TP1J@1239|Firmicutes,4H36V@909932|Negativicutes","Heat shock 70 kDa protein"
"ko:K04043",5740.67372853798,0.109517717649228,0.0243698522391769,4.49398365547607,6.99029959969633e-06,0.000859806850762649,"k87_6113728_2","COG0443@1|root,arCOG03060@2157|Archaea,41SCM@651137|Thaumarchaeota","Heat shock 70 kDa protein"
"ko:K04043",5740.67372853798,0.109517717649228,0.0243698522391769,4.49398365547607,6.99029959969633e-06,0.000859806850762649,"k87_6158977_2","COG0443@1|root,COG0443@2|Bacteria,2GJTY@201174|Actinobacteria","Heat shock 70 kDa protein"
"ko:K04043",5740.67372853798,0.109517717649228,0.0243698522391769,4.49398365547607,6.99029959969633e-06,0.000859806850762649,"k87_6327424_3","COG0443@1|root,COG0443@2|Bacteria,2GJTY@201174|Actinobacteria,4CP69@84995|Rubrobacteria","Heat shock 70 kDa protein"
"ko:K04043",5740.67372853798,0.109517717649228,0.0243698522391769,4.49398365547607,6.99029959969633e-06,0.000859806850762649,"k87_6343072_1","COG0443@1|root,COG0443@2|Bacteria,2GJTY@201174|Actinobacteria,4CP69@84995|Rubrobacteria","Heat shock 70 kDa protein"
"ko:K04043",5740.67372853798,0.109517717649228,0.0243698522391769,4.49398365547607,6.99029959969633e-06,0.000859806850762649,"k87_6731956_5","COG0443@1|root,COG0443@2|Bacteria,1MVEN@1224|Proteobacteria,2VH14@28216|Betaproteobacteria,4ABI0@80864|Comamonadaceae","Heat shock 70 kDa protein"
"ko:K04043",5740.67372853798,0.109517717649228,0.0243698522391769,4.49398365547607,6.99029959969633e-06,0.000859806850762649,"k87_7048033_1","COG0443@1|root,COG0443@2|Bacteria,1MVEN@1224|Proteobacteria,1RMDD@1236|Gammaproteobacteria,45ZPN@72273|Thiotrichales","Heat shock 70 kDa protein"
"ko:K04043",5740.67372853798,0.109517717649228,0.0243698522391769,4.49398365547607,6.99029959969633e-06,0.000859806850762649,"k87_7056647_1","COG0443@1|root,COG0443@2|Bacteria,1MVEN@1224|Proteobacteria,2TR5H@28211|Alphaproteobacteria,3NA77@45404|Beijerinckiaceae","unfolded protein binding"
"ko:K04077",8545.97723963661,0.107944260274458,0.0241985520341076,4.46077352571806,8.16643554182833e-06,0.000927204527672201,"k87_15049_1","COG0459@1|root,COG0459@2|Bacteria,2GKC9@201174|Actinobacteria,4CP8M@84995|Rubrobacteria","Prevents misfolding and promotes the refolding and proper assembly of unfolded polypeptides generated under stress conditions"
"ko:K04077",8545.97723963661,0.107944260274458,0.0241985520341076,4.46077352571806,8.16643554182833e-06,0.000927204527672201,"k87_19271_1","COG0459@1|root,COG0459@2|Bacteria,1MURR@1224|Proteobacteria,2TS07@28211|Alphaproteobacteria,2K0H3@204457|Sphingomonadales","Prevents misfolding and promotes the refolding and proper assembly of unfolded polypeptides generated under stress conditions"
"ko:K04077",8545.97723963661,0.107944260274458,0.0241985520341076,4.46077352571806,8.16643554182833e-06,0.000927204527672201,"k87_27776_1","COG0459@1|root,COG0459@2|Bacteria,1MURR@1224|Proteobacteria,2TS07@28211|Alphaproteobacteria,3JSH9@41294|Bradyrhizobiaceae","Prevents misfolding and promotes the refolding and proper assembly of unfolded polypeptides generated under stress conditions"
"ko:K04077",8545.97723963661,0.107944260274458,0.0241985520341076,4.46077352571806,8.16643554182833e-06,0.000927204527672201,"k87_48798_3","COG0459@1|root,COG0459@2|Bacteria,1TP1T@1239|Firmicutes,4HA38@91061|Bacilli,470AS@74385|Gracilibacillus","Prevents misfolding and promotes the refolding and proper assembly of unfolded polypeptides generated under stress conditions"
"ko:K04077",8545.97723963661,0.107944260274458,0.0241985520341076,4.46077352571806,8.16643554182833e-06,0.000927204527672201,"k87_90063_2","COG0459@1|root,COG0459@2|Bacteria,1MURR@1224|Proteobacteria,2TS07@28211|Alphaproteobacteria,4BA8Y@82115|Rhizobiaceae","Prevents misfolding and promotes the refolding and proper assembly of unfolded polypeptides generated under stress conditions"
"ko:K04077",8545.97723963661,0.107944260274458,0.0241985520341076,4.46077352571806,8.16643554182833e-06,0.000927204527672201,"k87_129174_5","COG0459@1|root,COG0459@2|Bacteria,1MURR@1224|Proteobacteria,1RMTB@1236|Gammaproteobacteria,1XIAV@135619|Oceanospirillales","Prevents misfolding and promotes the refolding and proper assembly of unfolded polypeptides generated under stress conditions"
"ko:K04077",8545.97723963661,0.107944260274458,0.0241985520341076,4.46077352571806,8.16643554182833e-06,0.000927204527672201,"k87_141940_1","COG0459@1|root,COG0459@2|Bacteria,46S9U@74201|Verrucomicrobia","Prevents misfolding and promotes the refolding and proper assembly of unfolded polypeptides generated under stress conditions"
"ko:K04077",8545.97723963661,0.107944260274458,0.0241985520341076,4.46077352571806,8.16643554182833e-06,0.000927204527672201,"k87_161084_3","COG0459@1|root,COG0459@2|Bacteria,2GKC9@201174|Actinobacteria,4CP8M@84995|Rubrobacteria","Prevents misfolding and promotes the refolding and proper assembly of unfolded polypeptides generated under stress conditions"
"ko:K04077",8545.97723963661,0.107944260274458,0.0241985520341076,4.46077352571806,8.16643554182833e-06,0.000927204527672201,"k87_170713_3","COG0459@1|root,COG0459@2|Bacteria,1MURR@1224|Proteobacteria,2TS07@28211|Alphaproteobacteria,2KFR3@204458|Caulobacterales","Prevents misfolding and promotes the refolding and proper assembly of unfolded polypeptides generated under stress conditions"
"ko:K04077",8545.97723963661,0.107944260274458,0.0241985520341076,4.46077352571806,8.16643554182833e-06,0.000927204527672201,"k87_175912_1","COG0459@1|root,COG0459@2|Bacteria,3Y37I@57723|Acidobacteria,2JIV1@204432|Acidobacteriia","Prevents misfolding and promotes the refolding and proper assembly of unfolded polypeptides generated under stress conditions"
"ko:K04077",8545.97723963661,0.107944260274458,0.0241985520341076,4.46077352571806,8.16643554182833e-06,0.000927204527672201,"k87_206208_1","COG0459@1|root,COG0459@2|Bacteria,3Y37I@57723|Acidobacteria","Prevents misfolding and promotes the refolding and proper assembly of unfolded polypeptides generated under stress conditions"
"ko:K04077",8545.97723963661,0.107944260274458,0.0241985520341076,4.46077352571806,8.16643554182833e-06,0.000927204527672201,"k87_275453_3","COG0459@1|root,COG0459@2|Bacteria,1PMNK@1224|Proteobacteria,2TTPT@28211|Alphaproteobacteria","Prevents misfolding and promotes the refolding and proper assembly of unfolded polypeptides generated under stress conditions"
"ko:K04077",8545.97723963661,0.107944260274458,0.0241985520341076,4.46077352571806,8.16643554182833e-06,0.000927204527672201,"k87_305808_4","COG0459@1|root,COG0459@2|Bacteria,3Y37I@57723|Acidobacteria","Prevents misfolding and promotes the refolding and proper assembly of unfolded polypeptides generated under stress conditions"
"ko:K04077",8545.97723963661,0.107944260274458,0.0241985520341076,4.46077352571806,8.16643554182833e-06,0.000927204527672201,"k87_333178_6","COG0459@1|root,COG0459@2|Bacteria,2GKC9@201174|Actinobacteria,4CP8M@84995|Rubrobacteria","Prevents misfolding and promotes the refolding and proper assembly of unfolded polypeptides generated under stress conditions"
"ko:K04077",8545.97723963661,0.107944260274458,0.0241985520341076,4.46077352571806,8.16643554182833e-06,0.000927204527672201,"k87_334135_1","COG0459@1|root,COG0459@2|Bacteria,1MURR@1224|Proteobacteria,1RMTB@1236|Gammaproteobacteria,1X3SN@135614|Xanthomonadales","Prevents misfolding and promotes the refolding and proper assembly of unfolded polypeptides generated under stress conditions"
"ko:K04077",8545.97723963661,0.107944260274458,0.0241985520341076,4.46077352571806,8.16643554182833e-06,0.000927204527672201,"k87_369304_13","COG0459@1|root,COG0459@2|Bacteria,2GKC9@201174|Actinobacteria,4CP8M@84995|Rubrobacteria","Prevents misfolding and promotes the refolding and proper assembly of unfolded polypeptides generated under stress conditions"
"ko:K04077",8545.97723963661,0.107944260274458,0.0241985520341076,4.46077352571806,8.16643554182833e-06,0.000927204527672201,"k87_635044_6","COG0459@1|root,COG0459@2|Bacteria,1MURR@1224|Proteobacteria,2TS07@28211|Alphaproteobacteria,43HY4@69277|Phyllobacteriaceae","Prevents misfolding and promotes the refolding and proper assembly of unfolded polypeptides generated under stress conditions"
"ko:K04077",8545.97723963661,0.107944260274458,0.0241985520341076,4.46077352571806,8.16643554182833e-06,0.000927204527672201,"k87_666992_1","COG0459@1|root,COG0459@2|Bacteria,2GKC9@201174|Actinobacteria,4CP8M@84995|Rubrobacteria","Prevents misfolding and promotes the refolding and proper assembly of unfolded polypeptides generated under stress conditions"
"ko:K04077",8545.97723963661,0.107944260274458,0.0241985520341076,4.46077352571806,8.16643554182833e-06,0.000927204527672201,"k87_669571_2","COG0459@1|root,COG0459@2|Bacteria,2GKC9@201174|Actinobacteria,4EFHE@85012|Streptosporangiales","Prevents misfolding and promotes the refolding and proper assembly of unfolded polypeptides generated under stress conditions"
"ko:K04077",8545.97723963661,0.107944260274458,0.0241985520341076,4.46077352571806,8.16643554182833e-06,0.000927204527672201,"k87_787859_4","COG0459@1|root,COG0459@2|Bacteria,1MURR@1224|Proteobacteria,2VIW1@28216|Betaproteobacteria,372Q8@32003|Nitrosomonadales","Prevents misfolding and promotes the refolding and proper assembly of unfolded polypeptides generated under stress conditions"
"ko:K04077",8545.97723963661,0.107944260274458,0.0241985520341076,4.46077352571806,8.16643554182833e-06,0.000927204527672201,"k87_804878_1","COG0459@1|root,COG0459@2|Bacteria,2GKC9@201174|Actinobacteria,232B0@1762|Mycobacteriaceae","Prevents misfolding and promotes the refolding and proper assembly of unfolded polypeptides generated under stress conditions"
"ko:K04077",8545.97723963661,0.107944260274458,0.0241985520341076,4.46077352571806,8.16643554182833e-06,0.000927204527672201,"k87_860687_1","COG0459@1|root,COG0459@2|Bacteria,1MURR@1224|Proteobacteria,2VIW1@28216|Betaproteobacteria,4A9QT@80864|Comamonadaceae","Prevents misfolding and promotes the refolding and proper assembly of unfolded polypeptides generated under stress conditions"
"ko:K04077",8545.97723963661,0.107944260274458,0.0241985520341076,4.46077352571806,8.16643554182833e-06,0.000927204527672201,"k87_870727_3","COG0459@1|root,COG0459@2|Bacteria,2GKC9@201174|Actinobacteria,4CP8M@84995|Rubrobacteria","Prevents misfolding and promotes the refolding and proper assembly of unfolded polypeptides generated under stress conditions"
"ko:K04077",8545.97723963661,0.107944260274458,0.0241985520341076,4.46077352571806,8.16643554182833e-06,0.000927204527672201,"k87_995611_8","COG0459@1|root,COG0459@2|Bacteria,2GKC9@201174|Actinobacteria","Prevents misfolding and promotes the refolding and proper assembly of unfolded polypeptides generated under stress conditions"
"ko:K04077",8545.97723963661,0.107944260274458,0.0241985520341076,4.46077352571806,8.16643554182833e-06,0.000927204527672201,"k87_1014075_1","COG0459@1|root,COG0459@2|Bacteria,1MURR@1224|Proteobacteria,2TS07@28211|Alphaproteobacteria,3JTI3@41294|Bradyrhizobiaceae","Prevents misfolding and promotes the refolding and proper assembly of unfolded polypeptides generated under stress conditions"
"ko:K04077",8545.97723963661,0.107944260274458,0.0241985520341076,4.46077352571806,8.16643554182833e-06,0.000927204527672201,"k87_1129674_1","COG0459@1|root,COG0459@2|Bacteria,2GKC9@201174|Actinobacteria,4CP8M@84995|Rubrobacteria","Prevents misfolding and promotes the refolding and proper assembly of unfolded polypeptides generated under stress conditions"
"ko:K04077",8545.97723963661,0.107944260274458,0.0241985520341076,4.46077352571806,8.16643554182833e-06,0.000927204527672201,"k87_1179772_1","COG0459@1|root,COG0459@2|Bacteria,1MURR@1224|Proteobacteria,2TS07@28211|Alphaproteobacteria,3JTI3@41294|Bradyrhizobiaceae","Prevents misfolding and promotes the refolding and proper assembly of unfolded polypeptides generated under stress conditions"
"ko:K04077",8545.97723963661,0.107944260274458,0.0241985520341076,4.46077352571806,8.16643554182833e-06,0.000927204527672201,"k87_1224665_1","COG0459@1|root,COG0459@2|Bacteria,46S9U@74201|Verrucomicrobia,3K7T7@414999|Opitutae","Prevents misfolding and promotes the refolding and proper assembly of unfolded polypeptides generated under stress conditions"
"ko:K04077",8545.97723963661,0.107944260274458,0.0241985520341076,4.46077352571806,8.16643554182833e-06,0.000927204527672201,"k87_1292701_1","COG0459@1|root,COG0459@2|Bacteria,1MURR@1224|Proteobacteria,2TS07@28211|Alphaproteobacteria,3JTI3@41294|Bradyrhizobiaceae","Prevents misfolding and promotes the refolding and proper assembly of unfolded polypeptides generated under stress conditions"
"ko:K04077",8545.97723963661,0.107944260274458,0.0241985520341076,4.46077352571806,8.16643554182833e-06,0.000927204527672201,"k87_1296849_2","COG0459@1|root,COG0459@2|Bacteria,1MURR@1224|Proteobacteria,2TS07@28211|Alphaproteobacteria,4BA8Y@82115|Rhizobiaceae","Prevents misfolding and promotes the refolding and proper assembly of unfolded polypeptides generated under stress conditions"
"ko:K04077",8545.97723963661,0.107944260274458,0.0241985520341076,4.46077352571806,8.16643554182833e-06,0.000927204527672201,"k87_1308093_2","COG0459@1|root,COG0459@2|Bacteria,2GKC9@201174|Actinobacteria,1W8B0@1268|Micrococcaceae","Prevents misfolding and promotes the refolding and proper assembly of unfolded polypeptides generated under stress conditions"
"ko:K04077",8545.97723963661,0.107944260274458,0.0241985520341076,4.46077352571806,8.16643554182833e-06,0.000927204527672201,"k87_1314520_1","COG0459@1|root,COG0459@2|Bacteria,1MURR@1224|Proteobacteria,2TS07@28211|Alphaproteobacteria,3JSH9@41294|Bradyrhizobiaceae","Prevents misfolding and promotes the refolding and proper assembly of unfolded polypeptides generated under stress conditions"
"ko:K04077",8545.97723963661,0.107944260274458,0.0241985520341076,4.46077352571806,8.16643554182833e-06,0.000927204527672201,"k87_1330444_1","COG0459@1|root,COG0459@2|Bacteria,2GKC9@201174|Actinobacteria,4CP8M@84995|Rubrobacteria","Prevents misfolding and promotes the refolding and proper assembly of unfolded polypeptides generated under stress conditions"
"ko:K04077",8545.97723963661,0.107944260274458,0.0241985520341076,4.46077352571806,8.16643554182833e-06,0.000927204527672201,"k87_1434652_1","COG0459@1|root,COG0459@2|Bacteria,1MURR@1224|Proteobacteria,2VIW1@28216|Betaproteobacteria,1KJQF@119065|unclassified Burkholderiales","Prevents misfolding and promotes the refolding and proper assembly of unfolded polypeptides generated under stress conditions"
"ko:K04077",8545.97723963661,0.107944260274458,0.0241985520341076,4.46077352571806,8.16643554182833e-06,0.000927204527672201,"k87_1564318_1","COG0459@1|root,COG0459@2|Bacteria,2GKC9@201174|Actinobacteria,4DNCJ@85009|Propionibacteriales","Prevents misfolding and promotes the refolding and proper assembly of unfolded polypeptides generated under stress conditions"
"ko:K04077",8545.97723963661,0.107944260274458,0.0241985520341076,4.46077352571806,8.16643554182833e-06,0.000927204527672201,"k87_1586905_1","COG0459@1|root,COG0459@2|Bacteria,1ZTC5@142182|Gemmatimonadetes","Prevents misfolding and promotes the refolding and proper assembly of unfolded polypeptides generated under stress conditions"
"ko:K04077",8545.97723963661,0.107944260274458,0.0241985520341076,4.46077352571806,8.16643554182833e-06,0.000927204527672201,"k87_1617137_4","COG0459@1|root,COG0459@2|Bacteria,2GKC9@201174|Actinobacteria,4EFHE@85012|Streptosporangiales","Prevents misfolding and promotes the refolding and proper assembly of unfolded polypeptides generated under stress conditions"
"ko:K04077",8545.97723963661,0.107944260274458,0.0241985520341076,4.46077352571806,8.16643554182833e-06,0.000927204527672201,"k87_1688277_1","COG0459@1|root,COG0459@2|Bacteria,1MURR@1224|Proteobacteria,2VIW1@28216|Betaproteobacteria,372Q8@32003|Nitrosomonadales","Prevents misfolding and promotes the refolding and proper assembly of unfolded polypeptides generated under stress conditions"
"ko:K04077",8545.97723963661,0.107944260274458,0.0241985520341076,4.46077352571806,8.16643554182833e-06,0.000927204527672201,"k87_1759785_2","COG0459@1|root,COG0459@2|Bacteria,2GKC9@201174|Actinobacteria,4DNNQ@85009|Propionibacteriales","Prevents misfolding and promotes the refolding and proper assembly of unfolded polypeptides generated under stress conditions"
"ko:K04077",8545.97723963661,0.107944260274458,0.0241985520341076,4.46077352571806,8.16643554182833e-06,0.000927204527672201,"k87_1843973_3","COG0459@1|root,COG0459@2|Bacteria,3J0DA@40117|Nitrospirae","Prevents misfolding and promotes the refolding and proper assembly of unfolded polypeptides generated under stress conditions"
"ko:K04077",8545.97723963661,0.107944260274458,0.0241985520341076,4.46077352571806,8.16643554182833e-06,0.000927204527672201,"k87_1904075_1","COG0459@1|root,COG0459@2|Bacteria,2GKC9@201174|Actinobacteria,4CP8M@84995|Rubrobacteria","Prevents misfolding and promotes the refolding and proper assembly of unfolded polypeptides generated under stress conditions"
"ko:K04077",8545.97723963661,0.107944260274458,0.0241985520341076,4.46077352571806,8.16643554182833e-06,0.000927204527672201,"k87_1942117_1","COG0459@1|root,COG0459@2|Bacteria,2GKC9@201174|Actinobacteria,4CP8M@84995|Rubrobacteria","Prevents misfolding and promotes the refolding and proper assembly of unfolded polypeptides generated under stress conditions"
"ko:K04077",8545.97723963661,0.107944260274458,0.0241985520341076,4.46077352571806,8.16643554182833e-06,0.000927204527672201,"k87_2084946_1","COG0459@1|root,COG0459@2|Bacteria,1ZTC5@142182|Gemmatimonadetes","Prevents misfolding and promotes the refolding and proper assembly of unfolded polypeptides generated under stress conditions"
"ko:K04077",8545.97723963661,0.107944260274458,0.0241985520341076,4.46077352571806,8.16643554182833e-06,0.000927204527672201,"k87_2141802_25","COG0459@1|root,COG0459@2|Bacteria,1MURR@1224|Proteobacteria,1RMTB@1236|Gammaproteobacteria,1X3SN@135614|Xanthomonadales","Prevents misfolding and promotes the refolding and proper assembly of unfolded polypeptides generated under stress conditions"
"ko:K04077",8545.97723963661,0.107944260274458,0.0241985520341076,4.46077352571806,8.16643554182833e-06,0.000927204527672201,"k87_2178612_1","COG0459@1|root,COG0459@2|Bacteria,1TP1T@1239|Firmicutes,248BG@186801|Clostridia,42EQM@68295|Thermoanaerobacterales","Prevents misfolding and promotes the refolding and proper assembly of unfolded polypeptides generated under stress conditions"
"ko:K04077",8545.97723963661,0.107944260274458,0.0241985520341076,4.46077352571806,8.16643554182833e-06,0.000927204527672201,"k87_2345607_2","COG0459@1|root,COG0459@2|Bacteria,2GKC9@201174|Actinobacteria,4FKRV@85023|Microbacteriaceae","Prevents misfolding and promotes the refolding and proper assembly of unfolded polypeptides generated under stress conditions"
"ko:K04077",8545.97723963661,0.107944260274458,0.0241985520341076,4.46077352571806,8.16643554182833e-06,0.000927204527672201,"k87_2503482_1","COG0459@1|root,COG0459@2|Bacteria,2GKC9@201174|Actinobacteria,4CNG0@84992|Acidimicrobiia","Prevents misfolding and promotes the refolding and proper assembly of unfolded polypeptides generated under stress conditions"
"ko:K04077",8545.97723963661,0.107944260274458,0.0241985520341076,4.46077352571806,8.16643554182833e-06,0.000927204527672201,"k87_2514765_1","COG0459@1|root,COG0459@2|Bacteria,2GKC9@201174|Actinobacteria,2331Z@1762|Mycobacteriaceae","Prevents misfolding and promotes the refolding and proper assembly of unfolded polypeptides generated under stress conditions"
"ko:K04077",8545.97723963661,0.107944260274458,0.0241985520341076,4.46077352571806,8.16643554182833e-06,0.000927204527672201,"k87_2524649_1","COG0459@1|root,COG0459@2|Bacteria,2GKC9@201174|Actinobacteria,4DNCJ@85009|Propionibacteriales","Prevents misfolding and promotes the refolding and proper assembly of unfolded polypeptides generated under stress conditions"
"ko:K04077",8545.97723963661,0.107944260274458,0.0241985520341076,4.46077352571806,8.16643554182833e-06,0.000927204527672201,"k87_2546347_7","COG0459@1|root,COG0459@2|Bacteria,1MURR@1224|Proteobacteria,2TS07@28211|Alphaproteobacteria,2K0H3@204457|Sphingomonadales","Prevents misfolding and promotes the refolding and proper assembly of unfolded polypeptides generated under stress conditions"
"ko:K04077",8545.97723963661,0.107944260274458,0.0241985520341076,4.46077352571806,8.16643554182833e-06,0.000927204527672201,"k87_2632063_2","COG0459@1|root,COG0459@2|Bacteria,2GKC9@201174|Actinobacteria,4EFHE@85012|Streptosporangiales","Prevents misfolding and promotes the refolding and proper assembly of unfolded polypeptides generated under stress conditions"
"ko:K04077",8545.97723963661,0.107944260274458,0.0241985520341076,4.46077352571806,8.16643554182833e-06,0.000927204527672201,"k87_2662485_3","COG0459@1|root,COG0459@2|Bacteria,46S9U@74201|Verrucomicrobia","Prevents misfolding and promotes the refolding and proper assembly of unfolded polypeptides generated under stress conditions"
"ko:K04077",8545.97723963661,0.107944260274458,0.0241985520341076,4.46077352571806,8.16643554182833e-06,0.000927204527672201,"k87_2696086_6","COG0459@1|root,COG0459@2|Bacteria,1MURR@1224|Proteobacteria,2TS07@28211|Alphaproteobacteria,43HV8@69277|Phyllobacteriaceae","Prevents misfolding and promotes the refolding and proper assembly of unfolded polypeptides generated under stress conditions"
"ko:K04077",8545.97723963661,0.107944260274458,0.0241985520341076,4.46077352571806,8.16643554182833e-06,0.000927204527672201,"k87_2724840_1","COG0459@1|root,COG0459@2|Bacteria,2GKC9@201174|Actinobacteria,4DNCJ@85009|Propionibacteriales","Prevents misfolding and promotes the refolding and proper assembly of unfolded polypeptides generated under stress conditions"
"ko:K04077",8545.97723963661,0.107944260274458,0.0241985520341076,4.46077352571806,8.16643554182833e-06,0.000927204527672201,"k87_2865325_2","COG0459@1|root,COG0459@2|Bacteria,2GKC9@201174|Actinobacteria,4FW1U@85025|Nocardiaceae","Prevents misfolding and promotes the refolding and proper assembly of unfolded polypeptides generated under stress conditions"
"ko:K04077",8545.97723963661,0.107944260274458,0.0241985520341076,4.46077352571806,8.16643554182833e-06,0.000927204527672201,"k87_2998422_6","COG0459@1|root,COG0459@2|Bacteria,2GKC9@201174|Actinobacteria,4EFHE@85012|Streptosporangiales","Prevents misfolding and promotes the refolding and proper assembly of unfolded polypeptides generated under stress conditions"
"ko:K04077",8545.97723963661,0.107944260274458,0.0241985520341076,4.46077352571806,8.16643554182833e-06,0.000927204527672201,"k87_3066296_1","COG0459@1|root,COG0459@2|Bacteria,2GKC9@201174|Actinobacteria,4CMU0@84992|Acidimicrobiia","Prevents misfolding and promotes the refolding and proper assembly of unfolded polypeptides generated under stress conditions"
"ko:K04077",8545.97723963661,0.107944260274458,0.0241985520341076,4.46077352571806,8.16643554182833e-06,0.000927204527672201,"k87_3230586_1","COG0459@1|root,COG0459@2|Bacteria,2GKC9@201174|Actinobacteria,4DNCJ@85009|Propionibacteriales","Prevents misfolding and promotes the refolding and proper assembly of unfolded polypeptides generated under stress conditions"
"ko:K04077",8545.97723963661,0.107944260274458,0.0241985520341076,4.46077352571806,8.16643554182833e-06,0.000927204527672201,"k87_3316938_4","COG0459@1|root,COG0459@2|Bacteria,1MURR@1224|Proteobacteria,2TS07@28211|Alphaproteobacteria","Prevents misfolding and promotes the refolding and proper assembly of unfolded polypeptides generated under stress conditions"
"ko:K04077",8545.97723963661,0.107944260274458,0.0241985520341076,4.46077352571806,8.16643554182833e-06,0.000927204527672201,"k87_3513141_1","COG0459@1|root,COG0459@2|Bacteria,1ZTC5@142182|Gemmatimonadetes","Prevents misfolding and promotes the refolding and proper assembly of unfolded polypeptides generated under stress conditions"
"ko:K04077",8545.97723963661,0.107944260274458,0.0241985520341076,4.46077352571806,8.16643554182833e-06,0.000927204527672201,"k87_3540937_1","COG0459@1|root,COG0459@2|Bacteria,2GKC9@201174|Actinobacteria,4CP8M@84995|Rubrobacteria","Prevents misfolding and promotes the refolding and proper assembly of unfolded polypeptides generated under stress conditions"
"ko:K04077",8545.97723963661,0.107944260274458,0.0241985520341076,4.46077352571806,8.16643554182833e-06,0.000927204527672201,"k87_3578779_3","COG0459@1|root,COG0459@2|Bacteria,2G65N@200795|Chloroflexi,27Y1U@189775|Thermomicrobia","Prevents misfolding and promotes the refolding and proper assembly of unfolded polypeptides generated under stress conditions"
"ko:K04077",8545.97723963661,0.107944260274458,0.0241985520341076,4.46077352571806,8.16643554182833e-06,0.000927204527672201,"k87_3635274_2","COG0459@1|root,COG0459@2|Bacteria,1MURR@1224|Proteobacteria,2TS07@28211|Alphaproteobacteria,3JTI3@41294|Bradyrhizobiaceae","Prevents misfolding and promotes the refolding and proper assembly of unfolded polypeptides generated under stress conditions"
"ko:K04077",8545.97723963661,0.107944260274458,0.0241985520341076,4.46077352571806,8.16643554182833e-06,0.000927204527672201,"k87_3640065_1","COG0459@1|root,COG0459@2|Bacteria,1MURR@1224|Proteobacteria,2TS07@28211|Alphaproteobacteria,43HY4@69277|Phyllobacteriaceae","Prevents misfolding and promotes the refolding and proper assembly of unfolded polypeptides generated under stress conditions"
"ko:K04077",8545.97723963661,0.107944260274458,0.0241985520341076,4.46077352571806,8.16643554182833e-06,0.000927204527672201,"k87_3675899_4","COG0459@1|root,COG0459@2|Bacteria,1MURR@1224|Proteobacteria,2TS07@28211|Alphaproteobacteria,2KFR3@204458|Caulobacterales","Prevents misfolding and promotes the refolding and proper assembly of unfolded polypeptides generated under stress conditions"
"ko:K04077",8545.97723963661,0.107944260274458,0.0241985520341076,4.46077352571806,8.16643554182833e-06,0.000927204527672201,"k87_3770296_3","COG0459@1|root,COG0459@2|Bacteria,2GKC9@201174|Actinobacteria,4ERKH@85013|Frankiales","Prevents misfolding and promotes the refolding and proper assembly of unfolded polypeptides generated under stress conditions"
"ko:K04077",8545.97723963661,0.107944260274458,0.0241985520341076,4.46077352571806,8.16643554182833e-06,0.000927204527672201,"k87_3946537_2","COG0459@1|root,COG0459@2|Bacteria,1MURR@1224|Proteobacteria,2TS07@28211|Alphaproteobacteria,43JIB@69277|Phyllobacteriaceae","Prevents misfolding and promotes the refolding and proper assembly of unfolded polypeptides generated under stress conditions"
"ko:K04077",8545.97723963661,0.107944260274458,0.0241985520341076,4.46077352571806,8.16643554182833e-06,0.000927204527672201,"k87_4023276_1","COG0459@1|root,COG0459@2|Bacteria,2GKC9@201174|Actinobacteria,4CP8M@84995|Rubrobacteria","Prevents misfolding and promotes the refolding and proper assembly of unfolded polypeptides generated under stress conditions"
"ko:K04077",8545.97723963661,0.107944260274458,0.0241985520341076,4.46077352571806,8.16643554182833e-06,0.000927204527672201,"k87_4091835_1","COG0459@1|root,COG0459@2|Bacteria,2GKC9@201174|Actinobacteria,4CP8M@84995|Rubrobacteria","Prevents misfolding and promotes the refolding and proper assembly of unfolded polypeptides generated under stress conditions"
"ko:K04077",8545.97723963661,0.107944260274458,0.0241985520341076,4.46077352571806,8.16643554182833e-06,0.000927204527672201,"k87_4542495_1","COG0459@1|root,COG0459@2|Bacteria,1TP1T@1239|Firmicutes,4HA38@91061|Bacilli,1ZBKJ@1386|Bacillus","Prevents misfolding and promotes the refolding and proper assembly of unfolded polypeptides generated under stress conditions"
"ko:K04077",8545.97723963661,0.107944260274458,0.0241985520341076,4.46077352571806,8.16643554182833e-06,0.000927204527672201,"k87_4562742_1","COG0459@1|root,COG0459@2|Bacteria,3Y37I@57723|Acidobacteria,2JIV1@204432|Acidobacteriia","Prevents misfolding and promotes the refolding and proper assembly of unfolded polypeptides generated under stress conditions"
"ko:K04077",8545.97723963661,0.107944260274458,0.0241985520341076,4.46077352571806,8.16643554182833e-06,0.000927204527672201,"k87_4853734_2","COG0459@1|root,COG0459@2|Bacteria,2GKC9@201174|Actinobacteria","Prevents misfolding and promotes the refolding and proper assembly of unfolded polypeptides generated under stress conditions"
"ko:K04077",8545.97723963661,0.107944260274458,0.0241985520341076,4.46077352571806,8.16643554182833e-06,0.000927204527672201,"k87_4905646_1","COG0459@1|root,COG0459@2|Bacteria,1MURR@1224|Proteobacteria,2TS07@28211|Alphaproteobacteria,43JIB@69277|Phyllobacteriaceae","Prevents misfolding and promotes the refolding and proper assembly of unfolded polypeptides generated under stress conditions"
"ko:K04077",8545.97723963661,0.107944260274458,0.0241985520341076,4.46077352571806,8.16643554182833e-06,0.000927204527672201,"k87_5151540_1","COG0459@1|root,COG0459@2|Bacteria,1MURR@1224|Proteobacteria,2TS07@28211|Alphaproteobacteria,3N9WC@45404|Beijerinckiaceae","Prevents misfolding and promotes the refolding and proper assembly of unfolded polypeptides generated under stress conditions"
"ko:K04077",8545.97723963661,0.107944260274458,0.0241985520341076,4.46077352571806,8.16643554182833e-06,0.000927204527672201,"k87_5260411_1","COG0459@1|root,COG0459@2|Bacteria,3Y37I@57723|Acidobacteria","Prevents misfolding and promotes the refolding and proper assembly of unfolded polypeptides generated under stress conditions"
"ko:K04077",8545.97723963661,0.107944260274458,0.0241985520341076,4.46077352571806,8.16643554182833e-06,0.000927204527672201,"k87_5277675_1","COG0459@1|root,COG0459@2|Bacteria,2GKC9@201174|Actinobacteria,4CP8M@84995|Rubrobacteria","Prevents misfolding and promotes the refolding and proper assembly of unfolded polypeptides generated under stress conditions"
"ko:K04077",8545.97723963661,0.107944260274458,0.0241985520341076,4.46077352571806,8.16643554182833e-06,0.000927204527672201,"k87_5331852_1","COG0459@1|root,COG0459@2|Bacteria,2GKC9@201174|Actinobacteria,4EFHE@85012|Streptosporangiales","Prevents misfolding and promotes the refolding and proper assembly of unfolded polypeptides generated under stress conditions"
"ko:K04077",8545.97723963661,0.107944260274458,0.0241985520341076,4.46077352571806,8.16643554182833e-06,0.000927204527672201,"k87_5464087_1","COG0459@1|root,COG0459@2|Bacteria,46S9U@74201|Verrucomicrobia,2ITQ1@203494|Verrucomicrobiae","Prevents misfolding and promotes the refolding and proper assembly of unfolded polypeptides generated under stress conditions"
"ko:K04077",8545.97723963661,0.107944260274458,0.0241985520341076,4.46077352571806,8.16643554182833e-06,0.000927204527672201,"k87_5615714_3","COG0459@1|root,COG0459@2|Bacteria,2GKC9@201174|Actinobacteria,3UW7Q@52018|unclassified Actinobacteria (class)","Prevents misfolding and promotes the refolding and proper assembly of unfolded polypeptides generated under stress conditions"
"ko:K04077",8545.97723963661,0.107944260274458,0.0241985520341076,4.46077352571806,8.16643554182833e-06,0.000927204527672201,"k87_5616574_4","COG0459@1|root,COG0459@2|Bacteria,2GKC9@201174|Actinobacteria,4CP8M@84995|Rubrobacteria","Prevents misfolding and promotes the refolding and proper assembly of unfolded polypeptides generated under stress conditions"
"ko:K04077",8545.97723963661,0.107944260274458,0.0241985520341076,4.46077352571806,8.16643554182833e-06,0.000927204527672201,"k87_5798273_2","COG0459@1|root,COG0459@2|Bacteria,2IWZS@203682|Planctomycetes","Prevents misfolding and promotes the refolding and proper assembly of unfolded polypeptides generated under stress conditions"
"ko:K04077",8545.97723963661,0.107944260274458,0.0241985520341076,4.46077352571806,8.16643554182833e-06,0.000927204527672201,"k87_5996078_3","COG0459@1|root,COG0459@2|Bacteria,46S9U@74201|Verrucomicrobia,2ITQ1@203494|Verrucomicrobiae","Prevents misfolding and promotes the refolding and proper assembly of unfolded polypeptides generated under stress conditions"
"ko:K04077",8545.97723963661,0.107944260274458,0.0241985520341076,4.46077352571806,8.16643554182833e-06,0.000927204527672201,"k87_6017752_1","COG0459@1|root,COG0459@2|Bacteria,1MURR@1224|Proteobacteria,2TS07@28211|Alphaproteobacteria,2JPIQ@204441|Rhodospirillales","Prevents misfolding and promotes the refolding and proper assembly of unfolded polypeptides generated under stress conditions"
"ko:K04077",8545.97723963661,0.107944260274458,0.0241985520341076,4.46077352571806,8.16643554182833e-06,0.000927204527672201,"k87_6043952_3","COG0459@1|root,COG0459@2|Bacteria,2GKC9@201174|Actinobacteria,4CP8M@84995|Rubrobacteria","Prevents misfolding and promotes the refolding and proper assembly of unfolded polypeptides generated under stress conditions"
"ko:K04077",8545.97723963661,0.107944260274458,0.0241985520341076,4.46077352571806,8.16643554182833e-06,0.000927204527672201,"k87_6314149_3","COG0459@1|root,COG0459@2|Bacteria,1MURR@1224|Proteobacteria,2TS07@28211|Alphaproteobacteria,4KKPR@93682|Roseivivax","Prevents misfolding and promotes the refolding and proper assembly of unfolded polypeptides generated under stress conditions"
"ko:K04077",8545.97723963661,0.107944260274458,0.0241985520341076,4.46077352571806,8.16643554182833e-06,0.000927204527672201,"k87_6391652_3","COG0459@1|root,COG0459@2|Bacteria,2GKC9@201174|Actinobacteria,232B0@1762|Mycobacteriaceae","Prevents misfolding and promotes the refolding and proper assembly of unfolded polypeptides generated under stress conditions"
"ko:K04077",8545.97723963661,0.107944260274458,0.0241985520341076,4.46077352571806,8.16643554182833e-06,0.000927204527672201,"k87_6463694_2","COG0459@1|root,COG0459@2|Bacteria,46S9U@74201|Verrucomicrobia","Prevents misfolding and promotes the refolding and proper assembly of unfolded polypeptides generated under stress conditions"
"ko:K04077",8545.97723963661,0.107944260274458,0.0241985520341076,4.46077352571806,8.16643554182833e-06,0.000927204527672201,"k87_6835919_1","COG0459@1|root,COG0459@2|Bacteria,1MURR@1224|Proteobacteria,2TS07@28211|Alphaproteobacteria,43HV8@69277|Phyllobacteriaceae","Prevents misfolding and promotes the refolding and proper assembly of unfolded polypeptides generated under stress conditions"
"ko:K04077",8545.97723963661,0.107944260274458,0.0241985520341076,4.46077352571806,8.16643554182833e-06,0.000927204527672201,"k87_6862025_2","COG0459@1|root,COG0459@2|Bacteria,2GKC9@201174|Actinobacteria,232B0@1762|Mycobacteriaceae","Prevents misfolding and promotes the refolding and proper assembly of unfolded polypeptides generated under stress conditions"
"ko:K04077",8545.97723963661,0.107944260274458,0.0241985520341076,4.46077352571806,8.16643554182833e-06,0.000927204527672201,"k87_6871069_1","COG0459@1|root,COG0459@2|Bacteria,1MURR@1224|Proteobacteria,2TS07@28211|Alphaproteobacteria","Prevents misfolding and promotes the refolding and proper assembly of unfolded polypeptides generated under stress conditions"
"ko:K04077",8545.97723963661,0.107944260274458,0.0241985520341076,4.46077352571806,8.16643554182833e-06,0.000927204527672201,"k87_6878315_2","COG0459@1|root,COG0459@2|Bacteria,1MURR@1224|Proteobacteria,2TS07@28211|Alphaproteobacteria,3JSH9@41294|Bradyrhizobiaceae","Prevents misfolding and promotes the refolding and proper assembly of unfolded polypeptides generated under stress conditions"
"ko:K04077",8545.97723963661,0.107944260274458,0.0241985520341076,4.46077352571806,8.16643554182833e-06,0.000927204527672201,"k87_6993896_1","COG0459@1|root,COG0459@2|Bacteria,2GKC9@201174|Actinobacteria,4CP8M@84995|Rubrobacteria","Prevents misfolding and promotes the refolding and proper assembly of unfolded polypeptides generated under stress conditions"
"ko:K04077",8545.97723963661,0.107944260274458,0.0241985520341076,4.46077352571806,8.16643554182833e-06,0.000927204527672201,"k87_7069698_2","COG0459@1|root,COG0459@2|Bacteria,2GKC9@201174|Actinobacteria,4FKRV@85023|Microbacteriaceae","Prevents misfolding and promotes the refolding and proper assembly of unfolded polypeptides generated under stress conditions"
"ko:K08884,ko:K12132",1439.31568931211,-0.162949419551829,0.0451661141766723,-3.60778035751391,0.000308827753562476,0.0175020120757914,"k87_611124_1","COG0515@1|root,COG0515@2|Bacteria,4NEJ2@976|Bacteroidetes,1IRB1@117747|Sphingobacteriia","Protein tyrosine kinase"
"ko:K08884,ko:K12132",1439.31568931211,-0.162949419551829,0.0451661141766723,-3.60778035751391,0.000308827753562476,0.0175020120757914,"k87_611124_2","COG0515@1|root,COG0515@2|Bacteria,4NEJ2@976|Bacteroidetes,1IRB1@117747|Sphingobacteriia","Protein tyrosine kinase"
"ko:K08884,ko:K12132",1439.31568931211,-0.162949419551829,0.0451661141766723,-3.60778035751391,0.000308827753562476,0.0175020120757914,"k87_613782_1","COG0515@1|root,COG2815@1|root,COG0515@2|Bacteria,COG2815@2|Bacteria,2GJ1J@201174|Actinobacteria,4DPC3@85009|Propionibacteriales","serine threonine protein kinase"
"ko:K08884,ko:K12132",1439.31568931211,-0.162949419551829,0.0451661141766723,-3.60778035751391,0.000308827753562476,0.0175020120757914,"k87_816578_1","COG0515@1|root,COG0834@1|root,COG0515@2|Bacteria,COG0834@2|Bacteria,2GNXG@201174|Actinobacteria,23296@1762|Mycobacteriaceae","serine threonine protein kinase"
"ko:K08884,ko:K12132",1439.31568931211,-0.162949419551829,0.0451661141766723,-3.60778035751391,0.000308827753562476,0.0175020120757914,"k87_855961_1","COG0515@1|root,COG0515@2|Bacteria,2GNXG@201174|Actinobacteria","serine threonine protein kinase"
"ko:K08884,ko:K12132",1439.31568931211,-0.162949419551829,0.0451661141766723,-3.60778035751391,0.000308827753562476,0.0175020120757914,"k87_1027833_1","COG0515@1|root,COG0515@2|Bacteria,2GJ1J@201174|Actinobacteria,4DNY6@85009|Propionibacteriales","serine threonine protein kinase"
"ko:K08884,ko:K12132",1439.31568931211,-0.162949419551829,0.0451661141766723,-3.60778035751391,0.000308827753562476,0.0175020120757914,"k87_1036317_2","COG0515@1|root,COG0515@2|Bacteria,2GMPZ@201174|Actinobacteria,232EX@1762|Mycobacteriaceae","serine threonine protein kinase"
"ko:K08884,ko:K12132",1439.31568931211,-0.162949419551829,0.0451661141766723,-3.60778035751391,0.000308827753562476,0.0175020120757914,"k87_1549433_1","COG0515@1|root,COG2815@1|root,COG0515@2|Bacteria,COG2815@2|Bacteria,2GJ1J@201174|Actinobacteria,4FMGG@85023|Microbacteriaceae","PASTA"
"ko:K08884,ko:K12132",1439.31568931211,-0.162949419551829,0.0451661141766723,-3.60778035751391,0.000308827753562476,0.0175020120757914,"k87_1803818_3","COG0515@1|root,COG0515@2|Bacteria,46U28@74201|Verrucomicrobia,3K7QD@414999|Opitutae","serine threonine protein kinase"
"ko:K08884,ko:K12132",1439.31568931211,-0.162949419551829,0.0451661141766723,-3.60778035751391,0.000308827753562476,0.0175020120757914,"k87_1916237_1","COG0515@1|root,COG2815@1|root,COG0515@2|Bacteria,COG2815@2|Bacteria,1TP3F@1239|Firmicutes,4H9KD@91061|Bacilli,1ZBBU@1386|Bacillus","serine threonine protein kinase"
"ko:K08884,ko:K12132",1439.31568931211,-0.162949419551829,0.0451661141766723,-3.60778035751391,0.000308827753562476,0.0175020120757914,"k87_1957082_1","COG0515@1|root,COG0515@2|Bacteria,2GMPZ@201174|Actinobacteria,4FM1Q@85023|Microbacteriaceae","Protein tyrosine kinase"
"ko:K08884,ko:K12132",1439.31568931211,-0.162949419551829,0.0451661141766723,-3.60778035751391,0.000308827753562476,0.0175020120757914,"k87_1985573_2","COG0515@1|root,COG2815@1|root,COG0515@2|Bacteria,COG2815@2|Bacteria,2GJ1J@201174|Actinobacteria,4FMGG@85023|Microbacteriaceae","PASTA"
"ko:K08884,ko:K12132",1439.31568931211,-0.162949419551829,0.0451661141766723,-3.60778035751391,0.000308827753562476,0.0175020120757914,"k87_2016472_1","COG0515@1|root,COG2815@1|root,COG0515@2|Bacteria,COG2815@2|Bacteria,2GJ1J@201174|Actinobacteria,4FMGG@85023|Microbacteriaceae","PASTA"
"ko:K08884,ko:K12132",1439.31568931211,-0.162949419551829,0.0451661141766723,-3.60778035751391,0.000308827753562476,0.0175020120757914,"k87_2372163_1","COG0515@1|root,COG2815@1|root,COG0515@2|Bacteria,COG2815@2|Bacteria,2GJ1J@201174|Actinobacteria,4DPC3@85009|Propionibacteriales","serine threonine protein kinase"
"ko:K08884,ko:K12132",1439.31568931211,-0.162949419551829,0.0451661141766723,-3.60778035751391,0.000308827753562476,0.0175020120757914,"k87_3095802_1","COG0515@1|root,COG0515@2|Bacteria,2GMPZ@201174|Actinobacteria,232EX@1762|Mycobacteriaceae","serine threonine protein kinase"
"ko:K08884,ko:K12132",1439.31568931211,-0.162949419551829,0.0451661141766723,-3.60778035751391,0.000308827753562476,0.0175020120757914,"k87_3095802_2","COG0515@1|root,COG2815@1|root,COG0515@2|Bacteria,COG2815@2|Bacteria,2GJ1J@201174|Actinobacteria,233BZ@1762|Mycobacteriaceae","serine threonine protein kinase"
"ko:K08884,ko:K12132",1439.31568931211,-0.162949419551829,0.0451661141766723,-3.60778035751391,0.000308827753562476,0.0175020120757914,"k87_3305509_1","COG0515@1|root,COG2815@1|root,COG0515@2|Bacteria,COG2815@2|Bacteria,2GJ1J@201174|Actinobacteria,1W8KD@1268|Micrococcaceae","Serine threonine protein kinase"
"ko:K08884,ko:K12132",1439.31568931211,-0.162949419551829,0.0451661141766723,-3.60778035751391,0.000308827753562476,0.0175020120757914,"k87_3486221_3","COG0515@1|root,COG2815@1|root,COG0515@2|Bacteria,COG2815@2|Bacteria,2GJ1J@201174|Actinobacteria,233BZ@1762|Mycobacteriaceae","serine threonine protein kinase"
"ko:K08884,ko:K12132",1439.31568931211,-0.162949419551829,0.0451661141766723,-3.60778035751391,0.000308827753562476,0.0175020120757914,"k87_3558771_2","COG0515@1|root,COG2815@1|root,COG0515@2|Bacteria,COG2815@2|Bacteria,2GJ1J@201174|Actinobacteria,4DNY6@85009|Propionibacteriales","serine threonine protein kinase"
"ko:K08884,ko:K12132",1439.31568931211,-0.162949419551829,0.0451661141766723,-3.60778035751391,0.000308827753562476,0.0175020120757914,"k87_3593213_2","COG0515@1|root,COG2815@1|root,COG0515@2|Bacteria,COG2815@2|Bacteria,2GJ1J@201174|Actinobacteria,4DNY6@85009|Propionibacteriales","serine threonine protein kinase"
"ko:K08884,ko:K12132",1439.31568931211,-0.162949419551829,0.0451661141766723,-3.60778035751391,0.000308827753562476,0.0175020120757914,"k87_3820673_1","COG0515@1|root,COG2815@1|root,COG0515@2|Bacteria,COG2815@2|Bacteria,2GJ1J@201174|Actinobacteria","serine threonine protein kinase"
"ko:K08884,ko:K12132",1439.31568931211,-0.162949419551829,0.0451661141766723,-3.60778035751391,0.000308827753562476,0.0175020120757914,"k87_3896955_1","COG0515@1|root,COG0515@2|Bacteria,2GM6E@201174|Actinobacteria","serine threonine protein kinase"
"ko:K08884,ko:K12132",1439.31568931211,-0.162949419551829,0.0451661141766723,-3.60778035751391,0.000308827753562476,0.0175020120757914,"k87_3896955_2","COG0515@1|root,COG0515@2|Bacteria,2GM6E@201174|Actinobacteria","serine threonine protein kinase"
"ko:K08884,ko:K12132",1439.31568931211,-0.162949419551829,0.0451661141766723,-3.60778035751391,0.000308827753562476,0.0175020120757914,"k87_3974112_4","COG0515@1|root,COG0515@2|Bacteria,2GJ1J@201174|Actinobacteria","serine threonine protein kinase"
"ko:K08884,ko:K12132",1439.31568931211,-0.162949419551829,0.0451661141766723,-3.60778035751391,0.000308827753562476,0.0175020120757914,"k87_4390524_1","COG0515@1|root,COG0515@2|Bacteria,2GMPZ@201174|Actinobacteria,4ESG4@85013|Frankiales","Serine threonine protein kinase"
"ko:K08884,ko:K12132",1439.31568931211,-0.162949419551829,0.0451661141766723,-3.60778035751391,0.000308827753562476,0.0175020120757914,"k87_4582105_2","COG0515@1|root,COG0515@2|Bacteria,2GMPZ@201174|Actinobacteria,4DT9C@85009|Propionibacteriales","Protein tyrosine kinase"
"ko:K08884,ko:K12132",1439.31568931211,-0.162949419551829,0.0451661141766723,-3.60778035751391,0.000308827753562476,0.0175020120757914,"k87_5390345_1","COG0515@1|root,COG2815@1|root,COG0515@2|Bacteria,COG2815@2|Bacteria,2GJ1J@201174|Actinobacteria,4DNY6@85009|Propionibacteriales","serine threonine protein kinase"
"ko:K08884,ko:K12132",1439.31568931211,-0.162949419551829,0.0451661141766723,-3.60778035751391,0.000308827753562476,0.0175020120757914,"k87_5893752_1","COG0515@1|root,COG2815@1|root,COG0515@2|Bacteria,COG2815@2|Bacteria,2GJ1J@201174|Actinobacteria,4FMGG@85023|Microbacteriaceae","PASTA"
"ko:K08884,ko:K12132",1439.31568931211,-0.162949419551829,0.0451661141766723,-3.60778035751391,0.000308827753562476,0.0175020120757914,"k87_6448585_1","COG0515@1|root,COG0515@2|Bacteria,2GJ1J@201174|Actinobacteria","serine threonine protein kinase"
"ko:K08884,ko:K12132",1439.31568931211,-0.162949419551829,0.0451661141766723,-3.60778035751391,0.000308827753562476,0.0175020120757914,"k87_6531485_2","COG0515@1|root,COG2815@1|root,COG0515@2|Bacteria,COG2815@2|Bacteria,2GJ1J@201174|Actinobacteria,4ERI4@85013|Frankiales","Serine threonine protein kinase"
"ko:K08884,ko:K12132",1439.31568931211,-0.162949419551829,0.0451661141766723,-3.60778035751391,0.000308827753562476,0.0175020120757914,"k87_6781688_2","COG0515@1|root,COG2815@1|root,COG0515@2|Bacteria,COG2815@2|Bacteria,1TP3F@1239|Firmicutes,4H9KD@91061|Bacilli,1ZBBU@1386|Bacillus","serine threonine protein kinase"
"ko:K08884,ko:K12132",1439.31568931211,-0.162949419551829,0.0451661141766723,-3.60778035751391,0.000308827753562476,0.0175020120757914,"k87_6824389_2","COG0515@1|root,COG0515@2|Bacteria,2GNXG@201174|Actinobacteria,23296@1762|Mycobacteriaceae","serine threonine protein kinase"
"ko:K08884,ko:K12132",1439.31568931211,-0.162949419551829,0.0451661141766723,-3.60778035751391,0.000308827753562476,0.0175020120757914,"k87_6878513_2","COG0515@1|root,COG0515@2|Bacteria,2GNXG@201174|Actinobacteria,23296@1762|Mycobacteriaceae","serine threonine protein kinase"
"ko:K08884,ko:K12132",1439.31568931211,-0.162949419551829,0.0451661141766723,-3.60778035751391,0.000308827753562476,0.0175020120757914,"k87_6887277_2","COG0515@1|root,COG0515@2|Bacteria,2GJ1J@201174|Actinobacteria","serine threonine protein kinase"
"ko:K09014",2937.04096360721,0.144975456935925,0.0295586031868129,4.90467888552338,9.35803039684863e-07,0.000230207547762476,"k87_13985_3","COG0719@1|root,arCOG01715@2157|Archaea,41S5W@651137|Thaumarchaeota","FeS assembly protein SufB"
"ko:K09014",2937.04096360721,0.144975456935925,0.0295586031868129,4.90467888552338,9.35803039684863e-07,0.000230207547762476,"k87_23814_2","COG0719@1|root,arCOG01715@2157|Archaea,41S5W@651137|Thaumarchaeota","FeS assembly protein SufB"
"ko:K09014",2937.04096360721,0.144975456935925,0.0295586031868129,4.90467888552338,9.35803039684863e-07,0.000230207547762476,"k87_100691_3","COG0719@1|root,COG0719@2|Bacteria,1MVKY@1224|Proteobacteria,1RQ65@1236|Gammaproteobacteria,1X2XK@135614|Xanthomonadales","Cysteine desulfurase activator complex subunit SufB"
"ko:K09014",2937.04096360721,0.144975456935925,0.0295586031868129,4.90467888552338,9.35803039684863e-07,0.000230207547762476,"k87_143244_5","COG0719@1|root,arCOG01715@2157|Archaea,41S5W@651137|Thaumarchaeota","FeS assembly protein SufB"
"ko:K09014",2937.04096360721,0.144975456935925,0.0295586031868129,4.90467888552338,9.35803039684863e-07,0.000230207547762476,"k87_158329_1","COG0719@1|root,COG0719@2|Bacteria,1MVKY@1224|Proteobacteria,2TRU6@28211|Alphaproteobacteria,3N62I@45401|Hyphomicrobiaceae","assembly protein"
"ko:K09014",2937.04096360721,0.144975456935925,0.0295586031868129,4.90467888552338,9.35803039684863e-07,0.000230207547762476,"k87_213522_1","COG0719@1|root,arCOG01715@2157|Archaea,41S5W@651137|Thaumarchaeota","FeS assembly protein SufB"
"ko:K09014",2937.04096360721,0.144975456935925,0.0295586031868129,4.90467888552338,9.35803039684863e-07,0.000230207547762476,"k87_550419_1","COG0719@1|root,COG0719@2|Bacteria,46SGN@74201|Verrucomicrobia,2IU30@203494|Verrucomicrobiae","Uncharacterized protein family (UPF0051)"
"ko:K09014",2937.04096360721,0.144975456935925,0.0295586031868129,4.90467888552338,9.35803039684863e-07,0.000230207547762476,"k87_606390_2","COG0719@1|root,arCOG01715@2157|Archaea,41S5W@651137|Thaumarchaeota","FeS assembly protein SufB"
"ko:K09014",2937.04096360721,0.144975456935925,0.0295586031868129,4.90467888552338,9.35803039684863e-07,0.000230207547762476,"k87_742088_2","COG0719@1|root,arCOG01715@2157|Archaea,41S5W@651137|Thaumarchaeota","FeS assembly protein SufB"
"ko:K09014",2937.04096360721,0.144975456935925,0.0295586031868129,4.90467888552338,9.35803039684863e-07,0.000230207547762476,"k87_960398_2","COG0719@1|root,COG0719@2|Bacteria,2GKCZ@201174|Actinobacteria,4CPF6@84995|Rubrobacteria","Uncharacterized protein family (UPF0051)"
"ko:K09014",2937.04096360721,0.144975456935925,0.0295586031868129,4.90467888552338,9.35803039684863e-07,0.000230207547762476,"k87_1158286_4","COG0719@1|root,COG0719@2|Bacteria,1MVKY@1224|Proteobacteria,2TRU6@28211|Alphaproteobacteria,2PCQX@252301|Oceanicola","Uncharacterized protein family (UPF0051)"
"ko:K09014",2937.04096360721,0.144975456935925,0.0295586031868129,4.90467888552338,9.35803039684863e-07,0.000230207547762476,"k87_1190955_1","COG0719@1|root,COG0719@2|Bacteria,2GKCZ@201174|Actinobacteria,4CPF6@84995|Rubrobacteria","Uncharacterized protein family (UPF0051)"
"ko:K09014",2937.04096360721,0.144975456935925,0.0295586031868129,4.90467888552338,9.35803039684863e-07,0.000230207547762476,"k87_1195964_1","COG0719@1|root,COG0719@2|Bacteria,2GKCZ@201174|Actinobacteria","assembly protein sufB"
"ko:K09014",2937.04096360721,0.144975456935925,0.0295586031868129,4.90467888552338,9.35803039684863e-07,0.000230207547762476,"k87_1212707_1","COG0719@1|root,COG0719@2|Bacteria,46SGN@74201|Verrucomicrobia,3K76R@414999|Opitutae","assembly protein SufB"
"ko:K09014",2937.04096360721,0.144975456935925,0.0295586031868129,4.90467888552338,9.35803039684863e-07,0.000230207547762476,"k87_1510126_1","COG0719@1|root,COG0719@2|Bacteria,2GKCZ@201174|Actinobacteria,4CPF6@84995|Rubrobacteria","Uncharacterized protein family (UPF0051)"
"ko:K09014",2937.04096360721,0.144975456935925,0.0295586031868129,4.90467888552338,9.35803039684863e-07,0.000230207547762476,"k87_1552210_1","COG0719@1|root,arCOG01715@2157|Archaea,41S5W@651137|Thaumarchaeota","FeS assembly protein SufB"
"ko:K09014",2937.04096360721,0.144975456935925,0.0295586031868129,4.90467888552338,9.35803039684863e-07,0.000230207547762476,"k87_1560681_3","COG0719@1|root,COG0719@2|Bacteria,1ZSMU@142182|Gemmatimonadetes","Uncharacterized protein family (UPF0051)"
"ko:K09014",2937.04096360721,0.144975456935925,0.0295586031868129,4.90467888552338,9.35803039684863e-07,0.000230207547762476,"k87_1560681_4","COG0719@1|root,COG0719@2|Bacteria,1MVKY@1224|Proteobacteria,1RQ65@1236|Gammaproteobacteria,1XHSV@135619|Oceanospirillales","Cysteine desulfurase activator complex subunit SufB"
"ko:K09014",2937.04096360721,0.144975456935925,0.0295586031868129,4.90467888552338,9.35803039684863e-07,0.000230207547762476,"k87_1693747_5","COG0719@1|root,COG0719@2|Bacteria,2G5TI@200795|Chloroflexi,27XVW@189775|Thermomicrobia","Uncharacterized protein family (UPF0051)"
"ko:K09014",2937.04096360721,0.144975456935925,0.0295586031868129,4.90467888552338,9.35803039684863e-07,0.000230207547762476,"k87_2179444_1","COG0719@1|root,COG0719@2|Bacteria,2GKCZ@201174|Actinobacteria,4CPF6@84995|Rubrobacteria","Uncharacterized protein family (UPF0051)"
"ko:K09014",2937.04096360721,0.144975456935925,0.0295586031868129,4.90467888552338,9.35803039684863e-07,0.000230207547762476,"k87_2191358_1","COG0719@1|root,COG0719@2|Bacteria,1MVKY@1224|Proteobacteria,2TRU6@28211|Alphaproteobacteria,3N62I@45401|Hyphomicrobiaceae","assembly protein"
"ko:K09014",2937.04096360721,0.144975456935925,0.0295586031868129,4.90467888552338,9.35803039684863e-07,0.000230207547762476,"k87_2283250_2","COG0719@1|root,COG0719@2|Bacteria,1MVKY@1224|Proteobacteria,2TRU6@28211|Alphaproteobacteria,4B7KF@82115|Rhizobiaceae","ABC-type transport system involved in Fe-S cluster assembly, permease component"
"ko:K09014",2937.04096360721,0.144975456935925,0.0295586031868129,4.90467888552338,9.35803039684863e-07,0.000230207547762476,"k87_2377994_1","COG0719@1|root,COG0719@2|Bacteria,2GKCZ@201174|Actinobacteria,4CPF6@84995|Rubrobacteria","Uncharacterized protein family (UPF0051)"
"ko:K09014",2937.04096360721,0.144975456935925,0.0295586031868129,4.90467888552338,9.35803039684863e-07,0.000230207547762476,"k87_2497375_2","COG0719@1|root,COG0719@2|Bacteria,1MVKY@1224|Proteobacteria,1RQ65@1236|Gammaproteobacteria,1X2XK@135614|Xanthomonadales","Cysteine desulfurase activator complex subunit SufB"
"ko:K09014",2937.04096360721,0.144975456935925,0.0295586031868129,4.90467888552338,9.35803039684863e-07,0.000230207547762476,"k87_2503985_1","COG0719@1|root,arCOG01715@2157|Archaea,41S5W@651137|Thaumarchaeota","FeS assembly protein SufB"
"ko:K09014",2937.04096360721,0.144975456935925,0.0295586031868129,4.90467888552338,9.35803039684863e-07,0.000230207547762476,"k87_2577433_1","COG0719@1|root,COG0719@2|Bacteria,2GKCZ@201174|Actinobacteria,4CMQU@84992|Acidimicrobiia","Uncharacterized protein family (UPF0051)"
"ko:K09014",2937.04096360721,0.144975456935925,0.0295586031868129,4.90467888552338,9.35803039684863e-07,0.000230207547762476,"k87_2907686_2","COG0719@1|root,COG0719@2|Bacteria,1MVKY@1224|Proteobacteria,2TRU6@28211|Alphaproteobacteria,3JQSA@41294|Bradyrhizobiaceae","Uncharacterized protein family (UPF0051)"
"ko:K09014",2937.04096360721,0.144975456935925,0.0295586031868129,4.90467888552338,9.35803039684863e-07,0.000230207547762476,"k87_2980926_3","COG0719@1|root,COG0719@2|Bacteria,2GKCZ@201174|Actinobacteria,4FM34@85023|Microbacteriaceae","Uncharacterized protein family (UPF0051)"
"ko:K09014",2937.04096360721,0.144975456935925,0.0295586031868129,4.90467888552338,9.35803039684863e-07,0.000230207547762476,"k87_3138310_2","COG0719@1|root,COG0719@2|Bacteria,1MVKY@1224|Proteobacteria,2TRU6@28211|Alphaproteobacteria,2K196@204457|Sphingomonadales","ABC-type transport system involved in Fe-S cluster assembly, permease component"
"ko:K09014",2937.04096360721,0.144975456935925,0.0295586031868129,4.90467888552338,9.35803039684863e-07,0.000230207547762476,"k87_3420504_1","COG0719@1|root,COG0719@2|Bacteria,2G5TI@200795|Chloroflexi,27XVW@189775|Thermomicrobia","Uncharacterized protein family (UPF0051)"
"ko:K09014",2937.04096360721,0.144975456935925,0.0295586031868129,4.90467888552338,9.35803039684863e-07,0.000230207547762476,"k87_3572913_1","COG0719@1|root,COG0719@2|Bacteria,2GKCZ@201174|Actinobacteria,4DN7B@85009|Propionibacteriales","Uncharacterized protein family (UPF0051)"
"ko:K09014",2937.04096360721,0.144975456935925,0.0295586031868129,4.90467888552338,9.35803039684863e-07,0.000230207547762476,"k87_3672572_1","COG0719@1|root,COG0719@2|Bacteria,2GKCZ@201174|Actinobacteria,4DN7B@85009|Propionibacteriales","Uncharacterized protein family (UPF0051)"
"ko:K09014",2937.04096360721,0.144975456935925,0.0295586031868129,4.90467888552338,9.35803039684863e-07,0.000230207547762476,"k87_3960373_4","COG0719@1|root,COG0719@2|Bacteria,2GKCZ@201174|Actinobacteria,4CPF6@84995|Rubrobacteria","Uncharacterized protein family (UPF0051)"
"ko:K09014",2937.04096360721,0.144975456935925,0.0295586031868129,4.90467888552338,9.35803039684863e-07,0.000230207547762476,"k87_4032209_2","COG0719@1|root,COG0719@2|Bacteria,1MVKY@1224|Proteobacteria,2TRU6@28211|Alphaproteobacteria,2K196@204457|Sphingomonadales","ABC-type transport system involved in Fe-S cluster assembly, permease component"
"ko:K09014",2937.04096360721,0.144975456935925,0.0295586031868129,4.90467888552338,9.35803039684863e-07,0.000230207547762476,"k87_4050771_2","COG0719@1|root,COG0719@2|Bacteria,1MVKY@1224|Proteobacteria,2TRU6@28211|Alphaproteobacteria,3JQSA@41294|Bradyrhizobiaceae","Uncharacterized protein family (UPF0051)"
"ko:K09014",2937.04096360721,0.144975456935925,0.0295586031868129,4.90467888552338,9.35803039684863e-07,0.000230207547762476,"k87_4074462_1","COG0719@1|root,COG0719@2|Bacteria,1MVKY@1224|Proteobacteria,2TRU6@28211|Alphaproteobacteria,4B7KF@82115|Rhizobiaceae","ABC-type transport system involved in Fe-S cluster assembly, permease component"
"ko:K09014",2937.04096360721,0.144975456935925,0.0295586031868129,4.90467888552338,9.35803039684863e-07,0.000230207547762476,"k87_4109502_1","COG0719@1|root,COG0719@2|Bacteria,1MVKY@1224|Proteobacteria,1RQ65@1236|Gammaproteobacteria,1WWT1@135613|Chromatiales","TIGRFAM FeS assembly protein SufB"
"ko:K09014",2937.04096360721,0.144975456935925,0.0295586031868129,4.90467888552338,9.35803039684863e-07,0.000230207547762476,"k87_4116982_1","COG0719@1|root,COG0719@2|Bacteria,2GKCZ@201174|Actinobacteria,4CPF6@84995|Rubrobacteria","Uncharacterized protein family (UPF0051)"
"ko:K09014",2937.04096360721,0.144975456935925,0.0295586031868129,4.90467888552338,9.35803039684863e-07,0.000230207547762476,"k87_4116982_3","COG0719@1|root,COG0719@2|Bacteria,1MVKY@1224|Proteobacteria,2VJMX@28216|Betaproteobacteria,3T3CD@506|Alcaligenaceae","Uncharacterized protein family (UPF0051)"
"ko:K09014",2937.04096360721,0.144975456935925,0.0295586031868129,4.90467888552338,9.35803039684863e-07,0.000230207547762476,"k87_4385077_1","COG0719@1|root,COG0719@2|Bacteria,3Y2IX@57723|Acidobacteria","Uncharacterized protein family (UPF0051)"
"ko:K09014",2937.04096360721,0.144975456935925,0.0295586031868129,4.90467888552338,9.35803039684863e-07,0.000230207547762476,"k87_4483575_2","COG0719@1|root,COG0719@2|Bacteria,1MVKY@1224|Proteobacteria,2TRU6@28211|Alphaproteobacteria,43I2X@69277|Phyllobacteriaceae","COG0719 ABC-type transport system involved in Fe-S cluster assembly permease component"
"ko:K09014",2937.04096360721,0.144975456935925,0.0295586031868129,4.90467888552338,9.35803039684863e-07,0.000230207547762476,"k87_4502680_2","COG0719@1|root,COG0719@2|Bacteria,1MVKY@1224|Proteobacteria,2TRU6@28211|Alphaproteobacteria,36XN9@31993|Methylocystaceae","Uncharacterized protein family (UPF0051)"
"ko:K09014",2937.04096360721,0.144975456935925,0.0295586031868129,4.90467888552338,9.35803039684863e-07,0.000230207547762476,"k87_4648856_1","COG0719@1|root,COG0719@2|Bacteria,1MVKY@1224|Proteobacteria,2TRU6@28211|Alphaproteobacteria,3JQSA@41294|Bradyrhizobiaceae","Uncharacterized protein family (UPF0051)"
"ko:K09014",2937.04096360721,0.144975456935925,0.0295586031868129,4.90467888552338,9.35803039684863e-07,0.000230207547762476,"k87_4713054_3","COG0719@1|root,COG0719@2|Bacteria,2GKCZ@201174|Actinobacteria,4CMQU@84992|Acidimicrobiia","Uncharacterized protein family (UPF0051)"
"ko:K09014",2937.04096360721,0.144975456935925,0.0295586031868129,4.90467888552338,9.35803039684863e-07,0.000230207547762476,"k87_4839429_1","COG0719@1|root,arCOG01715@2157|Archaea,41S5W@651137|Thaumarchaeota","FeS assembly protein SufB"
"ko:K09014",2937.04096360721,0.144975456935925,0.0295586031868129,4.90467888552338,9.35803039684863e-07,0.000230207547762476,"k87_4852965_1","COG0719@1|root,COG0719@2|Bacteria,2GKCZ@201174|Actinobacteria,4CPF6@84995|Rubrobacteria","Uncharacterized protein family (UPF0051)"
"ko:K09014",2937.04096360721,0.144975456935925,0.0295586031868129,4.90467888552338,9.35803039684863e-07,0.000230207547762476,"k87_4899444_4","COG0719@1|root,COG0719@2|Bacteria,1MVKY@1224|Proteobacteria,2TRU6@28211|Alphaproteobacteria,43I2X@69277|Phyllobacteriaceae","COG0719 ABC-type transport system involved in Fe-S cluster assembly permease component"
"ko:K09014",2937.04096360721,0.144975456935925,0.0295586031868129,4.90467888552338,9.35803039684863e-07,0.000230207547762476,"k87_5015613_3","COG0719@1|root,COG0719@2|Bacteria,1MVKY@1224|Proteobacteria,2TRU6@28211|Alphaproteobacteria,3JQSA@41294|Bradyrhizobiaceae","Uncharacterized protein family (UPF0051)"
"ko:K09014",2937.04096360721,0.144975456935925,0.0295586031868129,4.90467888552338,9.35803039684863e-07,0.000230207547762476,"k87_5140068_3","COG0719@1|root,COG0719@2|Bacteria,4NFXH@976|Bacteroidetes,1IP4R@117747|Sphingobacteriia","FeS assembly protein SufB"
"ko:K09014",2937.04096360721,0.144975456935925,0.0295586031868129,4.90467888552338,9.35803039684863e-07,0.000230207547762476,"k87_5147354_1","COG0719@1|root,COG0719@2|Bacteria,2GKCZ@201174|Actinobacteria,23407@1762|Mycobacteriaceae","assembly protein SufB"
"ko:K09014",2937.04096360721,0.144975456935925,0.0295586031868129,4.90467888552338,9.35803039684863e-07,0.000230207547762476,"k87_5161323_1","COG0719@1|root,COG0719@2|Bacteria,2GKCZ@201174|Actinobacteria,4CPF6@84995|Rubrobacteria","Uncharacterized protein family (UPF0051)"
"ko:K09014",2937.04096360721,0.144975456935925,0.0295586031868129,4.90467888552338,9.35803039684863e-07,0.000230207547762476,"k87_5338530_1","COG0719@1|root,COG0719@2|Bacteria,2IXZD@203682|Planctomycetes","COG0719 ABC-type transport system involved in Fe-S cluster assembly permease component"
"ko:K09014",2937.04096360721,0.144975456935925,0.0295586031868129,4.90467888552338,9.35803039684863e-07,0.000230207547762476,"k87_5357243_2","COG0719@1|root,COG0719@2|Bacteria,2GKCZ@201174|Actinobacteria,4FM34@85023|Microbacteriaceae","Uncharacterized protein family (UPF0051)"
"ko:K09014",2937.04096360721,0.144975456935925,0.0295586031868129,4.90467888552338,9.35803039684863e-07,0.000230207547762476,"k87_5427029_2","COG0719@1|root,COG0719@2|Bacteria,2GKCZ@201174|Actinobacteria,4FM34@85023|Microbacteriaceae","Uncharacterized protein family (UPF0051)"
"ko:K09014",2937.04096360721,0.144975456935925,0.0295586031868129,4.90467888552338,9.35803039684863e-07,0.000230207547762476,"k87_5977189_3","COG0719@1|root,COG0719@2|Bacteria,1MVKY@1224|Proteobacteria,2TRU6@28211|Alphaproteobacteria,1JRB5@119045|Methylobacteriaceae","FeS assembly protein SufB"
"ko:K09014",2937.04096360721,0.144975456935925,0.0295586031868129,4.90467888552338,9.35803039684863e-07,0.000230207547762476,"k87_6009995_4","COG0719@1|root,COG0719@2|Bacteria,1MVKY@1224|Proteobacteria,2TRU6@28211|Alphaproteobacteria","ABC-type transport system involved in Fe-S cluster assembly, permease component"
"ko:K09014",2937.04096360721,0.144975456935925,0.0295586031868129,4.90467888552338,9.35803039684863e-07,0.000230207547762476,"k87_6046424_4","COG0719@1|root,COG0719@2|Bacteria,2IXZD@203682|Planctomycetes","COG0719 ABC-type transport system involved in Fe-S cluster assembly permease component"
"ko:K09014",2937.04096360721,0.144975456935925,0.0295586031868129,4.90467888552338,9.35803039684863e-07,0.000230207547762476,"k87_6348816_2","COG0719@1|root,COG0719@2|Bacteria,2G5TI@200795|Chloroflexi,27XVW@189775|Thermomicrobia","Uncharacterized protein family (UPF0051)"
"ko:K09014",2937.04096360721,0.144975456935925,0.0295586031868129,4.90467888552338,9.35803039684863e-07,0.000230207547762476,"k87_6387502_1","COG0719@1|root,COG0719@2|Bacteria,2GKCZ@201174|Actinobacteria,4DN7B@85009|Propionibacteriales","Uncharacterized protein family (UPF0051)"
"ko:K09014",2937.04096360721,0.144975456935925,0.0295586031868129,4.90467888552338,9.35803039684863e-07,0.000230207547762476,"k87_6775810_2","COG0719@1|root,COG0719@2|Bacteria,1MVKY@1224|Proteobacteria,2TRU6@28211|Alphaproteobacteria,3JQSA@41294|Bradyrhizobiaceae","Uncharacterized protein family (UPF0051)"
"ko:K09014",2937.04096360721,0.144975456935925,0.0295586031868129,4.90467888552338,9.35803039684863e-07,0.000230207547762476,"k87_6889258_1","COG0719@1|root,arCOG01715@2157|Archaea,41S5W@651137|Thaumarchaeota","FeS assembly protein SufB"
"ko:K09014",2937.04096360721,0.144975456935925,0.0295586031868129,4.90467888552338,9.35803039684863e-07,0.000230207547762476,"k87_7041657_2","COG0719@1|root,COG0719@2|Bacteria,2GKCZ@201174|Actinobacteria","assembly protein sufB"
"ko:K11959",1035.90721717451,0.197816889843467,0.0524595133978211,3.77084873706974,0.000162693270823246,0.011435012749291,"k87_62508_4","COG0683@1|root,COG0683@2|Bacteria,46TNV@74201|Verrucomicrobia","Periplasmic binding protein"
"ko:K11959",1035.90721717451,0.197816889843467,0.0524595133978211,3.77084873706974,0.000162693270823246,0.011435012749291,"k87_267483_3","COG0683@1|root,COG0683@2|Bacteria,1MU8V@1224|Proteobacteria,2TS3I@28211|Alphaproteobacteria,1JR7U@119045|Methylobacteriaceae","TIGRFAM urea ABC transporter, urea binding protein"
"ko:K11959",1035.90721717451,0.197816889843467,0.0524595133978211,3.77084873706974,0.000162693270823246,0.011435012749291,"k87_559550_1","COG0683@1|root,COG0683@2|Bacteria,1MU8V@1224|Proteobacteria,2TS3I@28211|Alphaproteobacteria,2JVQI@204441|Rhodospirillales","Periplasmic binding protein domain"
"ko:K11959",1035.90721717451,0.197816889843467,0.0524595133978211,3.77084873706974,0.000162693270823246,0.011435012749291,"k87_559550_2","COG0683@1|root,COG0683@2|Bacteria,1MU8V@1224|Proteobacteria,2TS3I@28211|Alphaproteobacteria,2JVQI@204441|Rhodospirillales","Periplasmic binding protein domain"
"ko:K11959",1035.90721717451,0.197816889843467,0.0524595133978211,3.77084873706974,0.000162693270823246,0.011435012749291,"k87_732031_3","COG0683@1|root,COG0683@2|Bacteria,1MU8V@1224|Proteobacteria,2VI6J@28216|Betaproteobacteria,1KKDM@119065|unclassified Burkholderiales","Urea ABC transporter, urea binding protein"
"ko:K11959",1035.90721717451,0.197816889843467,0.0524595133978211,3.77084873706974,0.000162693270823246,0.011435012749291,"k87_735295_1","COG0683@1|root,COG0683@2|Bacteria,1MU8V@1224|Proteobacteria,2TS3I@28211|Alphaproteobacteria,3JR4H@41294|Bradyrhizobiaceae","Periplasmic binding protein domain"
"ko:K11959",1035.90721717451,0.197816889843467,0.0524595133978211,3.77084873706974,0.000162693270823246,0.011435012749291,"k87_770742_1","COG0683@1|root,COG0683@2|Bacteria,1MU8V@1224|Proteobacteria,2TS3I@28211|Alphaproteobacteria,3JR4H@41294|Bradyrhizobiaceae","Periplasmic binding protein domain"
"ko:K11959",1035.90721717451,0.197816889843467,0.0524595133978211,3.77084873706974,0.000162693270823246,0.011435012749291,"k87_821877_1","COG0683@1|root,COG0683@2|Bacteria,1MU8V@1224|Proteobacteria,2TS3I@28211|Alphaproteobacteria,3JR4H@41294|Bradyrhizobiaceae","Periplasmic binding protein domain"
"ko:K11959",1035.90721717451,0.197816889843467,0.0524595133978211,3.77084873706974,0.000162693270823246,0.011435012749291,"k87_1012377_1","COG0683@1|root,COG0683@2|Bacteria,1MU8V@1224|Proteobacteria,2VI6J@28216|Betaproteobacteria,4A9XB@80864|Comamonadaceae","amino acid"
"ko:K11959",1035.90721717451,0.197816889843467,0.0524595133978211,3.77084873706974,0.000162693270823246,0.011435012749291,"k87_1039520_1","COG0683@1|root,COG0683@2|Bacteria,1MU8V@1224|Proteobacteria,2TS3I@28211|Alphaproteobacteria,4BADF@82115|Rhizobiaceae","ABC transporter substrate-binding protein"
"ko:K11959",1035.90721717451,0.197816889843467,0.0524595133978211,3.77084873706974,0.000162693270823246,0.011435012749291,"k87_1290096_3","COG0683@1|root,COG0683@2|Bacteria,1MU8V@1224|Proteobacteria,2TS3I@28211|Alphaproteobacteria,3JR4H@41294|Bradyrhizobiaceae","Periplasmic binding protein domain"
"ko:K11959",1035.90721717451,0.197816889843467,0.0524595133978211,3.77084873706974,0.000162693270823246,0.011435012749291,"k87_1490404_3","COG0683@1|root,COG0683@2|Bacteria,1MU8V@1224|Proteobacteria,2TS3I@28211|Alphaproteobacteria","COG0683 ABC-type branched-chain amino acid transport systems, periplasmic component"
"ko:K11959",1035.90721717451,0.197816889843467,0.0524595133978211,3.77084873706974,0.000162693270823246,0.011435012749291,"k87_2361468_1","COG0683@1|root,COG0683@2|Bacteria,1MU8V@1224|Proteobacteria,2VI6J@28216|Betaproteobacteria,4A9XB@80864|Comamonadaceae","amino acid"
"ko:K11959",1035.90721717451,0.197816889843467,0.0524595133978211,3.77084873706974,0.000162693270823246,0.011435012749291,"k87_2979054_1","COG0683@1|root,COG0683@2|Bacteria,1MU8V@1224|Proteobacteria,2TS3I@28211|Alphaproteobacteria,3JR4H@41294|Bradyrhizobiaceae","Periplasmic binding protein domain"
"ko:K11959",1035.90721717451,0.197816889843467,0.0524595133978211,3.77084873706974,0.000162693270823246,0.011435012749291,"k87_3142131_1","COG0683@1|root,COG0683@2|Bacteria,1MU8V@1224|Proteobacteria,2TS3I@28211|Alphaproteobacteria,3JRX8@41294|Bradyrhizobiaceae","Function proposed based on presence of conserved amino acid motif, structural feature or limited homology"
"ko:K11959",1035.90721717451,0.197816889843467,0.0524595133978211,3.77084873706974,0.000162693270823246,0.011435012749291,"k87_3317042_1","COG0683@1|root,COG0683@2|Bacteria,1MU8V@1224|Proteobacteria,2TS3I@28211|Alphaproteobacteria","COG0683 ABC-type branched-chain amino acid transport systems, periplasmic component"
"ko:K11959",1035.90721717451,0.197816889843467,0.0524595133978211,3.77084873706974,0.000162693270823246,0.011435012749291,"k87_3654449_2","COG0683@1|root,COG0683@2|Bacteria,1MU8V@1224|Proteobacteria,2TS3I@28211|Alphaproteobacteria,1JR7U@119045|Methylobacteriaceae","TIGRFAM urea ABC transporter, urea binding protein"
"ko:K11959",1035.90721717451,0.197816889843467,0.0524595133978211,3.77084873706974,0.000162693270823246,0.011435012749291,"k87_4107975_3","COG0683@1|root,COG0683@2|Bacteria,1MU8V@1224|Proteobacteria,2TS3I@28211|Alphaproteobacteria,3JR4H@41294|Bradyrhizobiaceae","Periplasmic binding protein domain"
"ko:K11959",1035.90721717451,0.197816889843467,0.0524595133978211,3.77084873706974,0.000162693270823246,0.011435012749291,"k87_4523274_2","COG0683@1|root,COG0683@2|Bacteria,1MU8V@1224|Proteobacteria,2TS3I@28211|Alphaproteobacteria,3JR4H@41294|Bradyrhizobiaceae","Periplasmic binding protein domain"
"ko:K11959",1035.90721717451,0.197816889843467,0.0524595133978211,3.77084873706974,0.000162693270823246,0.011435012749291,"k87_4899417_3","COG0683@1|root,COG0683@2|Bacteria,1MU8V@1224|Proteobacteria,2VI6J@28216|Betaproteobacteria,4A9XB@80864|Comamonadaceae","amino acid"
"ko:K11959",1035.90721717451,0.197816889843467,0.0524595133978211,3.77084873706974,0.000162693270823246,0.011435012749291,"k87_5526059_2","COG0683@1|root,COG0683@2|Bacteria,1MU8V@1224|Proteobacteria,2VI6J@28216|Betaproteobacteria,1KKDM@119065|unclassified Burkholderiales","Urea ABC transporter, urea binding protein"
"ko:K11959",1035.90721717451,0.197816889843467,0.0524595133978211,3.77084873706974,0.000162693270823246,0.011435012749291,"k87_6451237_3","COG0683@1|root,COG0683@2|Bacteria,1MU8V@1224|Proteobacteria,2TS3I@28211|Alphaproteobacteria,43HH4@69277|Phyllobacteriaceae","ABC transporter"
"ko:K11959",1035.90721717451,0.197816889843467,0.0524595133978211,3.77084873706974,0.000162693270823246,0.011435012749291,"k87_6907184_2","COG0683@1|root,COG0683@2|Bacteria,1MU8V@1224|Proteobacteria,2TS3I@28211|Alphaproteobacteria,2JQ5H@204441|Rhodospirillales","Periplasmic binding protein domain"
"ko:K11959",1035.90721717451,0.197816889843467,0.0524595133978211,3.77084873706974,0.000162693270823246,0.011435012749291,"k87_6943205_2","COG0683@1|root,COG0683@2|Bacteria,1MU8V@1224|Proteobacteria,2TS3I@28211|Alphaproteobacteria","COG0683 ABC-type branched-chain amino acid transport systems, periplasmic component"
"ko:K15022",683.888954721346,0.24430056806215,0.0635099094524295,3.84665275338075,0.000119742488026162,0.00883699561633073,"k87_560376_1","COG0493@1|root,COG1143@1|root,COG0493@2|Bacteria,COG1143@2|Bacteria,1MU2H@1224|Proteobacteria,2TQK5@28211|Alphaproteobacteria,3JSD0@41294|Bradyrhizobiaceae","Dihydroprymidine dehydrogenase domain II, 4Fe-4S cluster"
"ko:K15022",683.888954721346,0.24430056806215,0.0635099094524295,3.84665275338075,0.000119742488026162,0.00883699561633073,"k87_1244626_2","COG0493@1|root,COG1143@1|root,COG0493@2|Bacteria,COG1143@2|Bacteria,1MU2H@1224|Proteobacteria,2TQK5@28211|Alphaproteobacteria,3JSD0@41294|Bradyrhizobiaceae","Dihydroprymidine dehydrogenase domain II, 4Fe-4S cluster"
"ko:K15022",683.888954721346,0.24430056806215,0.0635099094524295,3.84665275338075,0.000119742488026162,0.00883699561633073,"k87_1371813_1","COG0493@1|root,COG1143@1|root,COG0493@2|Bacteria,COG1143@2|Bacteria,1MU2H@1224|Proteobacteria,2TQK5@28211|Alphaproteobacteria,3JSD0@41294|Bradyrhizobiaceae","Dihydroprymidine dehydrogenase domain II, 4Fe-4S cluster"
"ko:K15022",683.888954721346,0.24430056806215,0.0635099094524295,3.84665275338075,0.000119742488026162,0.00883699561633073,"k87_1420030_1","COG0493@1|root,COG1143@1|root,COG0493@2|Bacteria,COG1143@2|Bacteria,1MU2H@1224|Proteobacteria,2TQK5@28211|Alphaproteobacteria,3JSD0@41294|Bradyrhizobiaceae","Dihydroprymidine dehydrogenase domain II, 4Fe-4S cluster"
"ko:K15022",683.888954721346,0.24430056806215,0.0635099094524295,3.84665275338075,0.000119742488026162,0.00883699561633073,"k87_1847684_1","COG0493@1|root,COG1143@1|root,COG0493@2|Bacteria,COG1143@2|Bacteria,1MU2H@1224|Proteobacteria,2TQK5@28211|Alphaproteobacteria,3JSD0@41294|Bradyrhizobiaceae","Dihydroprymidine dehydrogenase domain II, 4Fe-4S cluster"
"ko:K15022",683.888954721346,0.24430056806215,0.0635099094524295,3.84665275338075,0.000119742488026162,0.00883699561633073,"k87_4743523_1","COG0493@1|root,COG1143@1|root,COG0493@2|Bacteria,COG1143@2|Bacteria,1MU2H@1224|Proteobacteria,2TQK5@28211|Alphaproteobacteria,3JSD0@41294|Bradyrhizobiaceae","Dihydroprymidine dehydrogenase domain II, 4Fe-4S cluster"
"ko:K15022",683.888954721346,0.24430056806215,0.0635099094524295,3.84665275338075,0.000119742488026162,0.00883699561633073,"k87_4913887_1","COG0493@1|root,COG1143@1|root,COG0493@2|Bacteria,COG1143@2|Bacteria,1MU2H@1224|Proteobacteria,2TQK5@28211|Alphaproteobacteria,3JSD0@41294|Bradyrhizobiaceae","Dihydroprymidine dehydrogenase domain II, 4Fe-4S cluster"
"ko:K15022",683.888954721346,0.24430056806215,0.0635099094524295,3.84665275338075,0.000119742488026162,0.00883699561633073,"k87_5278337_1","COG0493@1|root,COG1143@1|root,COG0493@2|Bacteria,COG1143@2|Bacteria,1MU2H@1224|Proteobacteria,2TQK5@28211|Alphaproteobacteria","COG0493 NADPH-dependent glutamate synthase beta chain and related oxidoreductases"
"ko:K15022",683.888954721346,0.24430056806215,0.0635099094524295,3.84665275338075,0.000119742488026162,0.00883699561633073,"k87_6224422_2","COG0493@1|root,COG1143@1|root,COG0493@2|Bacteria,COG1143@2|Bacteria,1MU2H@1224|Proteobacteria,2TQK5@28211|Alphaproteobacteria,3JSD0@41294|Bradyrhizobiaceae","Dihydroprymidine dehydrogenase domain II, 4Fe-4S cluster"
