"Factor","counts_25_CT_Ext_C1_2020","counts_26_CT_Ext_C2_2020","counts_27_CT_Ext_C3_2020","counts_28_CT_Ext_C4_2020","counts_41_CT_Ext_I1_2020","counts_42_CT_Ext_I2_2020","counts_43_CT_Ext_I3_2020","counts_44_CT_Ext_I4_2020","counts_M09_CT_Ext_C1_2021","counts_M10_CT_Ext_C2_2021","counts_M11_CT_Ext_C3_2021","counts_M12_CT_Ext_C4_2021","counts_M25_CT_Ext_I1_2021","counts_M26_CT_Ext_I2_2021","counts_M27_CT_Ext_I3_2021","counts_M28_CT_Ext_I4_2021","counts_M33_CT_Ext_C1_2022","counts_M34_CT_Ext_C2_2022","counts_M35_CT_Ext_C3_2022","counts_M36_CT_Ext_C4_2022","counts_M37_CT_Ext_I1_2022","counts_M38_CT_Ext_I2_2022","counts_M39_CT_Ext_I3_2022","counts_M40_CT_Ext_I4_2022"
"3_deoxy_7_phosphoheptulonate_synthase|aroF|aroG|aroH",806,753,570,605,1100,1019,872,858,777,947,809,735,746,703,815,781,711,1577,962,1017,944,937,973,1003
"ABC_2_LPSE_A|wzt|rfbB|tagH",35,47,29,30,43,43,25,56,35,52,39,31,50,30,29,30,26,32,43,43,64,36,44,52
"ABC_CD_A",945,836,632,715,1273,1098,1026,1069,812,1046,862,868,832,819,915,860,770,2026,1137,983,1092,1041,1138,1217
"ABC_CD_P",820,804,649,717,1220,976,972,974,726,962,847,803,804,821,926,768,674,4392,890,920,999,963,1030,1003
"ABC_MS_P",1230,1089,888,935,1606,1397,1300,1295,1142,1303,1072,930,1111,1031,1161,992,1081,1336,1328,1412,1459,1507,1411,1615
"ABC_MS_P1",1897,1515,1238,1333,2247,1860,1805,1916,1729,1889,1631,1428,1513,1564,1603,1519,1507,1666,1913,1890,2138,1904,1976,2207
"ABC_MS_S",948,901,719,643,1093,962,860,922,867,1088,892,789,828,793,897,824,781,1210,983,1098,1109,930,1097,1174
"ABC_PA_A",352,325,296,265,424,390,372,381,315,413,296,288,362,326,381,320,305,345,379,385,379,411,372,451
"ABC_PA_P",385,351,247,310,443,419,411,415,332,404,358,318,337,298,409,341,402,326,437,415,468,504,466,546
"ABC_PA_S",372,314,238,235,422,375,308,355,387,349,295,286,341,341,333,318,340,262,395,403,408,380,354,413
"ABC_SN_A|ytlC",421,443,259,361,543,500,458,384,395,506,393,326,377,420,447,399,355,359,467,421,550,540,528,547
"ABC_SN_P",575,538,400,429,689,613,576,598,513,607,533,456,545,538,566,549,517,425,634,568,666,679,623,658
"ABC_SN_S",260,216,141,201,315,243,224,267,216,242,205,162,226,214,244,220,178,208,254,269,261,208,261,241
"ABC_SP_A|ydcT",292,240,180,247,329,278,270,270,203,285,247,207,239,231,264,239,250,266,292,286,342,286,346,333
"ABC_SP_P1|ydcU",191,162,112,142,217,173,192,173,155,167,155,102,148,121,152,163,136,170,180,169,196,207,183,211
"ABC_SP_P|ydcV",619,546,504,472,698,629,585,587,565,700,553,496,498,511,587,544,496,481,633,690,784,721,674,716
"ABC_SP_S|ydcS",299,240,201,182,258,227,227,216,225,237,234,179,236,190,266,227,260,284,266,315,340,284,297,304
"ABC_SS_A",222,245,148,198,308,247,227,282,223,281,239,193,212,240,264,207,199,235,268,314,278,279,306,347
"ABC_SS_P",389,291,226,238,486,369,435,360,396,393,326,263,305,272,343,291,316,276,492,398,406,455,462,453
"ABC_SS_S",144,139,96,83,169,142,112,116,142,146,130,112,122,161,126,125,146,147,123,198,179,166,153,140
"ABC_ZM_A",24,31,14,26,43,11,21,42,30,24,18,18,20,26,38,22,32,25,26,27,30,34,28,32
"ABC_ZM_P",18,20,6,17,32,12,16,18,12,16,8,21,18,20,10,20,17,7,22,43,26,16,20,14
"ABC_ZM_S",16,22,10,24,21,26,21,14,27,25,18,18,14,16,12,25,17,20,22,23,27,24,16,25
"ATOX1|ATX1|copZ|golB",10,6,4,8,10,6,8,12,6,11,8,2,8,13,14,10,10,3,2,4,8,7,12,8
"BrnT_toxin",3,8,0,6,20,6,10,6,17,8,23,10,14,11,8,12,2,2,4,12,10,9,6,6
"CHO1|pssA",246,234,200,343,380,500,484,382,277,422,384,211,266,263,321,317,334,670,575,362,336,626,594,336
"COQ7_like",37,30,30,19,50,55,30,33,36,42,47,22,34,32,24,36,30,249,28,43,60,50,65,46
"CS|gltA",1302,1271,1029,1038,1808,1361,1362,1469,1143,1417,1203,1119,1160,1113,1188,1242,1169,1436,1373,1437,1321,1301,1368,1529
"DMGDH_lile|gcvT|mlr",177,218,119,138,174,228,142,164,193,207,168,161,165,154,207,134,196,193,170,250,240,210,237,243
"DPM1_like|arnC|ppm1|wcaA",197,156,116,170,231,181,199,199,172,215,160,156,164,147,175,134,166,420,220,211,240,232,186,239
"EC_1_1_1_1|adh",36,22,20,17,50,44,24,34,29,44,20,33,30,30,19,30,24,35,33,30,42,41,44,67
"EC_1_1_1_90",38,16,20,28,36,40,26,35,30,22,31,20,34,28,34,30,21,18,32,40,40,47,32,47
"EC_1_3_1_32",102,86,53,58,82,74,113,61,64,72,68,64,72,46,81,66,74,78,78,58,70,85,88,112
"EC_2_1_1_72",10,6,6,0,20,8,11,20,0,6,6,6,8,12,12,12,0,10,6,12,8,6,9,14
"EC_3_2_1_28|alpha_trehalase",89,87,57,76,116,103,107,83,67,74,71,85,69,72,75,79,73,79,91,91,107,81,84,94
"EC_3_5_1_1|ansA|ansB",54,52,38,35,74,54,30,61,50,47,40,53,52,49,42,47,41,192,48,56,45,49,63,60
"EC_3_5_1_4|amiE",205,214,173,179,293,205,216,212,175,233,196,161,190,197,165,183,147,612,218,193,243,233,252,237
"GCDH|gcdH",733,769,523,591,965,835,885,828,766,877,695,641,720,677,811,722,695,1032,846,773,859,913,898,953
"GGDEF|EAL|PAC|PAS_domain_containing_protein",82,102,80,80,115,107,80,136,89,87,80,85,87,50,95,99,79,89,92,126,104,129,112,129
"GGR",46,44,40,36,78,64,58,52,66,80,44,43,59,40,56,46,33,354,66,60,48,38,59,50
"HEXA_B_like|exo|chb",207,223,136,181,260,248,198,268,177,208,189,188,185,206,206,206,151,1640,219,196,259,204,247,210
"HGD|hmgA",294,331,250,211,494,362,333,384,318,346,323,254,248,274,330,285,310,675,350,401,381,348,345,394
"IS30_family",38,56,27,39,52,49,40,62,47,56,40,46,49,34,44,34,33,52,51,61,60,62,49,94
"IS5_family",236,199,145,156,279,264,254,250,217,278,239,222,258,224,221,257,222,224,266,258,226,252,285,253
"ISA|treX",581,537,388,454,727,559,603,584,516,624,491,431,392,481,469,489,446,1136,574,538,581,551,549,532
"LRA3_like",105,67,57,62,94,78,68,77,103,85,83,66,77,83,81,60,56,62,54,81,76,81,78,105
"LYS5|acpT",18,30,15,19,33,22,12,32,24,14,26,26,36,28,24,26,11,209,18,24,34,30,20,28
"NHA1_like|SOD2_like",6,2,1,6,8,5,8,2,5,10,2,6,4,10,7,12,11,3,6,4,6,8,2,6
"PPCDC|coaC",31,12,12,15,26,22,38,26,32,40,30,14,24,18,24,27,27,182,24,24,40,24,27,26
"PREP",199,205,204,176,303,249,231,246,264,261,215,219,222,216,221,189,208,906,242,213,325,258,318,283
"PUTATIVE_PROTEASE",31,13,15,18,39,32,26,18,34,34,40,26,51,28,28,28,18,19,22,30,18,31,42,24
"SUOX_like",16,17,20,10,22,22,30,30,18,50,28,26,24,46,27,16,12,22,24,20,14,24,24,24
"TC_AAT|yifK",144,127,71,88,179,158,162,162,100,120,131,122,112,141,155,126,97,899,169,162,167,155,150,163
"TC_APA|yhdG",796,715,528,596,1056,774,819,888,688,768,622,604,642,611,715,706,588,3045,808,789,922,725,858,849
"TC_CIC|eriC",4,10,4,12,12,12,10,18,13,10,10,10,16,10,10,5,8,2,10,16,6,14,16,18
"TC_CITMHS|CitMHS_family|citN",136,134,130,90,188,156,159,182,124,122,101,120,125,106,102,97,125,505,136,124,155,140,177,170
"TC_CNT|nupX",138,134,68,113,156,141,101,160,94,118,96,88,93,97,118,103,93,500,128,146,142,158,127,140
"TC_DASS|yflS",2,2,0,0,4,8,6,4,0,2,0,0,2,2,10,2,2,2,6,0,1,0,8,2
"TC_FEV_OM2|cirA|cfrA|hmuR",49,50,46,44,80,84,46,69,59,70,48,46,62,48,44,52,36,693,58,87,74,82,74,71
"TC_FEV_OM3|tbpA|hemR|lbpA|hpuB|bhuR|hugA|hmbR",164,126,92,120,239,190,163,138,144,163,148,104,136,141,145,135,111,1421,178,167,156,150,200,187
"TC_GNTP",64,53,22,37,51,66,54,52,44,58,34,48,52,38,46,40,44,41,70,69,62,68,82,40
"TC_GPH|yihO|xynP",59,45,31,55,82,74,37,68,38,62,39,53,43,64,51,46,48,55,78,86,82,80,79,78
"TC_MATE|norM|mdtK|dinF",159,111,116,94,168,122,145,138,113,127,113,93,120,130,137,110,102,548,154,128,127,129,161,157
"TC_NSS",0,10,2,0,22,14,10,2,8,0,4,2,10,16,14,10,0,2,2,2,0,8,4,6
"TC_PIT",301,235,182,160,344,303,273,294,239,281,214,215,209,206,240,169,222,622,291,361,281,286,278,321
"TC_POT",357,316,229,284,508,346,415,427,409,423,347,324,377,362,346,326,356,1793,371,431,467,408,509,498
"TC_SMR3",45,23,33,19,62,45,50,82,31,47,56,26,55,32,42,44,47,36,78,56,38,49,47,45
"TC_SSS|yerK|opuE",678,546,540,549,902,731,658,772,556,619,611,593,583,603,566,576,504,1817,715,759,728,756,740,671
"TC_SULP",91,92,79,72,132,109,101,106,100,117,101,93,126,86,99,86,76,124,106,97,145,136,122,119
"TC_ZIP|zupT|ZRT3|ZIP2",32,28,36,34,57,35,45,52,34,50,32,35,38,50,42,44,11,26,44,24,50,31,56,55
"TMEM165|gdt1",55,69,39,63,90,62,62,72,85,74,71,34,88,83,83,66,66,243,93,68,84,73,101,88
"Trans_carveol_dehydrogenase|EC_1_1_1_275",107,113,48,61,108,106,119,107,80,97,99,88,73,101,100,80,75,68,86,100,113,73,86,106
"UPB1_like|pydC",231,138,185,173,245,172,209,218,154,184,183,192,199,187,195,192,204,163,260,218,182,222,226,250
"UPF0176_protein",53,92,57,68,86,105,100,85,68,79,80,43,74,67,70,72,57,338,99,74,77,101,102,94
"Uncharacterized_P450_system_3Fe_4S_ferredoxin",83,57,62,39,57,55,62,98,62,69,60,56,60,52,51,68,55,55,63,71,65,75,59,65
"aaaT",6,10,6,6,14,16,10,10,10,12,8,9,10,6,12,16,4,9,12,10,16,26,17,12
"aadD|knt",30,20,8,29,39,35,40,36,14,29,11,16,29,26,16,23,28,331,22,26,24,44,22,26
"aadK",0,2,2,2,12,8,6,2,0,2,2,8,8,8,4,4,0,4,2,0,4,2,4,2
"aapJ|bztA",146,159,98,104,185,154,164,138,139,142,116,108,109,115,176,135,112,82,128,137,173,134,144,153
"aapM|bztC",50,55,30,30,27,62,45,57,32,56,35,35,50,44,60,42,51,25,62,48,82,50,50,54
"aapP|bztD",328,312,242,261,355,328,349,314,293,376,341,303,269,300,335,272,308,286,319,333,319,326,371,410
"aapQ|bztB",43,39,52,34,50,47,56,35,36,45,51,42,42,53,38,52,33,24,57,47,66,58,40,36
"abcA|bmrA",94,67,66,66,153,128,113,117,88,106,63,79,102,76,101,73,62,641,98,84,82,98,94,98
"abfA",120,122,63,92,157,102,114,105,81,103,74,83,104,91,99,92,121,98,142,133,135,94,100,121
"ablA",154,132,80,125,174,149,181,144,143,170,140,121,110,118,138,127,141,89,171,149,132,150,132,135
"abmG",12,4,4,8,14,6,5,6,5,11,2,6,15,4,10,7,4,14,0,4,6,6,8,6
"abnA",2,0,10,2,36,8,22,14,8,9,10,2,18,18,18,20,4,4,6,8,6,14,4,12
"abrB",2,0,2,0,3,0,0,0,0,0,0,2,0,0,0,0,0,0,0,2,2,0,0,0
"accA",316,282,226,228,342,365,285,301,307,377,334,281,288,288,335,283,279,599,348,378,414,297,321,322
"accB|bccP",117,79,80,61,134,139,105,115,82,110,119,99,124,103,111,96,103,261,99,98,115,133,123,94
"accC",795,672,507,637,981,941,672,790,844,893,813,731,732,679,725,662,724,1021,809,777,812,779,836,802
"accD",423,378,327,302,593,473,451,498,467,566,442,388,453,438,452,430,429,638,534,480,460,485,528,517
"acd",1908,1719,1348,1277,2200,1921,1759,1838,1662,1772,1691,1640,1628,1549,1724,1570,1434,1743,1779,1736,1852,1841,1757,2050
"acdAB",134,139,117,132,188,176,154,129,154,163,127,123,142,136,149,115,126,146,149,181,179,170,169,164
"acdP",151,138,110,94,196,153,176,132,115,150,155,140,142,123,156,133,135,798,187,155,196,152,210,181
"aceA",581,521,419,381,722,622,513,576,582,729,633,540,551,471,567,550,539,858,576,625,627,564,658,640
"aceB|glcB",362,348,253,243,489,403,414,406,279,373,314,330,365,299,344,266,303,798,355,372,389,396,388,403
"aceE",1261,1196,1007,1025,1568,1367,1317,1471,1161,1436,1154,1041,1128,1082,1142,1199,1239,1827,1311,1284,1410,1281,1462,1446
"aceF|pdhC",853,795,633,661,1141,1028,861,974,806,941,813,767,794,767,844,760,755,1113,991,944,993,1043,1020,1014
"aceK",121,141,80,62,147,133,133,116,105,134,119,117,118,120,109,95,90,667,125,126,106,109,120,141
"ackA",85,80,83,67,97,81,78,113,89,85,80,64,82,70,68,80,74,88,123,107,98,111,88,114
"aclA",49,44,40,31,83,57,33,52,48,38,42,43,58,34,48,45,36,37,30,36,62,40,36,48
"aclB",26,28,23,25,28,26,24,24,26,38,36,34,29,34,31,24,24,19,25,18,28,18,26,40
"acm",94,63,66,52,107,101,79,93,69,96,79,57,47,65,68,50,78,278,105,86,63,98,100,80
"acnA",1359,1354,1020,1086,1759,1503,1386,1495,1247,1448,1242,1215,1204,1166,1295,1171,1185,1977,1382,1389,1348,1277,1412,1525
"acnB",382,356,258,269,441,382,354,350,474,565,499,388,375,348,370,395,354,1031,485,436,425,449,506,495
"acnD",45,42,34,20,42,59,52,55,64,37,66,55,52,61,61,48,47,39,51,65,64,62,34,84
"acoA",70,67,46,40,60,70,41,54,68,58,64,53,54,34,45,85,57,62,60,78,46,48,69,81
"acoB",201,146,140,119,241,194,166,232,193,231,185,178,192,171,216,158,185,182,196,225,167,170,198,223
"acoR",38,46,23,36,66,64,48,39,33,34,34,32,62,50,47,50,30,70,54,56,38,49,45,64
"aco|acx",78,94,46,62,92,89,62,96,68,56,52,56,99,36,64,46,56,59,87,92,65,60,46,91
"acpD|azoR",68,52,36,27,106,59,73,76,60,56,52,40,54,47,70,51,70,503,66,67,88,85,60,95
"acpP",557,474,430,403,582,449,477,505,456,522,472,458,486,460,488,478,457,648,552,504,544,488,516,584
"acpS",60,37,23,28,50,50,38,38,37,31,34,32,34,27,38,30,17,39,47,42,34,78,48,48
"acrA|lir|mtcA|mexA|adeI|smeD|mtrC|cmeA",262,264,173,184,347,272,254,285,222,280,236,209,206,223,180,231,168,1166,272,250,330,301,256,304
"acrB|acrE|mexB|adeJ|smeE|mtrD|cmeB",710,705,475,514,875,786,758,693,687,741,688,580,651,684,607,602,624,2463,772,757,868,724,763,843
"acs",1169,1240,962,984,1538,1195,1262,1286,1250,1449,1263,1115,1069,1174,1201,1127,1140,1747,1206,1245,1401,1298,1368,1399
"actA",2,2,0,2,12,10,8,10,2,6,10,2,12,8,5,4,4,4,8,6,12,12,8,4
"actIV",26,20,16,14,32,24,18,26,14,30,20,22,28,22,16,23,13,304,21,32,22,18,25,28
"actP",248,285,220,231,369,326,297,416,226,318,302,252,227,251,321,214,219,233,370,367,268,400,301,346
"actVI1",44,48,18,22,66,42,39,58,39,34,38,42,24,24,41,45,31,26,58,30,49,49,38,31
"acuC",27,21,24,14,48,44,65,43,36,33,26,24,29,34,34,30,22,44,59,44,68,34,44,54
"acuI|yhdH",90,68,43,57,91,83,56,80,80,82,68,52,73,59,82,66,53,350,72,76,108,102,120,131
"acyP|yccX",18,20,12,15,39,12,14,24,15,21,24,18,23,14,16,16,18,134,26,22,24,24,28,30
"add",286,219,167,193,335,299,326,305,259,271,229,271,195,217,221,227,231,193,275,356,261,338,341,356
"ade",160,112,74,78,150,131,124,147,103,144,111,124,146,143,105,132,119,117,113,147,150,149,154,143
"adh2_2",8,4,12,6,20,16,14,10,0,3,8,0,16,10,8,8,2,2,3,10,2,6,2,2
"adhP",6,12,3,3,8,11,9,4,6,7,4,8,4,0,0,11,3,2,9,14,3,4,6,4
"adiA",344,242,181,210,320,333,250,248,319,398,332,298,334,315,285,291,230,236,350,257,324,288,308,315
"adk|AK",134,108,102,84,187,136,100,124,88,114,94,102,90,78,81,100,87,312,97,143,113,122,128,126
"adoK|pkfB",190,175,151,143,250,199,173,174,159,192,176,161,166,131,164,131,194,359,205,227,194,227,242,279
"adrA",36,32,30,26,44,55,42,34,30,36,31,36,38,42,28,29,44,364,46,36,46,40,30,50
"aer",27,35,23,41,36,32,38,42,45,44,26,26,24,26,31,24,53,35,52,35,58,41,56,51
"afcA",2,4,2,4,4,8,0,0,0,10,6,2,8,0,2,2,4,28,6,8,0,4,0,2
"aftD",33,44,24,24,48,46,57,34,26,56,25,35,28,20,38,34,22,36,55,56,42,42,32,40
"afuA|fbpA",179,178,166,146,247,197,170,208,159,162,161,137,159,171,198,184,174,688,180,182,224,184,218,208
"afuB|fbpB",297,309,195,200,342,303,329,301,273,294,332,235,276,237,227,271,218,175,277,264,304,272,250,316
"afuC|fbpC",71,87,78,52,62,90,75,106,77,102,77,68,80,89,101,84,65,75,93,78,73,79,72,78
"agaR",95,97,59,47,146,88,106,76,90,107,73,67,66,76,87,76,59,440,106,98,113,95,93,110
"agaS",56,44,28,32,60,48,39,58,34,32,32,41,30,40,48,30,17,377,52,36,44,64,49,64
"aglE|ggtB",24,46,40,16,68,40,50,42,37,52,49,29,38,48,36,24,20,27,52,26,48,36,37,48
"aglF|ggtC",3,6,0,3,6,0,2,2,0,4,0,2,0,6,5,0,2,0,2,2,10,4,8,6
"aglG|ggtD",46,27,20,36,53,39,61,38,38,42,15,45,35,35,51,47,32,27,53,21,38,44,64,58
"aglK",28,15,15,16,19,17,16,26,11,20,16,21,26,17,8,7,23,23,21,29,25,25,24,43
"aguE",34,38,30,26,34,30,30,22,30,18,22,35,26,22,24,22,48,26,44,32,41,44,42,32
"aguG",0,2,4,0,2,14,1,4,2,12,2,2,8,8,5,10,4,0,12,0,0,4,5,4
"ahbAB",55,57,36,46,62,54,31,57,38,59,30,40,45,46,46,32,26,29,61,22,39,38,34,36
"ahbD",30,28,24,26,26,46,18,41,38,29,44,12,37,36,25,32,18,30,24,24,30,28,35,39
"ahlD|aiiA|attM|blcC",138,128,118,128,207,155,164,150,126,190,102,158,126,137,161,144,89,349,116,123,165,131,105,136
"ahpC",89,107,73,74,115,111,104,84,139,135,101,98,116,81,118,115,102,321,132,164,126,134,137,150
"ahpD",42,26,23,14,40,26,36,22,21,32,19,16,18,26,41,21,20,230,30,21,22,28,22,35
"ahpE",29,17,18,15,20,24,24,34,14,23,25,12,23,26,14,16,19,5,38,14,28,28,36,42
"ahpF",46,38,14,42,46,28,37,26,30,69,38,21,24,28,27,34,43,26,30,26,38,41,39,33
"ahrC",77,93,60,50,123,96,70,73,70,99,53,81,60,61,63,59,56,49,102,67,86,80,69,93
"alaA",664,544,421,472,741,641,594,585,599,563,556,509,558,533,560,532,554,828,693,644,578,670,671,657
"ald",458,346,307,276,520,448,433,475,345,445,347,381,386,340,382,336,335,473,446,481,467,436,453,538
"aldA",36,33,29,37,38,46,40,26,25,22,33,35,52,40,32,26,23,15,26,42,42,26,36,36
"aldB",359,391,289,305,449,375,389,407,348,386,364,273,335,305,367,337,410,353,449,455,420,444,362,478
"aldH",65,45,51,47,79,89,77,92,47,70,73,49,70,57,86,78,41,62,80,85,89,94,78,62
"aldH|dhaS",1109,1052,886,865,1488,1243,1331,1282,1119,1347,1214,1063,1110,1007,1168,1045,1204,1509,1323,1430,1465,1493,1376,1484
"algA|xanB|rfbA|wbpW|pslB",57,72,56,52,71,54,68,56,72,83,56,50,58,63,77,66,61,489,70,82,77,54,96,96
"algD",6,4,6,12,16,13,2,19,2,2,10,8,6,6,11,10,14,5,18,10,12,12,14,18
"algH",132,103,79,76,142,134,145,121,97,103,117,89,88,109,84,99,83,247,130,123,144,103,126,144
"algI",45,53,70,26,107,78,57,66,69,66,58,49,77,58,91,44,70,53,70,37,65,85,94,66
"algR",203,157,133,160,252,179,205,245,179,217,174,172,178,176,203,187,156,1081,257,217,258,190,210,277
"aliA",6,2,4,4,18,6,11,4,7,4,4,4,4,6,10,4,6,10,8,6,8,7,8,2
"allA",6,10,13,7,14,20,10,14,16,12,6,10,4,12,5,5,17,4,6,10,10,9,6,10
"allB",20,15,7,10,16,14,12,16,20,16,9,4,4,6,6,2,10,16,26,12,8,14,30,10
"allC",46,37,38,30,80,77,49,74,34,50,52,39,73,68,79,52,42,32,48,32,51,49,48,40
"alr",100,69,72,67,128,101,82,114,90,92,83,67,96,91,80,72,87,380,101,88,107,78,99,96
"amgK",95,99,66,58,106,102,94,87,67,78,72,66,75,59,66,75,79,355,93,65,100,94,100,100
"amiA|amiB|amiC",125,108,109,99,167,168,140,140,128,138,142,138,128,118,163,122,88,629,151,154,167,126,153,159
"amn",244,214,160,169,276,273,227,258,243,270,264,170,183,227,216,204,258,462,286,279,271,308,312,309
"ampC",65,47,43,28,65,55,66,72,56,64,73,57,35,80,54,38,38,474,44,68,93,62,68,64
"ampE",52,29,20,27,50,48,50,39,32,38,35,31,32,68,37,41,24,294,54,34,46,44,38,40
"ampG",90,69,66,81,123,87,75,91,72,83,85,85,104,67,78,72,75,388,101,63,119,83,79,89
"ampR",24,30,20,16,44,26,26,26,18,48,28,26,12,28,38,26,22,289,32,34,20,58,38,26
"amtB|ybaG|amt",579,531,368,381,755,600,524,600,532,621,514,461,479,551,519,478,440,874,559,526,530,583,596,622
"amyA|malS",28,18,17,8,42,20,20,35,18,18,18,12,32,25,40,20,12,12,16,22,24,28,26,16
"antitoxin_abrB",81,62,51,51,117,77,66,110,80,82,57,53,72,72,89,68,62,47,74,62,80,84,96,82
"antitoxin_ccdA",2,2,0,2,6,2,2,2,0,15,2,6,10,4,2,10,2,6,4,2,4,5,4,8
"antitoxin_cptB|ygfY|sdhE",37,39,33,32,43,39,42,40,23,37,29,19,35,29,24,24,18,112,37,47,63,42,40,37
"antitoxin_darG",46,21,27,33,43,34,57,53,25,43,48,51,46,29,40,45,24,192,34,31,42,30,47,24
"antitoxin_fitA|vapB",15,6,2,4,8,12,10,8,8,10,2,8,2,6,6,6,2,6,6,6,2,12,4,8
"antitoxin_higA_1",12,18,8,12,24,20,24,19,17,25,27,15,23,28,23,6,14,15,22,26,21,20,13,28
"antitoxin_mvpT|vapB",8,4,2,8,4,8,8,0,10,3,4,8,6,4,8,4,4,14,0,4,14,2,8,6
"antitoxin_ratB|yfjF|pasI",6,14,0,6,24,16,14,5,14,8,12,14,10,12,10,12,2,87,10,11,18,16,14,14
"aofH",38,19,25,12,40,20,30,34,22,26,25,30,18,14,24,24,9,17,34,31,31,19,26,28
"apaG",92,68,60,63,99,76,87,79,59,78,94,50,81,64,56,60,64,237,92,101,80,58,91,89
"apaH",38,38,16,47,70,55,42,40,48,45,62,35,34,45,49,26,54,302,35,48,71,42,71,46
"apeE|estA|lip_1",86,72,59,69,114,93,78,83,54,66,71,76,60,76,91,88,80,630,80,92,97,76,91,121
"apgM",6,2,2,2,8,2,12,8,16,7,4,10,8,10,8,4,4,2,1,0,4,4,8,8
"apnO",48,53,16,24,53,44,45,54,56,49,30,34,52,42,41,24,26,40,57,64,62,46,40,56
"aprA",123,107,86,94,105,86,108,107,102,138,126,82,104,103,84,117,82,62,126,81,68,87,90,87
"apt",148,158,89,128,165,186,151,179,132,205,158,153,84,119,162,138,178,307,165,168,193,204,160,172
"aqpZ",98,94,78,83,131,138,121,93,95,104,120,97,107,91,102,84,80,318,110,85,147,103,111,131
"araA",178,133,133,162,283,190,219,175,180,205,174,143,162,155,173,149,161,112,240,220,178,226,181,216
"araB|L_arabinonolactonase",16,18,12,20,17,15,14,16,2,22,17,17,22,22,16,10,31,22,17,22,51,22,20,22
"araB|L_ribulokinase",50,30,32,24,60,44,38,71,27,43,66,46,47,48,54,68,39,28,50,49,54,50,45,42
"araC",150,158,90,118,153,151,152,169,148,184,176,142,127,143,167,124,168,115,157,141,157,134,173,146
"araD|ulaF|sgaE|sgbE",80,62,56,82,109,97,85,72,70,91,77,62,92,63,81,71,74,55,94,84,85,78,80,77
"araE",6,2,2,8,15,10,12,10,2,4,4,4,12,11,14,11,2,0,8,6,4,4,16,6
"araH",52,27,40,43,67,68,70,50,55,63,74,48,52,73,58,45,46,54,64,44,68,56,66,70
"araM|egsA",69,62,38,56,92,86,86,90,62,66,67,77,56,68,56,43,64,58,84,94,63,100,71,80
"araP",0,0,2,0,6,6,7,8,4,2,2,0,2,4,4,7,0,2,0,2,0,4,4,4
"araQ",2,2,0,4,4,6,5,6,2,6,4,2,4,4,4,8,4,0,0,10,2,4,2,4
"arcA",205,171,146,136,260,263,223,302,196,191,186,200,187,176,203,156,212,170,258,227,204,201,204,240
"arcB|argF|argI",249,234,139,142,265,211,190,235,230,241,206,182,203,208,217,220,166,205,211,252,210,263,203,261
"arcC",17,24,14,11,43,28,22,32,23,23,17,17,26,16,29,14,11,24,14,33,14,28,24,25
"arcD|lysl|lysP",24,23,32,17,36,38,21,34,24,33,24,15,30,41,20,26,14,27,26,22,22,10,26,22
"argA",38,27,28,36,54,45,36,48,27,50,48,34,48,48,34,35,35,168,36,40,50,44,38,55
"argAB",142,139,84,74,128,95,140,136,200,157,161,155,114,130,112,133,105,103,156,111,124,127,153,141
"argB",557,507,401,402,696,718,530,562,514,687,493,509,492,484,540,561,426,437,549,615,664,600,666,610
"argB1",103,71,46,60,116,100,64,88,77,110,87,61,86,75,72,77,96,547,96,115,123,142,120,114
"argC",185,170,134,113,221,209,209,239,178,172,175,175,173,186,182,168,169,400,192,202,182,213,222,265
"argD|pqqI",246,169,159,149,279,209,186,199,185,259,210,180,149,162,200,184,194,499,207,190,250,223,208,213
"argE",108,57,58,67,107,120,72,89,90,115,92,84,77,83,80,65,94,491,138,117,98,92,96,91
"argG",1294,1176,772,911,1474,1106,1098,1158,968,1207,1131,999,978,1085,1067,1019,903,1219,1208,1204,1168,1120,1171,1183
"argJ",174,151,96,113,218,184,177,182,153,178,175,166,139,165,160,164,143,141,166,152,210,227,168,190
"aroA",193,175,153,156,230,225,198,217,178,197,197,156,151,215,143,165,152,513,223,209,251,225,241,255
"aroB",658,663,480,512,892,686,716,745,661,732,672,572,605,562,571,601,577,815,664,696,830,770,712,796
"aroD",2,2,4,4,20,7,4,6,0,8,4,6,10,4,7,17,0,2,4,2,2,6,6,6
"aroE",89,107,64,78,165,121,129,98,105,99,82,85,88,109,101,104,105,356,140,109,129,132,119,121
"aroF",46,49,31,39,60,58,42,44,30,34,51,56,35,42,38,43,34,15,36,18,52,54,44,53
"aroL|aroK",103,67,66,78,126,101,72,92,69,80,71,85,88,66,84,78,68,249,93,70,81,101,107,99
"aroQ|qutE",168,123,132,163,202,216,136,185,152,163,140,150,162,153,188,145,155,387,169,175,206,211,179,226
"arsA",63,49,27,27,56,62,45,72,38,39,42,40,44,49,45,37,33,43,41,46,58,48,59,68
"arsB|arsenite_transporter",115,122,82,106,157,163,129,118,154,125,114,110,90,110,146,114,88,418,117,155,137,119,171,120
"arsC",211,158,115,112,236,196,198,210,181,203,175,145,162,160,175,156,166,121,174,144,206,155,178,205
"arsC1",49,50,23,25,38,38,42,54,48,34,31,23,27,42,27,29,17,256,42,57,43,48,52,48
"arsH",28,34,15,18,39,28,52,32,45,47,40,42,18,35,42,32,28,285,22,57,34,38,49,42
"arsR",105,77,90,85,105,94,112,105,74,68,102,76,88,91,63,84,74,186,114,101,100,145,114,102
"asbF",0,0,0,0,0,2,0,0,0,0,0,0,4,2,0,0,0,0,0,0,0,2,0,0
"asd",837,729,583,536,1087,865,852,813,718,834,730,661,783,722,714,728,694,953,827,936,875,920,853,914
"asnB",206,225,192,181,335,301,240,287,225,273,228,239,204,238,215,228,197,1308,274,244,320,253,317,319
"aspA",349,260,192,266,452,356,356,366,291,307,295,267,320,283,313,301,286,246,362,355,303,369,348,443
"aspB",434,351,317,267,509,389,374,442,355,447,406,371,351,312,418,385,374,808,398,435,478,459,487,501
"aspG",28,34,36,27,46,51,46,40,30,34,46,40,40,30,45,54,38,330,46,46,54,38,56,54
"aspT|ybjL|yidE",68,48,42,24,80,66,53,47,43,69,38,45,38,59,68,61,50,33,61,50,56,76,61,86
"ata|sadA|emaA",697,559,407,463,846,718,691,749,631,606,537,522,638,577,550,559,443,4317,739,675,785,662,790,782
"atoB",3002,2963,2232,2303,4045,3304,3069,3425,2720,2960,2775,2590,2759,2607,2737,2666,2570,3364,3235,3194,3345,2997,3287,3513
"atoC",39,26,21,28,49,36,24,26,35,54,40,24,52,38,32,26,31,24,32,24,26,44,35,35
"atoE",68,47,52,49,89,90,63,84,64,93,69,82,56,50,67,78,49,441,66,70,66,58,79,73
"atpA",1475,1379,1028,997,1696,1373,1223,1506,1526,1648,1363,1183,1277,1262,1372,1110,1236,1520,1291,1349,1359,1350,1315,1408
"atpB",216,164,129,147,253,203,170,170,166,188,163,165,171,169,163,172,131,397,180,190,194,177,189,187
"atpC",102,74,53,84,123,91,111,87,87,112,79,83,86,96,77,84,69,280,103,104,96,120,108,116
"atpD",1719,1482,1186,1316,1946,1629,1536,1680,1590,1735,1533,1507,1511,1438,1532,1468,1406,1688,1742,1616,1632,1593,1605,1669
"atpE",347,310,233,237,376,323,343,296,329,370,319,309,322,317,276,340,264,382,341,318,348,342,368,378
"atpF",145,116,90,71,152,127,99,129,111,138,113,93,122,130,101,103,100,252,142,158,150,139,120,144
"atpG",367,318,261,312,453,374,413,420,298,376,329,269,319,312,299,344,340,608,378,417,405,431,421,382
"atpH",55,45,42,54,81,63,76,69,49,94,54,49,62,76,64,64,68,250,52,79,87,83,80,71
"atpI",8,6,8,10,10,10,10,10,9,14,7,2,8,8,4,14,19,12,10,0,6,3,15,7
"atuF",15,14,12,19,15,23,12,25,12,19,12,6,17,24,21,11,18,8,7,12,18,8,16,8
"atuH",121,103,80,81,150,144,145,135,109,141,88,127,113,119,123,109,103,393,162,128,161,128,135,149
"atzB",32,12,8,12,22,18,16,8,18,20,8,16,12,16,20,12,19,28,26,16,28,30,26,22
"auxin_symporter",83,70,44,70,53,95,72,92,87,95,69,67,78,72,62,61,62,302,80,88,102,76,96,110
"bacA",126,91,85,93,162,137,113,123,138,118,119,92,101,111,120,112,101,329,124,144,118,126,137,140
"bacA|yddA",114,102,59,66,138,150,98,119,84,105,86,73,98,92,96,90,83,82,78,109,91,101,100,122
"badH",46,42,26,30,67,43,43,34,48,38,35,22,48,37,61,54,35,18,48,54,50,34,43,48
"baeC|pksC|mlnA",4,4,2,2,16,14,6,6,4,4,6,0,8,8,2,2,4,4,4,0,4,6,10,2
"baeG|pksG|dfnL",8,0,2,2,8,6,6,2,0,0,0,0,6,12,6,8,0,2,2,0,10,12,10,4
"baeJ|pksJ|dfnH",4,0,4,4,32,14,7,8,4,6,2,6,14,12,14,7,10,2,10,4,4,8,12,6
"baeM|pksM|dfnI|dfnD|dfnF",10,8,8,8,41,17,23,14,6,4,0,2,9,12,8,14,6,4,6,8,6,16,4,8
"baeN|pksN|mlnB|mlnD|dfnG",38,34,52,22,142,86,78,51,47,32,14,32,78,84,64,64,24,24,46,24,32,64,66,46
"baeR|pksR|dfnJ",12,4,8,4,30,8,10,8,6,0,6,6,12,8,6,4,4,4,10,6,8,8,6,6
"baeS",50,36,24,18,52,48,52,49,28,42,24,52,36,53,46,52,32,38,52,28,40,65,58,47
"baeS|pksS",2,4,2,0,14,12,12,6,4,6,2,2,16,6,2,6,4,4,4,2,2,4,4,0
"bar",57,49,61,67,90,76,68,69,60,65,70,42,55,59,53,59,47,49,64,62,66,66,50,65
"batA",16,9,28,7,21,10,24,16,21,18,14,22,16,20,30,16,16,19,24,18,30,18,18,30
"batB",0,4,7,4,2,4,6,8,12,4,2,4,2,8,2,4,2,6,6,4,6,8,2,5
"bauR",10,10,18,23,26,25,14,22,20,20,15,14,16,20,20,12,19,8,28,18,22,37,42,18
"bcd",135,103,81,107,145,80,125,106,136,207,154,129,152,128,145,153,97,118,152,104,113,116,152,137
"bcp|PRXQ|DOT5",123,105,107,109,143,149,137,139,128,138,135,105,118,121,121,124,115,271,155,142,143,157,142,147
"bcrC",59,60,39,38,50,48,55,68,49,63,61,21,42,36,41,43,42,229,72,46,62,28,47,42
"bcr|tcaB",245,208,193,180,221,237,242,214,225,217,187,173,175,159,216,208,199,611,206,274,237,265,265,229
"bcs1",32,47,38,40,72,52,54,72,60,64,41,36,54,44,37,60,23,35,50,69,76,54,68,52
"bcsA|yhjN|celA",124,98,104,105,165,120,135,146,101,136,128,98,90,121,108,122,79,133,150,134,117,195,171,143
"bcsB|celB",40,39,20,38,40,56,30,28,32,32,54,39,30,40,46,35,22,18,40,29,28,34,38,29
"bcsC",30,32,18,16,16,48,26,22,33,20,20,34,16,26,12,23,18,16,18,30,10,18,28,22
"bcsZ|wssD|yhjM",50,59,46,46,98,64,60,71,47,63,53,60,48,55,64,70,40,425,59,60,56,57,63,81
"bdh",209,212,195,168,317,236,245,236,228,248,175,226,257,212,221,249,229,475,267,276,253,251,301,285
"benC_xylZ",6,10,4,14,8,18,14,8,8,10,11,12,12,8,11,16,10,8,16,12,6,12,6,14
"benE",22,32,20,14,38,24,15,20,24,18,12,24,24,8,38,22,17,26,30,40,12,34,24,34
"betA|CHDH",435,397,314,344,567,521,512,443,394,509,404,402,389,410,450,360,448,890,498,469,555,583,456,532
"betB_homologous",485,416,352,363,600,480,477,562,462,501,381,345,398,393,467,361,372,395,523,524,496,521,516,600
"betC",27,28,24,17,25,26,30,30,34,35,20,25,26,20,32,45,15,32,34,40,42,30,28,49
"betI",4,3,4,10,2,7,10,6,4,11,4,3,6,6,4,2,5,8,9,8,9,0,5,5
"beta_hydroxysteroid_dehydrogenase",24,18,20,16,42,23,34,40,14,43,10,38,29,30,16,18,16,28,32,24,32,25,24,19
"bfd|yheA",6,6,12,10,10,10,10,4,2,14,6,7,12,2,6,5,6,46,8,12,11,4,8,2
"bfr",219,201,149,168,195,229,202,190,191,212,204,170,175,184,220,160,177,551,213,248,233,209,246,284
"bgaB|lacA",65,73,53,64,101,109,99,78,91,77,92,86,85,79,81,54,71,623,109,107,110,138,124,98
"bglA",0,6,0,0,14,0,0,4,4,2,4,2,1,4,4,0,0,0,0,0,0,2,2,0
"bglB",387,389,291,283,479,445,374,402,344,453,361,315,347,327,342,321,344,737,420,411,413,417,361,459
"bglX",269,243,153,211,335,309,260,281,246,311,212,181,224,239,299,231,179,981,334,268,343,273,324,302
"bioA",160,115,97,87,194,151,185,162,144,163,132,127,103,125,133,111,143,565,168,123,171,169,154,158
"bioB",279,215,196,146,300,276,250,277,301,277,304,219,259,215,239,218,245,510,285,318,288,278,263,279
"bioC",41,36,42,34,70,62,42,68,21,69,50,38,41,44,43,41,40,314,58,35,52,54,42,58
"bioD",43,31,18,22,46,54,38,32,19,30,28,21,27,43,26,33,35,233,56,33,58,46,48,40
"bioF",166,151,135,102,169,158,132,174,137,160,161,142,154,124,118,155,139,471,124,151,191,153,167,194
"bioH",28,39,27,22,41,32,42,36,45,27,16,22,32,34,38,38,26,264,36,26,26,34,50,48
"bioY",18,26,14,20,23,14,24,24,8,20,18,8,24,28,22,34,11,14,28,16,28,13,20,22
"birA|bpr",54,70,65,49,103,71,49,68,80,73,64,44,61,41,59,62,74,321,102,83,65,80,72,93
"biuH",123,109,101,110,135,74,112,110,126,122,102,99,89,88,115,85,102,98,108,108,123,100,128,135
"bjaI|rpaI|braI|rhiI",13,20,10,11,10,14,14,12,12,17,11,15,12,22,16,10,20,12,8,20,10,8,32,19
"bjaR1|rpaR|rhiR",28,18,22,29,32,16,18,34,8,28,24,16,18,36,40,26,17,16,24,18,29,40,44,16
"bkdA1",211,186,169,166,322,246,222,270,197,242,207,187,229,209,216,172,206,509,254,261,274,269,278,270
"bkdA2|bfmBAB",812,764,579,591,1070,892,804,872,777,842,749,662,704,689,743,740,670,921,842,899,872,834,881,901
"blaI",42,20,18,28,31,32,20,34,22,20,34,16,22,29,30,22,30,276,28,30,42,32,32,42
"blaR1",34,34,18,8,36,40,18,36,20,38,34,38,26,22,16,24,20,354,40,32,36,44,28,42
"bmaC|yapH",64,79,64,82,104,94,91,98,91,84,75,72,77,66,68,62,61,1092,94,76,89,81,101,80
"bmpA",122,136,80,92,128,133,109,106,121,116,136,106,111,123,125,110,115,113,123,140,142,122,137,174
"bofC",0,0,0,0,10,0,4,2,0,0,0,0,8,3,4,2,0,0,0,4,0,0,0,4
"bolA",41,44,21,30,45,36,52,39,30,29,47,24,39,35,35,43,31,114,34,52,40,47,58,34
"boxB",44,62,43,31,59,55,36,55,49,53,58,46,58,46,35,28,39,42,42,34,56,42,59,48
"boxC",121,105,71,105,150,119,139,113,115,117,87,102,86,129,122,119,87,115,135,96,130,128,141,156
"bpeE",63,64,56,42,79,81,58,71,55,82,56,55,50,50,58,47,66,34,79,68,79,58,70,65
"bpeF",242,193,130,205,270,269,253,220,235,264,238,220,207,260,235,226,247,256,291,269,347,289,295,276
"bpeT",58,28,30,38,58,50,36,54,57,61,32,51,29,52,41,24,55,35,52,70,33,36,56,45
"bphJ|xylQ|nahO|tesF",4,0,2,2,2,1,2,0,4,0,0,2,0,2,4,2,0,4,0,2,2,0,0,0
"bpsB|srsB",4,0,2,0,4,2,0,0,1,0,2,2,12,4,12,4,0,1,0,0,2,2,2,8
"bsaA|gpx|btuE",40,25,23,36,56,25,29,46,48,33,37,34,38,30,39,34,20,214,36,32,44,34,40,34
"bsdC",6,2,0,0,19,18,7,6,4,4,4,6,2,10,10,12,4,0,10,12,8,12,8,10
"btr|ybbB",0,0,0,0,6,4,4,2,0,2,0,0,0,2,10,0,0,2,0,4,0,0,0,5
"budB|ilvK|alsS|ilvB|ilvG|ilvI",1477,1470,1109,1161,2012,1660,1464,1621,1474,1673,1391,1267,1316,1245,1397,1403,1300,2153,1629,1566,1574,1540,1541,1687
"butB",239,195,167,182,315,272,244,254,189,223,213,181,244,211,226,241,176,1277,310,272,290,271,296,314
"bxlF",38,30,22,32,42,25,36,46,30,40,34,23,26,41,38,20,26,26,44,52,44,39,34,39
"bxlG",2,8,6,4,16,10,4,14,4,0,2,6,10,10,10,7,9,2,8,18,12,4,2,4
"cadC|smtB",12,2,2,8,20,6,4,6,6,16,4,12,4,4,0,8,3,8,16,12,6,8,4,10
"calB",114,98,95,108,153,134,109,160,132,107,90,93,126,118,117,101,100,437,149,130,168,120,130,125
"cap1J|wbgU",84,62,57,66,72,101,79,104,57,77,87,77,54,75,48,83,77,381,92,92,86,65,98,105
"carA",479,383,336,299,552,440,443,506,380,493,424,394,384,360,451,394,399,707,489,490,508,432,477,457
"carB",2688,2630,2024,2110,3504,2929,2612,2904,2700,3109,2692,2597,2485,2586,2629,2383,2337,3141,2723,2862,2823,2592,2961,2971
"catA",127,108,52,59,153,119,109,90,91,100,85,89,106,145,117,88,105,286,133,109,149,106,135,123
"catC",2,8,0,0,4,8,9,6,8,12,10,4,4,4,2,12,8,0,14,14,8,16,10,8
"catD",56,24,21,13,50,48,45,46,42,42,16,24,44,22,40,24,38,384,28,46,38,44,32,36
"catE",57,74,27,45,71,60,56,68,68,54,51,56,47,62,57,71,38,47,71,66,50,76,50,56
"cbbF",8,8,0,4,12,15,10,14,10,4,10,2,10,4,8,7,8,4,15,4,4,18,22,7
"cbbR|cmpR|ndhR",25,30,26,12,40,20,18,18,24,26,44,14,4,10,24,20,28,14,26,40,42,30,44,40
"cbiA",65,38,51,51,64,56,66,74,58,52,57,41,46,42,43,22,44,56,71,64,81,66,83,54
"cbiC",55,52,48,53,88,83,60,72,53,58,70,68,72,72,68,63,78,48,71,92,68,78,76,77
"cbiD",44,45,23,29,50,47,48,44,54,52,46,28,30,27,41,44,31,30,42,40,30,32,50,39
"cbiF",88,73,89,46,110,91,90,103,82,63,50,92,70,64,108,71,80,73,71,90,110,85,71,79
"cbiH",14,26,6,21,22,16,18,22,24,28,12,18,12,14,20,22,14,6,24,24,8,22,12,24
"cbiJ",18,22,17,12,44,34,18,20,24,35,16,19,34,22,30,26,14,16,34,42,22,28,40,15
"cbiL",34,26,18,29,49,46,38,36,32,55,34,35,38,28,43,18,37,30,42,38,33,50,22,46
"cbiM",22,25,27,24,40,30,44,40,26,38,24,33,28,24,34,19,34,19,24,48,31,36,34,54
"cbiN",22,18,24,8,28,28,18,34,30,12,19,14,26,18,26,16,12,14,12,25,20,14,29,20
"cbiO",169,168,113,151,303,193,200,223,158,186,155,155,147,184,181,161,155,110,222,195,195,212,156,224
"cbiQ",40,52,28,20,73,47,28,41,30,39,32,32,49,37,34,38,30,41,62,41,56,43,54,52
"cbiX",54,32,24,48,101,92,80,63,84,71,54,40,47,95,60,56,53,58,59,90,76,89,67,95
"cbl",41,34,20,20,54,25,31,30,32,46,30,35,51,54,43,40,31,28,61,38,42,36,45,64
"cbp",32,32,30,18,56,52,32,34,41,32,30,24,28,30,44,48,20,323,46,26,23,30,47,60
"cbs",355,347,266,246,434,386,365,435,331,394,298,319,319,351,336,284,367,757,353,392,454,458,413,439
"ccpA",66,54,55,55,86,103,92,76,56,86,75,54,52,68,50,54,77,72,104,78,95,82,88,95
"ccrA",170,141,133,100,197,158,141,163,118,123,108,105,110,111,124,118,112,83,152,178,154,168,145,189
"ccrM",213,194,143,157,291,247,206,237,208,259,211,186,206,235,236,197,205,179,253,269,293,238,258,261
"cdd",109,101,85,91,189,136,138,133,130,117,123,121,113,119,119,112,112,91,141,130,135,152,152,123
"cdsA|ynbB",177,120,105,78,156,155,117,175,124,153,128,115,150,113,151,141,129,655,171,170,161,139,139,162
"cebF",51,43,37,49,74,41,39,53,26,42,38,45,68,27,45,33,36,52,71,60,86,72,63,78
"cebG",69,34,95,128,96,185,154,149,98,156,126,72,80,56,87,84,101,86,273,126,100,249,236,73
"cecR|ybiH",18,11,6,14,16,6,10,28,14,20,19,16,16,11,22,20,7,12,14,16,20,14,10,16
"celA|chbB",0,0,0,0,11,0,2,4,2,0,0,0,2,2,2,2,2,0,0,0,2,2,2,2
"celB|chbC",4,6,2,6,14,8,2,2,0,4,0,2,6,7,2,4,0,12,0,2,4,2,4,0
"celF|licH|chbF",145,124,119,127,251,198,179,171,124,171,144,126,142,145,142,160,158,130,206,131,216,237,199,208
"celJ|eglA|eglS",93,82,58,72,118,100,115,118,102,88,92,98,95,79,106,73,62,774,82,122,100,98,124,73
"cfa",242,254,162,185,300,209,223,245,145,241,193,191,206,189,252,195,183,543,245,275,281,278,256,245
"chaA",12,16,12,2,16,8,14,14,6,14,6,8,4,16,4,4,4,14,0,14,2,6,12,14
"chaB",18,5,2,8,22,17,15,8,4,7,13,12,10,6,8,10,5,4,16,6,10,8,12,4
"cheA|wspE",113,171,107,109,165,138,154,122,133,184,137,101,134,110,149,99,108,97,137,122,126,129,104,122
"cheBR",2,0,4,0,12,2,5,8,2,2,4,0,5,0,0,0,2,4,0,0,0,0,0,0
"cheB|chpB|wspF",54,43,43,44,76,64,64,50,65,60,54,42,41,46,53,36,41,47,60,59,55,56,92,52
"cheC",10,18,14,22,14,28,21,14,18,20,19,19,8,16,10,18,10,10,8,18,14,16,14,8
"cheD",4,5,4,0,4,2,4,4,0,0,0,4,10,2,2,4,2,5,2,6,4,3,6,6
"cheR|pilK",108,93,92,65,171,109,112,123,86,108,95,79,104,92,90,130,99,74,132,78,101,80,135,139
"cheW",56,51,44,36,61,67,60,39,46,64,60,42,58,58,55,42,41,67,67,54,81,79,80,59
"cheY|yneI",255,238,158,213,366,263,243,292,222,277,226,230,227,260,273,204,236,187,239,239,313,254,297,266
"chiA|chtA|chiI",185,161,128,137,200,185,178,168,176,155,150,129,150,131,171,135,137,1209,207,175,225,206,198,192
"choD",148,159,135,113,178,187,178,178,108,151,165,168,135,126,102,83,143,152,147,180,154,158,138,172
"chpA",18,18,10,8,18,16,32,30,30,31,27,22,16,26,16,25,17,28,28,24,29,30,26,26
"chpB",78,86,52,66,118,87,92,62,76,87,68,60,65,54,69,48,48,580,88,64,92,92,78,75
"chpC",10,12,16,27,26,26,24,26,34,22,32,26,20,28,14,26,26,167,40,13,24,41,29,15
"chqB",16,12,11,8,22,13,8,6,16,6,10,4,21,8,18,10,13,18,10,10,10,12,12,7
"chrB",2,5,1,10,10,6,4,2,8,2,6,10,8,2,0,4,0,7,2,8,8,8,8,8
"chrC|sodB|sodA",290,257,263,210,348,328,299,302,275,305,286,228,260,269,298,291,335,515,343,374,328,349,350,367
"chrR",34,25,16,29,46,40,38,32,30,26,34,27,27,22,22,51,29,239,44,44,32,45,48,46
"chrS",0,2,0,0,6,6,6,10,0,0,4,0,3,4,5,0,2,0,6,0,2,5,6,0
"chvB|cgs|ndvB|cbpA",610,555,375,436,745,683,623,670,588,664,584,492,549,553,631,590,506,3009,670,618,743,646,705,732
"chvI",533,513,364,415,636,471,471,482,471,500,507,463,433,389,493,433,486,407,482,572,603,521,533,548
"citE",112,96,84,82,168,147,128,113,137,130,114,112,118,99,116,93,114,328,145,130,175,121,135,132
"citM",6,0,2,2,22,14,10,8,8,4,0,2,13,14,2,10,10,2,4,10,2,8,14,8
"clpA",1201,1077,753,853,1441,1368,1223,1211,1177,1319,1107,1009,1094,1029,1024,1012,1107,1580,1163,1277,1431,1150,1276,1316
"clpB",1889,1711,1317,1391,2209,2032,1841,1940,1696,2037,1715,1643,1584,1653,1770,1599,1549,2283,1730,1770,1882,1757,1881,1990
"clpC",1510,1353,1124,1161,1768,1443,1557,1505,1152,1400,1269,1192,1216,1229,1357,1225,1063,1674,1268,1246,1381,1307,1313,1417
"clpE",2,0,4,6,12,14,12,8,2,6,4,14,8,10,22,16,2,10,4,4,8,10,14,8
"clpP",755,819,576,680,1030,783,805,803,615,801,734,685,671,687,778,731,634,800,767,826,714,833,828,805
"clpX",2141,1998,1520,1551,2544,2053,1857,2136,1740,2096,1826,1654,1634,1656,1886,1794,1724,1981,2005,1974,2084,1899,1969,2120
"clp|crp",534,428,323,342,647,577,471,434,438,495,458,355,508,464,445,417,409,818,516,517,547,475,530,520
"clsA_B|ybhO|ywiE",161,103,93,74,168,113,131,147,110,163,158,120,116,99,109,105,108,501,127,148,115,118,117,154
"clsC|ymdC",201,178,168,139,287,228,215,203,187,255,229,193,236,213,210,199,176,752,289,243,242,261,293,274
"cmk",142,121,71,103,222,164,151,146,115,139,120,112,90,117,158,110,118,287,127,135,170,161,168,171
"cmo|bphA",50,43,51,60,77,43,60,81,72,63,58,27,39,60,50,59,35,411,53,50,54,107,63,75
"cmtB",10,10,6,12,12,10,14,4,8,10,7,10,8,8,4,2,5,9,6,6,8,8,14,6
"cmtC|dhbA",6,8,4,10,12,8,7,18,12,14,12,6,16,8,12,6,6,7,12,2,5,6,6,8
"cmtR",8,18,15,16,20,12,20,32,6,17,12,10,18,10,15,16,22,7,37,18,6,24,30,24
"coaA",285,348,219,259,407,343,348,339,264,324,265,255,294,268,274,259,258,232,360,364,366,347,409,404
"coaBC|dfp",214,244,170,180,299,322,305,269,228,269,236,210,247,258,289,243,198,345,306,258,282,284,339,258
"coaD|kdtB",193,178,147,125,259,205,183,259,170,211,203,184,196,200,217,178,152,362,206,218,281,207,233,240
"coaE",67,44,48,26,68,60,59,48,54,64,40,53,51,60,37,49,34,214,62,32,40,35,54,65
"coaX",104,80,44,59,128,113,106,90,63,112,106,79,80,81,100,96,78,271,102,85,114,132,110,113
"cobA_hemD",291,293,206,246,381,351,320,365,253,246,219,258,228,226,274,249,237,206,320,267,293,325,286,337
"cobA|btuR",147,169,130,91,206,175,143,168,155,138,114,156,128,139,151,183,100,279,177,170,175,169,180,231
"cobC1|cobC",16,26,16,10,24,26,26,26,28,46,24,18,32,21,22,30,9,313,42,31,41,26,38,41
"cobC|phpB",22,10,5,20,18,16,34,24,14,18,28,24,22,23,14,24,5,190,22,18,16,18,18,26
"cobL",58,54,56,42,70,78,74,68,51,55,58,51,44,38,52,54,52,47,72,69,75,92,60,64
"cobN",243,226,186,193,295,290,268,355,239,274,240,292,195,158,220,219,247,228,299,319,325,288,320,315
"cobP|cobU",19,17,18,9,26,26,12,30,14,22,21,17,24,16,28,16,9,196,20,24,22,10,28,14
"cobQ|cbiP",287,272,179,167,332,284,320,272,212,278,219,237,224,228,207,236,226,676,287,279,285,238,271,296
"cobR",8,4,2,6,10,6,6,4,7,6,7,0,8,2,4,10,10,5,24,16,8,30,24,0
"cobS",511,495,441,357,584,571,457,478,477,502,518,445,494,472,503,445,477,434,465,554,603,516,492,625
"cobS|cobV",68,45,39,43,71,52,71,53,42,53,59,64,64,70,36,43,38,242,56,52,50,56,68,61
"cobT",445,441,367,334,553,461,496,473,382,502,441,399,410,415,494,366,399,350,440,438,476,403,466,473
"cobU|cobT",284,203,190,207,356,285,351,312,215,284,252,243,253,214,273,238,235,550,318,321,302,367,341,302
"codA",103,70,62,64,100,90,76,97,73,102,61,75,52,63,66,82,55,57,78,65,94,79,60,88
"codA|cdd",68,34,44,24,88,94,75,58,48,66,58,36,50,36,46,41,60,194,66,45,80,51,70,65
"comA",2,2,0,4,10,12,2,18,4,4,2,4,6,4,8,8,2,4,4,2,4,6,5,6
"comEA",13,16,6,6,8,14,10,19,4,6,4,6,12,4,6,8,7,146,6,10,10,6,4,8
"comEB|tadA",63,61,32,35,75,73,52,47,60,53,49,56,69,51,57,41,41,40,60,45,64,43,54,40
"comEC",264,182,120,132,299,235,218,227,157,219,170,132,174,166,164,172,175,883,209,199,196,184,213,253
"comFA",0,2,0,4,4,2,4,4,0,0,2,0,10,2,2,2,0,4,0,0,4,6,4,0
"comFB",2,0,0,0,1,0,8,0,0,0,2,0,3,4,5,2,0,0,0,2,0,0,0,4
"comFC",2,0,2,0,0,8,6,2,0,0,0,2,3,0,0,2,0,0,0,2,0,0,2,4
"comK",2,2,2,0,4,2,8,2,0,0,2,2,2,4,0,2,0,2,0,4,4,0,0,2
"comP",2,6,2,6,4,6,2,6,0,4,4,0,6,6,6,2,2,0,0,0,2,0,2,10
"comR|ycfQ",26,10,14,8,18,21,21,26,14,20,18,18,14,30,24,22,14,214,30,24,30,24,30,18
"copA|ctpA",482,494,351,365,641,546,498,576,524,547,576,438,450,451,506,494,423,1018,479,468,549,490,554,609
"corA|yfjQ",152,112,96,91,143,173,132,144,115,165,133,124,137,89,150,97,103,421,145,146,139,169,138,166
"corC",77,47,48,43,62,64,54,54,64,77,42,47,62,58,42,55,79,311,78,89,96,82,82,74
"cotM",0,0,0,0,7,4,4,0,2,0,0,2,6,6,6,4,0,2,0,0,2,2,4,1
"cotV",2,2,0,2,6,4,0,2,3,2,0,0,2,2,0,6,2,0,0,0,0,4,4,0
"cotW",6,2,4,2,12,12,8,4,8,10,13,0,4,4,4,2,4,0,8,4,4,4,7,0
"cotX",0,0,2,0,14,6,4,2,2,2,0,2,6,6,6,2,0,4,0,0,2,4,0,4
"cotZ",0,0,0,0,2,0,4,0,0,0,2,0,0,4,2,0,0,0,0,0,0,0,2,0
"coxC|ctaE",366,350,303,244,426,370,361,404,326,334,350,283,308,283,317,318,341,581,328,455,386,342,364,440
"coxD|ctaF",0,2,0,0,9,2,4,0,4,4,0,4,2,2,6,2,0,0,6,0,0,2,2,0
"cpaB",4,12,0,8,18,4,10,15,4,16,6,6,4,8,5,4,19,18,10,33,15,14,30,12
"cpaC",78,92,40,45,74,67,70,63,57,65,62,54,40,65,63,85,75,59,63,56,91,95,94,61
"cpaE",104,102,95,53,133,92,111,109,82,117,95,86,107,64,85,72,97,118,114,115,117,116,128,109
"cpaF",770,723,591,559,892,865,739,843,698,813,745,647,727,639,658,642,579,552,694,750,815,670,837,852
"cpdA",56,35,38,53,61,77,42,74,50,73,60,44,55,48,32,63,66,53,44,46,65,63,47,52
"cpo",279,228,195,227,298,309,261,309,247,259,258,226,241,262,301,264,265,817,272,292,307,294,297,310
"cpxB",99,78,62,83,166,122,104,136,104,105,80,75,118,110,104,93,77,92,158,134,120,170,140,138
"crcB",26,20,3,6,19,31,32,26,10,7,14,18,14,23,17,2,11,142,20,14,16,16,16,28
"creB",71,62,43,54,101,48,80,90,55,84,82,56,55,89,82,92,68,292,72,89,81,68,112,77
"creC",103,57,78,68,112,133,108,89,87,115,74,72,87,75,106,75,62,454,121,83,90,95,98,115
"crr",16,12,6,4,14,22,14,21,3,5,3,4,4,4,4,6,8,4,12,10,6,20,11,20
"crtB",61,40,42,42,63,58,79,52,62,58,50,51,37,42,54,36,53,52,62,53,56,58,50,45
"crtI",8,12,4,12,13,4,8,2,2,6,4,10,6,2,2,4,4,4,4,4,16,8,6,6
"crtR",24,28,14,16,48,28,26,16,28,30,30,20,16,27,24,26,21,337,14,36,38,24,38,27
"csbB|gtrB|yfdH",130,81,79,65,132,78,132,102,137,97,126,78,106,96,93,94,80,349,96,90,126,94,128,129
"csbC",8,4,0,0,10,10,10,6,4,4,4,2,4,10,12,4,2,4,2,4,4,0,4,2
"csoR|ricR",99,83,46,55,97,106,90,78,51,50,57,60,79,54,58,61,57,56,87,79,77,96,79,106
"cspA",791,719,613,532,942,750,686,787,660,779,704,625,762,636,671,582,728,933,761,875,861,824,730,828
"csrA|zfiA",18,14,11,12,20,15,30,11,9,15,11,3,18,13,18,16,9,116,24,25,26,25,14,32
"cstA",76,69,38,65,88,76,97,89,80,81,53,67,63,66,61,53,58,50,98,82,94,107,61,123
"ctaA",126,97,84,72,176,151,157,125,125,132,112,126,129,111,105,116,114,459,136,133,144,122,160,129
"ctaB|cyoE",222,160,143,133,242,187,181,198,181,215,159,184,168,138,207,152,200,450,192,204,231,247,247,243
"ctcP|cts4|prnC",9,4,4,13,4,11,4,10,21,10,16,10,8,4,12,8,10,2,10,13,22,10,16,21
"ctrA",596,507,380,382,605,519,451,523,426,497,396,462,422,427,500,496,394,423,476,523,592,435,520,574
"cueR",34,23,25,18,49,24,32,24,30,24,27,35,22,28,24,38,28,177,43,34,31,29,45,50
"curA|yncB",103,105,68,74,122,131,106,144,108,148,133,96,85,120,137,80,95,407,128,123,110,128,151,127
"cusA|silA",84,82,54,52,74,69,88,86,96,103,85,82,62,94,62,46,58,60,107,93,86,76,97,96
"cusB|silB",0,12,2,3,7,6,4,0,2,0,8,4,4,6,14,6,4,0,4,6,4,2,8,2
"cusR|copR|silR",93,57,74,67,101,104,80,108,90,91,93,89,72,73,63,85,83,280,120,100,82,80,90,103
"cusS|copS|silS",212,198,131,124,305,269,227,228,193,233,207,184,224,178,161,191,171,1005,284,242,232,241,212,239
"cutA",16,8,12,14,28,20,12,31,19,22,11,12,10,24,14,14,3,128,4,13,16,14,16,23
"cutC",47,36,46,48,59,61,78,82,62,65,65,71,78,38,68,66,73,296,74,68,66,58,86,78
"cutF|nlpE",16,18,26,12,26,18,30,24,14,33,38,22,15,2,28,26,18,188,40,24,38,20,24,20
"cvpA",40,32,26,16,24,26,34,28,42,28,30,28,38,26,37,18,31,270,46,32,38,36,42,44
"cvrA|nhaP2",132,120,91,88,175,150,134,148,159,131,117,128,116,121,132,92,139,127,158,182,161,163,155,180
"cwlK",38,26,31,20,48,27,35,36,26,51,40,35,44,22,32,32,13,355,38,30,41,32,36,39
"cwlO",79,60,49,47,127,85,73,85,84,55,74,71,41,82,61,72,54,58,98,91,70,100,76,103
"cyaB|gidA",624,565,347,458,813,611,628,639,493,633,557,575,562,489,538,552,425,647,593,565,576,610,569,679
"cycA|cycM",48,33,39,44,68,45,46,58,50,54,36,51,64,42,46,62,55,40,65,56,94,44,46,42
"cycB|ganO",44,46,24,41,70,61,63,70,35,53,68,45,53,59,38,48,40,34,90,35,71,55,66,69
"cydA",295,360,236,262,478,368,373,412,285,386,343,315,328,297,313,323,332,665,387,416,427,330,347,289
"cydB",225,205,174,158,303,235,218,230,182,236,206,167,193,267,181,196,208,478,258,201,283,200,220,323
"cynS",32,27,24,16,19,25,30,36,24,16,41,31,18,29,25,23,33,22,30,36,40,28,32,43
"cynT|can",159,131,85,99,201,168,180,147,144,166,162,105,128,151,147,157,112,396,149,182,183,182,198,198
"cynX|yeaN",66,83,44,57,136,75,78,109,66,77,56,66,88,54,107,62,54,483,72,64,89,86,94,68
"cyp125A",124,125,76,92,162,112,151,132,97,109,89,103,112,106,112,103,89,110,118,140,149,135,105,134
"cysA",327,278,208,290,429,363,303,390,347,353,322,300,316,328,364,295,281,605,392,335,360,361,364,354
"cysB",157,132,91,105,177,124,155,170,130,157,186,145,137,132,151,119,129,346,184,152,161,158,186,172
"cysC",46,37,13,32,42,72,51,45,42,41,27,25,29,27,35,37,33,24,45,35,44,58,54,57
"cysD",573,641,485,481,706,672,609,686,549,550,594,521,572,518,575,502,528,761,642,629,633,645,617,708
"cysE",59,53,34,49,55,56,30,58,47,62,49,34,33,23,44,51,32,48,48,61,45,50,45,48
"cysG",264,257,189,226,410,367,323,367,295,285,276,263,272,268,261,264,234,724,288,279,338,345,360,376
"cysH",144,158,108,131,231,191,153,196,144,160,154,182,200,143,148,188,163,371,204,157,197,192,168,187
"cysI",277,254,195,193,277,306,256,259,267,319,285,224,231,248,233,274,292,854,254,327,382,308,371,380
"cysJ",194,170,175,167,198,238,233,208,184,220,180,174,189,181,203,183,176,1160,245,220,244,201,253,255
"cysK",708,683,550,548,901,811,754,778,710,868,676,661,677,697,724,648,625,1265,714,752,851,862,710,800
"cysK2",19,30,18,28,27,40,22,35,36,28,21,21,22,14,25,36,22,22,36,24,30,34,32,22
"cysM",63,46,46,32,71,73,49,57,74,85,81,53,48,38,53,48,68,58,57,41,62,73,56,52
"cysM2",394,395,283,320,502,464,464,462,380,403,320,332,354,316,360,435,323,314,513,450,397,414,389,473
"cysN",164,141,101,137,230,231,160,241,156,203,177,128,153,137,200,187,125,112,190,176,229,190,194,190
"cysNC",658,567,483,425,799,675,611,602,579,680,562,509,569,545,545,528,546,1180,559,645,717,628,629,719
"cysQ",169,165,103,104,215,157,170,198,104,161,138,154,143,128,137,132,110,365,157,158,154,150,148,157
"cysS",309,276,229,260,424,342,335,378,287,355,237,228,274,299,289,286,339,728,336,369,331,319,384,397
"cysT|cysU",323,239,233,214,332,333,274,317,231,331,305,252,303,284,303,257,224,497,294,315,299,310,313,339
"cysW",215,186,149,135,224,210,179,233,213,222,200,165,160,183,209,128,183,387,184,251,258,215,226,264
"cysZ",60,35,13,19,56,40,32,40,49,24,31,24,19,37,34,17,32,27,46,32,48,32,45,50
"cytR",56,58,41,33,99,71,65,41,56,54,50,57,54,49,46,46,42,61,52,87,68,84,83,88
"cytX",120,118,100,77,141,159,132,141,85,117,90,94,111,101,115,89,122,112,164,141,135,158,157,123
"czcA|cusA|cnrA",172,164,118,160,270,201,226,233,193,231,173,160,199,196,176,191,174,1234,237,262,247,219,253,255
"czcB|cusB|cnrB",28,38,16,42,74,37,50,42,56,19,36,50,48,26,30,40,25,323,48,49,62,50,50,45
"czcC|cusC|cnrC",72,52,34,44,67,71,66,94,48,52,48,49,44,50,58,44,50,359,56,38,50,62,66,80
"czcD|zitB|yrdO",138,173,186,132,235,216,186,203,202,204,181,174,164,168,197,159,175,682,222,187,224,229,210,234
"czcO|noxC|yrdP|trkA|hapE",39,40,22,33,80,46,52,35,37,46,34,31,55,44,42,49,43,36,47,55,35,47,51,50
"dacB",12,26,20,8,26,11,16,24,14,17,15,12,12,8,24,18,8,4,20,18,34,32,16,22
"dacC|dacA|dacD",139,131,93,88,201,145,143,127,107,154,99,111,108,92,153,99,107,444,128,130,105,126,133,142
"dad",52,30,29,21,35,28,33,31,36,56,27,43,35,34,49,38,20,190,54,34,24,44,30,35
"dadA",218,212,148,126,272,222,204,232,227,234,210,196,236,213,218,224,223,528,254,267,265,245,256,274
"dagK",86,77,44,25,76,92,72,82,70,71,60,58,69,75,59,77,50,40,68,72,86,79,62,82
"dalD",14,23,7,14,22,16,12,14,19,16,24,14,20,18,19,16,22,22,14,22,26,27,26,12
"dapA|mosA",470,384,301,319,580,476,437,420,441,481,406,392,417,386,421,447,348,607,501,507,487,464,483,555
"dapF",98,78,63,66,115,88,93,90,95,108,80,77,68,80,67,49,75,339,103,91,118,100,88,139
"dasA",20,29,6,20,19,16,40,26,24,16,20,12,19,12,24,16,28,27,34,24,26,48,36,22
"dasB",56,44,28,57,43,54,71,81,59,60,40,34,53,56,45,38,52,45,82,68,42,55,68,64
"dasC",125,102,74,83,147,140,116,175,117,130,119,113,82,102,124,120,129,97,191,100,150,132,158,151
"dat",39,37,36,16,26,36,46,32,29,48,38,16,30,31,39,32,28,25,46,44,34,27,56,58
"dcaA",13,8,8,4,14,16,10,16,2,10,18,6,14,9,5,13,8,4,14,14,8,21,9,14
"dcd",453,441,401,379,541,461,363,488,422,506,465,408,385,361,382,362,391,575,391,485,544,419,499,532
"dck",2,4,6,1,15,4,12,10,8,18,7,14,4,12,12,12,2,3,10,0,2,4,13,7
"dctA",180,182,125,160,205,178,204,167,189,229,212,174,180,179,199,170,185,667,239,190,259,224,205,223
"dctD",25,32,56,30,50,34,34,38,39,51,38,17,47,35,31,38,38,38,54,26,40,44,44,63
"dctM",206,197,147,144,224,228,178,229,212,260,194,170,237,181,187,192,139,143,189,158,232,184,224,200
"ddc",34,48,20,28,48,43,46,43,49,54,48,39,17,52,36,34,18,12,40,36,38,40,54,40
"ddl",246,248,164,199,288,244,235,247,228,268,228,198,193,201,282,253,234,513,245,284,327,263,256,352
"ddpA|ABC_PE_S",715,677,535,516,944,791,787,811,728,746,789,590,713,724,743,668,697,714,882,813,901,799,814,863
"ddpB|appB",1332,1146,866,908,1505,1286,1269,1332,1045,1353,1036,993,1025,1015,1269,1086,1038,1089,1353,1271,1416,1332,1453,1517
"ddpC|appC",1388,1219,915,1002,1706,1485,1476,1440,1179,1421,1264,1153,1237,1257,1238,1219,1138,1063,1465,1442,1535,1450,1532,1647
"ddpD",763,746,556,546,939,842,783,775,693,752,636,580,707,660,710,674,642,1020,804,886,868,912,808,984
"ddpF",207,198,167,146,287,222,221,245,167,208,192,162,199,186,224,188,204,164,242,204,248,218,234,208
"dedA",88,61,43,34,71,79,97,75,66,87,62,64,51,58,65,87,70,57,94,89,89,92,83,81
"degP|htrA",235,204,147,126,299,209,237,234,224,243,206,174,206,189,224,213,175,576,257,212,270,240,200,233
"degQ|hhoA",168,178,118,128,192,215,163,157,152,193,154,137,170,101,142,135,145,494,168,174,193,157,187,211
"degS",4,6,4,0,12,4,6,6,6,6,5,6,6,2,9,2,4,9,6,4,2,0,6,0
"degU",6,6,2,4,12,14,7,0,12,10,6,4,16,10,10,4,4,7,4,10,2,8,8,12
"dehH",28,13,16,17,16,16,18,36,30,14,14,16,22,11,19,18,12,21,21,24,20,18,10,14
"dehI",87,74,78,56,86,85,75,111,80,92,77,65,76,92,74,99,74,88,125,83,109,125,99,157
"denD",58,48,45,41,76,66,61,78,44,61,59,60,42,68,58,46,56,44,67,58,87,54,59,68
"deoA",475,484,317,391,646,614,443,547,427,488,424,356,437,429,412,454,393,407,495,441,548,433,515,523
"deoB",21,27,25,20,40,28,15,26,28,36,32,12,18,29,29,20,31,24,14,34,36,41,58,30
"deoC",289,306,203,210,364,293,331,344,242,349,284,253,258,273,299,291,237,223,284,351,340,364,361,339
"deoD",8,16,10,8,16,11,14,12,10,10,14,2,20,8,16,6,14,17,16,10,12,10,14,14
"desA",42,41,52,42,33,52,50,34,60,70,58,28,34,58,57,26,26,376,48,57,58,74,63,65
"desC",171,146,112,101,177,154,165,135,144,208,146,115,149,130,150,130,185,502,214,144,186,177,199,181
"dgaE",44,42,48,50,57,52,41,56,42,47,29,42,36,41,36,42,42,25,58,56,50,45,51,43
"dgk",2,0,2,2,7,0,4,6,2,8,0,0,4,8,2,4,6,4,2,2,4,6,2,4
"dgkA",0,2,0,2,6,6,4,4,4,0,4,4,0,0,3,2,0,0,2,2,0,4,8,4
"dgkA|DGK",19,20,12,12,22,10,6,10,17,12,23,15,13,15,12,8,19,138,14,29,20,14,15,19
"dgoA",94,78,52,46,88,86,70,62,74,69,65,76,75,75,77,56,60,249,68,86,98,92,98,99
"dgoD",241,229,199,196,351,303,261,323,216,250,250,229,260,225,256,235,179,480,313,285,260,239,246,268
"dgoK",78,63,35,66,105,65,66,76,68,67,84,62,80,58,62,70,47,285,71,66,80,72,93,80
"dgoT",64,52,44,44,114,59,55,78,53,61,49,51,58,62,66,49,44,45,70,53,62,56,64,78
"dgt",144,137,115,85,152,128,137,125,102,135,127,139,99,110,116,104,110,87,116,161,136,138,145,172
"dhaA",27,26,18,39,37,20,36,30,20,31,23,18,32,26,29,43,24,304,44,24,35,26,20,38
"dhaK_2",10,3,6,6,4,2,2,8,4,0,10,10,2,2,4,2,7,2,14,4,4,6,4,4
"dhaK|dak",194,167,121,147,210,178,186,242,147,218,183,130,193,144,130,151,130,178,233,194,204,194,200,215
"dhaL",25,15,24,16,34,33,31,34,26,30,35,51,22,34,25,32,27,30,41,24,36,51,44,46
"dhaM",6,0,4,0,4,0,0,2,2,8,0,0,4,5,2,6,6,3,10,12,4,4,0,4
"dhbF",22,14,12,4,68,20,32,17,18,16,12,10,30,30,46,18,9,10,34,26,16,26,16,24
"dht|hydA",578,539,353,406,689,576,611,564,454,572,512,396,449,498,537,469,495,427,578,567,573,620,538,644
"dinB",361,372,287,272,504,435,394,405,376,463,390,322,349,356,387,370,362,1081,386,410,490,409,431,478
"disA",413,345,324,319,492,425,407,502,304,357,349,309,354,300,293,334,301,259,380,366,340,390,414,424
"dkgA",48,43,32,64,72,50,67,74,48,54,37,48,62,57,75,38,47,75,62,61,78,62,87,84
"dks",197,178,132,112,232,167,181,206,188,223,189,183,135,153,196,173,142,139,208,184,203,162,201,204
"dld",167,123,80,130,184,164,147,143,145,166,136,125,112,167,110,127,131,106,126,148,155,153,193,163
"dld2",67,49,45,47,116,88,64,84,55,92,42,64,72,66,74,48,50,39,72,84,84,66,70,97
"dltB",0,2,6,6,24,10,9,10,4,16,12,2,12,10,18,10,2,0,6,6,4,2,7,4
"dltC",4,0,0,0,8,4,0,8,2,2,0,0,0,0,0,1,0,0,0,2,0,0,2,0
"dmdB",32,35,27,18,42,19,34,29,24,48,35,55,43,38,53,24,34,31,34,40,37,41,35,42
"dmg_like",169,112,98,117,208,181,131,133,104,123,105,112,106,135,145,112,88,69,129,112,144,129,104,172
"dmpB|xylE",158,96,103,111,215,142,156,152,131,126,140,129,183,141,140,129,112,109,157,181,179,183,170,163
"dmpC|xylG|praB",190,163,143,126,216,242,186,204,163,244,158,175,170,175,172,125,132,545,181,174,255,207,246,235
"dnaA",863,762,551,670,1042,843,849,813,741,887,711,673,724,689,760,658,681,994,803,933,834,832,858,965
"dnaJ",631,525,409,488,809,641,566,631,535,592,589,525,550,499,546,565,565,900,684,662,733,705,650,714
"dnaK",2696,2458,1870,1976,3133,2751,2511,2757,2322,2717,2484,2193,2156,2173,2292,2138,2024,2549,2365,2333,2536,2403,2360,2727
"doeA",12,18,9,4,16,24,14,10,25,11,12,10,24,14,22,15,11,20,22,26,30,31,29,20
"doeB",12,3,12,12,15,18,19,8,16,14,17,4,14,10,20,9,18,8,28,8,24,16,12,20
"doeC",26,19,11,8,30,12,18,14,9,16,13,6,12,22,16,14,21,0,10,18,18,16,12,24
"doeX",10,12,8,6,0,2,6,4,8,2,6,0,6,4,2,8,2,4,6,0,4,4,10,2
"dpe|lre",75,82,48,34,107,71,76,53,71,93,55,51,91,92,70,62,61,65,93,120,86,69,103,104
"dppA",115,104,79,98,171,110,91,120,130,124,76,96,100,101,108,126,126,95,115,148,148,108,128,147
"dppA1",46,27,33,18,42,32,56,43,34,29,39,36,32,30,47,24,25,31,42,46,38,72,43,62
"dppB",224,238,172,150,292,261,206,265,237,256,207,160,270,215,202,190,183,179,236,214,297,227,231,252
"dppB1",10,0,6,0,16,6,14,6,2,4,2,6,12,16,6,8,2,6,4,2,6,10,8,6
"dppC",67,82,34,64,92,77,62,61,62,103,63,77,54,73,101,93,74,53,90,85,71,80,62,73
"dppC1",0,8,0,2,20,14,20,14,2,6,10,4,10,11,10,6,2,2,2,8,6,4,2,14
"dppD",27,8,8,12,16,17,16,4,17,12,12,20,8,16,4,12,22,20,16,22,24,20,30,30
"dppF",62,83,70,58,113,57,85,58,70,89,94,69,99,75,68,69,69,73,86,108,120,75,94,94
"dps|dpsA",72,53,35,39,58,62,54,61,40,63,33,45,48,54,40,40,52,247,61,64,56,86,54,55
"draG",56,40,20,40,55,66,41,36,34,44,48,40,38,31,64,34,30,308,54,59,55,44,51,40
"dsbA",74,62,44,30,101,90,88,68,57,98,77,50,66,77,80,58,52,502,50,83,76,123,80,62
"dsbC",48,53,22,24,26,50,40,40,39,26,49,38,28,46,40,22,37,315,32,56,47,29,56,58
"dsdA",43,51,37,54,91,68,80,82,53,67,58,90,73,69,62,75,60,397,98,78,70,104,78,94
"dut",129,107,82,90,162,144,113,134,115,100,105,97,121,101,114,129,101,234,132,125,106,126,131,148
"dxs",622,612,415,546,790,688,649,699,580,638,617,584,579,561,680,589,596,1064,730,696,647,639,680,750
"ectB|dat",46,53,40,66,79,61,54,66,48,57,40,59,49,48,31,20,69,31,84,85,74,74,69,61
"ectC",6,11,12,12,8,20,6,26,15,2,8,3,21,4,8,5,20,8,12,16,25,12,16,20
"ectD",28,18,14,24,44,38,38,40,22,36,22,48,26,36,18,22,32,27,51,56,45,44,44,57
"eda",124,96,99,69,146,123,95,104,108,109,114,91,91,83,112,88,97,277,95,155,127,102,110,157
"efeB",10,2,4,4,11,2,6,14,5,8,10,4,4,14,6,2,4,12,16,10,5,2,2,12
"efeO",8,12,16,17,18,15,22,14,10,5,13,16,14,13,18,17,8,9,16,21,16,18,19,15
"efeU|FTR|FTH1",16,16,2,14,25,12,11,26,12,14,14,19,12,18,6,9,13,19,30,20,28,24,23,28
"efp",287,264,210,202,289,245,301,268,249,272,252,243,278,263,212,269,259,612,271,338,328,332,343,324
"efrA",149,121,101,100,198,191,154,185,106,142,102,110,119,138,155,115,148,128,171,162,190,192,214,192
"efrB",51,49,31,49,79,50,60,43,34,61,48,59,49,48,53,48,39,40,52,85,64,68,42,75
"elf18|tuf|tufA",2853,2788,2217,2376,3450,2932,2835,3056,2754,3175,2654,2365,2419,2435,2589,2451,2392,2495,2614,2511,2865,2625,2822,2821
"embA",8,10,10,8,28,14,25,24,12,25,14,6,14,10,22,14,10,12,32,16,18,22,24,26
"empB|yjeK",54,57,36,46,76,91,63,66,48,51,70,45,52,48,65,46,42,336,67,60,66,82,73,80
"emrB",518,436,366,328,613,505,480,501,392,560,414,432,412,441,457,407,422,1273,530,582,662,576,688,623
"emrE|qac|mmr|smr",20,30,10,22,44,30,26,24,22,23,22,20,24,20,16,26,23,131,31,35,32,24,22,28
"eno",1004,965,696,745,1312,1017,1061,1147,1019,1175,977,994,934,895,945,948,887,1228,1066,996,1079,1030,1010,1054
"entA|vibA|viuA|vabA|angA|dhbA|cbsA|aebA",38,26,28,36,54,50,60,42,28,40,50,32,50,26,52,34,23,279,40,42,46,35,50,26
"entB|vibB|viuB|vabB|angB|dhbB|basF|cbsB|aebB",34,31,21,24,54,44,34,20,24,44,30,28,32,30,28,25,34,305,34,32,44,22,32,28
"entC|vibC|viuB|angC|vabC|dhbC|basJ|cbsE|aebC",64,50,32,42,82,66,32,60,28,42,34,26,60,31,58,36,36,369,56,38,42,50,47,46
"entD|basI|angD|cbsD|cbsE|aebD",35,36,30,18,38,38,38,36,28,28,36,25,22,36,26,34,26,242,38,30,40,36,42,34
"entE|psmE|dhbE|basE|angE|aebE",88,94,107,67,172,135,129,141,76,101,94,105,97,92,101,120,77,646,131,112,138,119,156,128
"entF|aebF",238,184,139,152,276,250,231,236,143,228,209,180,196,201,187,172,128,1236,198,203,197,254,231,223
"envC",130,104,74,88,163,149,126,154,114,146,115,142,131,139,146,118,87,432,145,103,110,116,103,129
"envZ",123,113,86,103,107,120,107,128,118,129,104,111,136,109,106,99,96,128,103,107,108,107,132,120
"eptA",68,56,52,58,70,82,91,80,51,70,60,64,66,67,72,60,45,487,70,57,87,82,60,65
"ereA_B",2,4,2,9,24,12,10,6,18,4,4,6,18,12,8,6,6,10,12,2,2,6,4,14
"eryF",64,50,38,42,90,48,73,80,56,60,60,57,50,45,82,58,33,51,48,49,78,75,72,98
"eryG",36,36,29,33,30,54,22,40,51,52,46,32,42,31,37,34,50,63,40,37,77,31,58,56
"essB",2,2,0,0,2,5,0,4,0,0,2,2,0,3,6,2,0,0,0,0,2,0,0,0
"essC|eccC|ftsK|spoIIIE",1340,1085,859,871,1559,1356,1234,1340,1031,1294,1115,998,1098,1020,1081,1058,1074,1754,1256,1380,1338,1266,1412,1461
"etk_wzc|epsB",78,68,48,60,107,81,98,84,57,106,79,59,74,78,76,68,36,727,98,78,88,72,106,90
"eutB",119,82,104,77,99,94,94,112,112,154,117,84,87,99,103,73,66,82,110,87,101,93,120,84
"eutM|cchA",174,172,160,145,220,214,207,176,142,209,191,165,176,163,182,153,121,144,171,132,173,156,155,184
"evgS|bvgS",139,117,120,117,204,189,209,189,188,166,169,133,152,163,160,126,114,874,180,152,199,205,175,195
"exaA",20,10,7,6,16,14,10,10,8,15,16,8,10,8,20,12,15,15,16,10,18,30,13,28
"exbB",184,117,99,81,200,189,182,171,187,175,196,156,172,151,112,145,92,626,155,157,165,195,180,211
"exbD",88,61,81,56,143,96,90,96,113,107,86,92,113,94,76,70,82,627,78,101,91,67,85,102
"exoA",16,14,14,21,30,18,12,32,13,20,29,14,16,22,25,19,9,18,32,24,36,38,26,28
"exoF",23,18,10,12,28,16,10,12,16,16,16,8,18,26,2,16,20,14,20,18,18,18,14,16
"exoM",7,8,1,8,6,8,10,16,6,11,0,6,6,14,4,6,2,4,2,12,16,4,4,8
"exoP|vpsO",37,38,22,29,30,40,15,34,18,38,31,29,40,42,18,20,19,35,48,36,38,36,29,32
"exoR",217,197,178,165,287,218,199,223,193,238,207,189,180,159,214,162,149,856,159,232,215,187,254,279
"exoS|chvG",225,235,187,206,321,247,254,220,220,222,263,223,219,224,227,235,221,226,213,273,314,276,310,287
"exoT",8,10,10,12,6,14,2,4,12,12,6,16,4,4,12,6,6,4,14,10,8,18,11,14
"exoV",2,2,0,4,0,0,0,0,0,2,0,4,4,0,2,4,0,2,2,10,0,0,2,6
"exuT",20,10,21,16,24,20,24,15,11,34,23,10,30,20,20,22,13,10,18,24,38,22,22,16
"faaH",126,118,97,100,158,112,117,128,121,176,156,131,112,150,98,96,141,483,169,144,165,149,133,150
"fabB",197,172,132,123,242,185,198,230,175,215,179,164,190,172,188,193,191,564,194,269,233,235,230,217
"fabD|bmyD",176,167,138,134,254,217,185,224,190,182,172,134,175,168,202,148,169,426,210,254,216,197,160,231
"fabF",668,603,546,531,885,683,722,783,609,722,660,573,632,621,646,654,642,939,637,749,805,691,709,735
"fabH",650,663,493,521,916,756,709,794,670,699,616,580,654,627,621,619,539,1371,724,708,819,774,753,881
"fabI",381,358,258,272,402,347,372,324,315,369,354,321,316,324,331,295,268,283,363,390,346,310,407,356
"fabV|ter",120,92,54,51,106,92,92,81,95,86,72,71,76,78,93,87,50,424,112,116,96,86,112,71
"fabZ",74,87,49,67,124,83,69,72,51,65,54,73,81,77,82,69,78,374,94,111,82,87,80,90
"fadA|fadI",1275,1172,885,970,1649,1252,1245,1317,1175,1340,1121,1040,1146,1080,1113,1112,960,1519,1270,1312,1304,1298,1305,1421
"fadB",3,0,0,6,18,14,6,6,2,2,4,2,2,10,6,10,0,2,6,0,0,4,4,6
"fadD",1098,899,689,799,1280,1151,1056,1106,978,1127,971,884,974,941,922,841,856,1807,1071,1016,1109,1083,1086,1205
"fadD3",119,92,87,92,152,120,101,129,107,105,98,92,98,100,129,109,110,108,121,128,117,136,120,155
"fadE",233,215,165,182,321,257,204,216,259,282,220,240,213,170,211,181,259,1074,268,304,304,317,325,300
"fadJ",408,402,298,300,494,457,362,444,332,459,313,342,362,385,362,346,314,1016,389,445,499,439,449,491
"fadN",200,181,145,142,229,225,189,173,209,231,181,159,181,157,186,144,163,892,198,279,263,213,220,203
"fbaA|cbbA",698,624,492,521,886,717,650,693,637,669,675,559,633,631,598,523,568,438,747,725,721,713,613,730
"fbaB|dhnA",114,87,105,76,131,135,117,92,140,174,137,94,95,116,138,124,133,123,143,135,159,137,155,183
"fbp",22,42,55,44,70,46,67,46,36,52,20,47,34,28,48,34,26,43,48,59,45,26,34,54
"fbp|cbbFC",128,147,97,83,155,146,92,118,138,137,178,118,113,114,126,107,116,453,151,186,122,182,179,155
"fcl",86,116,74,90,90,99,107,81,88,92,114,62,62,103,107,83,96,72,94,112,116,97,80,118
"fda",266,251,184,201,334,317,236,247,232,308,234,256,229,234,275,209,267,422,295,249,321,261,310,344
"fdh",65,59,48,60,73,80,68,62,56,63,49,55,66,44,59,89,66,41,57,57,58,47,76,76
"fdhA",68,70,75,73,131,94,97,118,68,87,87,78,100,93,69,93,66,91,110,86,116,111,93,78
"fdhB",34,31,12,18,28,28,23,27,45,33,39,32,21,35,30,12,21,20,20,20,36,39,40,18
"fdhC",68,82,49,39,96,51,52,56,65,61,47,64,42,37,63,38,39,41,84,55,76,64,52,44
"fdoG|fdhF|fdwA",574,560,390,378,814,626,578,535,578,588,521,430,514,533,533,590,503,426,549,603,656,588,595,681
"fdoH|fdsB",458,403,319,366,602,498,428,471,387,531,408,395,432,429,454,444,362,315,451,403,473,372,476,518
"fdoI|fdsG",30,24,24,17,48,14,18,31,31,32,36,16,32,26,18,34,29,29,38,31,47,44,33,28
"fdxA",114,132,85,79,149,119,86,113,155,132,112,107,126,85,118,127,112,259,103,146,128,128,136,158
"fdxB|petF",25,16,11,8,26,12,16,10,14,23,13,13,18,16,8,12,7,17,6,12,4,8,11,12
"fdx|cndB",107,69,63,42,118,80,64,72,70,102,69,73,72,53,67,69,73,59,84,100,88,90,118,88
"feaB",79,77,41,65,117,99,84,125,102,113,70,77,68,74,103,74,65,480,67,85,97,87,116,103
"fecC|htsB",6,6,0,6,15,12,4,5,2,6,2,8,6,4,2,2,0,6,0,0,2,0,2,10
"fecD|htsC",4,2,4,0,26,6,14,12,6,4,2,12,8,7,11,12,6,4,4,8,2,10,4,8
"fecE",2,4,2,6,26,16,8,12,6,2,2,4,12,12,8,10,0,4,6,10,10,14,4,14
"feoA",10,10,4,2,10,8,8,10,10,12,6,6,4,8,14,8,7,88,10,18,10,15,10,8
"feoB",166,150,142,146,162,220,248,184,179,212,179,146,141,163,157,154,153,686,290,153,182,241,245,177
"feuA|yvrC|ABC_FEV_S|fatB",180,170,130,100,230,187,150,195,167,159,153,137,172,168,169,140,176,366,160,169,182,186,165,211
"feuB|feuC|chuU|yfhA|hmuU|ABC_FEV_P|fatC|fatD",149,139,94,95,194,209,178,195,126,151,157,118,127,138,185,125,93,130,180,167,155,164,160,152
"ffh",855,786,587,661,1039,938,840,959,748,893,800,710,769,794,732,782,735,1141,898,927,1030,882,911,1061
"fhs",231,240,139,160,268,242,221,217,208,212,212,188,176,194,195,159,179,173,198,218,235,212,280,232
"fhuB",22,12,18,14,26,16,28,28,12,16,10,28,34,14,18,30,9,16,31,14,22,24,28,17
"fhuC",64,56,46,68,107,104,79,62,67,74,99,50,69,50,62,88,57,43,86,84,66,85,77,79
"fimC",24,12,8,18,13,12,6,20,4,22,16,12,26,12,18,20,9,264,29,24,20,35,24,28
"fimD|fimC|mrkC|htrE|cssD",96,76,60,52,104,98,94,84,61,74,67,64,73,82,76,60,50,738,74,78,97,74,106,120
"fimT",16,12,12,20,26,20,18,8,18,16,8,14,10,12,12,21,4,141,30,24,22,25,15,14
"fimX",90,68,50,63,131,106,81,103,87,100,81,76,72,91,123,122,104,659,114,100,113,121,125,119
"fis",24,33,14,24,58,42,46,50,31,50,29,36,25,28,43,37,32,148,36,45,38,36,44,39
"fiu|bfrD",74,86,47,76,136,118,81,92,96,80,99,85,85,70,86,70,66,812,129,72,135,137,86,123
"fixA|etfB",477,466,345,374,628,557,546,550,543,599,490,489,502,480,528,436,494,654,579,565,627,583,558,587
"fixB|etfA",665,564,462,510,887,774,698,714,599,741,637,584,681,667,632,620,601,817,734,722,792,775,771,789
"fixJ",56,47,27,54,74,50,40,55,47,46,51,46,64,30,64,40,44,228,55,37,50,58,70,62
"fixK",30,21,0,15,32,28,13,14,14,21,18,23,20,25,30,26,18,23,26,18,27,24,38,24
"fixN|ccoN",175,165,140,144,187,145,153,157,175,181,190,141,165,150,155,142,146,154,177,152,180,162,173,169
"flaF",12,8,2,8,4,8,2,6,4,4,4,2,6,4,7,6,6,4,6,0,8,12,2,8
"flgB",9,12,8,0,3,10,6,4,9,12,6,4,2,8,4,2,6,5,4,10,14,4,6,6
"flgC",41,62,35,18,56,62,37,36,64,67,61,49,46,87,45,55,42,53,70,42,48,66,47,42
"flgE",4,6,4,6,2,7,6,8,9,7,5,4,6,6,8,18,8,2,6,0,4,14,8,4
"flgF",8,10,4,8,10,2,14,12,14,6,8,4,10,10,6,8,4,16,6,10,17,8,15,10
"flgG",48,39,31,33,52,42,35,39,49,46,49,27,36,38,39,36,45,37,43,64,54,59,43,58
"flgI",112,117,79,76,115,126,81,110,74,126,86,87,94,83,105,70,110,93,99,111,148,124,79,132
"flgJ",18,20,20,14,14,10,10,12,16,16,8,24,23,8,10,12,3,4,10,9,12,6,13,18
"flgK",2,2,0,2,4,6,6,4,2,0,0,2,4,2,9,4,2,0,2,0,4,0,2,2
"flgM",0,2,0,2,2,2,6,2,0,4,6,0,4,5,1,0,2,0,0,2,0,0,2,4
"flhA|lfhA|fhiA|rhcV",277,249,200,184,328,269,209,265,190,263,225,215,217,204,242,218,240,169,270,247,287,299,280,253
"flhB",45,33,30,42,40,45,50,32,35,38,42,50,62,30,53,44,24,47,43,50,25,29,45,44
"flhC",24,6,19,9,24,16,22,18,37,46,28,28,24,36,25,14,30,12,30,16,17,27,26,20
"fliA|sigD|whiG",103,74,71,71,141,100,109,113,80,94,83,90,67,76,96,95,69,79,112,88,82,121,90,105
"fliC|laf1|lafA|fla1|hag",37,71,29,62,72,45,50,48,63,62,55,42,40,65,59,48,44,55,76,51,85,81,88,60
"fliD|flaB",2,2,2,2,10,2,6,2,0,2,0,0,6,4,4,2,0,0,0,2,0,0,2,0
"fliF",80,69,54,59,99,113,96,84,69,68,45,57,72,65,66,57,67,62,74,99,96,84,111,114
"fliG",28,22,14,22,44,26,26,34,22,31,14,16,12,26,17,12,20,28,32,32,22,23,34,20
"fliH",2,8,2,2,19,6,10,4,10,8,8,4,8,2,6,2,2,10,2,4,2,0,2,3
"fliI|lgiI",17,22,20,14,28,28,22,20,12,20,22,22,19,20,22,10,24,22,24,14,24,16,24,22
"fliM",56,83,42,74,110,50,87,60,68,64,58,53,74,64,86,40,62,64,60,93,110,90,106,78
"fliN|lfiN|fliNY|cheC|cheD",4,2,4,4,6,7,4,2,2,2,6,8,4,10,4,0,1,6,8,4,4,2,16,4
"fliP|rhcR",165,127,153,120,178,178,183,152,174,190,133,100,145,131,149,148,152,127,199,159,183,168,190,170
"fliQ|lfiQ",14,6,2,6,10,4,6,0,2,7,5,6,6,3,6,2,6,3,6,10,12,4,4,2
"fliY|tcyA|yckK",20,12,22,16,20,25,23,12,13,14,18,16,20,24,12,21,11,26,20,24,32,8,32,18
"flp|pilA",25,17,16,22,36,22,16,26,31,35,18,27,20,17,24,18,16,13,28,14,23,36,23,14
"flrC|fleR",151,191,117,124,223,197,185,202,195,234,173,169,139,146,168,167,161,163,160,163,210,131,191,153
"fmdA|amiE|amiF",68,84,54,28,82,36,58,48,54,56,40,38,47,31,45,57,81,65,91,60,95,92,100,52
"fmnA|ecfT",18,22,8,8,27,26,20,18,25,10,18,22,14,14,16,8,10,3,16,18,16,16,20,21
"fmt",155,151,107,86,188,152,170,121,157,175,133,162,130,114,100,114,132,384,156,119,157,160,146,157
"folA",47,49,36,38,56,66,39,41,39,53,40,41,43,48,39,33,47,213,54,62,56,49,71,62
"folB",31,17,17,21,52,31,38,43,38,30,14,30,23,34,27,42,35,146,38,24,28,47,54,55
"folC",297,267,199,205,351,361,344,364,305,323,309,264,227,317,298,270,286,600,372,316,358,364,333,332
"folD",598,510,441,396,784,610,554,651,515,673,586,478,513,547,580,538,484,657,594,629,589,596,623,669
"folE",204,194,176,147,263,232,176,270,198,223,245,202,204,199,228,191,180,358,229,225,230,214,251,210
"folE2",44,56,35,36,104,66,57,31,84,65,57,69,54,60,42,44,45,322,56,71,51,78,52,64
"folK",32,34,20,29,54,48,36,38,36,42,42,30,29,36,26,22,31,195,35,44,36,41,32,44
"folP",129,120,117,146,205,198,205,171,128,177,114,142,128,137,122,175,151,383,153,165,190,157,163,181
"foxA|coxA|ctaD",1395,1221,1008,1054,1615,1519,1369,1356,1385,1620,1242,1082,1180,1182,1406,1261,1217,1544,1763,1557,1504,1682,1728,1525
"foxB|coxB|ctaC",181,177,139,176,266,204,209,234,205,238,183,193,217,217,212,213,211,446,248,223,213,272,260,268
"fpr",333,328,264,274,424,380,380,375,309,404,375,321,354,303,313,305,342,577,444,437,454,430,438,459
"frcA",162,124,97,125,176,158,129,176,130,121,134,133,127,137,127,103,151,139,114,154,188,140,187,179
"frcB",64,60,39,49,61,72,46,48,58,70,52,35,48,31,60,56,59,69,68,66,103,64,84,82
"frc|yfdW",289,281,226,245,340,338,263,310,295,351,255,234,239,260,231,242,285,250,321,280,345,257,270,337
"frdA",44,56,32,54,43,76,56,53,51,69,47,35,58,44,52,46,43,50,49,46,54,39,50,47
"frlD",2,4,4,0,4,4,4,0,0,0,0,0,6,2,4,6,2,2,2,2,2,2,2,4
"frmA|ADH5|adhC",835,669,551,640,1050,791,702,812,793,933,702,674,657,711,757,769,663,1033,811,855,964,851,833,867
"frmB|fghA",109,106,60,85,133,101,87,96,53,106,70,86,88,94,121,71,71,346,93,99,133,108,107,115
"fruA",92,49,76,82,149,110,106,93,73,99,64,88,105,76,89,72,72,76,120,92,104,68,84,110
"fruK|fpk",51,41,23,38,77,61,58,69,59,49,47,53,46,42,56,55,59,47,69,53,66,54,91,93
"fruR1",35,34,26,26,48,48,44,41,35,39,42,31,35,36,24,22,32,25,18,29,32,36,42,59
"fruR2",89,40,28,35,65,89,62,61,67,62,57,56,38,51,66,46,59,34,72,55,71,110,76,80
"fructose_1|6_bisphosphate_aldolase|phosphatase_EC_4_1_2_13|3_1_3_11",24,19,10,20,30,22,18,12,18,29,26,14,14,16,12,18,20,12,26,22,24,20,26,18
"ftcR",12,7,16,14,6,22,14,10,10,10,4,8,9,2,12,12,9,35,8,28,14,11,20,4
"ftsI",399,312,265,316,489,373,384,382,308,370,362,337,364,338,346,356,331,915,390,407,418,420,427,435
"ftsW|spoVE",289,246,189,210,389,299,301,337,285,296,242,242,315,259,268,220,185,558,330,299,295,316,333,377
"ftsY",680,651,503,528,863,733,727,807,616,768,634,538,737,707,658,602,570,910,742,759,766,763,786,831
"ftsZ",980,1001,757,813,1348,1015,1022,1056,889,1070,929,860,853,837,901,867,875,1251,967,1019,1040,975,1045,1130
"fucA",176,132,90,132,204,186,157,169,140,170,125,144,119,140,144,129,137,1220,158,146,190,166,190,182
"fucD",247,212,171,184,349,325,249,325,222,305,221,176,166,192,209,200,249,260,317,295,321,258,322,297
"fucP|MFS_transporter|FHS_family|L_fucose_permease",96,71,76,93,122,113,104,114,100,113,126,94,103,93,72,92,75,893,120,132,124,115,104,111
"fucU",37,52,29,30,69,31,41,54,31,62,50,36,58,42,40,57,33,38,59,56,46,52,60,83
"fumA|fumB",641,608,482,555,769,652,687,697,648,641,559,533,524,554,523,481,516,662,597,682,694,693,664,773
"fumB",11,10,8,3,16,8,18,16,10,12,12,4,23,6,8,13,13,6,14,12,14,9,8,16
"fumC",573,503,391,389,673,596,586,543,558,553,504,522,534,482,507,493,531,929,559,613,662,590,714,660
"fur|furB|zur",171,141,112,133,187,137,108,153,134,180,144,141,123,127,145,117,107,287,150,165,156,183,164,180
"fwdA|fmdA",26,60,20,44,73,58,37,42,48,52,54,46,38,50,35,24,41,40,70,27,47,73,58,42
"gabD",527,584,397,409,723,701,642,670,537,655,499,453,515,490,455,484,477,461,600,600,672,626,667,776
"gabP",73,41,30,32,79,41,57,69,41,42,49,46,38,44,47,50,41,36,49,28,69,58,54,65
"gabT",413,393,266,290,477,435,440,453,347,421,341,348,350,360,372,347,332,334,424,458,442,464,457,562
"gacA|uvrY|varA",80,59,65,48,114,78,78,103,56,75,63,55,67,69,68,52,49,628,91,89,85,85,105,101
"gadC",103,101,96,81,137,97,136,139,78,133,110,78,89,95,104,94,76,83,102,123,116,129,100,101
"gal",41,54,47,22,74,48,52,41,71,59,56,43,25,40,60,38,37,42,32,51,51,63,46,59
"galB",47,68,28,27,40,52,39,56,44,30,38,55,46,56,23,26,61,38,66,47,71,60,44,59
"galK",40,28,27,16,63,47,38,38,35,27,26,45,36,28,24,36,29,28,24,52,56,42,57,47
"galM",47,67,56,39,108,100,88,80,52,51,52,64,41,80,84,73,40,66,69,74,49,60,63,73
"galT",61,52,47,48,89,53,69,75,34,46,37,31,51,36,42,69,68,53,72,82,68,105,83,60
"gapA",939,945,740,736,1145,1014,959,1080,992,1160,1016,945,879,836,895,879,736,1055,943,985,1073,963,958,1075
"gapN",15,29,10,25,48,33,32,34,24,26,32,19,32,32,36,32,34,21,46,28,27,36,45,48
"garD",79,55,47,35,99,77,78,49,76,86,106,74,95,104,95,76,54,43,70,53,72,84,93,92
"garK|glxK",55,39,45,35,95,41,34,61,31,42,34,50,40,44,46,30,37,46,53,48,56,46,52,58
"garR|glxR",112,103,77,72,172,134,120,144,87,77,108,83,84,95,92,103,78,65,117,88,119,119,121,144
"gatB|yqeY",85,91,46,85,165,67,73,83,81,112,75,76,80,76,72,64,81,217,101,101,92,127,128,123
"gatC|sgcc",40,44,22,32,56,56,40,46,48,35,44,43,36,30,34,34,33,32,46,54,54,50,36,56
"gatD",46,53,36,42,63,51,19,51,51,70,30,53,42,33,49,39,42,40,60,78,80,51,57,64
"gatZ_kbaZ",46,34,18,22,78,70,66,54,48,46,34,47,40,38,46,34,56,422,60,62,46,54,72,56
"gbcA",135,127,101,103,145,142,143,134,76,117,105,104,120,95,118,109,111,138,160,132,131,172,139,144
"gbcB",15,14,16,12,10,14,16,22,12,16,16,24,26,18,9,8,27,20,6,21,21,22,20,12
"gbsB",60,59,28,42,76,74,47,69,58,50,57,38,38,37,43,46,29,21,41,56,42,38,38,54
"gbuA",45,48,29,43,63,57,60,34,57,49,30,52,52,26,39,44,28,46,46,40,57,41,34,53
"gbuA|proV",120,88,61,75,145,88,106,100,81,115,75,71,75,82,85,78,74,78,98,106,97,113,99,114
"gbuB|proW",109,76,76,73,89,94,67,80,63,87,73,81,64,99,98,66,64,112,72,135,140,121,115,134
"gbuC|proX",73,81,46,45,103,78,78,86,71,77,77,42,72,74,89,62,85,85,110,95,99,102,87,115
"gci",50,41,34,42,50,48,54,50,42,39,42,36,57,33,46,41,48,33,77,51,58,57,49,44
"gck|gckA",168,154,104,126,141,177,126,145,145,171,141,102,129,99,141,172,127,106,146,126,164,156,143,163
"gcpE|ispG",1163,1153,844,970,1693,1375,1193,1355,1107,1200,1022,1012,991,1055,1126,1024,1013,1314,1205,1274,1271,1156,1208,1404
"gcrA",14,15,12,9,17,26,0,24,15,10,18,6,6,12,11,8,8,18,12,12,10,12,8,21
"gctA",121,109,73,55,133,105,95,116,81,124,90,91,78,85,88,81,74,73,88,102,90,111,97,122
"gctB",120,122,101,98,141,135,133,133,127,133,121,88,115,104,124,98,143,91,125,108,124,151,115,117
"gcvA",402,315,274,263,518,436,404,402,356,421,371,314,380,377,397,318,285,1978,387,399,432,393,419,427
"gcvP",935,764,545,643,1110,873,854,915,921,952,838,731,789,760,910,750,784,1662,1012,964,1027,986,975,987
"gcvPA",34,53,45,31,88,65,62,62,37,63,65,42,54,54,51,50,47,51,42,65,49,59,55,62
"gcvPB",77,35,48,57,117,96,108,75,50,54,47,66,80,84,93,64,64,49,78,71,67,62,69,51
"gcvR",30,68,45,30,60,50,30,61,33,60,46,46,58,61,56,47,77,245,75,54,68,68,77,82
"gcvT",231,214,147,161,275,251,248,295,162,282,212,179,200,204,220,202,183,557,302,231,240,319,284,285
"gdhA",35,46,23,21,64,70,53,62,50,34,41,35,51,38,30,31,30,36,39,52,60,49,42,63
"gdhB",604,524,451,473,834,756,674,688,597,725,520,525,576,485,584,585,571,2073,630,759,764,720,687,833
"gdh|ycdF",4,2,2,0,2,6,8,0,2,0,4,0,4,4,6,2,0,2,6,0,4,4,0,4
"gerAB",2,0,4,2,15,8,2,4,0,6,2,2,6,5,8,2,0,0,6,0,2,4,6,4
"gerAC",0,0,2,4,14,1,6,0,0,6,2,0,6,12,12,5,2,8,4,0,4,4,4,2
"gerKA",2,2,0,6,20,4,6,2,2,8,6,2,14,12,4,4,2,0,4,2,2,4,4,6
"ggt",496,423,336,378,607,574,491,521,453,565,482,513,465,493,472,465,488,1446,551,543,598,603,588,621
"gguA|ABC_GGU_A",105,72,68,80,133,89,103,133,80,112,92,74,61,89,91,73,119,80,145,108,141,116,102,147
"gguB|ABC_GGU_P",192,177,158,148,240,190,180,213,212,210,196,165,181,133,196,201,167,139,207,208,222,226,271,241
"ghrA",79,79,50,68,116,87,100,79,74,80,82,67,78,82,83,70,86,73,89,106,81,101,105,135
"ghrB",68,72,40,48,76,88,101,78,83,78,76,56,47,60,74,57,57,258,79,58,82,74,73,89
"glf",114,131,108,123,154,166,136,144,119,97,102,124,124,123,109,110,107,112,139,160,149,125,132,154
"glft2",1,2,0,0,0,2,2,0,0,2,0,2,0,1,2,0,0,0,0,2,0,0,0,0
"glgA",123,150,116,123,197,190,128,149,159,144,134,135,146,129,163,124,99,99,169,136,177,156,185,161
"glgC",641,529,432,501,831,708,656,638,624,643,577,503,584,530,548,562,510,489,661,701,571,576,572,659
"glgE",44,45,35,49,76,57,49,61,40,43,45,42,51,50,41,43,40,52,58,48,70,72,65,97
"glgM",116,147,102,112,200,141,152,150,131,127,113,129,115,94,106,130,95,94,132,138,152,128,118,133
"glgP",319,296,196,206,447,350,302,350,334,327,292,231,268,278,305,266,244,279,303,434,386,318,328,369
"glgX",30,25,32,29,66,43,45,35,42,48,52,39,38,29,33,42,28,42,52,54,42,47,69,54
"glk",220,231,134,147,302,263,227,222,217,213,209,184,176,168,196,187,144,1097,220,265,251,198,260,291
"glmM",533,506,366,364,601,537,522,551,529,541,529,441,454,455,475,428,469,837,478,474,547,497,569,525
"glmS|nodM",1260,1174,964,986,1575,1425,1350,1484,1207,1425,1253,1108,1190,1084,1292,1121,1121,1981,1482,1437,1372,1417,1446,1370
"glmU",160,190,141,134,254,190,209,238,176,218,195,165,199,160,220,182,145,548,228,179,242,239,272,229
"glnA",3161,2961,2407,2500,3877,3223,2955,3052,2835,3332,2972,2623,2770,2678,2800,2657,2780,2896,3258,3229,3404,3088,3304,3547
"glnB|glnY",590,609,422,468,788,674,560,686,610,640,574,600,527,553,617,573,480,634,626,639,706,625,682,658
"glnD",365,331,250,278,474,386,351,385,370,439,334,291,342,308,362,308,314,1009,402,416,412,440,443,414
"glnE",234,227,208,190,342,245,306,262,251,341,231,214,253,279,249,211,217,1030,228,284,321,249,273,323
"glnK|glnZ",429,350,280,294,481,391,389,384,382,411,381,362,373,336,366,316,330,438,370,367,440,374,432,400
"glnP",69,62,36,52,46,57,61,52,30,71,57,52,47,42,58,31,46,52,60,52,80,62,62,76
"gloA|ywbC",130,97,77,90,114,119,91,139,84,130,68,80,75,94,95,67,85,287,108,111,108,113,121,118
"gloB|gloC",191,161,146,141,270,210,181,240,166,199,157,168,158,162,199,157,165,387,218,185,208,232,247,247
"glpA|glpD",654,626,484,547,826,733,654,750,554,668,585,592,618,568,602,600,571,1060,756,717,760,733,765,853
"glpF|pduF",54,59,53,42,113,59,73,65,75,86,62,60,109,76,61,65,62,256,108,64,127,103,105,104
"glpK",459,411,326,367,578,491,420,555,424,459,376,382,331,383,383,391,395,889,478,522,478,488,511,562
"glpP",163,159,109,111,240,170,154,148,185,185,174,125,162,138,182,132,197,160,145,193,197,172,241,198
"glpQ",337,253,189,241,402,306,243,266,356,426,311,259,315,292,356,304,286,253,298,311,369,343,378,344
"glpQ|ugpQ",233,268,189,218,351,328,290,306,224,297,235,220,225,248,235,216,225,596,326,290,276,321,334,335
"glpR",62,47,36,32,94,94,55,79,49,65,79,52,59,52,63,45,81,80,87,127,81,95,106,94
"glpS",153,115,106,81,154,164,129,149,121,143,98,111,107,134,151,111,127,145,146,151,221,177,164,189
"glpT",141,151,97,124,187,151,106,139,155,129,125,121,114,125,115,121,142,111,137,185,133,151,171,143
"glpV",338,259,161,175,306,308,214,267,288,316,281,208,258,314,286,253,269,274,266,369,326,283,354,358
"glpX2",143,86,75,82,125,102,110,113,87,99,97,80,85,86,94,92,71,84,75,83,99,78,121,101
"glpX|cbbF",333,337,241,241,493,388,383,412,330,326,300,332,262,267,288,289,275,268,356,334,346,378,369,379
"glsA",144,159,131,114,224,175,158,148,155,175,189,141,155,165,152,153,161,425,207,159,172,203,193,204
"gltB",2096,1789,1459,1544,2603,2141,2100,2255,1831,2027,1839,1707,1787,1829,1890,1802,1873,2917,2071,2176,2266,2053,2240,2287
"gltD",550,480,429,421,643,604,562,569,422,613,467,438,459,489,478,426,410,756,508,540,549,578,566,596
"gltI|aatJ",18,21,18,26,38,22,24,24,22,34,26,10,24,34,27,21,24,15,23,25,31,32,48,32
"gltJ|aatQ",24,14,16,24,28,29,18,12,27,47,19,23,17,26,38,19,23,32,21,16,24,30,34,28
"gltP|gltT",10,4,6,2,18,12,18,14,6,10,2,10,14,11,10,15,6,2,8,4,6,12,2,8
"gltX",186,153,108,134,208,184,140,167,163,192,170,182,140,137,166,169,168,565,193,192,227,210,207,202
"gluA",250,227,205,160,241,261,225,219,178,203,214,188,171,158,195,180,169,171,213,225,239,270,214,260
"gluC",55,56,50,68,60,57,63,82,53,74,46,52,57,54,59,48,56,40,83,79,72,73,67,91
"gluD",10,14,12,14,24,23,18,28,14,20,12,16,12,9,9,16,4,18,20,18,14,20,13,18
"glucoamylase_like",40,16,10,26,24,22,26,32,21,30,30,22,22,28,32,30,28,27,26,41,48,45,37,47
"glvC|malP|aglA",2,12,0,10,34,10,14,8,14,12,8,10,16,28,18,12,6,6,4,12,10,4,16,8
"glyA",1322,1128,914,894,1610,1513,1321,1326,1292,1315,1185,1104,1248,1118,1217,1128,1138,1371,1369,1392,1383,1371,1398,1451
"gmd",219,172,133,121,251,164,184,191,181,182,181,178,135,169,187,165,161,119,184,180,159,217,186,217
"gmhA|lpcA",44,31,32,21,73,56,43,55,61,75,55,40,53,45,62,53,43,32,66,30,59,56,41,78
"gmhB|mpg|gmpP|glmM|hddC|manB",197,158,111,135,203,182,174,185,146,138,145,175,149,127,127,112,121,129,214,172,170,200,196,198
"gmhB|yaeD",14,9,14,17,23,28,22,26,13,13,27,18,10,22,16,11,29,21,10,20,10,16,24,14
"gmhD|hldD|rfaD",40,22,14,13,28,24,22,34,21,18,21,19,12,14,20,16,14,10,24,18,49,30,25,29
"gmk",149,124,89,100,172,158,153,150,132,196,150,143,131,134,144,141,134,333,193,197,227,163,219,183
"gnd|gntZ",832,726,569,679,1020,904,886,882,816,878,757,737,720,723,722,737,722,869,1020,920,890,874,981,1039
"gnl",46,33,30,24,58,52,50,32,48,46,49,26,61,33,41,44,33,36,64,38,66,35,49,40
"gntK|idnK",2,4,2,2,6,0,2,8,4,4,9,2,4,2,4,4,4,0,0,6,7,4,2,2
"gor",154,97,84,92,196,151,128,142,102,120,130,92,128,122,151,138,102,562,155,174,156,169,157,151
"gpgS",41,28,21,39,38,30,47,22,37,32,26,40,29,34,30,30,19,19,37,22,42,27,45,22
"gph",88,71,54,55,106,66,80,80,55,92,78,63,72,76,77,84,43,268,93,58,75,72,87,77
"gpmA",251,229,173,182,296,257,234,308,220,223,237,213,239,212,240,183,236,216,300,271,281,289,309,267
"gpmB",11,8,16,8,10,8,9,16,3,12,10,12,4,6,8,16,9,9,10,8,4,14,10,8
"gpmI",112,100,64,78,127,104,106,113,129,127,118,102,122,106,102,91,72,548,133,143,147,154,121,142
"gpsA",335,287,247,266,403,351,329,355,307,392,290,287,299,310,276,314,258,547,368,327,350,366,382,420
"gpt",77,38,29,22,56,42,42,44,46,60,47,54,32,73,48,47,35,45,62,41,58,58,65,50
"graA",18,12,14,18,28,18,12,14,14,20,30,12,12,26,12,14,19,8,10,30,34,30,28,34
"graF",20,15,10,10,10,8,13,0,18,10,16,9,6,6,10,20,4,14,10,15,12,18,16,15
"greA",170,207,146,146,207,194,244,206,200,253,188,186,149,179,209,153,160,358,214,205,224,205,245,218
"griH",6,3,0,2,0,2,11,10,2,7,0,0,4,2,6,2,7,6,10,6,14,8,6,8
"groEL|mopA",2860,2710,2109,2178,3461,2814,2896,2837,2719,3151,2784,2587,2364,2507,2747,2555,2372,2644,2721,2596,2780,2603,2638,3002
"groES|mopB",695,608,506,488,822,710,697,743,561,630,648,563,572,578,676,557,488,631,683,625,704,615,592,726
"grpE",101,83,56,63,117,96,82,109,73,88,61,56,77,58,95,70,79,228,85,77,100,104,85,90
"grxC",32,47,18,21,46,37,31,33,37,29,24,34,49,39,50,40,23,286,50,48,31,34,36,30
"grxD",168,162,139,120,249,191,165,203,185,194,166,177,197,154,150,159,153,594,165,181,179,200,250,187
"gshA|ybdK",207,197,152,184,260,191,201,260,224,270,243,209,202,146,204,230,192,935,221,209,213,229,221,238
"gshB",186,155,140,149,291,202,206,191,153,202,174,135,230,161,221,176,221,472,211,187,242,214,228,218
"gsiB",8,16,6,2,3,4,2,2,0,6,6,2,4,0,6,0,3,13,4,6,4,10,15,6
"gsiC",101,132,85,91,168,123,121,152,97,115,123,128,96,104,104,94,97,78,103,128,159,109,150,142
"gsiD",21,9,12,12,22,14,14,26,14,23,16,12,17,16,16,17,14,12,16,19,28,18,12,32
"gspA",26,25,16,12,20,31,14,22,33,8,21,42,32,31,18,22,17,14,30,26,30,22,24,24
"gspD|epsD",103,78,70,93,147,117,131,155,110,127,115,68,104,100,94,112,104,732,138,177,116,125,113,146
"gspE|epsE",292,258,218,234,451,414,290,314,371,405,365,276,348,322,298,343,306,833,339,377,379,364,383,363
"gspF|epsF",58,50,49,46,103,50,55,90,54,61,47,58,62,71,56,47,57,410,68,65,78,75,55,82
"gspG|epsG",108,91,63,52,107,109,97,111,120,109,117,88,131,102,113,92,84,198,111,105,121,111,104,123
"gspH|xcpU|epsH",24,14,20,28,36,14,40,43,16,37,26,21,30,30,24,30,20,177,36,27,40,28,27,40
"gspI|epsI",34,31,12,28,64,48,31,34,15,26,31,18,42,22,24,34,38,201,32,24,42,30,42,35
"gspJ|epsJ",30,36,16,10,54,28,20,44,23,33,24,16,32,24,36,28,31,236,32,30,24,27,34,27
"gspK",54,41,30,33,44,32,32,44,36,42,33,20,30,26,30,39,22,32,38,28,46,38,38,50
"gspK|epsK",14,44,34,38,57,42,61,42,34,50,30,36,43,34,48,32,36,359,36,36,72,40,60,80
"gspL|epsL",86,86,62,89,130,90,122,102,64,114,78,61,66,70,100,84,68,386,104,88,128,89,97,115
"gspM|epsM",22,18,18,22,32,34,36,36,27,22,22,24,26,28,16,28,23,246,40,8,34,26,22,25
"gspN|epsN",34,17,30,22,46,40,36,54,40,56,34,28,36,20,32,21,24,231,40,27,44,36,44,32
"gst",761,717,554,531,884,779,711,768,664,774,633,646,692,667,726,645,602,2973,820,779,865,751,824,760
"gtaB|UGP2|galU|galF",280,271,185,214,325,259,302,307,256,265,237,220,293,277,307,226,255,467,278,310,335,280,307,300
"gtaC",99,89,60,46,120,89,103,108,89,74,78,78,55,60,71,76,93,54,86,82,57,102,98,93
"gtsA|glcE",181,168,88,118,222,193,135,188,166,163,140,117,147,152,155,155,147,149,157,202,248,194,196,220
"gtsB|glcF",218,179,150,119,223,212,188,199,191,248,170,152,191,152,197,169,170,189,227,249,272,244,199,285
"gtsC|glcG",237,198,204,140,316,243,215,225,199,265,273,226,218,210,199,224,193,211,225,278,309,255,266,283
"guaA",1705,1648,1167,1264,2118,1737,1696,1849,1563,1886,1553,1319,1466,1472,1558,1310,1418,2296,1659,1659,1821,1700,1732,1822
"guaB",1639,1634,1328,1204,2340,1855,1917,2031,1492,1799,1554,1462,1516,1616,1717,1552,1469,1709,1778,1936,1845,1730,1840,2031
"guaC",20,6,6,16,8,12,12,15,26,17,12,19,25,24,21,12,2,7,14,16,4,16,20,16
"guaD",93,85,66,56,101,68,74,96,68,100,78,62,66,64,87,98,88,59,100,117,98,93,75,89
"gudB|rocG",0,0,0,0,0,0,4,0,0,2,0,0,0,0,2,0,0,0,0,0,0,0,0,0
"gudD",126,116,115,112,194,188,192,177,126,114,144,100,132,129,137,132,104,126,170,137,168,170,165,167
"gudP",2,2,2,2,16,10,2,8,2,8,3,2,4,12,6,8,6,4,4,6,4,12,10,6
"gutB",189,189,142,173,255,195,209,214,172,190,161,168,166,174,194,212,174,115,210,166,216,212,201,238
"gvpA",41,52,33,59,54,46,42,49,42,48,40,39,42,52,36,28,44,32,49,45,44,45,50,41
"gyaR",407,403,267,309,428,397,324,341,320,361,386,355,349,287,344,325,300,265,337,330,439,361,419,426
"hasD|prtD|",281,276,201,181,344,300,315,295,262,289,248,176,238,291,304,256,212,219,275,236,255,281,291,367
"hasE|prtE",82,90,61,68,94,68,75,105,78,91,61,71,82,52,82,94,64,47,96,94,110,83,70,115
"hcaC",16,18,14,28,28,28,23,12,14,34,27,23,17,22,28,22,14,184,26,52,47,30,37,27
"hcaD|cndC1",55,78,58,32,91,86,68,64,62,76,64,72,75,65,48,58,76,56,91,69,97,76,71,74
"hcaT",152,135,94,126,192,180,124,191,137,143,136,133,130,141,153,129,140,1179,141,179,184,175,138,176
"hcp",23,4,14,4,16,14,13,14,8,17,14,10,6,10,7,8,21,10,10,15,19,22,26,20
"hcxA|ybdH",2,6,4,0,12,12,10,4,4,2,0,8,14,16,10,6,0,2,0,0,4,8,12,4
"hddA",0,0,2,2,2,2,2,0,0,0,0,0,2,0,0,0,0,1,0,0,0,0,0,0
"hdfR",18,18,2,6,14,6,14,14,18,5,8,11,10,12,10,10,11,10,12,20,18,18,16,12
"hdhA",49,54,38,30,76,52,51,68,38,40,45,48,60,36,50,57,38,48,32,67,69,46,50,60
"hemA",89,87,70,49,133,141,103,134,100,98,93,102,131,68,84,111,88,506,119,103,88,111,129,111
"hemA2",108,128,93,73,174,125,101,138,86,122,149,92,75,83,108,101,110,128,117,161,151,138,108,163
"hemB",503,429,337,337,612,528,479,503,452,575,473,448,419,488,449,458,386,713,500,476,516,478,536,652
"hemC",115,79,71,61,119,106,85,98,118,102,61,83,73,94,94,95,68,78,114,103,112,84,111,112
"hemD",64,94,79,40,113,108,114,109,77,123,94,74,86,79,68,102,69,227,120,97,91,98,106,116
"hemE",367,326,291,271,477,424,359,403,358,334,360,340,317,327,327,327,285,636,371,388,335,325,370,410
"hemF",106,139,103,99,168,128,101,101,124,152,119,101,127,104,139,110,87,394,93,134,150,130,156,128
"hemH|ywfI",185,168,137,135,303,212,151,202,212,190,166,162,184,168,176,179,131,392,187,213,206,194,220,202
"hemJ",35,43,30,39,40,43,49,41,45,49,26,27,39,42,59,37,32,142,34,49,52,36,50,30
"hemL",501,475,383,358,726,544,578,608,550,498,499,434,487,418,474,433,450,797,575,562,550,612,466,588
"hemN|hemZ",86,58,35,50,120,73,91,91,54,90,52,40,64,55,78,58,55,478,59,64,75,60,73,83
"hemQ",131,123,98,68,164,162,133,167,85,113,108,107,106,143,127,113,104,106,105,152,163,133,116,170
"hemS",2,2,6,6,14,8,6,5,8,4,4,8,4,10,10,4,12,6,14,6,13,6,8,10
"hemX",100,68,69,60,100,108,88,82,56,98,83,65,59,92,95,99,75,353,96,72,123,115,99,94
"hemY",8,10,10,8,10,24,16,18,10,18,19,9,14,10,23,4,10,16,18,16,14,24,22,22
"hexR|yebK",50,28,34,26,43,46,45,44,34,22,32,32,46,33,26,22,34,285,36,24,30,40,44,42
"hflX",248,234,230,181,334,355,292,313,214,290,246,270,268,242,221,228,245,582,333,296,301,321,361,353
"hfq",182,140,147,117,172,140,177,126,173,175,160,138,166,140,180,106,129,252,143,168,182,154,196,178
"hisC",276,336,205,205,408,405,370,379,263,326,303,321,313,288,296,267,233,937,387,425,316,367,341,388
"hisG",244,248,168,189,361,335,272,259,285,280,251,222,257,259,226,196,172,407,287,255,280,243,273,280
"hit",36,58,17,37,72,59,69,70,40,37,32,49,36,53,45,29,42,29,64,51,36,52,56,78
"hlpA|ompH|skp",25,14,15,14,23,14,20,22,22,30,31,27,15,20,12,12,10,4,7,20,28,28,13,23
"hlyB|cyaB",22,25,19,24,28,22,37,32,21,15,20,18,16,23,24,22,27,22,32,23,32,10,30,24
"hlyD|cyaD",28,36,22,28,34,29,44,46,33,42,26,22,28,33,32,25,28,460,52,14,20,40,42,46
"hmfA",22,22,18,16,36,34,26,20,19,30,26,25,16,25,24,18,14,20,22,14,38,30,20,18
"hmfE",28,29,29,35,56,34,40,42,22,36,45,39,26,48,39,40,31,22,34,38,24,46,34,41
"hmgL",245,147,162,152,293,234,245,239,203,192,183,170,179,196,177,160,159,448,191,248,249,257,252,240
"hmp|YHB1",9,8,8,14,10,17,17,26,25,9,16,10,10,12,16,16,12,12,12,16,2,18,4,9
"hom",780,721,607,696,1068,1032,886,922,831,1035,868,780,763,715,780,735,651,1257,1080,947,823,1046,1087,993
"hosA",10,13,9,6,10,20,11,12,18,13,12,9,8,19,8,8,11,6,10,12,18,12,22,27
"hoxF",23,38,12,20,40,34,28,26,25,16,26,20,31,36,34,20,19,37,22,32,47,26,42,50
"hoxN|nixA",57,46,44,37,56,80,79,50,31,46,53,55,47,56,53,41,26,31,62,54,33,50,50,48
"hpaI|hpcH",56,68,55,57,90,57,64,34,59,57,54,52,68,73,70,56,42,58,75,35,77,65,62,74
"hpbA",69,74,44,30,73,59,52,54,63,78,56,52,62,55,67,63,48,77,59,73,93,84,79,92
"hpnH",27,17,16,27,26,13,23,21,11,20,10,17,15,18,37,20,22,15,30,23,24,25,24,30
"hppD",462,463,346,356,641,442,509,515,399,491,415,377,418,426,448,386,405,737,486,529,530,495,524,547
"hprT|hpt",368,349,242,252,465,341,301,363,266,349,285,318,241,308,264,282,242,411,371,339,348,325,370,361
"hptG",54,48,44,33,99,50,86,47,85,110,70,54,86,68,99,67,71,53,72,68,61,63,76,61
"hpxA",16,22,18,16,34,40,48,50,28,30,24,30,24,28,21,30,27,22,62,24,46,35,36,38
"hpxB",67,99,60,61,120,88,67,95,68,118,73,54,98,101,82,58,73,66,79,65,83,73,86,91
"hpxW",38,35,29,26,87,66,38,35,8,48,31,34,60,27,42,39,38,20,31,24,24,44,31,36
"hsaA",164,121,60,64,150,101,104,119,88,120,108,95,128,77,90,112,87,111,164,113,92,108,132,131
"hsaB",26,24,16,12,24,16,26,10,8,14,19,12,18,12,26,8,17,9,11,9,20,9,15,26
"hsaC",124,119,88,84,107,156,94,139,98,116,99,103,89,104,79,123,92,123,104,155,97,114,123,145
"hsaD",51,34,25,28,57,46,43,60,27,54,40,40,21,38,36,32,41,34,44,43,23,38,54,47
"hsdM",127,92,66,69,145,123,99,136,104,120,100,104,62,110,92,73,84,160,153,103,113,115,119,114
"hslR|yrfH",42,46,35,34,20,39,38,48,26,44,37,39,37,26,26,42,41,148,56,43,38,60,59,66
"hsp20",103,107,83,84,141,83,112,100,86,88,60,67,76,56,103,64,88,53,95,91,86,110,90,137
"hsp33|hslO",59,59,40,38,96,98,74,74,45,66,70,60,71,83,60,65,38,255,82,88,75,71,98,77
"hspR",64,64,54,45,88,70,63,79,32,51,58,41,51,40,69,34,39,32,59,68,83,62,62,95
"htpX|ykrL",273,287,193,216,323,316,309,296,203,309,207,229,224,237,207,211,233,489,306,333,345,272,334,273
"hupL|hyaB|hybC",126,108,94,105,190,170,131,173,113,157,114,120,125,126,158,131,93,104,112,83,120,135,101,141
"hupS|hyaA|hybO",21,31,24,26,37,35,41,23,23,31,19,27,16,27,28,29,24,16,33,21,16,28,33,27
"hutA|fatA|fct|foxR",3692,3261,2683,2922,4711,4265,4016,4228,3308,4181,3498,3173,3457,3222,3546,3428,2817,32832,4668,3878,4331,4592,4769,4523
"hutD|ves",14,28,16,22,33,32,32,16,28,24,16,25,21,13,16,26,25,192,21,20,40,34,30,30
"hutF",67,70,54,44,114,74,82,81,77,65,39,91,62,70,52,75,55,438,98,74,91,82,75,88
"hutG",27,32,27,24,41,29,30,28,14,21,33,31,31,5,26,24,24,22,32,31,23,48,39,34
"hutH",437,412,271,312,524,504,440,474,400,429,475,320,462,330,438,436,429,931,441,490,465,524,483,612
"hutI",157,151,120,161,217,244,211,176,193,203,185,163,171,150,161,133,123,469,175,165,216,184,201,171
"hutU",1327,1200,980,955,1771,1459,1378,1568,1282,1418,1238,1165,1170,1265,1289,1197,1065,1561,1348,1478,1379,1276,1431,1385
"hxlA|yckG",4,4,0,0,21,7,2,4,2,2,6,2,10,8,5,4,2,0,10,2,0,4,2,4
"hxlB|yckF",0,4,0,0,14,6,6,4,0,0,2,4,4,6,4,8,6,2,0,2,4,2,6,0
"hxt",20,18,12,14,15,14,8,10,10,14,2,6,10,12,14,4,17,25,12,20,19,28,22,28
"hyfE",28,41,27,32,35,42,42,32,25,33,28,21,42,27,29,29,26,31,21,32,38,42,25,50
"hyfF",15,6,6,5,10,12,15,12,10,10,13,6,14,8,19,19,10,2,10,12,14,10,8,14
"hypBA",102,59,59,74,117,99,102,91,62,85,86,87,70,76,62,68,62,567,88,124,114,85,88,95
"hypC|hupF",6,9,10,4,12,4,12,8,8,6,16,10,16,12,12,7,6,6,15,12,8,8,6,10
"hypD",70,76,80,63,101,67,85,66,44,83,67,75,55,45,45,65,44,42,78,52,69,44,53,74
"hypE",34,48,10,30,48,47,58,47,44,55,26,23,38,29,30,24,39,34,52,30,38,36,26,44
"iaaA",65,48,37,47,104,74,64,81,74,84,50,64,60,59,61,62,59,358,61,77,82,80,50,104
"ibpA",12,20,8,10,14,16,8,18,12,6,8,6,12,14,20,18,15,16,16,18,14,20,14,23
"icd",1377,1246,969,1054,1535,1355,1245,1315,1282,1382,1361,1196,1073,1169,1165,1048,1142,1434,1250,1333,1247,1302,1280,1468
"icd2",336,285,191,210,393,317,292,318,303,306,230,205,208,249,251,222,210,573,269,251,312,256,280,341
"idi",21,28,14,16,46,41,27,16,20,18,21,10,24,16,32,20,22,173,42,27,40,49,44,40
"idnD",25,34,27,27,54,40,52,45,37,32,49,40,29,29,31,32,25,29,28,41,56,30,36,25
"idnO",66,40,74,45,66,66,62,49,63,55,54,35,54,40,73,54,68,43,74,52,69,40,72,78
"idsA",14,6,10,11,42,16,4,14,10,8,6,12,10,12,10,4,6,16,22,22,12,15,20,13
"ilvA|tdcB",415,421,348,378,580,522,474,489,423,429,465,380,471,388,463,421,382,631,515,452,515,485,477,494
"ilvC",967,846,675,671,1100,943,904,980,862,1012,914,829,741,773,889,822,770,1073,940,1037,956,897,977,1062
"ilvD",1604,1447,1063,1220,1887,1631,1559,1651,1551,1904,1596,1324,1434,1380,1498,1455,1298,1491,1577,1712,1622,1540,1618,1665
"ilvE",449,390,289,358,535,500,448,511,422,479,461,355,447,382,429,410,384,938,472,506,531,502,496,472
"ilvH|ilvN",364,345,253,285,424,355,388,386,333,398,334,358,353,312,384,344,294,280,365,348,338,386,349,405
"ilvM",0,0,8,8,10,8,10,8,10,4,5,0,6,8,4,2,10,103,6,7,7,6,2,12
"impA",18,13,0,6,8,4,18,16,22,8,22,14,6,9,6,10,13,17,24,8,10,10,10,6
"impB",52,47,18,44,43,43,44,43,56,46,50,52,47,42,37,34,37,57,52,42,36,38,48,60
"impC",104,95,63,109,124,124,109,134,134,134,123,114,112,80,124,105,88,112,128,110,116,164,118,130
"impE",14,16,4,14,36,20,20,15,9,20,6,12,14,14,10,16,14,10,20,12,16,18,21,20
"impG|vasA",12,14,8,2,14,16,10,10,12,16,14,14,14,8,10,18,8,16,10,18,8,10,23,10
"impH|vasB",46,38,38,17,70,50,46,46,28,55,52,40,36,52,33,42,31,61,48,44,56,55,74,56
"impJ|vasE",6,7,4,8,12,8,16,10,7,6,4,12,14,6,12,6,10,4,5,8,14,14,6,16
"impK|ompA|vasF|dotU",44,52,37,43,55,60,46,62,42,50,30,34,46,32,51,46,35,40,74,58,70,64,36,74
"impL|vasK|icmF",29,37,18,36,38,54,32,43,46,45,24,45,34,42,54,33,30,31,55,36,41,45,33,65
"inoE",40,41,12,17,35,53,36,34,44,38,31,28,34,35,32,31,26,29,36,44,56,36,28,53
"inoF",27,33,18,37,50,35,28,28,33,34,20,22,12,25,50,33,18,26,60,22,34,38,46,46
"inoK",30,29,21,24,35,32,25,28,39,42,27,34,26,16,34,34,30,37,30,26,39,26,31,46
"int|intR|intV|intQ|intW|xerC",45,54,46,38,103,91,70,67,54,54,55,66,56,48,48,60,57,54,57,44,62,82,71,76
"iolB",18,16,19,16,25,16,29,34,22,28,31,17,27,29,17,14,33,18,10,32,32,26,24,30
"iolC",270,225,175,155,289,270,249,242,208,281,198,189,212,203,229,207,247,235,240,286,267,265,263,312
"iolD",153,95,78,79,108,116,115,104,97,97,92,100,72,100,103,101,100,102,133,137,143,125,142,130
"iolH",53,58,40,44,67,53,65,65,46,32,33,55,46,62,62,46,53,44,48,59,44,49,52,54
"iolI",4,2,0,6,18,8,4,4,4,10,0,2,8,2,10,6,2,0,0,2,1,4,2,6
"iolJ",0,2,2,4,26,4,7,8,4,6,0,4,10,10,5,4,0,0,0,2,4,4,2,4
"iorA",97,82,73,63,122,103,130,109,100,111,77,86,62,75,65,95,95,237,95,59,100,92,97,117
"iorB",179,226,182,171,236,207,195,221,169,206,226,179,179,154,185,174,188,824,202,222,257,198,296,288
"iri|rox",20,23,14,15,26,29,29,32,19,27,17,26,18,18,15,33,18,28,32,16,20,24,28,32
"irr|perP",46,23,18,20,48,16,49,31,41,36,36,26,35,22,22,18,28,25,30,50,42,41,37,31
"iscR",44,31,33,45,56,47,42,58,60,69,49,42,50,37,68,50,40,32,66,47,38,44,51,53
"ispA",86,74,45,59,112,100,95,79,91,98,104,78,74,90,94,86,63,336,105,90,86,81,87,104
"ispB",171,164,108,125,191,227,193,196,189,227,174,177,132,145,158,152,188,525,207,206,259,255,224,238
"ispC|dxr",131,105,82,100,201,194,201,161,142,156,107,140,169,118,143,149,109,522,153,166,166,131,147,185
"ispD",74,32,42,39,78,82,78,58,44,75,44,38,75,59,72,36,55,221,74,74,80,82,69,70
"ispDF",75,42,37,26,78,69,58,51,47,68,51,40,38,40,45,67,44,53,69,50,51,56,54,56
"ispE",55,62,48,48,90,95,77,75,75,95,71,57,62,50,78,60,50,368,103,70,84,90,110,94
"ispF",36,48,22,26,74,65,50,46,37,31,41,28,50,24,40,37,56,244,63,49,65,67,78,51
"ispH|lytB",362,359,250,292,439,425,382,347,394,391,370,289,303,383,394,354,251,632,374,434,477,381,400,417
"ituA|mycA|bmyA|nrsA|pksM1",4,6,6,2,16,17,16,6,6,2,6,6,6,6,10,4,0,2,2,8,4,6,14,0
"ituB|mycB|bmyB",4,2,2,2,32,12,12,12,2,4,6,4,18,6,14,8,2,2,2,2,6,8,2,14
"ituC|mycC|bmyC",22,5,2,16,54,32,27,10,22,14,16,10,38,30,42,15,8,16,12,10,14,20,26,18
"iunH",76,70,71,60,138,96,92,116,83,81,88,78,91,100,94,67,91,508,76,106,109,112,115,116
"kaiC",63,72,56,43,80,72,61,52,64,77,74,63,81,51,50,65,47,61,73,69,59,88,78,82
"kamD",116,116,92,84,179,105,107,144,113,105,85,65,80,107,100,94,99,107,114,126,124,103,138,125
"kamE",194,168,160,113,257,207,202,210,138,143,144,139,151,149,168,162,131,126,192,171,173,163,158,149
"kapB",0,0,0,0,4,0,0,0,0,0,0,2,2,0,6,0,0,0,0,0,0,2,0,0
"kapD",0,4,0,2,14,14,4,8,2,0,0,0,6,11,6,4,2,4,4,4,0,8,2,6
"katE|CAT|catB|srpA",553,498,384,404,705,616,596,545,482,550,504,459,396,476,534,474,458,2024,570,515,590,577,561,662
"katG",724,702,505,531,844,766,635,778,757,781,699,630,655,561,607,606,691,1283,733,757,812,736,881,752
"katN|ctjC|ydbD|yjqC",224,217,156,158,297,227,179,233,215,224,196,174,182,168,208,238,172,158,236,241,228,170,216,248
"kbl",323,314,209,203,377,290,221,269,290,377,313,347,286,271,313,281,253,727,280,368,350,336,361,416
"kce",111,143,98,107,177,130,141,152,95,121,106,100,94,83,105,111,79,90,144,127,107,85,148,122
"kch|trkA|mthK|pch",108,92,95,79,161,124,128,107,88,121,92,82,92,72,86,88,72,358,130,87,103,112,103,131
"kdgD|ycbC",18,15,2,18,21,18,22,19,14,8,25,20,14,22,14,18,25,18,20,13,16,21,34,18
"kdgK",16,2,6,6,6,4,10,7,4,6,10,6,4,4,8,2,2,9,8,4,4,2,4,14
"kdgR",34,21,26,15,54,42,44,39,39,35,30,34,25,54,34,28,33,34,54,30,54,66,66,48
"kdgT",2,0,2,0,26,2,10,4,4,0,6,0,5,6,4,2,0,4,6,0,2,2,2,0
"kdpA",188,147,112,122,185,170,164,153,180,194,179,154,139,144,158,128,155,673,167,206,208,177,173,183
"kdpB",538,466,389,396,568,557,504,549,436,537,467,440,427,408,403,404,405,1021,655,635,583,476,582,606
"kdpC",36,16,14,30,36,20,22,32,16,26,19,30,40,25,20,24,23,18,43,32,44,37,50,42
"kdpD",278,237,170,259,380,332,287,312,245,292,264,198,270,176,297,286,234,934,328,272,351,294,311,281
"kdpE",145,140,109,127,188,178,142,146,155,152,120,134,106,121,102,138,138,310,186,141,182,142,184,195
"kdsA",179,183,109,175,287,198,180,191,238,278,231,173,212,187,203,189,183,419,221,188,279,223,207,227
"kdsB",49,54,54,57,101,91,103,74,61,65,60,84,50,46,42,55,70,302,69,71,91,55,84,92
"kdsC",32,35,30,34,38,47,25,28,30,35,33,8,27,25,30,31,27,270,28,33,34,33,28,34
"kdsD|kpsF",176,142,89,96,209,209,180,174,125,215,157,130,155,148,154,139,127,398,178,166,181,178,163,179
"kduD",87,73,61,82,109,69,88,91,62,86,71,76,73,68,68,59,83,70,82,77,76,101,99,91
"kduI",78,59,37,33,77,81,75,75,77,85,59,51,101,84,53,57,98,73,76,101,97,90,99,106
"kefB",293,325,231,226,474,364,321,328,267,331,320,242,272,200,266,293,229,1284,332,375,324,313,352,353
"kefF|nqo|ywrO",88,69,58,64,97,88,64,80,80,113,72,70,99,78,93,60,85,544,96,81,114,97,118,124
"kgtP",99,89,73,85,122,137,90,124,113,133,96,94,130,107,73,92,102,497,123,129,116,134,92,137
"kinD",2,4,4,4,18,6,8,2,2,4,2,2,8,10,3,2,8,4,0,0,2,4,2,4
"kinE",14,8,6,6,26,10,6,7,14,0,6,8,12,15,7,8,10,4,2,2,8,6,10,8
"korA|oorA|oforA",869,797,640,711,1155,930,899,990,739,867,813,788,750,761,834,727,777,696,904,872,897,838,863,1025
"korB|oorB|oforB",352,329,274,275,490,347,427,404,272,336,342,315,300,350,322,294,256,264,333,376,408,367,373,376
"kshA",57,48,24,32,52,68,53,51,31,46,54,44,50,25,36,41,46,60,60,58,50,38,53,63
"kshB",6,4,4,6,4,2,4,6,4,10,2,3,6,14,13,2,6,9,0,8,4,10,2,4
"kstD",101,105,90,90,145,99,127,126,86,102,90,75,99,107,111,72,74,83,114,116,97,90,108,133
"kynA",242,201,160,122,264,281,263,237,186,266,191,187,188,205,188,171,223,537,228,242,268,236,261,272
"lacI|galR",841,586,474,493,839,847,778,795,611,755,687,550,612,652,573,650,528,1807,969,800,885,863,854,905
"lacZ",49,35,14,29,74,62,47,63,32,44,30,23,34,26,38,32,44,26,44,36,63,28,42,29
"ladF",154,145,88,80,172,151,184,150,120,148,178,133,92,150,162,119,125,738,155,136,144,159,169,173
"lapB",206,204,166,143,308,224,182,232,201,198,217,167,168,175,170,178,174,511,219,266,249,253,248,245
"lapC",33,14,15,20,48,40,24,38,24,14,20,36,34,34,32,26,18,36,42,32,40,46,26,49
"lapE",88,90,59,60,84,89,64,108,79,100,69,56,72,84,93,90,73,65,121,68,116,88,96,119
"lcdH|cdhA",33,37,23,23,69,29,38,38,28,37,37,26,30,40,42,36,31,28,27,35,33,50,38,58
"lctP",108,95,100,95,188,114,147,185,112,131,134,130,124,112,112,135,101,110,147,136,163,120,148,152
"ldcA",48,28,16,34,46,38,24,32,28,24,38,39,36,36,34,32,33,33,28,24,48,40,42,42
"ldh|leu",139,102,100,81,178,131,121,143,78,188,138,118,123,109,105,119,113,435,131,136,145,162,152,137
"leuB",505,464,395,388,581,546,574,600,471,541,428,487,520,455,517,418,507,768,579,587,594,596,569,599
"leuC",1271,1051,872,862,1598,1273,1278,1427,1173,1275,1060,1047,1110,1128,1107,1059,958,1355,1342,1272,1323,1211,1174,1235
"leuD",360,291,205,225,367,297,308,267,274,316,316,246,283,251,346,319,305,505,310,350,384,345,361,325
"levF",2,0,0,0,2,5,2,4,0,0,2,8,4,0,0,2,2,0,0,0,0,6,0,2
"levG",2,4,4,0,29,12,6,6,0,2,8,0,9,4,6,4,0,0,0,2,6,1,8,12
"lexA",495,427,325,365,567,533,469,540,398,490,431,380,447,373,460,410,398,639,517,574,543,531,463,518
"lhpB2",48,30,28,26,58,46,34,52,30,37,38,40,34,34,30,46,26,346,38,43,32,44,44,42
"lhpC",62,56,30,34,84,62,82,85,49,59,40,41,50,50,61,60,36,394,70,62,62,72,74,56
"lhpD",6,4,6,10,12,10,2,4,9,0,4,4,4,8,4,0,4,73,8,10,4,4,2,4
"liaR",138,130,84,87,227,144,111,159,124,153,119,112,122,110,129,125,84,68,141,103,107,112,148,106
"licR",6,6,2,6,36,11,20,2,6,2,2,14,20,8,20,22,6,0,10,6,8,8,25,0
"ligA",182,98,126,122,190,144,152,138,121,111,117,130,99,92,86,109,98,97,129,147,137,122,112,146
"ligB",8,4,9,6,6,7,3,5,6,7,8,17,8,6,6,8,1,4,8,2,6,10,9,2
"ligD",217,223,152,169,294,211,212,225,208,226,183,191,228,218,195,218,161,1220,253,247,242,217,258,254
"ligI",56,20,36,32,50,46,42,48,28,56,44,31,43,39,36,40,29,21,60,34,44,50,53,47
"ligJ",38,26,19,29,22,24,35,22,15,22,26,26,26,29,28,18,20,21,16,28,37,24,38,44
"ligK|galC",4,8,10,3,8,18,6,15,10,13,12,8,10,6,6,18,7,20,14,16,8,12,8,10
"ligM",89,61,49,44,115,86,76,67,55,102,105,53,90,81,91,80,52,67,94,96,80,115,100,90
"linN",70,47,58,39,83,77,46,58,62,44,75,60,63,54,57,55,48,228,70,50,46,68,58,80
"lipA",848,750,550,603,955,829,747,922,711,834,748,689,709,719,720,691,691,948,827,831,796,843,813,962
"lipB",176,199,119,143,246,174,192,223,157,182,179,178,160,146,172,133,176,389,184,222,193,185,179,254
"lipL",6,8,4,0,18,12,12,0,4,6,4,6,16,6,11,6,0,6,0,12,4,8,6,8
"lip|lipC",30,26,12,16,22,40,34,38,23,32,30,16,28,20,26,36,13,280,22,34,37,30,40,36
"livF",828,761,575,575,988,841,769,780,761,910,784,644,726,697,792,623,677,656,868,765,825,809,785,917
"livG",702,677,455,469,868,784,742,705,645,741,702,582,605,565,683,596,593,511,761,639,724,705,656,747
"livH",1163,1060,850,851,1451,1228,1217,1277,1062,1223,1076,976,1029,1034,1117,1057,983,828,1161,1102,1281,1173,1182,1343
"livK",1272,1206,831,991,1579,1226,1256,1244,1139,1303,1196,1039,1166,1119,1202,1201,1184,1076,1462,1282,1512,1430,1413,1536
"livM",470,414,316,365,587,496,460,510,471,507,436,358,454,406,505,427,424,397,598,447,594,547,526,574
"lldD",189,144,89,104,238,174,171,165,196,214,175,139,141,164,158,171,180,157,189,207,166,224,195,197
"lldE|ykgE|lutA",71,66,42,73,80,75,70,88,69,74,59,81,67,71,77,88,56,72,65,50,80,94,77,56
"lldF|ykgF|lutB",108,116,80,121,155,145,89,134,113,141,97,108,111,127,135,103,104,94,160,132,133,150,147,155
"lldG|ykgG|lutC",0,6,2,0,16,4,2,6,4,0,4,2,7,6,2,4,2,4,0,2,4,8,2,2
"lmrB",14,18,18,15,35,23,18,17,16,16,6,13,10,16,18,26,15,14,22,28,20,20,17,10
"lnt",161,98,87,89,166,148,151,164,118,123,117,99,139,133,140,118,82,768,155,131,110,148,148,174
"lolA",26,25,20,18,44,25,24,42,36,32,25,24,22,34,22,34,30,229,16,28,36,22,43,34
"lolB",31,42,24,17,50,26,44,46,20,22,38,14,38,30,42,14,33,249,36,24,34,22,30,44
"lolC_E",124,137,81,91,150,155,113,136,127,150,94,115,127,118,115,114,109,419,152,124,162,134,199,150
"lolD",95,86,55,58,123,98,60,86,77,90,86,64,77,73,96,67,60,254,93,84,94,102,122,126
"lon",911,792,638,721,1185,968,989,888,940,1134,1033,858,791,924,889,830,815,1490,964,854,928,895,914,1062
"lpcC",11,20,4,4,20,10,16,12,6,10,12,8,12,16,8,10,12,19,10,18,16,19,2,12
"lpdA",182,167,123,141,262,192,162,213,152,137,158,188,154,120,187,148,129,145,241,165,235,230,222,199
"lpd|pdhD",1771,1586,1219,1244,2218,1882,1719,1876,1540,1912,1648,1466,1603,1609,1634,1511,1520,2320,1892,1964,1859,1829,1898,2131
"lphA",62,48,49,52,74,61,75,69,65,54,65,52,55,62,60,56,70,358,76,58,74,67,48,67
"lplA",44,33,32,58,96,110,67,50,63,59,46,40,69,67,66,57,53,22,93,54,64,64,72,78
"lplA|lplJ|lipL1",103,90,54,72,146,108,93,93,69,112,88,75,88,93,74,97,73,58,126,151,114,104,108,179
"lplB",12,10,2,8,31,14,22,8,4,13,8,10,30,6,20,10,12,14,12,22,13,8,15,20
"lplC",48,38,24,34,56,47,52,38,16,36,36,22,38,48,48,45,21,30,50,36,58,71,36,56
"lptA|yhbN",52,55,21,25,80,48,50,60,52,70,29,39,42,38,35,36,22,197,36,42,57,44,45,42
"lptB",268,265,164,170,345,266,242,278,220,267,213,195,235,238,252,189,198,475,265,285,310,265,225,297
"lptC|yrbK",10,18,10,14,30,28,28,30,20,30,22,13,28,14,22,14,10,211,14,22,28,19,28,18
"lptD|imp|ostA",168,134,94,97,199,162,180,139,125,184,172,127,175,134,151,156,105,838,174,183,209,160,196,172
"lptE|rlpB",65,70,39,62,82,72,66,85,39,88,55,49,47,54,54,67,56,244,98,66,70,77,80,72
"lptF",151,158,116,113,197,176,150,177,127,191,137,129,133,136,131,134,88,484,161,159,178,182,132,169
"lptG",108,62,42,63,125,89,82,72,66,88,91,74,99,88,75,67,83,465,111,95,121,120,114,95
"lpxA",72,47,38,30,76,58,44,56,37,66,58,30,43,44,59,38,42,299,57,42,58,55,61,70
"lpxB",84,83,65,69,102,129,84,112,85,142,111,96,116,108,98,96,87,381,128,109,112,141,113,111
"lpxC",112,83,53,69,117,80,89,95,83,116,80,73,92,80,51,78,77,380,96,65,126,95,125,112
"lpxD",126,109,84,72,166,158,130,134,143,140,137,113,129,118,145,117,92,400,147,154,154,156,148,178
"lpxG",78,70,58,76,120,94,88,68,84,104,76,70,79,108,70,73,77,384,86,78,109,98,115,85
"lpxH",35,24,23,29,37,42,28,37,34,57,34,26,45,40,28,32,37,231,26,27,48,47,45,39
"lpxK",52,61,34,43,55,62,72,54,67,58,70,52,52,72,58,64,38,326,66,76,72,70,40,84
"lpxL|htrB",115,106,106,84,165,116,143,156,88,146,136,107,95,114,154,145,129,711,145,121,148,136,170,136
"lpxO",34,24,20,18,50,20,41,48,22,52,34,42,24,22,28,22,30,324,36,39,40,49,35,29
"lpxR",28,20,20,14,24,40,30,20,14,26,22,18,16,28,18,12,20,341,30,24,24,41,37,40
"lpxi",10,16,4,14,21,10,14,12,15,18,11,20,8,6,14,16,14,10,20,20,10,32,16,12
"lra6",45,48,28,32,76,67,64,73,52,48,53,57,43,33,66,58,42,35,44,45,78,42,49,63
"lsrF",61,45,28,32,53,58,51,33,50,94,61,38,60,48,53,42,32,34,74,59,54,56,47,53
"ltaE",139,103,112,117,142,132,135,145,115,118,92,118,121,100,103,118,91,57,128,145,146,159,134,172
"ltnD|ygbJ",15,9,7,7,14,15,10,12,16,12,14,14,10,12,12,14,9,8,16,14,20,17,16,15
"lysC",946,853,729,635,1090,1035,896,1054,857,985,841,837,777,829,859,823,725,707,915,941,895,942,971,975
"lysE|argO",38,19,28,22,54,39,36,22,37,48,42,34,43,30,25,38,23,23,56,27,40,40,34,32
"lysK",160,143,92,102,194,120,126,180,124,116,94,103,106,123,127,125,128,132,145,146,149,124,139,166
"lysN",288,218,175,198,373,248,266,273,204,280,222,204,195,187,219,230,145,136,304,219,213,232,218,268
"lysS",488,431,389,395,691,587,547,563,493,526,516,452,571,504,476,499,475,815,561,544,614,534,587,620
"lys|aasS",38,34,29,38,71,34,34,52,41,34,42,36,21,29,32,30,27,31,24,50,40,44,38,47
"lytR|ypdB|yehT",148,134,104,94,198,145,167,182,105,156,131,132,135,137,126,133,96,764,141,136,132,111,156,190
"lytS|ypdA|yehU",122,100,184,245,259,308,357,272,249,330,289,152,187,126,182,269,282,242,640,383,180,704,659,213
"lyxK",14,18,11,22,16,32,4,12,16,26,22,28,14,22,10,26,16,10,20,28,20,12,22,17
"maa|nodL",19,10,6,16,11,10,14,14,13,9,12,13,20,10,10,14,5,9,14,6,35,16,16,10
"macB|ybjZ|pvdT",12,12,8,12,10,16,2,6,10,2,14,12,14,4,12,8,10,12,6,24,13,18,22,12
"maeA|sfcA|ywkA",203,159,168,142,248,240,245,234,150,180,169,172,167,151,193,170,191,165,188,210,179,237,226,236
"maeB",1157,979,738,765,1463,1074,1080,1147,1071,1322,1118,960,1008,965,1051,1022,988,1668,1098,1195,1266,1068,1198,1285
"maeN",4,4,4,0,8,16,8,0,4,4,2,12,12,8,10,8,6,8,8,10,8,10,9,6
"maiA|GSTZ1",32,16,6,12,36,25,28,38,16,23,29,16,28,26,28,16,16,224,34,24,22,14,17,33
"malE",48,32,39,24,42,41,50,42,58,46,37,26,32,50,52,36,22,36,48,56,56,72,63,30
"malK|mtlK|thuK",227,162,146,97,223,201,166,159,138,199,177,143,150,160,152,173,172,163,167,218,182,197,243,182
"malL",28,28,21,24,56,32,38,39,21,25,31,21,33,35,20,25,28,20,33,27,33,33,32,38
"malz",330,264,263,275,470,483,414,383,354,408,316,307,328,361,341,365,320,2476,516,378,433,513,433,410
"manA",30,16,14,34,44,32,34,26,28,26,7,24,42,43,35,36,28,20,24,18,35,44,46,22
"manB",128,94,65,78,140,112,82,114,82,91,62,64,86,84,91,101,89,908,87,100,130,96,96,128
"manB|yhxB",111,79,73,67,126,118,83,108,75,74,70,80,75,73,50,79,63,77,110,113,93,119,95,99
"manC|cpsB",97,95,66,43,102,116,101,98,99,110,95,75,80,66,97,77,51,78,69,106,93,86,113,96
"manEA",44,36,26,28,50,30,30,46,46,34,30,20,34,32,32,44,28,322,60,28,36,46,56,42
"manXa",110,110,68,74,183,136,128,139,125,135,113,125,86,104,116,98,119,232,118,152,145,121,132,123
"map",561,437,370,385,669,667,589,630,552,606,542,442,537,487,421,437,468,832,632,596,610,602,546,612
"marC",249,206,140,204,302,262,243,242,200,243,210,195,203,206,235,191,225,340,242,290,266,243,285,260
"matB",94,92,58,89,146,111,107,110,79,86,86,76,60,66,101,76,105,91,99,95,107,97,108,112
"mazG",83,74,38,43,114,104,87,84,90,107,70,61,62,71,77,86,99,327,85,94,113,65,93,87
"mbtH|nocI",2,6,4,5,2,2,3,12,8,17,6,5,6,9,8,12,8,108,12,14,11,10,21,19
"mccB",12,6,4,12,31,18,24,24,6,4,2,10,12,12,16,20,2,0,4,2,14,17,8,8
"mcl",26,17,14,21,30,20,35,30,28,26,18,22,19,18,22,18,25,30,16,29,34,24,29,20
"mcp|tlpC|tlpA|dcrA",143,128,107,124,205,194,201,163,121,169,161,145,134,139,145,186,132,110,166,148,152,169,185,170
"mcrB",116,94,89,83,159,126,120,132,72,103,101,86,106,86,116,113,71,707,105,94,91,77,114,129
"mcrC",42,38,20,32,66,48,56,46,24,35,34,31,34,34,52,32,25,443,52,28,54,44,58,40
"mdcA",20,12,11,12,18,30,24,22,8,23,12,16,8,19,19,14,27,14,14,18,22,29,16,25
"mdcE",18,24,13,14,26,28,12,22,38,23,28,22,22,16,33,22,13,14,22,22,20,34,29,20
"mdcF",36,40,21,22,38,41,58,52,35,38,38,26,38,25,35,48,34,14,44,22,40,56,36,36
"mdeA",123,147,86,87,172,129,142,148,114,119,126,107,101,90,127,134,89,110,139,138,179,138,155,136
"mdh",702,764,513,553,868,811,765,862,766,820,732,627,677,635,689,662,629,609,800,787,812,708,733,838
"mdlA|smdA",6,2,6,2,16,6,22,16,4,6,6,6,10,12,14,8,6,6,6,6,8,6,8,8
"mdlC",46,29,29,38,50,41,28,34,22,50,40,36,28,25,33,18,38,14,34,28,54,34,42,66
"mdo",32,34,17,36,47,36,36,51,40,28,26,25,29,36,32,34,28,19,43,22,26,44,33,22
"mdoC|glucans_biosynthesis_protein_C_EC_2_1_X_X",32,36,14,24,61,31,36,42,44,49,40,33,45,30,34,21,38,394,36,52,44,42,38,74
"mdoG",117,117,100,108,163,162,129,194,163,187,122,118,133,129,130,143,105,1057,151,138,137,154,147,188
"mdoH",211,178,139,149,229,184,258,179,196,221,196,209,200,173,227,198,171,748,265,217,251,228,236,204
"mdtB",89,78,77,88,161,126,122,103,162,165,152,124,132,110,123,94,88,87,152,133,121,126,150,143
"mdtC",55,59,30,27,60,36,43,28,33,60,67,27,56,48,43,28,32,24,46,32,54,53,63,56
"mdtH",56,56,40,48,60,58,55,50,50,62,54,59,58,49,48,42,23,436,58,54,56,48,58,72
"melA",55,44,57,51,100,79,61,77,84,84,74,46,61,68,56,78,94,88,63,94,95,94,99,100
"menA",3,12,0,12,12,12,8,4,6,2,4,14,0,4,2,4,6,6,15,0,4,6,6,6
"menB",235,215,186,178,363,293,261,254,226,235,181,205,227,231,259,199,212,160,229,286,215,290,223,235
"menE",0,0,2,8,35,22,16,12,4,6,4,4,16,12,14,4,6,6,2,6,4,8,6,6
"menI|ydiI|ydiL|ydiI|ybdB",44,44,29,38,32,31,33,49,50,34,18,35,30,56,27,22,38,186,47,40,36,49,51,61
"metB|met|cysA",98,74,63,83,113,76,78,81,79,114,77,86,87,70,90,66,61,425,82,93,85,99,86,92
"metC",24,7,10,6,32,19,12,14,16,33,4,16,18,10,18,16,17,22,28,10,22,20,18,24
"metF",341,287,211,239,405,319,277,338,288,350,307,290,244,281,304,289,242,488,388,323,362,320,364,378
"metH",1365,1250,971,1025,1684,1431,1313,1430,1228,1431,1211,1130,1252,1191,1288,1039,1260,2365,1216,1457,1572,1433,1477,1554
"metI",165,130,95,109,189,193,158,170,125,197,151,119,130,163,155,136,118,291,159,166,198,175,194,159
"metK",446,477,329,342,551,490,483,489,463,524,409,426,418,343,443,435,487,788,420,536,555,556,510,556
"metN",154,139,78,120,188,200,174,166,126,147,159,130,132,127,175,161,114,395,169,188,203,181,192,183
"metQ",86,63,42,72,74,90,69,86,74,56,56,59,95,86,84,47,73,299,71,102,86,92,112,113
"mexJ",81,59,46,61,106,115,78,88,71,70,98,74,109,78,75,71,83,381,98,84,107,81,85,106
"mexK",240,227,184,170,321,233,239,249,252,330,244,219,247,239,270,229,241,1192,246,258,305,335,335,327
"mexL",36,28,16,18,40,31,48,38,20,20,27,16,26,30,25,30,18,210,22,18,28,18,34,32
"mexM",72,61,38,36,61,87,78,94,56,68,68,52,76,46,60,56,63,348,73,72,68,64,72,79
"mexN",131,111,103,86,211,172,164,125,80,180,144,151,125,102,153,131,97,958,166,138,172,132,154,174
"mgsA",19,22,11,13,29,20,20,29,17,25,11,20,26,14,21,25,12,10,16,22,20,32,30,16
"mgs|bgsB",42,22,45,46,79,41,52,56,50,48,60,53,41,24,46,43,27,444,72,46,55,44,71,63
"mgtA",41,40,51,45,77,78,40,60,43,47,45,46,37,48,44,53,38,34,66,79,74,62,32,81
"mgtC",16,12,16,14,32,36,17,24,24,18,20,14,26,14,20,14,8,158,22,20,14,20,16,32
"mgtE",368,353,262,301,487,420,374,376,386,499,378,330,369,356,398,305,302,682,380,382,439,457,459,460
"mhpA",237,210,142,174,282,218,206,227,165,267,204,159,197,166,183,204,175,161,235,185,246,194,265,223
"mhpC",65,44,50,55,105,56,67,92,37,64,40,40,54,61,42,60,60,60,48,56,74,48,74,76
"mhpD",9,0,0,4,6,4,4,6,4,6,9,6,8,4,4,2,10,0,12,2,12,0,8,12
"mhpE",334,339,220,248,374,377,377,378,278,383,293,273,286,290,305,272,286,279,371,344,337,327,378,373
"mhpF",138,158,112,103,214,147,158,166,93,172,131,126,131,138,137,117,148,128,140,153,198,161,161,195
"mhqA|mhqE|mhqO|yaiA",92,68,70,67,114,91,82,106,69,72,86,62,56,64,86,75,85,69,92,107,95,91,110,107
"mhqD",40,36,23,21,62,46,55,49,42,48,42,38,35,33,33,30,35,210,42,44,29,44,46,26
"mhuD|hmoB",15,5,0,8,17,11,7,12,8,14,10,15,12,8,9,12,8,10,18,15,10,11,16,9
"miaA|ipt",135,115,84,116,162,172,145,130,110,145,95,107,143,144,122,102,110,401,142,159,152,148,186,198
"miaB",523,458,379,377,620,528,462,515,485,549,518,450,474,454,501,464,446,951,563,551,587,602,586,566
"mlaB",16,30,6,8,26,32,20,24,10,20,19,14,12,18,30,16,15,108,24,32,16,8,28,22
"mlaC",37,34,22,14,50,44,28,46,29,22,34,22,38,20,32,24,28,166,20,38,33,36,44,42
"mlaD|linM",244,226,148,192,285,255,236,260,256,235,200,193,226,172,240,155,196,657,314,236,258,248,288,324
"mlaE|linK",1061,971,773,815,1256,1082,1091,1156,840,1053,825,835,934,869,900,809,752,1377,1025,1037,1057,1013,1042,1186
"mlaF|linL|mkl",367,333,281,266,501,417,334,400,315,385,345,307,338,324,324,327,278,842,331,403,379,350,407,455
"mltA",38,47,28,34,57,52,28,45,36,30,44,39,48,41,32,31,38,41,42,43,52,41,61,39
"mltB",185,161,105,115,194,180,137,118,135,175,134,125,130,121,178,139,131,478,164,161,150,158,195,172
"mltD|dniR",199,136,132,143,259,186,176,173,210,211,166,156,183,166,191,190,162,925,178,153,195,177,215,202
"mmdA",12,8,0,2,6,12,4,10,8,7,7,12,4,10,6,2,2,4,10,6,7,2,3,9
"mmsA|iolA",745,605,513,525,945,768,621,788,648,793,650,568,669,575,662,630,586,1055,695,704,716,733,783,841
"mmuP",4,6,2,0,0,8,8,2,2,0,0,6,4,6,4,6,2,0,0,2,2,2,4,0
"mngB|ypdB|manA",44,46,28,12,49,45,34,32,24,20,16,33,29,26,31,32,31,27,26,30,37,42,25,33
"mnhA",196,175,154,123,231,235,213,253,193,178,178,160,190,142,177,214,148,112,183,154,181,182,205,237
"mnhB",0,8,0,0,2,4,0,2,0,2,2,0,8,4,4,4,2,6,0,0,0,0,2,2
"mnhC",24,26,16,19,43,30,33,29,21,24,24,21,35,32,30,26,21,13,30,26,23,32,36,32
"mnhD",183,150,124,113,243,170,176,170,145,176,170,138,153,109,190,127,145,114,198,164,178,190,172,197
"mnhE",2,2,2,0,4,4,0,0,4,0,0,0,6,8,4,3,2,4,2,0,0,0,4,7
"mnhF",8,2,8,5,7,10,2,4,4,2,7,0,0,2,10,4,3,2,8,2,12,0,6,13
"mnhG",16,9,8,13,18,4,20,14,10,12,12,9,20,12,7,8,7,6,10,20,16,20,15,17
"mntH",12,2,12,5,11,6,2,10,8,5,4,5,11,6,21,14,2,5,20,16,6,6,8,4
"mntP",2,4,0,0,12,9,10,4,2,4,2,4,2,6,8,4,0,0,2,2,6,0,6,8
"moaA",386,363,247,287,529,461,447,421,350,394,347,393,353,360,365,366,298,623,465,401,421,457,405,489
"moaB",145,132,103,109,158,149,136,130,101,131,118,149,78,111,117,129,116,308,145,129,179,110,137,172
"moaC_",123,117,102,118,208,145,145,139,120,160,137,126,112,107,116,95,113,250,149,179,161,151,175,164
"mobA|pcpB|mhpA",48,34,27,40,39,34,41,40,31,32,28,32,27,20,38,32,39,34,36,30,36,50,52,64
"mocC",127,117,98,103,166,130,134,132,139,125,127,116,118,136,142,123,127,111,134,146,182,120,140,148
"mocR",185,125,110,119,227,210,165,170,167,212,158,127,148,147,188,177,117,1366,191,188,161,210,201,163
"modA",2,2,4,0,16,8,4,8,8,0,0,2,8,8,3,2,0,6,2,2,4,2,4,0
"modB",88,69,48,48,108,96,96,84,88,80,87,60,98,78,80,74,54,280,97,93,89,61,94,92
"modC",52,55,27,36,82,68,67,62,67,69,47,59,57,78,57,60,46,272,61,48,88,52,59,95
"moeA",269,294,200,240,389,334,310,280,272,302,252,237,213,272,307,235,177,614,328,304,348,319,341,340
"motA",116,92,102,103,121,111,95,95,102,134,89,108,111,108,87,121,72,88,116,126,131,86,120,122
"motB",142,131,131,107,183,198,167,164,134,164,132,101,157,122,171,166,149,164,140,188,206,171,160,227
"mpg|rfbM",32,28,18,20,36,26,37,42,26,34,28,22,22,20,27,22,18,23,30,32,54,32,36,32
"mpl",148,97,93,96,128,144,112,118,119,139,141,104,124,110,117,104,114,480,136,149,168,152,162,144
"mprF|fmtC",120,105,82,106,170,165,152,147,134,178,146,109,153,132,103,126,137,840,144,116,116,135,175,162
"mptB",16,12,8,6,19,12,12,14,10,14,17,20,16,16,24,8,8,10,12,16,14,16,6,26
"mqnA",57,61,57,53,77,86,73,88,33,86,48,68,65,68,80,58,58,38,74,77,109,66,65,65
"mqnB",38,27,17,28,48,49,31,33,28,33,45,29,33,37,24,28,22,22,22,27,31,26,33,60
"mqnC",83,69,62,60,125,89,99,101,67,85,80,69,67,78,57,60,107,74,108,69,107,120,85,115
"mqnD",33,29,18,22,54,28,18,34,28,29,38,23,18,30,30,24,37,24,30,47,35,38,24,41
"mqnE",75,50,45,64,55,71,64,70,55,78,69,52,56,42,44,28,68,53,78,74,82,71,72,92
"mqo",26,25,19,26,33,20,26,24,22,19,20,30,19,22,14,11,19,14,20,30,18,23,35,26
"mraY",457,401,341,299,591,455,453,498,509,560,470,413,408,378,467,410,394,757,478,463,483,456,485,553
"mrcA",636,575,386,488,778,690,662,650,542,756,636,579,608,623,577,597,540,1364,682,687,745,734,731,734
"mrcB",112,88,67,86,118,135,91,111,80,95,93,62,67,86,92,86,74,850,129,108,111,106,136,100
"mrdA",92,100,99,67,146,141,128,127,103,155,113,118,115,105,142,100,93,740,113,131,148,116,106,151
"mreB",1895,1773,1382,1416,2436,1941,1944,2064,1692,2000,1684,1767,1616,1786,1788,1563,1377,1502,1589,1555,1843,1656,1611,1844
"mrr",20,22,12,22,24,27,18,18,26,16,22,16,21,36,18,23,22,22,32,36,20,26,24,50
"mscK|kefA|aefA",150,106,83,66,178,115,130,147,145,137,131,119,99,122,135,89,107,120,122,128,150,146,186,137
"mscL",4,2,8,2,8,9,2,20,2,8,6,2,4,6,6,4,10,9,10,2,10,9,20,8
"mscS|yggB",51,36,27,47,74,56,62,50,37,47,37,42,34,47,58,55,39,308,39,34,67,43,42,56
"mshA",123,96,73,70,215,150,147,123,120,96,92,105,120,84,118,89,93,95,139,145,124,134,137,130
"msmE",220,165,157,132,199,223,178,209,176,199,195,172,165,150,264,162,189,136,180,290,238,226,231,266
"msmF",132,154,101,112,228,138,146,135,153,119,155,100,141,120,133,138,91,123,142,185,184,159,139,149
"msmG",193,168,116,152,255,174,143,206,136,174,161,185,151,122,166,130,151,130,218,276,203,206,198,212
"msmX|msmK|malK|sugC|ggtA|msiK",1189,1119,957,988,1421,1466,1288,1308,1127,1323,1158,1002,1062,1070,1126,1015,1087,1538,1440,1484,1438,1401,1435,1365
"msrA",252,183,143,146,289,192,205,209,151,187,188,161,167,182,201,163,143,411,249,223,255,258,196,240
"msrA|vmlR",6,4,0,2,18,8,4,8,7,3,4,2,14,12,3,4,6,10,6,4,2,4,2,2
"msrB",269,228,190,179,311,243,297,291,221,238,230,242,242,250,251,206,241,367,299,269,295,273,275,334
"msrP|yedY",74,68,62,76,117,92,88,94,77,98,93,87,83,63,83,78,86,382,89,87,87,83,85,99
"mtB",12,10,10,4,16,14,16,16,6,7,15,13,3,4,12,14,8,6,19,6,12,8,9,18
"mtaD",120,112,66,100,193,134,151,122,106,125,103,97,108,111,115,94,105,466,116,132,137,137,151,140
"mtgA",124,99,53,61,96,127,78,112,76,126,75,76,56,84,86,90,101,303,130,106,111,104,92,125
"mtlA|cmtA",6,6,2,6,22,20,6,12,2,6,2,10,16,12,13,8,2,2,10,8,4,12,6,6
"mtlK",10,8,3,6,6,9,6,8,5,5,6,5,3,6,12,10,10,12,10,10,12,5,6,24
"mucR",87,92,58,67,131,112,100,99,106,109,101,104,92,71,103,96,73,575,105,110,129,134,133,81
"mupP",32,43,27,18,50,61,53,44,32,47,30,29,37,24,29,22,39,269,32,34,34,52,70,37
"murA",819,816,629,517,1099,950,898,914,750,785,698,702,715,702,726,722,832,1065,880,952,966,943,905,1058
"murB",198,172,104,125,259,220,171,234,165,230,169,188,158,150,210,194,203,494,214,182,226,246,231,271
"murC",535,468,369,382,730,599,515,563,486,558,525,459,559,450,530,470,400,934,575,567,610,481,562,598
"murD",141,141,123,122,223,200,149,182,174,185,162,165,128,137,172,148,147,126,198,189,205,186,203,212
"murE",225,184,148,192,359,210,251,208,185,227,202,199,220,217,202,227,182,609,215,245,202,223,234,259
"murF",264,257,166,203,323,302,328,326,216,273,256,219,284,209,259,227,198,641,314,279,318,305,309,268
"murG",231,174,121,149,265,236,222,205,215,179,182,185,166,174,181,220,190,483,235,230,240,259,265,260
"murI",176,185,141,126,285,270,220,291,168,217,183,171,167,160,188,226,140,135,230,224,188,204,232,246
"murJ|mviN",135,162,96,90,191,137,134,147,111,155,170,119,146,96,134,116,99,571,188,154,182,173,189,167
"murQ",6,6,2,0,18,4,12,8,4,2,2,2,8,6,14,12,4,10,0,0,0,12,10,2
"murT",75,90,72,64,128,134,141,116,92,92,92,101,91,72,83,61,88,96,130,104,105,127,138,121
"murU",26,26,21,16,24,36,22,32,26,27,32,18,28,22,34,18,23,263,30,24,35,40,32,28
"nadA",275,221,231,183,341,211,235,272,254,252,301,256,234,236,239,262,234,203,206,322,248,222,248,339
"nadB",281,242,211,210,376,314,292,340,255,296,237,257,289,252,266,244,194,236,316,341,316,377,340,391
"nadC",107,98,70,95,121,112,109,115,83,109,108,82,111,95,93,85,85,342,81,93,120,114,106,139
"nadD",77,104,77,92,145,104,152,140,91,104,79,114,97,111,124,113,92,259,136,139,121,111,120,150
"nadE",200,198,135,129,213,193,166,203,151,192,162,130,170,177,162,151,129,120,213,186,208,180,198,187
"nadE2",221,173,108,116,249,244,193,209,197,256,175,198,135,154,165,149,177,650,189,224,205,188,250,274
"nadM2",32,35,28,45,36,36,52,42,22,42,38,46,44,34,33,38,34,356,30,26,20,42,50,52
"nadV",59,38,22,28,58,64,72,50,33,67,57,40,44,36,34,28,31,460,44,39,57,54,52,46
"nadX",5,8,0,2,8,14,2,8,0,8,3,8,4,2,10,4,4,6,2,6,10,6,9,2
"nagA",123,97,81,80,172,166,163,170,143,144,129,111,171,126,137,132,85,815,184,173,151,162,169,150
"nagB",91,61,77,57,107,87,80,106,72,72,104,80,105,89,76,96,87,71,123,146,111,88,95,100
"nagD",150,121,135,114,194,140,183,194,125,161,121,110,115,146,155,128,121,135,175,206,178,121,141,187
"nagK",134,128,99,102,177,136,127,189,119,175,120,122,150,140,136,120,119,631,168,176,173,150,140,154
"nagZ",107,104,88,79,157,125,120,138,113,126,108,120,100,107,101,95,103,411,116,156,151,128,150,143
"namA",27,22,19,26,60,35,44,31,43,53,37,25,30,31,41,32,25,41,31,37,36,24,42,31
"napA",121,151,71,94,172,153,134,141,149,184,124,161,148,136,145,158,126,103,156,138,155,205,112,138
"napC",20,17,10,11,17,27,16,22,24,21,18,16,22,14,20,12,13,18,20,22,24,18,14,26
"narG|narZ|nxrA",539,475,388,387,663,504,551,521,468,524,442,463,485,519,429,519,405,389,493,506,476,570,462,584
"narH|narY|nxrB",493,433,347,345,530,447,433,475,421,439,400,347,396,414,414,435,367,321,383,407,411,368,410,457
"narI|narV",50,41,54,22,66,59,77,49,47,41,36,33,71,50,39,25,39,25,37,75,42,40,50,47
"narK|nrtP|nrt|narU",169,129,89,79,183,135,120,171,129,140,126,107,104,127,130,105,110,447,132,160,161,109,131,147
"narL",22,16,16,14,26,22,16,28,4,18,14,18,26,12,26,24,15,14,40,30,28,14,22,15
"narP",12,12,4,12,8,8,6,21,6,8,14,10,4,6,14,8,9,13,14,12,6,12,10,19
"nasA|nasC|narB",232,212,181,185,340,265,241,322,232,249,248,189,239,241,237,203,259,995,251,283,238,256,304,258
"nasD|nrtC",169,170,116,164,202,214,196,152,201,190,195,153,157,153,216,140,170,175,175,164,244,223,212,278
"nasE|nrtB|cynB",217,206,162,194,235,261,259,186,242,258,244,150,166,185,208,182,186,177,304,235,234,299,328,241
"nasF|nrtA|cynA",151,144,118,96,158,149,152,135,228,194,194,133,169,140,138,150,152,145,191,145,165,154,132,161
"nasR|nasT",82,70,69,38,90,94,89,84,81,118,70,69,78,70,86,78,77,267,115,103,109,122,98,122
"nasS",60,72,50,56,74,82,69,88,58,69,57,59,54,50,68,82,56,361,98,89,82,66,68,65
"natA",126,129,102,107,212,177,171,194,127,143,161,133,163,103,152,138,125,355,170,133,155,155,162,138
"natB",62,40,52,35,90,74,69,73,71,77,65,71,70,48,45,82,55,361,74,90,80,70,91,96
"natC",39,37,28,18,57,51,69,54,30,45,26,24,62,49,50,28,40,22,38,39,59,74,39,58
"natD",63,35,24,40,68,57,80,50,60,51,50,36,66,35,59,33,47,27,64,50,54,64,52,83
"ncd2|npd|pnoA",251,249,170,167,290,289,254,295,251,313,248,206,206,222,241,240,207,516,263,208,268,304,292,307
"ndh",627,540,485,456,846,670,638,755,491,575,568,514,545,544,634,537,507,831,654,682,704,800,692,747
"ndhE",4,5,2,8,8,8,6,6,4,13,7,6,4,4,6,6,2,6,6,6,6,2,8,12
"ndhF",2,7,2,0,8,12,2,6,6,4,8,3,6,8,4,10,0,0,2,0,2,4,2,0
"ndhG",8,0,0,8,10,5,4,6,7,2,4,3,10,2,0,8,5,2,0,2,10,10,6,0
"ndk",346,280,240,258,424,355,286,339,310,343,267,246,273,326,304,260,299,403,367,359,349,377,311,333
"nemA",35,59,22,42,65,46,46,56,42,48,50,41,51,39,50,60,59,30,44,46,56,48,50,54
"nepI",10,22,18,10,15,14,22,14,15,13,15,14,14,16,10,12,17,23,30,16,16,17,15,14
"neuB|nnaB",26,15,26,20,22,30,28,36,28,35,20,36,29,20,34,33,25,13,38,25,26,30,25,38
"ngcE|ABC_NGC_S",61,54,40,41,81,65,49,58,36,86,30,49,49,60,44,44,46,44,83,77,64,71,52,61
"ngcF|ABC_NGC_P",28,18,28,28,39,40,18,25,41,20,26,19,18,18,22,16,38,26,44,59,35,45,34,46
"nhaA",149,154,117,124,250,140,165,163,137,156,131,104,114,131,129,105,138,483,182,129,190,153,145,169
"nhaC",2,2,0,0,18,8,2,6,6,2,2,0,4,2,8,6,0,2,0,0,1,2,0,2
"nhoA|yddI",28,21,24,16,20,20,42,26,22,36,28,25,34,19,14,16,20,291,24,16,36,26,16,16
"nicB",28,13,20,9,24,17,18,8,20,21,6,10,14,20,16,26,26,12,22,30,14,28,26,11
"nicC",22,26,14,16,26,18,12,10,12,12,18,13,12,30,28,22,12,18,26,32,22,16,24,36
"nicE",62,36,36,37,72,62,56,85,56,66,50,61,35,60,67,38,50,48,64,74,76,56,63,59
"nicR",20,24,6,18,24,12,30,14,32,22,10,22,24,22,14,22,10,18,12,12,18,16,24,24
"nifM|ppiC",32,31,18,36,46,32,36,42,26,34,31,29,41,34,34,49,24,27,26,38,40,40,28,48
"nifS|iscS",291,229,180,234,309,267,245,268,268,302,314,201,271,221,225,242,235,212,240,262,298,249,304,335
"nifU|iscU",71,71,51,64,108,79,74,71,109,109,82,73,94,78,125,72,71,65,96,80,86,51,79,83
"nirB",1024,878,747,700,1236,1018,980,1030,888,996,871,784,895,858,929,839,827,1664,1071,1140,1071,1087,1173,1201
"nirD",54,57,34,44,65,60,57,65,69,82,60,66,52,65,65,58,39,190,76,68,56,79,87,68
"nlpD",34,22,27,30,45,49,42,32,24,40,16,22,39,22,40,33,30,266,33,38,49,26,30,38
"nodE",27,26,26,24,36,36,38,19,33,18,17,14,20,22,28,22,17,17,36,20,16,28,22,30
"nodI",72,80,75,67,127,118,70,93,70,78,53,69,62,49,86,77,77,51,80,98,92,56,93,95
"nodJ",73,72,38,33,83,57,74,68,57,70,55,66,60,72,59,36,57,38,75,56,60,63,94,92
"nodT|ameC",34,30,12,12,38,18,24,26,24,21,20,22,24,14,20,18,14,31,20,15,22,40,38,20
"nodU",31,20,33,31,38,31,27,37,16,29,29,26,23,22,41,23,24,17,27,14,53,28,39,27
"norB",70,92,76,70,104,97,100,90,57,94,95,54,59,70,71,61,69,51,94,78,104,80,88,80
"norD",4,10,8,1,10,17,10,12,6,6,10,3,10,6,9,8,3,7,12,4,7,13,16,18
"norQ",38,43,27,19,40,36,43,21,30,40,34,13,20,39,21,33,32,18,27,34,33,40,28,25
"nosX|apbE|yojL|fmnB",52,37,32,33,62,42,52,44,48,40,40,36,38,33,32,34,18,277,42,34,46,30,40,60
"nosZ",18,17,18,24,32,29,20,21,15,24,14,26,18,24,35,28,27,18,18,20,24,17,30,14
"npdA",44,37,40,41,64,56,51,40,45,58,44,42,46,35,42,50,43,281,45,42,44,44,59,59
"nrdA|nrdE",1434,1341,1029,1036,1769,1522,1388,1439,1261,1448,1373,1190,1209,1144,1317,1263,1363,2789,1512,1482,1613,1456,1503,1545
"nrdB|nrdF",649,541,416,431,714,520,519,531,652,650,615,543,498,546,577,551,467,809,608,654,585,618,610,584
"nth",209,209,175,190,300,233,235,269,173,194,227,152,193,191,209,195,175,459,213,272,234,259,226,247
"nthA",54,64,62,41,81,62,39,54,61,63,46,47,47,57,49,70,47,45,38,50,57,62,59,49
"ntrA|rpoN",198,225,146,152,287,245,198,217,209,222,214,191,255,212,209,194,148,590,205,233,281,264,247,276
"ntrB|glnL",196,202,140,177,219,236,210,222,229,236,205,202,219,186,212,213,202,479,256,251,229,224,256,245
"ntrC|glnG",567,423,341,386,636,553,522,527,528,617,495,488,495,486,514,431,454,836,509,490,491,511,561,592
"ntrX",261,248,189,200,321,271,248,255,179,273,220,183,219,226,199,220,181,189,231,259,282,255,288,255
"ntrY",190,195,150,122,226,191,165,211,151,161,136,126,136,152,146,157,175,538,183,171,221,141,213,161
"nucA|ushA|yhcR|yfkN",94,84,53,62,159,115,118,90,111,102,83,77,94,84,104,94,70,370,120,97,128,123,114,138
"nudC",83,80,60,78,93,98,112,84,61,74,86,95,50,110,69,92,68,338,121,92,106,101,102,110
"nudE",34,30,28,18,58,21,26,34,29,31,34,18,26,38,40,22,38,223,36,38,54,45,52,42
"nudF",42,57,51,56,76,74,70,82,57,62,70,47,53,46,68,50,70,250,48,64,86,65,60,64
"nuoA",206,158,149,102,210,192,236,181,167,180,171,135,154,134,153,118,165,289,178,187,207,197,167,207
"nuoB",965,935,739,759,1211,1038,935,974,887,1005,880,912,837,875,841,814,828,920,918,904,1090,981,1029,1017
"nuoC",133,123,118,107,167,157,143,152,145,130,103,96,109,124,150,133,136,347,162,150,168,161,165,190
"nuoCD",12,16,16,2,4,11,8,8,6,8,13,10,10,16,14,12,22,0,9,2,6,16,6,13
"nuoD",1360,1203,950,957,1513,1337,1304,1389,1371,1536,1272,1274,1182,1168,1364,1197,1270,1494,1298,1376,1497,1458,1530,1518
"nuoE",138,125,105,118,159,136,139,147,166,173,147,119,139,141,133,128,137,331,168,156,164,193,181,183
"nuoF",916,907,716,641,1113,948,870,920,879,1034,900,819,868,790,859,810,781,1243,925,995,939,955,939,1039
"nuoG",504,494,384,375,716,557,484,585,424,487,493,496,449,478,435,456,443,1178,580,584,540,585,601,586
"nuoH",645,584,486,541,825,705,643,692,558,710,541,547,560,546,598,540,578,907,622,716,792,728,734,761
"nuoI",647,575,468,493,818,673,654,686,609,719,615,592,602,565,630,579,515,676,605,627,653,674,674,690
"nuoJ",258,185,164,172,320,235,213,265,221,281,225,215,152,214,198,164,211,400,245,263,283,268,287,314
"nuoK",365,330,251,315,447,354,325,386,361,430,354,394,341,336,320,322,309,428,338,427,385,326,369,381
"nuoL",542,465,409,464,639,644,591,645,485,612,513,437,543,461,495,498,504,1067,628,612,613,649,614,675
"nuoM",745,659,556,642,1002,680,811,776,676,755,780,698,635,681,705,631,684,901,822,832,873,828,817,887
"nuoN",527,459,397,381,674,579,614,534,497,596,498,457,474,447,553,470,541,926,584,580,717,584,606,688
"nupA|yufO",582,595,458,481,775,686,629,646,523,578,481,525,544,519,499,450,486,454,661,627,622,644,610,648
"nupB|yufP",215,202,156,144,312,244,256,248,241,270,212,151,219,177,187,199,259,201,268,238,289,254,281,300
"nupC|yufQ",329,305,259,265,417,376,332,342,329,318,268,291,290,316,347,286,245,270,343,423,437,414,426,405
"occM|nocM",21,22,10,20,38,13,10,22,8,30,11,8,17,12,20,20,12,11,14,19,14,26,20,20
"occP|nocP",34,32,28,13,36,22,15,29,20,38,25,22,22,28,20,22,26,31,12,30,52,38,25,50
"occQ|nocQ",33,34,15,15,37,48,52,41,30,26,32,26,26,40,34,20,20,37,26,30,38,28,32,58
"occT|nocT",55,51,42,50,58,64,67,83,80,70,52,43,37,62,61,54,58,69,61,50,77,82,56,70
"ohrB|osmC|ohr|ykzA",205,155,126,142,222,219,173,166,187,193,168,154,218,166,194,136,151,477,155,171,187,187,180,222
"ohrR",107,85,65,41,127,81,91,100,60,92,73,69,82,62,66,86,67,243,111,90,88,69,100,80
"oiaK",28,17,20,16,43,37,29,24,28,29,28,34,20,18,30,24,18,16,20,14,36,22,22,28
"olsB",8,10,6,10,2,4,6,6,11,9,8,4,6,6,6,5,17,17,4,9,17,12,11,10
"ompA_ompF_porin|oprF",156,153,83,102,172,196,167,177,141,157,138,107,132,139,121,147,86,1189,170,152,187,156,136,197
"ompR",111,95,109,70,148,123,99,108,140,124,138,91,120,119,92,103,86,101,100,117,122,122,119,116
"ompW|yciD",22,40,18,28,46,48,42,40,25,33,24,36,40,26,44,40,38,463,32,40,63,50,25,52
"opaA|pepQ",165,157,171,138,238,163,228,178,140,196,148,191,150,157,147,165,131,944,179,194,215,184,192,220
"oppA|mppA",182,153,123,120,250,215,216,201,192,215,154,195,197,162,216,195,155,726,239,200,208,231,239,208
"oppB",147,96,82,84,179,147,137,142,120,140,146,78,126,125,118,107,115,352,127,135,153,122,154,155
"oppC",122,124,76,90,181,146,135,120,115,113,134,104,120,111,135,147,109,393,127,146,149,148,145,137
"oppD",185,156,164,142,292,243,181,213,157,186,164,163,163,167,139,181,185,113,188,164,195,190,185,170
"oppF",95,82,74,89,143,119,99,120,103,101,70,92,72,107,105,105,93,72,107,124,117,101,100,127
"oprN",68,83,53,67,127,83,80,71,83,96,74,77,62,100,75,84,79,435,81,80,74,105,96,108
"oprO",204,129,128,121,285,195,171,213,170,208,167,183,181,159,188,138,142,1649,229,204,195,200,229,212
"opsX",54,48,34,30,56,56,63,50,63,41,43,24,61,40,48,57,40,400,52,63,60,62,49,64
"opuA|osmV|yehX",59,24,29,41,88,54,43,54,35,56,45,45,45,44,48,24,48,49,52,66,64,51,80,58
"opuBD|yehW",201,204,124,119,255,197,209,237,181,189,143,170,189,159,192,165,129,153,236,198,202,209,223,224
"opuC|yehZ",126,135,86,73,144,116,120,162,117,136,88,97,153,92,129,113,115,108,132,156,147,176,146,162
"opuD|ytfQ",2,2,2,4,12,12,8,4,0,6,0,0,8,10,4,8,0,0,4,2,0,6,2,0
"oqxA",75,64,57,59,89,93,77,81,106,112,73,70,88,68,81,74,67,513,92,92,122,103,120,82
"oqxB",525,569,398,361,695,660,579,599,497,628,565,451,521,480,535,462,460,2406,648,643,660,636,690,661
"osmY",10,2,10,8,26,9,18,8,22,24,14,12,20,18,10,18,16,146,6,24,16,18,10,12
"otnC|ygbL",55,50,45,43,57,46,50,44,46,31,67,41,61,32,53,33,59,71,58,47,69,50,52,75
"otnI|ygbM",37,52,27,32,74,49,52,58,52,45,61,44,51,53,40,30,45,41,55,55,67,52,58,53
"otnK|ygbK",2,0,0,0,0,2,7,4,2,0,0,2,0,0,0,2,0,3,0,2,0,2,5,3
"otsA",178,123,111,117,170,166,152,137,160,131,159,147,116,135,141,105,113,139,152,132,174,116,158,186
"otsB",26,41,22,24,72,64,42,46,29,30,22,30,16,26,42,26,29,39,35,45,37,66,24,45
"oxc",282,272,182,190,356,266,230,277,280,288,245,234,299,206,261,230,237,216,215,246,262,226,291,331
"oxlT",14,10,6,13,22,22,6,12,6,9,18,17,18,10,6,6,8,18,16,10,18,6,16,11
"oxyF",34,17,8,23,42,32,41,27,16,40,22,16,30,25,31,13,34,26,50,42,40,40,44,44
"oxyR",131,143,94,82,190,121,168,154,138,161,126,135,130,117,126,119,100,436,160,157,176,138,152,203
"paaA",219,245,186,227,349,330,277,316,217,290,203,221,214,232,276,204,187,220,264,290,264,305,249,297
"paaB",171,185,96,139,235,184,168,185,124,172,144,149,157,151,135,132,125,108,155,171,180,145,160,170
"paaC",30,26,21,19,50,23,22,34,29,30,25,20,26,14,30,22,25,24,52,32,20,26,22,40
"paaE",18,24,8,12,34,10,12,16,15,10,16,11,10,16,16,20,12,12,26,22,20,10,8,18
"paaF|echA",587,504,377,395,704,605,536,583,535,639,482,486,514,527,504,510,426,443,556,625,545,629,545,601
"paaG",56,51,57,58,103,82,61,63,49,60,52,50,92,61,81,70,42,52,89,67,75,59,70,81
"paaH|hbd|fadB|mmgB",317,302,204,215,408,351,334,354,257,328,250,265,222,227,273,246,431,500,1838,1511,1787,1697,1656,1746
"paaI",20,12,16,16,9,23,20,21,18,29,9,12,13,12,17,19,14,7,10,12,29,11,10,9
"paaK",83,69,65,61,111,96,67,78,44,98,79,60,65,52,83,80,53,52,117,67,97,97,87,95
"paaX",24,28,15,26,38,39,28,34,30,27,18,36,32,34,36,22,20,16,30,44,31,62,34,57
"paaZ",157,141,127,108,212,211,192,153,142,143,121,129,142,156,121,153,119,107,122,128,143,152,127,176
"pabA",42,57,27,36,74,74,49,89,31,63,39,53,44,59,50,59,46,71,65,74,87,66,70,72
"pabAB",81,74,48,57,124,97,56,95,64,90,83,73,83,61,64,71,62,700,80,75,81,80,87,80
"pabC",38,30,22,25,48,32,20,36,28,42,24,22,30,34,20,18,19,266,36,28,32,54,48,26
"pac",205,198,175,160,273,244,225,242,178,234,250,191,202,207,206,226,171,2278,280,227,271,263,259,281
"paiA",58,38,34,32,58,38,58,48,36,52,28,30,28,56,40,42,34,421,42,52,46,44,64,48
"paiB|yumE",25,20,14,12,36,40,32,21,24,21,18,16,22,18,18,9,19,177,22,28,26,36,28,24
"panB",437,460,303,287,567,545,461,495,374,453,379,360,362,378,410,337,379,593,463,491,540,503,484,487
"panC",67,65,75,36,113,90,80,96,66,106,68,58,77,86,69,87,62,326,130,80,116,107,77,102
"panD",150,120,92,93,159,155,158,149,142,163,147,116,114,120,117,119,95,229,184,165,137,154,162,176
"panE|apbA",46,57,38,30,66,47,48,64,50,47,39,46,40,54,59,59,49,29,59,55,50,62,48,42
"panS|yocS|ybaS",94,56,76,55,115,81,82,89,56,78,58,64,60,59,84,48,59,313,68,86,72,50,80,100
"parB|spo0J|yyaA",218,210,128,150,198,220,207,207,195,217,216,208,174,196,227,187,188,402,270,267,258,253,245,245
"parC",240,234,198,194,363,291,240,262,222,316,233,264,286,216,220,227,250,903,290,310,334,329,342,376
"parE",550,429,366,383,585,446,460,472,514,613,524,425,468,494,450,436,480,1053,481,555,584,587,570,572
"patD|prr|ydcW",102,133,112,117,194,149,114,136,155,158,169,130,164,135,124,158,139,131,135,170,192,178,159,163
"pbpA",8,6,2,2,2,4,4,3,2,2,4,0,4,2,2,2,4,0,2,2,0,6,2,4
"pbpC",322,312,241,211,442,370,336,284,292,260,286,217,317,275,300,312,255,1622,298,336,342,367,337,363
"pbpH",8,4,0,4,28,12,14,6,2,4,10,2,16,4,10,7,0,10,4,2,2,8,0,4
"pbrB|pbrC",105,89,63,84,132,123,120,128,109,116,76,95,133,101,94,96,104,295,133,103,111,133,128,144
"pbuG|azgA|ghxP|ghxQ|adeQ",336,324,226,284,475,432,383,386,332,343,319,302,313,318,397,344,276,818,373,421,480,417,358,462
"pcaB",158,145,92,111,145,112,156,146,136,165,168,111,98,126,138,117,108,101,158,142,143,148,147,134
"pcaC",31,31,16,29,40,47,48,38,26,26,20,15,38,34,36,38,24,29,50,36,47,42,53,34
"pcaD|catD",62,48,51,52,101,64,60,50,46,87,57,64,52,40,56,62,51,367,40,41,82,64,67,88
"pcaG",22,24,17,20,36,27,10,25,17,19,33,22,23,21,25,18,22,17,18,24,36,20,40,36
"pcaH",46,43,40,32,62,62,49,57,51,75,45,37,34,38,37,49,34,51,58,54,54,72,41,57
"pcaJ",34,64,37,22,56,46,34,47,52,32,41,15,31,55,60,42,37,42,57,53,46,58,50,70
"pccA",297,238,187,197,274,266,272,239,276,355,285,230,263,250,247,235,279,220,263,267,217,260,292,246
"pccB",1073,924,766,756,1316,1137,965,1066,924,1061,965,838,891,896,927,779,902,742,1006,1044,1129,926,1012,1164
"pckA",603,560,469,491,777,709,651,692,580,709,618,537,525,558,531,541,462,1049,638,645,674,637,662,686
"pcoB|copB",42,32,20,20,28,32,36,56,43,32,20,20,33,30,22,28,26,349,32,37,26,40,42,36
"pcrB",8,0,0,0,23,6,8,8,4,2,2,7,5,10,6,6,2,12,2,10,8,2,4,6
"pcs",40,42,36,30,58,57,42,46,34,33,52,45,48,38,46,50,60,45,37,86,87,67,69,84
"pct",140,139,115,128,166,151,134,155,108,170,152,140,132,144,157,121,124,145,138,171,194,152,203,197
"pdaD|aaxB",10,18,23,13,8,13,2,2,4,16,12,12,28,12,12,8,2,2,4,10,12,6,8,16
"pda|pgdA",85,64,43,65,107,84,73,74,71,53,82,64,79,74,61,67,80,64,103,91,76,77,80,103
"pdhA",178,158,116,99,204,139,145,162,143,165,103,161,100,112,131,125,131,97,132,155,173,134,149,148
"pdhB",313,294,205,224,348,265,278,335,328,361,275,272,289,270,306,272,232,214,303,317,347,276,260,322
"pdxA",109,95,86,61,144,114,118,106,93,93,83,103,103,100,106,95,66,384,107,132,144,96,107,111
"pdxA2",8,24,40,24,34,37,22,24,17,29,28,16,17,21,9,24,18,28,28,26,14,20,29,33
"pdxH",120,105,79,59,100,101,92,91,115,118,91,84,78,87,110,74,88,280,111,101,112,126,142,110
"pdxJ",87,71,58,46,68,57,89,74,56,68,68,77,60,66,47,73,63,308,79,81,64,74,80,76
"pdxK|pdxY",40,47,22,35,37,52,38,40,54,43,44,36,34,36,72,27,33,27,33,36,44,48,48,36
"pdxS|pdx1|yaaD",522,599,438,475,860,659,623,728,511,538,465,514,526,516,597,553,435,416,566,636,606,573,526,638
"pdxT|pdx2|yaaE",57,58,51,51,82,79,104,85,52,78,63,63,61,43,76,56,58,52,68,71,73,86,61,97
"pel|plyB",2,2,0,0,12,6,8,8,4,2,8,4,8,6,8,4,2,2,6,0,2,2,4,10
"penP",123,112,59,72,152,147,106,138,128,144,114,99,108,141,87,139,95,423,122,101,134,145,146,165
"pepF|pepB",257,171,178,159,261,227,178,215,201,218,200,162,244,162,210,222,198,190,194,244,283,219,250,266
"pepP",160,222,144,145,263,297,224,287,212,267,182,186,229,207,229,158,204,642,221,288,314,260,290,319
"pepS|ampP|ampT",34,26,30,14,33,26,31,20,34,28,22,23,18,22,30,28,22,26,32,30,36,44,27,38
"pepT",99,109,87,102,203,149,143,145,145,130,122,122,116,112,123,137,109,83,120,128,128,121,115,132
"perP",22,32,30,20,22,23,32,34,24,40,23,24,24,22,18,13,27,12,12,30,44,30,19,26
"petA",98,110,76,81,115,93,101,96,100,161,109,117,129,111,122,88,131,330,116,117,128,111,117,132
"petB",188,217,141,125,238,192,164,202,195,210,191,154,183,182,180,196,206,523,241,253,272,246,239,281
"petC",105,91,94,76,116,107,113,91,115,138,127,83,94,128,99,96,116,352,118,105,115,107,155,138
"pfkA",6,0,2,0,4,2,4,4,6,0,0,0,0,2,0,0,6,24,4,0,2,6,6,2
"pfk|pfp",471,418,313,338,607,515,488,570,450,520,388,449,453,449,511,455,454,778,543,558,580,550,579,536
"pflD|ybiW|tdcE",110,111,78,78,121,74,108,100,98,118,96,106,87,81,117,86,102,89,107,91,129,101,127,98
"pfp",152,87,82,88,167,103,127,144,139,141,157,121,148,122,120,88,94,61,135,100,128,143,98,127
"pgaA",67,39,38,64,93,76,80,86,70,54,64,34,64,52,50,76,36,594,76,55,54,58,89,68
"pgaB",72,66,62,48,97,81,68,74,68,80,55,86,86,52,49,59,36,592,90,74,90,62,94,106
"pgaC|icaA",68,83,39,37,88,102,77,63,62,63,66,73,66,64,50,68,54,772,121,92,92,66,88,82
"pgi",556,485,368,417,657,593,533,567,492,550,418,387,511,481,493,431,415,884,518,510,523,492,527,584
"pgk",565,515,359,389,705,584,585,613,524,601,537,495,552,444,533,495,467,803,628,548,650,627,599,650
"pgm",475,371,338,341,579,534,498,551,349,463,392,340,448,401,423,413,397,377,464,513,455,425,492,510
"pgpC",48,15,20,20,52,34,35,30,18,27,20,22,28,22,42,28,32,282,42,28,62,36,37,44
"pgsA",196,157,127,116,219,175,157,171,147,187,152,149,128,167,145,151,172,131,204,169,176,216,182,182
"pgsA|PGS1",105,94,69,81,133,103,122,174,112,101,97,92,117,97,108,76,131,436,128,105,151,172,141,127
"phaA",35,28,19,30,52,38,44,34,30,42,43,41,51,37,30,37,35,38,47,52,36,46,43,50
"phaE",35,30,28,42,65,62,44,42,51,45,36,34,33,28,44,36,36,420,38,50,77,42,35,56
"phbB|phaB",352,291,252,232,419,346,368,316,300,364,272,312,334,259,346,255,252,871,348,331,332,312,345,398
"phbC|phaC",107,96,74,88,148,137,92,158,111,136,96,86,82,121,108,94,121,460,124,144,131,126,149,181
"phhA",108,131,62,86,136,108,92,113,106,143,108,100,105,124,103,100,153,370,101,130,153,121,170,195
"phnA|yjdM",6,4,4,0,5,10,4,7,7,4,14,2,6,8,2,6,14,124,6,6,14,6,10,12
"phnB|yjdN",86,55,56,50,89,83,62,58,81,64,72,50,69,75,52,45,58,361,77,37,74,89,82,95
"phnC",78,73,48,44,74,71,61,44,56,72,54,63,71,62,86,42,54,65,50,73,48,40,61,74
"phnD",57,46,42,51,73,84,66,60,57,63,59,53,58,47,40,44,80,401,67,88,86,87,85,84
"phnE",8,8,2,8,16,14,10,14,26,12,8,19,14,16,22,10,15,36,15,32,18,10,10,24
"phnI",87,81,62,48,105,94,57,101,67,90,83,53,66,69,85,76,92,85,71,126,92,82,100,115
"phnJ",61,66,68,42,92,88,45,64,64,63,101,51,75,57,59,54,61,93,71,87,109,88,87,84
"phnK",30,19,12,22,29,25,12,24,26,29,14,26,10,12,20,17,26,32,26,44,34,40,38,43
"phnL",60,49,56,28,61,60,57,56,46,58,50,53,51,45,44,41,85,63,40,93,82,74,89,72
"phnM",66,74,62,44,89,76,85,70,63,81,79,64,71,66,67,52,81,75,61,82,69,85,62,63
"phnN",10,17,4,3,22,16,6,23,7,12,6,15,18,12,8,15,6,10,6,12,4,14,4,2
"phnP",21,17,27,18,30,18,24,28,30,20,18,28,14,19,15,30,10,22,28,44,20,22,18,22
"phnS",17,10,20,16,36,18,21,18,17,14,30,16,8,8,12,12,11,12,29,27,22,24,23,16
"phnY",40,31,31,33,55,45,32,40,56,30,42,46,29,38,35,38,17,26,38,39,38,40,40,30
"phoA",94,85,111,48,153,142,130,79,80,117,101,79,89,65,90,76,65,604,86,127,99,109,120,107
"phoB",460,411,280,283,623,448,412,454,440,511,443,465,419,389,417,377,322,572,461,477,497,458,453,512
"phoD",202,206,175,125,287,264,233,207,172,202,189,170,217,194,176,208,158,628,241,233,233,195,226,263
"phoE",0,0,0,0,9,0,0,2,2,0,0,0,0,6,2,0,0,0,0,0,0,2,0,4
"phoH",500,446,341,389,574,554,502,524,499,563,447,455,428,422,500,441,469,771,522,514,534,571,510,539
"phoP",63,66,52,65,74,99,64,70,71,84,77,63,78,88,48,62,60,496,79,86,110,87,115,78
"phoQ",83,101,58,76,106,79,86,84,75,71,75,79,79,76,96,74,77,464,77,64,117,80,111,94
"phoR",148,143,125,103,218,177,170,190,129,140,139,134,153,157,140,126,162,501,155,158,190,165,172,181
"phoU|phoY",326,301,180,231,406,349,341,318,323,374,316,268,295,294,289,259,315,502,320,385,371,408,384,394
"pht3",12,8,4,2,18,8,8,14,6,4,16,0,2,10,12,10,12,8,2,12,4,4,10,11
"pht4",13,12,2,5,2,4,2,4,4,2,0,2,6,0,4,2,6,2,4,4,8,6,2,6
"phyR",69,56,50,28,104,74,60,71,55,80,55,75,85,50,74,72,56,49,104,62,94,70,76,73
"phy|phyA|phyB|phyC",47,54,54,36,79,93,68,58,51,76,52,52,54,50,64,57,40,343,116,71,66,131,91,58
"phzA_B",14,2,6,2,10,10,12,6,4,6,2,14,14,14,14,8,12,183,4,5,14,6,12,8
"phzD",24,22,10,12,24,36,16,28,20,22,10,16,18,20,20,16,9,264,30,26,15,18,18,22
"phzE",52,76,42,46,84,82,80,64,73,94,56,43,74,67,77,61,48,661,82,82,62,92,67,83
"phzF|yddE",68,65,52,43,74,81,70,70,58,42,52,44,71,66,53,39,49,343,65,54,68,78,55,86
"phzG",6,16,8,6,18,12,12,14,10,8,10,14,8,12,14,10,4,285,4,10,20,6,14,10
"phzS",36,32,26,36,56,38,60,48,28,52,50,40,35,32,48,37,27,335,40,34,42,36,60,64
"pilA",38,45,28,44,84,73,68,50,62,44,39,46,50,59,69,60,53,254,71,28,60,47,55,39
"pilB",224,203,145,163,239,216,161,179,199,219,171,183,171,160,220,160,231,705,156,193,216,202,198,246
"pilC",171,105,95,118,189,123,121,115,151,171,143,138,142,146,143,120,116,523,197,141,141,156,179,173
"pilD",37,31,34,16,48,39,33,34,32,36,24,26,33,32,42,35,40,316,54,47,59,34,28,40
"pilF",28,22,11,6,33,26,28,32,22,20,14,18,16,10,30,35,21,291,42,33,25,16,14,36
"pilG",98,57,40,71,76,74,74,86,87,79,95,113,81,75,84,77,89,224,71,63,80,89,95,106
"pilH",100,82,80,84,92,73,79,96,111,138,111,87,69,106,87,72,80,304,79,92,93,116,110,115
"pilI",20,30,15,12,50,36,22,44,36,36,24,34,36,29,26,28,34,238,36,36,47,53,38,49
"pilJ",108,114,90,90,118,147,95,149,104,151,103,81,125,96,144,116,96,760,113,144,157,128,159,137
"pilM",121,148,80,95,163,134,100,131,145,167,150,132,111,158,146,149,123,493,178,106,137,149,142,132
"pilN",32,32,26,36,44,46,34,40,31,34,38,38,30,26,27,30,26,251,37,36,44,31,30,49
"pilO",16,19,12,18,48,32,30,30,41,26,34,26,30,29,34,44,23,232,49,47,23,48,32,41
"pilP",35,16,6,17,28,19,24,21,27,28,15,22,21,22,18,18,13,241,17,31,23,22,17,32
"pilQ",119,99,77,90,158,140,124,141,124,116,116,105,84,118,103,106,94,758,111,91,130,135,106,128
"pilR|pehR",190,148,113,136,232,206,176,167,207,221,175,150,178,142,218,149,175,581,160,184,188,184,235,263
"pilS|pehS",82,68,49,54,90,84,94,53,67,64,70,77,66,70,64,72,72,531,80,73,86,96,87,103
"pilT",443,459,330,345,590,502,428,445,550,616,566,442,424,400,470,403,435,744,530,369,507,437,564,492
"pilU",393,284,317,262,452,414,303,363,371,497,406,355,342,317,362,297,362,1143,424,379,499,440,463,453
"pilX",8,3,4,8,6,19,6,4,2,6,8,2,2,4,4,2,4,184,6,12,4,4,6,14
"pilZ",14,14,18,4,32,12,14,11,4,18,20,20,10,18,8,8,6,137,18,20,28,18,22,12
"pimA",97,80,66,92,116,105,124,128,89,98,98,91,96,90,94,115,82,404,116,132,130,129,140,108
"pimB",72,47,38,55,73,62,66,80,44,65,43,47,69,64,55,40,56,65,64,45,65,83,62,88
"pimC",22,25,24,14,56,25,37,64,11,24,19,26,20,21,28,44,42,26,44,52,40,48,28,42
"plc",175,143,110,106,203,226,154,197,141,200,138,136,191,147,149,150,124,1485,227,187,194,198,207,215
"pld",126,97,92,94,215,132,168,132,125,127,120,129,91,107,126,106,100,116,185,185,151,186,192,162
"pldA",44,50,33,36,62,48,48,58,51,36,20,32,40,28,47,38,32,405,53,46,67,42,62,32
"pldB",97,100,100,88,160,130,128,91,79,114,102,66,108,84,71,96,60,67,162,98,107,129,99,118
"pleC",74,100,55,46,91,99,82,93,77,78,71,59,66,58,65,65,85,85,88,94,126,90,95,89
"pleD",90,104,58,80,122,102,94,88,90,103,100,106,93,88,118,82,56,402,102,106,106,128,119,100
"plsB",158,101,112,93,198,133,160,153,144,184,143,102,147,140,145,108,138,1032,178,150,181,184,192,208
"plsC",277,292,220,222,371,283,310,315,225,286,249,225,209,224,294,230,230,476,358,315,335,360,335,353
"plsX",62,54,38,56,49,49,66,50,38,55,58,42,57,35,32,56,51,40,66,76,85,75,54,71
"plsY",86,84,64,62,110,88,73,84,57,62,72,51,68,70,65,48,51,202,80,73,66,77,91,91
"pmm_pgm",291,220,217,195,384,294,241,256,208,323,255,251,252,278,273,242,204,1014,283,338,296,311,342,284
"pmrA",6,10,8,8,24,11,25,17,9,2,4,7,2,11,4,15,5,5,6,8,9,6,7,13
"pmrB",60,46,25,42,52,73,70,72,36,58,27,31,54,46,52,50,36,370,46,50,40,60,62,56
"pmtA",98,100,71,84,133,143,110,76,87,107,69,74,69,78,64,87,89,255,100,80,95,107,119,110
"pnbA",78,72,54,40,98,66,48,75,34,90,69,70,59,68,85,60,71,36,68,66,76,102,86,121
"pncA",55,33,36,42,65,67,53,68,39,53,45,22,42,61,37,46,32,44,75,52,63,51,61,46
"pncB",314,256,175,228,357,311,358,345,250,310,262,252,244,252,235,274,212,216,351,268,341,350,340,369
"pncC",2,6,7,8,4,8,10,5,0,6,0,7,2,5,4,4,0,2,8,4,4,2,8,5
"pncC2",51,45,60,41,62,64,43,44,52,46,67,52,44,64,42,39,29,214,50,46,85,48,52,60
"pntA",638,546,484,420,790,640,699,693,574,659,577,526,557,583,621,527,475,985,624,662,680,648,676,692
"pntB",731,687,520,492,946,723,747,756,647,753,645,634,662,539,687,553,563,946,699,794,784,658,800,852
"pobA",66,46,64,48,53,65,61,59,47,47,78,52,61,46,68,60,51,70,66,59,96,74,62,82
"polS|sorD",32,21,18,18,38,31,12,25,19,26,20,18,24,24,20,14,23,17,24,30,38,38,30,37
"porA",170,154,106,149,207,148,126,214,138,221,141,170,124,98,120,120,88,67,131,111,101,91,114,106
"porB",131,119,102,124,140,128,113,95,119,144,122,133,108,106,104,87,89,61,79,81,85,97,99,114
"porC|porG",78,57,53,53,74,73,83,55,68,92,73,73,61,60,70,48,54,57,72,65,55,66,58,56
"porD",6,14,8,13,0,16,17,6,3,8,11,8,9,11,9,10,4,4,6,6,8,14,14,14
"potA",62,45,57,53,83,93,80,88,62,73,49,67,53,76,72,59,59,43,56,61,72,61,73,64
"potB",225,187,149,144,250,195,181,220,177,221,190,181,166,158,197,169,102,134,234,191,201,183,186,233
"potC",77,63,70,80,143,85,82,89,73,69,57,81,71,84,65,89,61,58,96,80,82,106,77,83
"potD",34,18,14,17,18,14,18,18,12,22,18,14,8,19,14,18,19,17,28,32,22,24,19,24
"potF",126,69,55,67,100,111,67,97,88,97,85,62,98,96,91,67,69,473,112,126,132,101,113,118
"potG",130,105,84,103,169,145,142,123,88,105,108,79,111,105,99,96,112,461,161,116,141,80,131,98
"potH",70,85,66,34,101,95,81,85,89,75,82,58,74,86,79,70,77,369,108,63,92,100,70,84
"potI",76,94,47,58,104,72,118,112,99,76,105,69,65,54,86,86,86,319,92,86,97,93,103,90
"poxB",56,52,42,65,96,76,93,94,50,59,58,53,71,62,68,56,57,41,47,58,59,48,67,63
"ppa",324,345,275,217,378,407,336,323,289,283,283,259,313,273,296,259,211,474,325,338,374,320,305,380
"ppa|prpA",76,66,46,45,91,91,59,101,65,67,64,46,64,52,54,55,48,42,83,86,102,65,89,56
"ppc",442,368,281,337,544,439,476,469,419,460,443,408,413,365,433,344,377,1204,458,453,452,535,485,468
"ppdK",891,810,687,664,1080,1011,892,964,824,954,876,796,791,784,892,831,684,730,917,794,989,846,901,1061
"ppgS",28,20,26,38,44,24,41,45,19,29,29,26,12,26,22,20,23,19,25,46,29,28,30,24
"ppiA",168,114,84,83,171,131,113,142,114,123,118,75,112,134,84,120,105,73,133,135,128,108,125,136
"ppiB",86,69,88,72,98,83,69,85,107,74,105,57,73,70,82,62,103,262,57,97,91,72,100,130
"ppk",884,844,700,663,1156,902,958,990,768,892,810,809,809,747,764,800,777,1343,938,984,937,898,1067,1047
"ppk2",265,178,147,157,300,226,229,216,170,238,142,187,191,187,190,183,200,441,244,194,225,225,215,268
"ppkA",112,82,81,92,141,124,134,94,114,86,101,104,70,92,92,92,75,644,113,109,108,97,87,142
"ppnK",182,155,128,151,238,221,214,230,164,202,149,167,180,195,176,144,161,428,223,206,176,211,216,238
"ppnN|ygdH",172,143,99,129,159,160,134,114,140,187,111,139,115,110,137,141,156,512,153,189,224,138,169,198
"ppsA|fenC",12,14,2,4,53,36,22,18,16,6,12,8,20,17,29,22,7,12,4,6,10,10,14,14
"ppsB|fenD",0,4,2,2,8,9,6,10,0,4,2,2,10,23,14,10,4,6,8,14,8,14,2,8
"ppsC|fenE",8,4,2,6,26,12,12,12,6,2,4,8,14,12,2,8,4,6,12,2,11,1,10,2
"ppsD|fenA",4,2,2,2,20,12,16,12,0,4,4,2,12,12,8,0,4,0,6,2,2,10,8,8
"pps|ppsA",210,193,173,151,267,205,188,227,211,203,183,180,178,173,212,220,196,934,218,218,285,240,247,230
"ppx|ppx_gppA",238,199,164,123,285,243,227,218,188,241,174,211,186,209,234,183,191,649,244,215,267,273,254,234
"pqqB|pqqG",69,53,28,45,68,63,68,44,56,58,42,39,63,50,60,44,22,337,46,38,70,57,72,74
"pqqC",137,154,87,113,188,145,128,156,128,149,134,96,138,106,153,140,109,607,138,129,184,132,162,141
"pqqD",31,26,26,27,31,32,27,46,17,36,31,28,12,22,22,39,17,140,38,44,44,41,23,33
"pqqE",114,63,83,104,96,116,82,127,72,109,82,94,80,74,109,72,101,448,120,114,120,99,102,136
"pqqL|yddC",525,476,318,360,676,588,603,548,498,570,492,510,491,445,469,489,341,2720,514,512,655,534,584,653
"praC|xylH",29,33,26,30,48,40,35,38,36,34,38,42,43,26,24,35,35,155,48,40,48,33,41,36
"prc|ctpA",696,635,478,461,891,699,655,748,715,773,642,538,585,642,686,622,595,1656,705,724,883,669,715,782
"prdF",42,55,40,40,84,54,56,69,72,54,60,53,48,41,55,48,48,55,89,70,73,64,69,94
"preA",150,136,112,103,139,177,138,150,142,171,125,141,120,112,150,139,138,133,167,155,192,155,158,158
"preT",22,18,12,5,16,11,10,22,22,32,29,16,18,20,14,16,16,14,26,34,38,16,28,23
"prhR|fecR",94,142,68,125,179,180,180,131,121,126,116,142,124,116,144,107,69,1006,138,120,145,118,157,146
"prkA|yeaG",440,361,285,324,452,433,392,363,429,489,418,361,450,393,426,388,403,315,403,353,411,428,379,418
"prkB|cbbP",64,69,52,55,58,64,70,74,63,70,77,51,56,41,53,56,58,51,70,72,88,67,70,88
"prlC",34,41,48,53,67,46,63,50,65,70,51,43,54,42,48,35,49,44,80,49,81,65,76,54
"proA",370,422,294,347,534,388,446,481,388,401,420,284,378,315,380,370,351,651,435,421,466,463,503,443
"proB",456,362,284,313,568,520,477,532,446,531,455,374,438,430,469,416,428,688,503,468,509,521,496,423
"proC",291,272,223,215,449,348,329,399,281,305,278,216,289,266,294,290,265,473,328,296,391,337,336,304
"proP",197,205,117,134,253,221,176,224,164,172,155,168,183,142,172,175,162,114,196,202,226,220,198,228
"prpB",181,160,140,127,232,223,217,182,195,239,200,152,176,152,183,199,176,476,170,214,200,189,226,215
"prpC",160,162,102,139,254,208,163,156,226,244,199,176,173,145,194,131,151,525,198,157,230,204,201,208
"prpE",174,141,127,128,218,199,186,193,201,180,160,147,146,176,214,152,167,766,226,203,234,197,225,266
"prsA",684,644,472,491,857,657,732,756,644,708,642,602,575,631,630,608,635,851,698,677,720,660,681,796
"prtC",70,62,24,48,70,64,61,76,61,52,60,42,58,70,64,53,48,44,59,38,74,70,73,82
"prx3",69,56,61,40,72,72,42,67,50,79,67,60,44,49,39,56,22,210,46,63,68,66,50,69
"psd|PISD",169,119,103,137,156,139,144,169,134,158,157,149,125,128,107,143,127,412,175,170,197,157,147,158
"pslA",35,42,57,37,86,69,64,81,59,50,59,51,40,35,66,52,55,450,59,69,66,54,66,81
"pslE",38,50,38,22,52,37,48,48,58,42,40,52,58,20,42,58,35,422,54,26,52,56,62,64
"pslI",40,34,20,48,66,43,46,56,40,48,40,48,46,24,36,54,44,405,54,50,52,30,42,50
"pspA",194,160,130,124,237,187,229,188,165,197,192,181,187,180,173,175,183,719,197,236,228,251,209,213
"pstA",287,312,231,214,353,339,321,336,295,313,263,276,282,307,270,267,261,552,302,324,351,311,269,357
"pstB|phoT",522,423,320,306,578,467,394,412,432,495,398,390,394,400,369,430,442,679,488,523,472,482,485,500
"pstC|phoW",301,285,205,219,359,339,257,271,278,258,291,240,221,251,268,206,233,508,300,292,340,297,322,311
"pstS|phoS",225,195,131,174,297,284,247,259,229,270,196,218,195,202,163,177,259,1293,266,296,293,287,281,287
"psuG",124,113,94,104,200,170,159,146,169,159,120,90,105,110,130,135,128,130,139,140,159,173,135,144
"psuK|yeiI",38,26,8,18,24,11,16,22,32,18,14,8,14,12,10,8,12,15,12,26,9,25,22,19
"pta",337,293,266,215,363,328,401,337,267,389,287,287,268,252,283,274,336,269,353,315,345,347,329,371
"ptrB",326,295,224,229,402,323,306,298,309,342,350,237,299,257,296,265,322,908,319,354,442,388,334,413
"ptsG|glcA|glcB",0,0,0,0,2,4,0,3,0,0,4,0,0,0,0,0,2,0,0,0,0,3,2,0
"ptsH",129,121,78,75,138,120,117,132,120,136,117,66,90,61,113,104,96,231,107,105,160,130,102,136
"ptsI",248,214,161,180,331,301,255,268,223,278,214,209,237,215,184,250,210,705,330,305,274,288,281,309
"ptsN",19,16,16,36,33,24,30,30,16,16,17,22,20,42,32,19,19,196,32,36,36,26,47,30
"ptsP",357,261,209,265,374,326,303,352,330,276,274,257,258,278,298,279,241,251,322,322,357,303,364,404
"pucG",4,4,6,0,18,14,4,4,0,2,0,8,10,4,8,6,2,8,6,4,12,8,10,4
"punA",178,129,124,125,219,173,148,178,134,157,119,121,158,113,149,139,124,108,172,189,214,188,154,205
"puo",10,8,5,5,2,8,8,11,2,3,6,4,3,2,2,2,8,11,10,14,6,4,6,4
"purA",961,861,662,670,1209,986,1019,966,777,971,899,841,826,808,959,845,812,1183,957,894,1060,889,1046,1120
"purB",577,540,458,444,761,636,592,703,591,716,583,581,630,592,596,542,539,960,621,747,630,638,662,705
"purC",556,525,348,357,698,522,475,505,422,551,476,473,449,454,457,396,481,770,529,567,582,563,570,592
"purD",297,303,208,191,380,326,269,301,303,318,324,221,276,274,274,212,213,613,324,284,351,311,328,327
"purE",295,199,152,194,305,262,280,271,234,286,243,229,206,215,225,180,219,369,270,219,281,261,292,272
"purF",1389,1200,932,907,1749,1540,1265,1325,1315,1289,1279,1164,1128,1199,1202,1023,1111,1419,1321,1411,1561,1396,1370,1517
"purH",550,604,440,409,709,617,622,678,617,679,619,480,564,562,558,536,518,929,674,660,668,598,639,642
"purK",248,188,187,167,319,273,296,245,198,220,240,188,198,179,209,195,186,495,246,255,226,302,299,317
"purL",993,1046,784,762,1386,1157,1147,1157,1004,1142,942,855,917,917,1000,956,845,2021,1056,1080,1143,1071,1080,1165
"purM",582,534,387,470,747,536,578,559,574,639,535,491,538,517,535,538,539,895,626,605,624,504,615,722
"purN",127,119,73,98,201,138,131,172,131,162,164,119,139,120,148,138,99,323,146,145,168,159,155,161
"purQ",226,177,133,131,214,179,192,247,172,152,148,144,167,132,168,219,162,182,215,241,241,242,232,245
"purS",93,106,78,49,114,128,87,117,101,103,101,91,78,65,105,91,63,64,122,91,105,98,108,123
"purT",156,155,94,151,236,188,213,213,183,188,194,147,156,162,135,175,160,496,213,191,203,186,173,219
"purU",245,186,183,192,292,241,202,270,195,190,230,175,198,169,197,198,252,205,232,226,261,255,275,317
"putA",433,413,310,322,595,449,424,461,411,523,429,360,371,406,445,367,453,1382,455,477,554,532,589,507
"putE",16,20,5,16,22,16,14,7,10,18,10,16,8,24,15,14,6,15,15,24,8,8,8,11
"putative_alginate_lyase",2,2,3,2,3,2,4,2,6,2,0,2,2,0,9,4,3,0,1,2,0,4,0,2
"putative_arabinofuranosidase",44,33,26,26,27,51,32,40,27,25,20,21,24,22,18,34,37,35,56,56,63,50,68,50
"putative_chitinase",50,43,47,56,66,76,47,58,54,38,58,50,44,50,78,42,42,580,52,42,48,56,48,74
"putative_fosB",30,29,26,22,21,48,44,34,38,38,43,26,28,18,31,20,16,185,31,30,42,28,22,28
"putative_saccharopine_dehydrogenase",26,24,34,14,18,40,18,28,21,22,20,20,22,26,26,22,8,249,32,16,20,14,30,26
"putative_transposase",942,837,645,676,1245,1048,995,983,954,1119,914,829,907,874,1019,922,813,748,1104,1041,1003,981,996,1043
"puuB|ordL",46,42,30,25,58,49,48,51,39,45,38,24,36,31,30,42,25,457,44,48,64,50,64,52
"puuC|ordL",126,125,76,82,156,137,128,144,101,124,125,111,101,99,125,101,99,110,128,147,161,135,145,196
"puuE",150,117,101,106,187,137,140,166,103,136,121,100,142,121,101,93,107,107,140,125,185,216,186,192
"pvdE",45,51,36,54,111,52,66,50,56,51,51,40,58,52,45,74,43,551,67,66,66,72,73,71
"pyc",1306,1174,956,915,1547,1346,1305,1364,1190,1238,1207,973,1017,1094,1104,1081,1141,1064,1252,1450,1304,1266,1332,1442
"pycA",31,37,14,19,45,34,27,18,32,29,39,22,22,30,32,30,14,24,47,22,46,22,31,31
"pydC",191,142,122,113,205,192,147,153,149,158,165,121,168,161,153,150,124,123,152,158,163,149,187,186
"pyk",881,846,663,671,1170,897,899,922,779,928,858,695,759,827,799,704,744,1024,975,1013,983,1049,992,1052
"pyrB",723,593,511,468,900,891,680,791,720,790,739,651,673,652,680,622,635,855,721,770,731,746,775,773
"pyrC",642,618,473,432,852,715,636,664,595,669,537,501,572,619,575,599,532,880,735,771,782,692,714,716
"pyrD",178,153,120,131,276,196,181,187,158,187,140,158,148,163,162,129,176,475,194,245,201,223,240,201
"pyrDI",0,0,0,4,10,4,4,8,0,0,0,0,6,3,6,8,4,6,0,2,6,2,2,4
"pyrE",212,179,124,178,257,227,227,216,199,228,185,183,194,150,167,192,165,370,265,237,229,220,255,244
"pyrF",157,120,95,103,177,181,154,138,121,165,120,121,88,120,111,123,145,358,167,134,195,163,177,160
"pyrG",1551,1429,1079,1125,1891,1499,1516,1603,1391,1563,1250,1205,1289,1295,1339,1338,1239,1535,1440,1400,1561,1439,1490,1598
"pyrH",612,518,375,430,723,640,631,619,542,635,557,501,499,535,481,467,458,713,567,603,607,622,624,626
"qor",163,182,104,124,248,188,167,180,148,196,181,135,151,137,189,168,141,386,190,204,181,160,190,187
"qseF|glrR",71,66,44,44,100,64,68,50,67,81,56,84,52,91,90,58,44,449,80,50,67,80,71,72
"qse|glrK",22,36,14,22,46,40,40,31,18,28,38,30,34,23,29,39,40,20,26,37,32,32,39,43
"queA",96,120,79,74,177,114,109,107,91,126,120,85,116,90,107,117,100,410,96,158,120,140,118,141
"radA",587,588,478,441,801,717,604,655,603,684,624,541,593,532,578,577,541,873,550,649,660,631,640,654
"rapA|spo0L",4,6,8,2,22,8,6,10,2,10,0,6,10,14,12,1,2,2,10,8,2,10,8,6
"rapK",8,2,12,16,15,18,14,20,6,16,14,2,14,16,6,14,12,6,30,16,4,16,18,2
"rarD",23,20,25,20,62,46,54,43,47,43,52,26,52,18,54,42,35,329,44,42,36,54,42,35
"raxB|cvaB",144,111,65,68,162,120,156,128,97,116,101,114,132,131,121,98,79,772,136,118,121,137,160,111
"rbcL|cbbL",68,44,47,47,72,60,46,71,68,67,55,46,46,43,38,30,69,75,71,81,88,55,80,89
"rbcS|cbbS",20,30,7,15,23,19,22,27,20,26,11,20,22,18,12,16,11,29,16,28,14,26,26,34
"rbsA",827,652,583,611,939,813,784,825,657,890,757,647,729,662,795,760,647,641,877,864,918,815,800,902
"rbsA|mglA",129,108,85,83,135,152,106,141,118,152,178,103,106,114,149,142,152,141,169,170,191,146,194,199
"rbsB",907,812,600,605,1094,1008,938,925,885,929,708,784,809,742,814,791,711,790,939,1009,1036,994,1014,1046
"rbsB|mocB|mglB",57,53,42,43,66,76,46,51,76,77,38,64,44,66,58,71,50,61,60,77,58,86,68,100
"rbsC",993,860,702,848,1353,1150,1083,1073,987,1065,972,835,909,961,1052,868,877,805,1199,1142,1157,1200,1214,1362
"rbsC|mglC",16,16,7,2,17,4,6,2,8,10,12,4,12,4,4,8,9,15,18,18,10,22,12,10
"rbsD",0,0,2,0,0,2,6,0,2,0,0,2,6,4,2,1,2,2,0,4,2,2,2,0
"rbsK",224,218,141,164,273,251,244,243,154,234,177,154,176,182,212,192,165,940,267,222,234,231,198,252
"rbtD",43,55,28,39,62,44,46,58,63,58,66,38,46,53,77,60,55,49,66,66,62,48,52,41
"rbtK",30,25,17,18,50,35,27,18,36,21,28,23,30,27,26,22,27,20,42,35,35,30,30,23
"rcnA",82,70,66,62,109,98,82,107,95,83,70,118,70,99,97,92,72,66,84,77,76,126,113,92
"rdgB",48,39,22,28,75,47,75,66,31,48,36,37,45,52,42,52,51,277,70,74,55,61,72,61
"recA",1293,1176,953,966,1565,1344,1182,1351,1129,1313,1242,1081,1012,1044,1211,1074,957,1232,1201,1239,1332,1188,1238,1262
"recX",56,70,38,48,91,71,70,63,65,67,66,56,90,61,66,58,53,367,74,85,90,66,84,96
"regA|regR|actR",207,134,133,123,194,182,220,183,152,189,166,145,149,162,162,144,164,668,184,187,178,206,168,195
"regB|regS|actS",146,138,99,99,212,171,143,158,130,155,128,150,148,138,130,148,115,780,162,164,149,129,180,176
"regX3",215,263,189,190,309,298,293,289,210,258,199,256,210,194,219,207,184,167,252,268,279,258,242,261
"relA",123,114,68,101,168,149,125,170,107,140,137,84,116,127,146,132,117,736,152,117,158,158,165,151
"resE",0,0,0,0,0,0,2,0,0,0,0,0,3,8,0,0,0,2,2,0,2,0,0,0
"rfbA|rmlA|rffH",213,212,171,151,292,221,244,206,206,287,199,223,190,231,193,210,196,512,252,262,233,274,229,317
"rfbB|rmlB|rffG",216,228,167,183,329,274,236,257,283,340,268,229,262,232,288,224,210,605,246,243,233,259,295,310
"rfbC|rmlC",28,41,20,52,69,52,44,41,33,41,44,44,32,47,40,32,59,235,49,40,49,65,67,62
"rfbD|rmlD",24,45,22,26,50,59,52,46,36,62,36,34,25,31,36,18,30,267,38,28,46,40,44,34
"rfbF",48,37,35,29,56,53,63,54,37,40,33,38,68,40,53,37,54,47,36,52,57,56,56,57
"rfbF|rhlC",58,57,34,40,92,88,90,82,65,104,62,74,64,38,46,82,54,644,68,63,68,82,88,90
"rhaA",231,211,148,224,284,261,253,246,209,287,207,189,223,184,215,231,212,197,268,293,239,260,282,264
"rhaM|rhaU|yiiL",28,22,27,30,42,41,33,43,28,40,35,40,31,34,21,26,29,41,32,30,53,48,48,60
"rhaP",111,79,87,76,95,130,110,136,129,116,110,95,77,103,116,125,91,74,102,98,102,109,125,135
"rhaQ",114,122,89,104,152,147,144,135,108,128,124,98,103,129,116,98,98,94,120,167,127,145,170,150
"rhaS",144,157,100,98,206,169,160,174,124,150,148,144,147,103,137,157,120,115,174,191,173,192,113,159
"rhaT",93,75,60,61,97,128,102,78,74,82,75,76,67,86,87,75,84,67,94,92,98,84,77,94
"rhlE",453,429,316,288,550,452,470,451,462,537,480,410,501,431,469,412,469,802,507,517,445,515,509,512
"ribA",34,22,34,26,43,36,52,31,22,37,21,41,24,42,51,28,26,16,32,24,26,26,45,38
"ribBA",659,663,462,505,933,726,753,749,626,690,559,555,583,587,626,601,536,878,694,708,744,724,723,753
"ribD",61,42,38,47,87,46,69,65,53,53,74,56,66,42,68,37,30,402,48,78,82,84,92,62
"ribE|RIB5|ribC",104,81,54,65,127,121,94,93,78,118,57,72,88,96,68,82,72,320,79,97,139,98,82,121
"ribF",212,163,175,200,263,281,236,209,240,223,185,136,195,192,238,180,202,495,205,251,260,235,234,300
"ribH|RIB4",136,137,98,94,182,137,147,131,140,127,135,117,122,114,120,119,120,259,146,147,151,180,161,158
"ribT",4,0,2,2,8,2,4,4,2,2,2,6,0,4,4,0,0,0,0,0,4,8,0,2
"ridA|tdcF",62,53,26,56,68,41,70,82,45,65,49,51,78,64,60,78,52,361,65,64,75,49,68,76
"rlpA",200,139,120,157,219,198,187,168,165,185,156,134,155,178,169,165,152,587,173,183,201,192,194,163
"rnfB|rsxB",22,19,22,12,32,27,12,17,30,27,26,22,16,19,10,18,21,156,23,30,38,26,22,20
"rocF",106,81,70,73,142,111,93,101,86,94,96,102,92,97,88,86,74,712,113,92,118,122,120,135
"rpe|cbbE",329,400,238,191,445,392,390,354,282,397,339,302,295,296,347,283,338,516,345,367,361,370,407,355
"rpfC",92,93,60,64,144,124,108,98,76,131,105,89,104,73,91,85,83,687,121,89,110,106,91,127
"rpfF",22,32,24,20,39,20,25,44,18,24,25,44,39,20,29,26,36,302,37,34,38,37,26,39
"rpfG",48,37,27,31,38,42,39,44,30,38,35,32,30,28,35,38,32,367,36,32,38,68,55,44
"rpiA",90,76,49,72,106,84,82,84,86,108,91,93,85,102,65,59,72,271,88,89,115,122,109,116
"rpiB",46,38,35,37,70,78,54,75,69,66,42,51,35,52,57,53,48,55,68,84,57,88,59,60
"rpmEB",271,228,165,176,334,237,270,261,209,221,181,202,179,195,181,182,188,251,273,270,230,251,237,274
"rpoE|sigW",691,646,491,514,906,722,695,688,587,624,574,510,576,560,560,553,610,729,767,643,739,808,720,775
"rpoS",77,69,39,43,115,77,71,75,55,72,67,66,76,52,59,84,62,44,80,48,77,66,63,80
"rsbRD|yqhA",89,60,51,73,81,100,64,67,47,63,48,47,67,54,85,81,49,43,58,70,68,63,60,66
"rsbV",61,64,43,48,94,72,40,65,46,47,51,64,59,62,50,43,79,47,63,75,78,59,79,77
"rsbW",31,27,16,18,52,26,35,36,31,26,19,27,12,15,18,13,18,16,52,18,22,38,17,31
"rsbX",4,0,0,2,7,4,4,2,4,2,2,0,2,4,4,2,0,0,2,0,4,4,12,6
"rseP",87,119,66,73,124,124,96,108,96,104,93,88,88,86,117,97,96,478,106,87,104,112,113,99
"rsgA|engC",203,174,133,112,197,176,200,244,164,158,144,186,141,132,173,149,158,501,204,167,227,188,187,207
"rspA|manD",30,32,19,33,36,27,27,31,19,26,22,35,33,19,9,31,27,21,33,39,46,22,39,29
"rutB",18,22,20,16,18,19,16,28,14,21,20,25,33,14,24,21,34,16,30,18,29,20,45,20
"rutD",40,18,10,12,28,26,26,34,20,30,24,15,34,28,40,21,35,27,40,24,36,44,27,31
"rutE|ycdI",44,34,37,32,53,34,46,49,40,57,25,39,56,34,48,34,23,250,72,45,47,54,52,65
"sacA",14,12,16,16,30,27,16,28,18,20,24,8,14,18,24,12,14,13,12,14,22,26,20,28
"sacB",2,2,0,2,4,2,5,4,0,2,0,2,4,8,2,2,0,2,0,2,0,0,0,2
"sacC|levB",12,6,4,2,40,18,14,14,12,2,6,6,10,24,10,14,4,7,6,2,8,8,24,10
"sadC",58,45,47,56,76,79,66,60,55,51,65,52,58,46,56,77,66,356,79,50,99,86,72,89
"sat|met3",4,2,8,6,16,18,16,8,2,4,7,4,11,8,6,6,6,4,6,6,8,10,8,4
"sbp",164,164,107,145,257,228,148,188,191,211,191,172,209,151,182,154,153,465,170,161,141,196,198,173
"sbpA",85,90,79,62,111,87,90,89,64,80,61,75,58,70,86,62,131,80,97,109,125,124,98,109
"scoA",464,499,359,374,638,498,512,532,408,561,434,443,404,399,470,389,427,681,427,539,437,515,513,506
"scoB",465,403,348,341,594,434,448,532,394,450,397,363,406,386,451,402,401,561,494,487,489,426,474,480
"scrA|sacP|sacX|ptsS",18,12,8,6,36,24,18,14,10,14,8,12,28,14,25,21,12,0,16,8,6,20,15,16
"scrK",78,71,73,82,118,76,102,99,76,108,78,58,78,76,58,80,65,412,105,71,78,117,94,104
"sdaA|sdaB|tdcG",423,353,259,294,466,481,392,431,383,432,351,293,378,359,356,389,373,807,434,511,514,416,519,512
"sdhA|frdA",1709,1569,1200,1313,1997,1790,1657,1823,1530,1770,1519,1413,1518,1392,1549,1388,1519,2087,1750,1838,1768,1732,1906,1902
"sdhB|frdB",862,812,636,589,1052,818,803,844,720,944,848,739,745,765,806,703,650,956,906,887,847,852,880,955
"sdhC|frdC",135,115,63,104,160,145,117,145,112,133,111,107,104,107,94,121,117,203,141,127,142,130,124,144
"sdhD|frdD",18,15,17,9,24,25,30,20,31,32,37,25,24,16,29,25,20,174,16,28,28,31,28,26
"secA",1200,1133,865,906,1467,1304,1145,1259,1102,1236,1113,1115,1090,1021,1059,1058,1008,1925,1156,1276,1221,1248,1339,1373
"secB",30,23,20,15,38,28,36,36,24,27,25,16,35,16,32,32,27,189,38,12,29,32,32,35
"secD",255,238,203,189,362,303,287,301,197,320,254,241,265,207,217,268,215,830,297,319,325,275,272,322
"secDF",236,170,136,106,245,198,179,201,185,189,148,168,202,163,238,170,147,155,202,202,223,206,216,202
"secE",48,49,36,22,43,44,42,42,47,40,33,36,32,43,46,28,65,162,62,61,65,52,48,60
"secF",182,167,138,135,217,175,219,187,156,230,139,155,180,161,193,184,158,491,210,189,250,210,221,215
"secG",87,77,55,55,124,78,92,62,69,94,59,53,99,53,74,56,72,268,102,88,79,82,72,76
"secY",1189,1063,805,785,1419,1107,1027,1171,1006,1136,1099,925,928,952,1079,868,936,1386,1040,1181,1174,1051,1197,1259
"senX3",17,24,20,14,25,20,15,15,38,34,34,23,18,36,17,19,33,16,34,27,18,35,22,35
"serA",1045,985,753,834,1452,1142,1186,1251,1002,1122,918,944,923,943,937,883,839,1236,1255,1069,1164,1151,1022,1223
"serC|pdxF",580,572,416,475,767,714,575,693,530,657,497,525,558,568,574,512,506,833,570,781,740,630,617,672
"sfnG",20,13,22,19,29,24,17,22,16,24,18,18,20,16,17,18,14,18,30,25,22,23,26,22
"sfsA",23,34,14,13,38,42,42,38,12,32,34,34,26,25,36,26,26,22,28,28,23,36,38,30
"sgaA",31,30,22,19,32,16,26,40,30,35,29,29,31,24,39,37,32,27,41,30,29,32,31,54
"shc",102,86,85,103,151,179,112,132,118,131,134,126,77,112,107,118,87,114,153,149,189,155,161,182
"shiA",36,24,24,26,38,44,34,23,31,24,30,22,30,28,36,28,20,26,48,32,16,36,30,36
"sigH|sigG|sigF|sigE",4,0,4,0,14,9,10,4,0,0,2,2,6,6,8,5,2,6,0,0,2,4,5,2
"sigM|rpoE",228,236,183,197,322,321,303,347,213,245,175,235,235,203,243,199,247,218,348,340,336,320,353,285
"sinI|avsI",19,9,6,10,12,15,4,24,6,18,2,12,12,10,9,10,9,8,14,11,18,6,16,26
"sinR|raiR|avsR",0,1,2,0,2,4,2,0,0,0,4,2,0,2,2,0,2,4,0,2,6,6,4,12
"sir",183,187,149,139,215,214,201,238,170,192,153,157,154,152,136,124,150,161,238,187,199,245,209,206
"sirA|ylnD|cysG|cobA",54,60,55,49,75,80,76,74,50,72,39,54,58,32,54,77,70,332,70,64,80,88,78,79
"sirB",4,0,0,2,10,10,0,2,2,4,0,2,2,4,2,4,2,4,2,6,4,4,4,6
"sitA",29,24,13,14,28,23,24,32,33,28,30,20,19,15,30,20,17,14,23,36,22,17,25,26
"sitB",22,13,5,28,28,28,18,33,27,25,21,28,21,24,23,20,24,19,20,36,25,38,19,24
"sitD",46,35,24,24,55,34,42,48,22,44,26,35,48,40,44,34,26,23,58,54,66,59,50,62
"slp|yeaY",18,14,10,18,21,20,20,20,26,11,22,29,18,23,14,10,10,179,24,22,34,24,21,24
"slt",170,164,117,126,201,206,194,172,156,202,164,141,182,167,151,142,196,752,194,226,215,199,222,236
"slyB",33,22,22,4,38,18,22,12,12,19,17,49,24,6,14,16,18,150,20,20,26,28,20,12
"smoE|mtlE",94,76,92,62,105,102,116,83,96,115,96,72,88,52,82,84,121,109,110,127,124,124,118,147
"smoF|mtlF",114,95,79,110,164,106,139,120,131,120,124,83,101,127,107,111,122,113,136,144,113,128,126,115
"smoG|mtlG",194,197,123,173,247,193,242,206,207,212,207,173,148,158,211,212,185,191,201,234,219,210,222,253
"smpB",314,227,241,200,324,303,272,268,205,297,286,223,249,263,219,235,236,418,278,291,309,262,278,297
"smvA|qacA|lfrA",36,48,14,27,38,47,54,39,29,29,47,35,30,32,35,40,36,35,38,42,42,26,28,36
"sodC|sod1",24,22,15,32,31,16,18,32,39,34,36,34,21,26,30,17,24,174,16,25,56,30,28,34
"sodN",175,107,139,128,192,121,128,131,115,112,104,118,130,132,154,126,122,103,163,150,151,151,147,173
"soeA",203,189,134,155,316,277,237,243,249,293,247,226,227,226,280,191,234,1041,236,305,324,288,311,325
"soeB",69,84,74,46,73,80,90,82,85,82,67,57,86,93,83,68,87,302,69,64,94,84,88,105
"sorbD",82,48,44,45,88,67,56,59,42,71,60,47,50,60,55,80,69,47,65,68,77,55,59,88
"soxA",61,45,80,52,101,71,72,62,60,88,65,64,77,67,59,66,77,80,80,75,119,87,66,92
"soxA|solA",103,101,41,79,131,122,133,119,63,93,72,76,98,78,87,82,73,79,106,119,113,110,128,139
"soxB_",89,77,37,49,93,100,67,94,71,94,76,68,72,73,109,75,74,74,88,101,130,98,87,101
"soxR",63,52,49,31,66,57,51,98,57,44,47,46,49,41,43,52,46,168,66,63,77,85,73,95
"soxZ",20,8,14,6,18,26,18,20,20,5,11,15,18,2,14,12,22,9,20,22,18,28,9,10
"speA",111,129,73,102,217,151,131,151,114,146,107,104,115,111,150,123,144,671,126,129,203,137,189,187
"speB",148,160,118,137,190,146,137,139,133,124,97,112,127,115,140,145,122,101,169,148,149,148,137,174
"speC|speF|ODC1",181,153,80,97,125,117,143,130,144,113,121,116,114,123,141,136,131,130,149,164,145,159,168,195
"speD",71,48,48,43,92,72,74,75,63,84,77,66,59,50,68,68,78,322,74,76,115,104,101,101
"speE|SRM|SPEC_3|SPSD",95,89,74,78,145,135,100,110,97,125,79,82,80,90,92,78,106,328,113,100,131,152,111,155
"speG",14,22,14,16,24,20,12,16,18,29,6,18,12,4,24,12,4,210,14,4,18,32,16,16
"spo0F",0,2,0,0,2,0,0,2,2,0,0,0,0,0,0,2,0,2,0,0,0,0,2,0
"spo0M",17,28,22,10,42,32,27,18,22,26,20,26,26,35,16,10,23,35,16,39,26,28,48,32
"spoIIAA",0,0,0,0,12,0,5,0,0,2,0,0,6,2,2,2,0,0,2,0,0,2,2,0
"spoIIAB",0,2,1,2,4,6,2,2,2,0,2,0,3,0,6,0,4,0,0,0,0,4,0,2
"spoIIE",8,4,14,10,40,28,23,26,10,26,8,10,12,24,20,35,12,10,22,6,12,14,12,16
"spoIIGA",6,2,2,0,20,10,4,6,4,0,0,2,4,12,2,2,2,2,4,14,0,2,8,4
"spoIIIAA",4,2,2,2,18,6,12,14,6,6,4,6,4,12,12,5,10,4,4,2,2,10,6,6
"spoIIIAB",0,0,0,0,8,2,0,0,0,0,0,0,0,7,0,4,0,0,0,0,0,2,0,0
"spoIIIAE",8,0,2,12,9,22,16,16,4,12,8,8,8,12,14,4,12,2,12,10,2,14,12,2
"spoIIIAF",0,0,0,2,4,0,2,0,0,0,0,0,0,0,0,0,0,0,0,2,2,0,0,0
"spoIIM",0,2,2,2,14,6,2,2,0,0,0,0,1,2,5,0,0,0,6,0,0,4,2,0
"spoIIQ",2,4,2,2,8,6,8,4,2,2,0,6,6,10,4,4,2,0,10,4,2,2,0,4
"spoT",1350,1257,935,1065,1642,1400,1303,1296,1144,1338,1194,1022,1111,1114,1146,1151,1149,1953,1432,1497,1380,1374,1371,1402
"spoVAE",0,2,0,2,9,4,6,2,0,0,2,0,4,6,0,8,2,0,0,4,2,4,2,2
"spoVAF",4,4,2,8,26,10,18,6,0,0,6,4,8,12,10,10,2,2,7,4,4,10,8,4
"spoVG",4,2,0,0,4,4,0,4,0,0,4,0,10,0,6,2,0,6,4,0,6,2,0,0
"spoVID",8,8,0,2,37,12,18,18,6,8,6,8,21,18,16,4,0,0,6,4,6,14,6,8
"spoVK",51,50,40,41,82,58,49,48,35,58,51,44,57,63,50,55,59,34,36,66,62,56,73,75
"spoVR",14,12,6,2,18,10,10,14,10,20,8,10,12,18,16,4,6,24,22,18,14,30,18,26
"spuC",54,49,46,65,76,89,74,65,59,73,84,52,49,56,72,64,54,54,60,52,70,70,89,100
"sqdB",22,16,28,8,29,20,16,22,20,14,30,14,16,21,33,23,38,31,18,24,22,37,39,47
"srfAA|lchAA",40,32,17,18,116,101,60,53,26,41,23,62,83,51,57,74,21,31,34,26,44,54,44,48
"srfAB|lchAB",8,2,4,2,14,12,8,12,2,14,8,4,18,19,14,2,2,2,10,0,0,10,14,6
"srfAC|lchAC",20,16,10,2,46,37,16,10,16,8,14,10,26,40,36,20,18,10,10,10,17,18,26,16
"srfATE|srfAD|lchAD",0,6,0,10,8,6,10,6,6,4,0,4,14,12,4,6,2,4,6,2,4,8,6,6
"srlA",35,37,34,39,49,32,37,50,24,40,33,38,39,10,30,32,41,28,42,60,50,41,28,49
"srtA",14,7,16,15,16,14,12,18,7,22,27,13,16,12,24,11,15,12,24,26,30,30,22,13
"sseA",364,406,314,289,450,421,429,463,341,389,330,315,336,388,326,337,330,525,394,466,469,349,366,391
"sspD",0,0,0,0,2,0,2,0,0,0,0,2,4,0,4,0,0,0,0,0,0,2,0,2
"ssp|pspB|pspA|ssph1|ssph2",195,221,130,150,293,260,228,248,212,196,204,162,196,156,198,188,154,1972,201,214,254,247,218,240
"ssuA",147,105,74,105,168,106,100,138,126,134,95,114,104,138,102,97,98,91,159,106,126,97,131,125
"ssuB",72,67,43,54,75,73,57,53,67,71,62,52,55,50,75,47,60,55,88,75,102,87,64,75
"ssuC",0,4,8,10,10,8,12,6,2,6,6,9,10,11,4,12,2,10,8,8,18,6,4,10
"ssuD",75,44,53,36,70,76,57,54,64,83,60,59,58,40,88,67,75,36,82,72,81,77,71,102
"sthA",91,95,56,56,87,103,107,85,71,81,62,64,82,90,78,66,71,89,93,120,96,108,100,115
"strB",28,33,23,19,44,36,56,36,22,52,33,22,22,28,46,41,14,247,18,26,34,34,56,33
"sucA",772,588,449,457,784,649,616,669,702,773,677,581,621,586,693,613,659,1500,698,814,775,681,858,751
"sucB",504,370,340,298,511,448,388,501,446,489,440,346,383,415,438,420,348,693,410,425,514,467,447,536
"sucC",817,679,519,572,859,696,709,768,793,811,819,569,665,654,752,731,599,999,741,742,716,754,778,716
"sucD",975,840,701,749,1205,852,910,950,997,994,961,803,928,883,937,812,812,1113,916,981,985,977,1026,997
"sufS",429,353,285,315,460,509,425,423,325,376,399,283,280,264,386,311,317,669,417,355,432,404,413,473
"sugE",49,32,39,24,56,62,39,58,40,64,39,44,65,46,50,33,28,236,42,44,82,49,46,76
"suhB",326,277,210,229,362,360,300,324,266,353,326,239,244,305,284,263,290,551,363,347,408,325,365,348
"surA",90,76,47,52,80,93,93,61,50,71,49,60,56,69,67,82,70,445,68,104,71,86,89,79
"surE",88,60,63,69,113,106,128,92,68,91,93,92,73,82,86,76,105,320,83,105,119,94,128,93
"suyA",28,34,19,33,61,40,47,45,34,20,33,34,32,28,22,20,32,22,28,45,36,43,29,46
"suyB",55,33,43,28,65,55,35,45,32,38,28,20,37,53,26,46,28,18,30,33,49,32,45,41
"swrC|yerP",155,156,103,122,191,185,142,142,138,133,129,108,127,90,126,122,102,103,158,160,142,158,167,178
"sylA",36,32,14,23,42,33,24,32,22,38,25,17,28,26,42,27,21,25,28,32,30,35,30,30
"tadB",45,30,31,50,68,26,42,20,26,36,35,48,36,40,37,40,33,23,55,16,48,44,42,40
"tadC",103,91,68,82,89,77,70,98,86,77,86,60,101,87,79,57,58,72,120,110,124,85,98,105
"tagG",52,59,43,26,78,71,58,70,43,52,42,41,44,64,60,38,44,44,85,94,91,86,68,96
"tagH",86,79,58,70,95,86,89,85,74,82,78,80,72,60,74,60,93,82,131,102,131,139,131,115
"talA|talB",293,298,239,235,408,289,279,292,250,314,244,263,252,256,272,236,259,473,303,324,295,279,290,312
"tal_pgi",25,28,21,21,47,30,31,52,42,20,27,22,26,36,33,23,29,36,36,46,36,32,41,39
"talrD_galrD",24,26,26,22,44,28,44,28,36,38,28,14,38,42,30,18,21,11,22,40,26,37,34,53
"tarS",32,18,12,26,34,22,30,38,25,30,22,14,13,26,18,26,10,10,15,40,15,28,28,22
"tatA",58,54,32,43,74,59,40,51,43,56,54,49,41,48,48,29,38,98,48,66,75,83,62,52
"tatB",38,41,15,29,50,47,34,52,37,42,20,44,32,38,41,32,23,176,38,34,44,22,40,45
"tatC",167,153,110,89,220,173,177,167,174,184,160,122,152,140,167,122,167,367,173,194,201,195,199,196
"tauB",36,30,38,16,41,47,52,35,34,45,30,44,32,28,18,26,27,21,38,41,50,38,34,42
"tauD",42,54,29,25,46,44,57,49,55,43,43,32,26,39,29,28,29,58,50,53,62,48,54,48
"tctA",1115,1076,890,870,1341,1152,1214,1142,1133,1294,1154,976,1090,1019,1113,1038,931,916,1175,1167,1295,1165,1188,1214
"tctB",55,50,22,47,72,31,38,44,42,36,48,39,45,47,43,36,46,47,66,40,57,56,49,62
"tctC",447,378,282,313,466,412,464,449,423,502,436,371,352,403,467,416,382,373,457,484,496,424,479,500
"tctD",58,51,44,50,90,68,74,61,54,54,59,46,74,50,38,50,52,227,61,64,66,72,77,56
"tctE",165,130,100,90,194,167,161,162,134,172,132,138,135,137,142,136,110,502,209,164,158,189,167,159
"tcyB|yecS",24,32,21,27,44,39,33,28,33,19,34,34,29,43,48,29,48,52,32,55,50,44,49,56
"tcyC|yecC",51,62,41,30,92,61,80,74,63,59,50,61,55,50,38,48,47,47,80,72,70,80,48,78
"tcyN",12,4,8,2,8,9,6,8,4,6,10,8,4,10,8,12,10,10,24,21,12,8,12,20
"tdh",181,171,125,125,238,180,143,168,189,200,194,132,178,144,183,161,189,459,177,212,242,235,190,220
"tdk",190,182,154,143,268,197,182,198,159,173,113,180,185,136,164,145,159,333,208,228,226,178,147,203
"tenA",6,0,0,2,12,12,10,18,6,6,12,10,8,8,9,16,2,6,4,4,2,4,4,8
"tenI",0,2,0,0,12,10,4,14,2,4,0,0,2,8,8,10,0,2,2,4,4,4,4,2
"terA",44,69,54,41,83,57,52,68,47,78,41,31,46,50,51,44,46,58,54,64,77,53,67,60
"terC",87,85,89,84,138,126,94,122,91,129,97,77,97,84,108,75,95,354,132,124,77,110,129,128
"terD|terE|terF",92,84,48,55,118,92,98,108,65,81,57,46,81,69,79,46,77,69,101,112,83,112,121,126
"terZ",28,21,22,22,52,46,38,48,24,24,28,36,26,28,30,37,25,34,50,39,41,32,44,50
"tesA",77,66,89,84,140,150,109,114,89,97,95,98,109,107,116,120,96,365,106,139,103,120,103,89
"tesB",213,240,152,151,277,256,269,253,194,257,217,189,165,208,186,193,202,557,232,224,327,263,259,273
"tetA",95,68,61,59,103,89,105,90,65,98,98,74,85,72,72,72,64,435,98,90,77,100,134,88
"tetR",18,25,22,24,52,28,54,48,23,44,26,23,34,28,38,20,30,22,34,48,44,34,38,34
"tfdB",55,58,40,42,58,51,57,71,36,47,54,39,35,40,51,48,12,36,75,60,63,52,48,40
"tfuA_like",10,10,15,10,38,18,28,19,18,18,28,22,16,2,16,22,20,21,21,20,24,14,26,22
"tgnB",58,44,38,38,55,52,37,62,38,72,65,40,54,48,53,53,40,51,54,66,35,48,58,72
"tgs|wax_dgat",125,128,118,90,209,131,160,179,156,155,131,153,122,100,137,152,149,570,171,176,208,169,180,174
"thi4",26,18,11,12,18,8,20,20,16,28,23,8,14,18,19,10,13,12,12,15,8,23,21,26
"thiB|tbpA",31,33,41,32,40,39,28,38,24,35,45,24,28,35,38,41,49,42,24,54,37,40,40,45
"thiC",939,910,608,658,1142,857,813,890,949,1142,943,811,871,888,863,695,817,1403,855,858,982,865,906,1040
"thiD",128,87,84,90,148,123,128,104,94,87,94,103,77,93,107,78,86,346,138,105,126,101,93,141
"thiE",108,89,81,85,145,123,126,123,90,145,125,107,119,94,119,103,81,285,141,148,128,148,145,135
"thiF",0,4,0,2,6,2,6,4,0,2,2,0,2,6,5,2,0,0,2,2,0,2,2,2
"thiG",266,299,194,212,363,283,251,309,245,319,252,285,259,233,281,270,255,543,292,326,317,326,339,375
"thiI",2,2,0,2,1,6,2,2,4,2,0,0,2,6,9,4,0,0,4,0,0,2,2,0
"thiL",125,127,82,104,147,156,108,162,100,106,128,108,111,88,96,104,89,65,132,180,159,134,145,171
"thiO",48,37,41,29,62,68,52,69,41,49,36,51,50,48,32,28,35,34,72,57,74,66,86,82
"thiP",49,42,58,52,81,65,73,71,37,39,38,44,37,41,44,37,35,35,63,62,53,72,62,62
"thiS",22,18,14,8,22,17,22,22,18,27,12,22,8,12,18,26,5,75,8,10,19,22,24,39
"thiT",2,6,4,2,4,2,6,6,0,6,6,4,6,6,12,8,2,4,6,2,4,6,2,6
"thrA",170,136,132,83,186,166,146,161,168,160,127,137,140,116,127,145,101,848,171,141,175,208,149,158
"thrB",170,167,104,112,220,188,136,181,147,218,143,107,178,166,182,173,103,507,190,188,180,195,208,214
"thrB2",106,89,72,50,107,71,95,79,81,83,69,84,76,75,86,77,99,67,86,100,108,78,93,103
"thrC",665,615,532,484,754,647,650,653,517,567,582,480,525,507,560,509,507,862,730,689,745,634,652,696
"thuE",103,94,87,60,126,90,102,104,94,90,91,89,124,115,116,117,106,115,124,143,146,129,126,125
"thuF|sugA",104,100,77,78,148,100,119,110,102,133,104,91,99,96,102,94,68,81,94,102,96,96,93,115
"thuG|sugB",125,75,75,60,92,106,98,83,83,97,64,79,82,73,71,75,71,70,94,78,103,80,100,80
"thyA",486,400,365,326,552,446,482,529,450,524,430,397,402,319,354,413,395,689,423,545,490,547,500,506
"thyX|thy1",53,48,33,36,77,46,30,65,50,52,43,45,43,24,53,55,36,41,48,42,66,45,52,59
"tipF",2,8,2,11,16,10,10,8,7,6,6,6,6,6,1,6,5,7,6,6,14,6,8,6
"tktA|tktB",805,820,629,648,1029,937,912,921,723,767,680,642,703,716,759,667,726,1290,945,953,893,989,897,962
"tlp",0,0,2,0,0,4,4,2,0,0,0,0,2,0,2,4,2,0,4,2,0,2,2,0
"tmk",70,63,40,26,102,90,70,74,64,58,54,49,83,69,32,54,41,224,73,42,60,57,80,67
"tnp",450,397,353,373,606,494,477,475,416,538,472,402,437,448,463,508,381,351,572,439,422,479,457,460
"tnpA",2,2,1,0,2,0,0,2,0,8,6,2,4,6,2,0,0,17,8,14,2,6,2,2
"tnpB",275,270,162,198,394,266,260,289,274,285,262,220,215,263,293,261,240,205,303,270,321,322,286,337
"togA",7,16,16,7,14,19,19,4,6,11,12,15,12,14,17,12,11,11,18,6,10,12,16,22
"togB",18,26,12,14,18,26,18,28,28,27,23,14,10,20,18,14,16,12,17,14,28,20,16,35
"togM",16,20,16,19,40,31,34,22,22,21,18,27,20,22,14,15,14,26,27,24,28,24,26,42
"togN",7,16,12,8,16,9,17,16,10,12,26,19,6,18,10,8,10,12,12,4,12,14,16,20
"tolC",47,56,43,60,66,76,54,83,73,74,69,53,56,66,62,39,50,504,62,69,76,55,77,95
"tonB",222,188,202,209,373,313,311,296,227,273,259,204,225,220,237,262,186,1576,263,296,309,211,252,281
"toxA",24,10,18,14,32,40,34,30,24,26,32,20,32,32,28,34,19,280,30,24,36,22,36,17
"toxI|oprM|oprM|emhC|ttgC|cusC|adeK|smeF|mtrE|cmeC|gesC",164,219,145,147,217,188,240,140,184,187,151,127,177,149,152,173,165,820,196,158,177,188,187,207
"toxin_doc",12,4,6,9,4,2,8,13,11,3,10,0,6,2,6,4,13,10,8,0,10,14,14,9
"toxin_eat5|res",14,12,10,10,16,26,16,18,32,34,20,22,25,8,16,17,13,206,16,16,26,28,26,26
"toxin_higB_like",0,4,7,9,9,6,4,16,2,2,4,6,10,8,6,2,9,6,8,8,10,4,2,8
"toxin_mazF|ndoA|chpApemK",19,26,5,12,35,21,18,14,8,17,23,21,14,19,15,28,8,157,20,16,8,22,12,22
"toxin_parE1_3_4",10,4,14,6,0,6,4,8,16,10,4,2,4,2,8,6,10,108,10,10,4,6,10,8
"toxin_relE_2|stbE|pasB",6,0,4,2,4,2,10,10,6,2,2,2,4,4,4,8,3,0,4,4,2,6,6,8
"toxin_yxiD",4,12,8,2,20,16,15,16,0,6,4,8,14,18,22,6,2,10,12,12,6,12,6,10
"tphA2",20,10,9,18,10,10,9,2,8,12,3,8,10,10,6,17,7,4,14,2,16,12,12,12
"tpiA",291,289,197,219,351,299,318,288,263,219,241,256,249,207,206,239,221,479,282,265,325,300,265,271
"tpx",0,4,2,4,15,4,6,8,6,0,4,2,4,7,8,2,0,0,4,2,2,8,2,2
"trbJ",4,0,8,11,4,2,6,8,8,9,8,7,12,6,6,10,4,4,8,6,12,10,6,12
"treC",4,4,6,8,14,10,4,8,6,8,10,2,10,6,12,12,6,0,4,6,8,2,9,10
"treP",233,197,149,187,313,241,240,230,195,202,220,152,234,205,214,171,171,962,256,212,192,226,255,284
"treR2",0,0,0,0,2,0,0,0,0,0,0,0,0,0,0,0,0,0,0,2,2,0,0,0
"treS",228,227,164,190,293,263,250,293,166,216,163,187,200,181,162,199,206,187,240,253,265,304,210,308
"treT",14,20,11,12,8,10,14,17,5,11,6,14,22,18,10,4,4,10,16,8,10,10,17,18
"treY|glgY",67,48,44,36,98,74,50,52,50,73,50,53,59,74,60,54,37,42,48,66,52,40,58,66
"treZ|glgZ",54,27,23,25,33,47,56,62,32,21,35,32,42,21,45,28,29,28,27,28,34,44,42,46
"triC",135,128,101,112,164,126,143,170,154,149,114,118,127,124,135,128,113,108,151,158,198,145,185,185
"trkA|ktrA",485,426,330,439,696,596,513,606,353,464,402,450,411,392,429,444,406,408,547,545,489,517,540,571
"trkD|kup",269,237,198,183,347,296,261,251,212,286,268,206,232,223,246,185,224,785,291,257,329,263,278,283
"trkG|trkH|ktrB",14,10,19,25,38,30,23,30,27,14,26,15,26,12,25,15,12,26,33,20,23,24,32,23
"troA|mntA|znuA",4,2,2,2,4,6,2,2,8,4,2,4,8,10,12,4,4,8,6,4,2,8,4,4
"troB|mntB|znuC",4,6,0,2,12,7,6,8,6,8,6,10,10,14,8,4,0,0,0,4,2,6,10,2
"troR",206,202,180,168,287,271,262,302,228,192,199,193,198,190,232,204,221,192,308,291,238,239,243,296
"trpA",205,154,125,137,278,215,209,234,165,235,188,209,153,185,191,170,199,419,244,244,249,275,272,231
"trpB",739,684,540,576,942,769,703,755,724,842,713,716,651,633,674,638,683,1015,816,802,826,650,744,814
"trpC",231,196,120,153,295,235,232,222,212,238,212,188,187,175,214,152,186,454,201,186,233,227,226,274
"trpD",145,156,129,105,219,180,133,175,151,203,185,118,151,157,190,122,135,453,176,199,187,187,197,187
"trpEG",166,149,130,133,192,170,154,144,135,188,169,136,119,125,153,118,200,144,195,188,206,220,204,213
"trpE|phnA",435,376,318,360,516,469,437,473,435,524,410,365,371,425,410,394,384,766,469,472,421,448,560,490
"trpF",81,94,72,51,121,138,108,121,78,127,83,71,121,101,103,116,78,313,97,97,154,119,160,131
"trpG|phnB",130,97,70,86,153,117,129,144,154,161,156,130,128,130,118,120,103,314,100,113,118,124,140,147
"trpS",343,312,250,251,410,342,344,351,305,379,297,285,348,321,335,276,361,777,420,377,360,349,387,436
"trxA",305,260,218,206,359,336,278,312,281,323,267,212,263,269,298,263,286,381,363,320,313,298,391,369
"trxB",1227,1170,893,910,1596,1406,1216,1208,1079,1299,1067,1037,1122,1062,1098,1075,1014,1323,1152,1303,1335,1329,1307,1279
"ttuC|dmlA",239,229,149,176,313,275,237,210,272,279,264,215,223,243,257,273,219,179,250,205,244,242,244,282
"tuaB",14,6,0,6,18,9,12,0,4,10,2,2,12,12,14,7,2,2,4,2,4,6,8,8
"tuaC",4,4,0,4,22,12,17,4,2,0,2,2,12,10,11,6,2,2,2,0,10,6,4,6
"tuaE",2,0,0,0,6,4,4,2,2,2,4,6,4,2,3,0,0,6,2,2,2,4,4,4
"typA|bipA",1499,1372,1015,1037,1750,1538,1402,1565,1444,1650,1448,1363,1457,1377,1406,1279,1269,1719,1531,1514,1567,1620,1560,1718
"tyr",51,41,33,34,50,42,42,39,60,58,32,36,38,28,42,44,26,603,48,34,39,56,60,36
"tyrB",12,17,7,8,12,8,12,8,24,15,12,15,13,13,12,17,14,22,22,13,8,20,12,16
"uaZ",45,30,20,24,46,44,41,33,30,25,35,37,26,28,22,31,32,18,48,50,44,44,48,61
"ubiA",151,155,130,97,213,172,212,178,148,189,145,147,151,175,160,147,134,373,233,151,205,206,199,234
"ubiB|aarF",272,275,184,172,378,318,304,315,238,319,293,259,278,265,236,251,235,791,310,291,273,308,283,365
"ubiD",71,73,53,55,77,84,71,82,44,63,61,72,71,48,70,57,72,77,111,103,80,100,96,88
"ubiE",216,208,175,169,299,270,224,248,153,260,188,175,189,186,219,204,159,452,239,273,238,244,235,281
"ubiF",52,40,36,43,49,62,58,36,56,47,40,66,56,45,40,44,44,408,38,44,59,74,72,60
"ubiG",111,64,50,55,83,104,83,82,90,83,82,64,102,72,69,79,72,340,85,87,91,80,106,102
"ubiH",156,105,100,104,164,203,128,197,146,126,138,139,131,149,125,120,144,462,158,186,172,147,178,171
"ubiJ|yigP",51,55,42,18,70,42,50,48,33,43,55,19,40,22,28,44,36,180,36,30,46,54,48,60
"ubiX|bsdB",30,34,24,20,50,30,49,36,22,36,23,34,38,31,31,30,35,53,43,42,29,35,30,40
"uca|dur|urd",51,72,49,53,93,65,58,73,95,52,48,43,49,79,57,38,68,35,87,66,83,65,69,70
"uctC|yfdE",60,42,36,38,47,52,63,56,65,61,56,74,59,48,55,34,45,55,39,58,72,55,78,71
"udh",10,16,21,24,44,26,30,19,27,45,18,19,13,40,18,32,25,14,23,22,30,27,16,14
"ugd|tuaD",214,224,211,195,367,271,245,309,224,304,267,216,205,233,271,257,264,642,282,312,305,277,287,340
"ugpA",106,85,62,73,107,96,82,74,91,62,101,72,87,69,81,81,78,78,75,95,121,118,134,92
"ugpB",150,101,80,112,137,139,85,145,117,150,78,90,126,105,101,126,121,110,128,157,166,133,115,167
"ugpC",87,56,38,40,57,68,63,68,48,51,58,61,50,46,71,53,57,67,69,74,67,60,75,60
"ugpE",173,187,141,124,248,212,194,196,239,184,208,185,185,161,168,167,186,183,172,244,196,203,235,213
"ugtP",56,42,22,35,54,63,48,53,34,38,57,30,37,37,56,36,58,33,44,49,70,55,70,52
"uhpA",14,10,8,15,18,8,7,20,14,23,15,16,4,6,16,4,4,8,20,10,12,18,14,21
"uhpB",60,49,34,31,48,52,52,52,31,50,41,37,44,28,38,32,38,26,62,42,50,37,38,36
"ulaR",44,35,49,36,34,55,47,20,32,31,50,27,42,23,38,38,58,18,34,38,35,43,58,56
"upp",535,550,370,400,735,597,605,685,498,522,541,461,523,548,536,510,443,682,572,604,557,602,583,617
"uppS",63,79,36,55,93,82,85,109,77,77,81,66,57,73,60,83,54,67,75,82,84,66,82,83
"uppS|ispU",356,414,282,308,440,371,375,413,356,427,377,327,360,352,365,339,327,560,383,397,425,388,419,467
"uraH|pucM|hiuH",12,6,10,4,18,22,12,22,8,16,10,16,18,12,4,21,8,11,6,14,22,16,20,6
"ureA",239,162,182,125,275,244,213,206,226,232,281,218,188,192,231,211,176,184,249,211,215,215,246,192
"ureAB|ureA|ureB",45,38,23,50,30,44,28,36,38,49,55,36,42,44,30,29,31,25,39,28,62,28,36,38
"ureB",95,68,37,48,82,73,64,62,69,78,74,64,65,74,73,57,78,55,78,65,74,65,110,95
"ureC",1044,846,691,766,1154,1157,998,1033,994,1103,985,907,941,862,906,783,786,856,1074,983,1070,1063,1028,1098
"ureD",34,31,17,22,42,32,31,46,24,32,22,24,17,25,35,25,35,26,38,18,22,42,28,26
"ureF",24,19,12,14,33,42,19,36,22,29,25,10,19,13,12,20,16,11,22,20,28,38,34,27
"ureG",186,171,160,173,210,186,166,209,175,206,190,163,154,160,157,146,151,130,195,154,178,161,174,194
"urtA",664,586,469,471,598,568,623,557,517,683,560,450,553,529,566,523,491,520,664,574,646,563,629,663
"urtB",76,55,37,41,85,80,46,89,52,71,80,50,62,62,84,75,49,70,73,73,76,73,78,61
"urtC",145,176,133,120,209,129,138,131,121,137,153,119,126,125,130,142,169,114,174,143,217,167,151,175
"urtD",20,32,33,30,44,48,40,32,40,36,25,30,23,32,37,48,32,30,56,40,49,26,38,44
"urtE",133,103,74,92,143,123,109,127,139,126,141,117,155,125,120,96,74,102,123,131,138,121,118,140
"ushA",9,20,8,6,4,8,9,16,16,12,11,7,2,12,16,9,14,10,6,20,12,16,19,34
"uspF",8,15,0,4,6,16,6,8,18,4,8,4,8,4,4,6,5,12,6,10,6,10,4,4
"uvrA",2386,2175,1729,1708,3010,2456,2283,2526,2071,2423,2058,2020,1989,2072,2012,1939,1902,3403,2299,2363,2242,2339,2317,2550
"uvrB",1477,1346,1145,1142,2095,1494,1509,1601,1364,1499,1375,1226,1212,1369,1358,1257,1230,1736,1490,1522,1444,1470,1489,1637
"uvrC",809,609,495,523,956,816,749,726,652,816,762,625,710,612,667,712,565,1213,806,815,795,760,799,874
"uxa2",18,12,9,20,16,24,8,30,24,14,32,16,25,24,16,22,20,12,26,36,28,20,22,22
"uxaA",90,56,61,64,103,77,82,65,35,94,85,79,62,86,81,62,62,95,100,89,101,106,65,77
"uxaC",164,125,103,79,171,126,98,104,118,143,109,114,118,81,131,92,132,111,130,165,145,124,133,141
"uxuA",52,63,40,34,64,56,44,47,38,44,43,38,50,38,56,50,58,53,74,68,74,42,68,63
"uxuB",73,45,34,48,56,53,49,90,52,53,55,45,68,54,59,53,65,43,61,68,77,76,87,83
"vanRAc",277,303,154,196,354,343,265,283,236,201,213,248,189,196,227,208,198,197,256,219,250,214,195,226
"vanX",17,34,17,21,46,12,23,20,22,22,26,10,22,22,29,18,12,236,36,30,38,16,34,28
"vanY|yodJ",45,34,22,22,64,38,31,32,33,34,28,28,23,27,42,25,29,278,46,29,46,50,28,40
"vasG|clpV",40,20,35,20,68,47,46,49,35,52,36,23,50,38,36,43,51,39,42,41,38,45,62,42
"vat",18,36,10,21,32,18,30,28,21,24,25,38,16,18,40,22,18,253,29,32,19,30,26,14
"vcaM",155,134,132,134,178,177,159,193,172,191,129,139,152,136,157,166,141,675,195,196,194,162,189,186
"vdh",112,88,71,83,132,124,94,115,88,82,92,118,104,61,108,85,89,77,135,94,142,116,96,110
"vexF",128,106,48,58,74,94,86,70,87,89,90,76,70,67,74,72,78,66,82,102,106,105,99,89
"vgrG",112,92,90,107,168,142,162,117,152,145,104,98,150,110,102,110,134,119,128,146,167,138,157,136
"vicR|walR|yycF|micA",132,129,98,104,200,131,125,163,81,138,95,99,121,102,92,108,84,66,107,98,122,95,99,88
"virB1",24,24,18,16,34,32,12,22,28,31,22,14,32,31,24,18,13,217,34,28,26,31,30,38
"virB10|lvhB10",52,36,28,10,40,36,38,43,54,37,40,31,20,30,28,30,27,413,24,47,50,46,50,66
"virB11|lvhB11",43,36,26,40,59,39,59,24,34,39,51,28,42,42,25,44,35,353,41,38,52,67,49,59
"virB2|lvhB2",20,9,6,4,21,24,16,22,16,11,2,8,30,18,10,8,14,137,6,6,20,18,11,18
"virB3|lvhB3",40,19,22,27,40,33,37,37,20,43,29,21,20,27,22,16,36,115,26,36,24,32,27,36
"virB4|lvhB4",156,141,122,120,166,176,136,139,160,170,162,94,141,162,160,127,165,927,152,184,238,192,213,230
"virB6|lvhB6",50,26,30,32,50,40,34,54,30,40,36,28,36,36,36,28,30,447,48,37,55,22,44,46
"virB8|lvhB8",36,26,29,28,45,32,38,30,24,39,31,14,20,44,35,30,19,333,38,34,29,30,30,50
"virB9|lvhB9",19,26,26,22,20,26,10,24,20,20,31,28,28,30,24,12,14,308,20,14,44,27,20,22
"virD4|lvhD4",115,88,80,92,122,129,74,114,80,107,72,78,90,111,88,86,108,554,129,116,124,125,122,131
"waaA|kdtA",108,91,82,87,182,117,114,111,98,109,135,88,114,124,97,119,99,477,128,90,160,146,147,145
"waaL|rfaL",58,58,46,50,83,74,54,70,58,52,46,77,46,50,54,38,30,401,80,42,42,52,57,93
"walR",88,80,46,57,95,70,77,86,74,72,78,71,66,63,74,69,27,52,69,82,101,74,78,116
"wbbL",24,34,25,26,54,36,38,54,36,32,47,31,38,26,40,52,38,301,54,38,32,56,40,36
"wbpA",66,65,44,61,67,90,78,78,67,61,58,38,59,45,60,64,46,58,90,97,81,85,87,106
"wbpo",56,73,47,60,104,84,78,55,73,71,69,74,75,68,84,60,58,512,74,55,90,68,72,82
"wcaI",54,66,32,38,70,63,80,60,48,62,57,48,48,56,50,53,32,432,50,42,66,52,52,45
"wecA|tagO|rfe",164,130,89,106,202,199,139,159,128,149,155,129,120,120,119,115,133,114,170,140,170,165,143,188
"wecC",73,63,54,55,98,88,78,70,68,82,75,54,67,74,80,75,56,452,53,79,89,72,88,81
"wrbA",109,115,95,60,171,116,134,119,103,133,106,99,122,96,97,102,96,386,155,140,141,121,141,161
"wspA",67,79,50,52,86,124,84,99,99,84,70,76,76,46,99,64,58,510,82,70,58,82,86,94
"wspB",12,10,6,8,10,12,18,16,16,14,12,28,16,20,10,10,11,154,10,18,20,20,12,12
"wspC",50,44,34,36,82,52,38,66,46,50,46,40,46,50,30,48,40,382,40,72,46,50,38,81
"wspD",28,20,4,10,40,23,22,20,10,20,12,14,10,12,20,25,10,200,34,8,20,12,30,17
"wspE",106,78,74,98,144,126,126,147,83,118,111,91,116,132,77,101,76,808,120,100,127,117,90,99
"wspF",68,64,24,34,76,90,68,69,60,56,76,56,70,81,75,46,62,363,47,48,61,66,64,56
"wspR",42,48,20,30,52,48,48,42,23,59,52,36,32,54,42,37,32,317,74,44,44,34,64,62
"wza|gfcE|epsA",41,31,36,18,35,47,38,27,34,37,32,35,34,31,44,36,31,336,48,51,46,61,81,40
"xanB2",75,55,60,54,78,79,76,64,64,87,54,44,66,70,46,76,50,345,80,88,62,96,69,56
"xdhA",95,100,80,81,127,95,130,103,88,108,105,74,106,66,94,101,85,96,121,109,118,99,107,116
"xdhB|pucD",296,272,211,211,393,321,243,272,285,301,254,242,247,261,228,264,203,268,242,343,337,300,288,349
"xdhC|paod|ygeB|pucA",76,51,37,46,70,89,51,72,40,62,35,40,57,42,50,48,45,311,64,60,94,66,52,64
"xerC",168,168,132,121,203,209,178,171,179,181,177,133,156,161,162,160,135,448,190,176,205,197,217,216
"xerD",524,531,398,457,726,604,566,609,558,567,480,509,538,496,532,535,437,604,561,576,554,518,590,678
"xfp",413,457,317,341,538,488,480,438,457,399,398,361,473,356,386,426,373,367,461,413,554,446,500,527
"xlyAB",131,88,94,90,149,97,122,110,106,138,135,94,101,106,79,106,98,555,120,116,167,144,126,134
"xylA",339,325,233,292,473,397,374,368,362,362,345,256,283,264,315,302,310,308,359,450,366,415,413,428
"xylB",227,197,184,153,270,262,202,245,193,232,218,181,213,188,236,223,196,174,212,236,228,240,223,297
"xylD",327,318,209,238,427,340,313,359,262,386,355,277,286,339,258,287,279,293,358,389,395,324,388,378
"xylF",285,307,230,238,400,311,308,351,259,269,241,214,276,244,226,254,245,199,329,313,313,288,354,361
"xylG",330,381,286,316,482,414,364,433,345,389,346,309,364,373,337,355,350,313,416,537,386,413,417,414
"xylH",197,177,155,166,256,217,164,233,199,217,187,124,174,209,207,196,163,147,235,210,258,230,250,272
"xynB",90,89,69,53,125,114,103,111,73,97,70,78,70,52,74,93,78,34,76,98,102,97,109,100
"xynC",6,2,0,0,18,18,14,6,4,4,0,0,10,6,4,8,2,0,2,4,0,8,8,2
"yaaH",4,2,2,2,16,6,10,6,2,2,4,2,16,14,10,4,0,0,4,0,4,6,12,4
"yafM|rayT|tnpA",44,34,26,64,28,38,49,51,48,62,52,40,36,24,24,47,36,64,84,36,60,70,67,90
"yagR",158,115,88,108,174,174,154,156,125,121,110,101,117,84,177,123,120,81,161,123,159,123,126,166
"yagS",31,22,33,28,28,33,36,29,15,30,26,22,27,30,23,27,26,28,37,29,30,30,33,36
"yagT",80,92,59,73,101,86,85,94,67,105,92,107,94,112,99,68,82,66,100,69,97,84,84,91
"yahK",134,106,74,74,176,114,107,144,92,115,117,117,72,74,131,91,110,421,129,108,132,134,125,115
"yajC",87,77,50,38,80,76,69,79,83,69,68,50,56,58,47,56,72,187,66,75,98,86,82,91
"yajO|iolS",133,142,130,77,167,164,170,110,99,134,110,108,110,111,130,151,113,80,144,112,107,118,122,127
"yajQ",173,176,121,117,210,202,182,177,139,137,125,178,147,135,169,127,132,293,146,236,160,152,172,163
"ybaL|TC_KEF",396,354,281,260,502,490,463,397,444,394,392,353,411,380,355,325,334,857,419,446,438,486,538,516
"ybbJ",16,18,8,6,22,20,14,16,24,15,13,8,14,28,16,12,13,128,20,8,18,20,22,29
"ybdL",91,79,53,57,75,118,86,111,71,120,82,83,73,91,93,94,72,409,77,117,100,99,103,99
"ybgC",79,45,54,50,71,76,70,59,52,62,55,42,68,52,66,61,48,363,87,62,50,58,72,71
"ybgC|fcbC1",10,12,4,6,6,10,16,12,6,8,6,4,6,4,2,6,5,166,6,8,2,0,2,6
"ybhF|yadG|ecsA",1117,1058,872,909,1621,1416,1270,1278,1060,1284,986,1064,1042,1003,1199,1027,1030,2866,1223,1274,1384,1294,1357,1381
"ybhS|ecsB",1177,997,893,871,1465,1246,1250,1262,1022,1175,1079,953,1021,975,1081,1007,882,3791,1284,1201,1383,1151,1251,1343
"ycbA|glnK",2,2,0,4,24,4,8,18,4,4,9,10,14,10,12,4,6,8,6,8,2,8,12,10
"ycbB",105,79,63,61,125,146,90,106,104,119,109,72,87,93,97,108,81,47,119,112,90,98,85,98
"ycbB|glnL",4,4,2,0,6,4,2,2,2,4,2,0,6,0,2,2,2,4,0,4,2,2,6,4
"yceF",0,0,2,0,6,6,4,6,4,2,2,2,4,6,1,4,0,2,2,0,4,2,2,0
"ycgH",4,6,0,2,26,4,18,8,6,6,8,0,4,12,12,18,4,0,6,6,4,6,2,8
"ycgI",8,4,6,0,26,10,8,10,22,9,7,14,12,19,8,14,3,2,16,12,12,18,6,6
"ycgN",2,2,6,2,2,2,4,8,2,3,9,0,0,4,2,0,0,0,0,4,4,2,1,0
"yciA",0,6,4,2,9,4,2,2,7,2,2,4,0,4,7,4,6,14,0,12,10,10,8,12
"yciG|ymdF|gsiB",5,2,0,6,19,8,10,17,2,15,14,15,12,8,10,4,9,6,5,10,8,2,12,6
"ycjG",162,113,117,84,158,122,162,132,94,183,120,120,98,120,116,118,122,423,130,127,163,145,148,151
"ycnJ",10,10,2,8,8,6,12,6,13,5,10,16,15,8,14,12,6,2,14,4,14,12,16,8
"ycsE|yitU|ywtE",6,4,2,2,22,12,0,6,2,12,4,2,20,6,10,4,4,6,2,2,0,4,4,9
"ycsG",0,2,8,4,9,2,7,0,2,0,2,0,8,2,2,1,2,6,6,0,4,0,2,2
"yczE|yyaS",2,0,0,2,7,0,2,1,0,4,2,10,0,5,2,2,0,0,2,0,2,2,1,2
"ydaM",4,4,2,4,14,6,6,10,2,6,2,8,12,6,10,8,8,12,4,2,8,4,8,12
"yddE",375,388,270,266,471,462,396,430,347,434,329,348,373,322,368,335,288,626,423,369,482,383,404,455
"ydeB|carD",437,355,345,286,495,365,382,413,317,357,369,303,335,296,369,339,383,318,414,428,420,409,435,416
"ydhL",2,14,6,19,15,6,6,16,12,6,10,16,19,18,22,12,8,7,21,10,10,19,12,16
"ydhP",239,199,174,154,329,235,260,285,243,249,207,224,256,199,211,226,196,929,270,270,341,279,285,248
"ydiB",0,4,4,0,16,10,8,12,10,6,0,2,10,4,9,9,4,8,4,0,2,6,2,8
"ydjE",42,42,44,44,91,80,50,98,42,59,44,30,58,67,77,58,40,30,58,42,68,54,58,54
"yebQ",97,93,64,81,140,92,85,101,81,80,72,54,65,80,88,89,81,88,119,71,145,94,100,102
"yejA",129,139,97,113,176,164,113,136,98,129,115,124,147,124,147,116,105,105,160,128,119,98,149,94
"yejB",309,326,270,212,351,318,294,326,284,287,290,267,315,274,339,243,273,265,315,319,288,297,250,362
"yejE",210,238,159,167,239,241,189,235,205,231,181,168,177,142,199,195,128,197,216,157,236,268,258,304
"yejF",227,233,166,170,290,236,224,281,221,253,206,200,226,196,231,212,214,219,227,296,321,229,231,279
"yerD",85,86,63,56,119,99,96,87,98,113,91,78,64,74,88,91,84,574,103,62,109,102,102,94
"yesW",2,0,2,2,14,4,5,4,2,6,2,2,12,2,6,2,0,3,10,2,8,8,4,4
"yfbK",515,479,362,354,740,578,499,579,444,596,459,459,436,424,476,449,357,3159,522,526,498,552,601,637
"yfhF",80,54,21,34,76,60,72,91,58,48,58,46,56,58,63,26,41,460,68,47,65,54,56,75
"yfhL",0,3,2,2,0,2,6,2,5,1,2,4,10,2,6,4,10,125,2,4,6,6,16,8
"yfhM",30,24,10,18,28,16,30,43,24,34,32,27,37,22,26,24,21,43,18,20,46,26,28,42
"yfiH",62,62,32,46,64,98,80,84,65,69,54,60,64,56,68,68,62,300,59,67,81,74,76,98
"yfkH",195,187,130,151,230,208,208,212,194,252,186,158,190,158,189,233,174,955,212,209,246,230,199,244
"yfkJ|wzb",71,58,48,57,112,95,81,96,49,68,70,55,62,70,69,66,41,315,88,74,84,77,108,81
"yfkM|pfpI|yraA",79,104,82,93,145,107,117,119,86,94,92,91,88,118,114,90,77,78,136,117,134,133,121,148
"yfkN",8,6,4,8,26,16,16,14,8,13,2,10,20,12,10,14,15,8,10,10,18,12,12,16
"yflA|TC_AGCS",12,2,4,6,30,16,8,18,8,4,4,6,10,14,14,2,4,3,4,6,12,8,16,9
"ygfA|fthC|yqgN|folN",81,81,58,71,92,84,95,93,57,81,83,80,78,77,96,79,70,211,98,87,86,91,86,69
"yggE",84,83,51,54,104,100,84,90,76,89,86,97,80,52,58,75,45,520,74,63,116,71,92,107
"yggT|ylmG",12,22,6,10,28,8,28,21,14,19,12,11,16,10,6,18,16,18,4,20,10,28,6,20
"yghU|yfcG",151,123,129,103,189,165,167,161,146,152,152,167,147,150,134,122,159,607,186,141,165,158,175,170
"yghZ",42,49,38,47,83,73,62,72,57,56,49,56,53,51,64,58,39,45,57,78,58,52,56,80
"yhbH",60,65,44,45,80,87,84,50,62,60,62,48,62,60,68,57,51,58,61,60,104,66,85,85
"yhdR",23,19,10,10,16,17,36,28,21,30,26,14,23,12,21,12,26,14,28,24,20,24,18,26
"yhhW|pirA",340,351,235,238,393,372,290,409,280,377,341,306,264,318,329,306,308,1046,347,402,429,377,368,378
"yidA",20,12,14,10,40,31,48,28,15,16,13,30,16,15,29,11,17,31,28,24,26,35,21,36
"yidC|spoIIIJ|oxaA|ccfA",224,193,131,115,224,190,133,172,156,171,161,171,135,189,141,155,146,701,194,218,217,193,183,195
"yigB",39,28,38,28,59,59,50,50,37,49,32,26,39,46,38,40,30,235,58,30,46,34,58,41
"yihQ",30,29,26,32,55,38,32,51,24,34,24,32,30,25,40,29,23,26,39,49,38,52,34,24
"yitJ",2,0,0,0,12,2,0,2,0,2,2,2,2,6,0,0,4,0,2,2,0,5,0,4
"yjbB",146,127,86,109,150,133,127,112,130,148,121,75,148,102,172,153,108,130,147,165,180,135,166,159
"ykgB|pgl",16,6,6,9,20,10,8,16,10,10,10,11,12,6,11,10,5,13,12,12,18,14,10,14
"ykuT|ybiO",73,66,44,37,80,61,59,52,36,83,58,48,53,70,68,57,31,47,63,71,54,80,60,73
"ylbA",58,55,28,36,72,63,48,68,46,60,49,30,41,46,54,40,40,35,77,63,63,62,36,67
"yliI",165,152,127,121,196,184,172,200,155,196,156,148,153,148,162,169,157,830,190,197,226,189,183,213
"yloB|ctpA",110,69,69,59,135,154,124,134,84,111,78,85,109,126,106,79,57,89,141,101,134,142,121,122
"ymdB",132,79,71,73,92,82,91,116,82,97,91,82,98,84,110,80,84,70,108,132,88,94,123,92
"ymfE",0,0,0,0,0,0,0,2,4,0,2,2,2,0,4,0,0,0,0,0,0,2,0,0
"ymfI|fabG|efpI",1691,1740,1238,1249,2347,1875,1785,1894,1553,1989,1612,1499,1610,1582,1683,1619,1281,2678,1865,1748,2028,1880,1980,2043
"ynfM",150,130,111,124,196,169,136,179,149,131,144,106,112,138,137,123,121,118,197,143,176,177,177,167
"yozG",159,136,96,92,180,173,187,171,124,121,119,128,149,116,116,145,82,143,124,154,124,129,127,154
"ypeB",0,0,0,2,3,8,2,0,2,0,0,0,0,2,0,4,0,0,0,2,0,3,4,0
"yqhD",20,22,14,32,48,34,36,26,30,35,36,30,25,40,20,30,16,16,32,45,32,30,38,34
"yqjG",114,102,90,78,117,111,107,143,88,103,83,77,100,91,79,97,69,66,108,146,81,92,102,144
"yqjQ",159,183,114,122,265,201,180,209,141,167,148,127,159,156,190,175,141,443,170,209,217,209,184,223
"yrbG",63,64,16,26,76,50,53,66,60,52,43,34,28,51,56,44,38,333,69,64,72,64,54,44
"yscJ|sctJ|hrcJ|ssaJ",15,18,22,16,40,26,30,42,20,32,26,44,14,17,20,18,18,282,24,24,29,20,34,22
"yscL|sctL",26,38,24,32,50,44,43,32,42,30,16,28,37,23,36,29,24,246,56,36,36,32,35,59
"yscN|sctN|hrcN|ssaN",118,98,58,92,166,97,98,149,89,125,111,99,100,97,131,74,81,504,106,90,103,125,148,152
"yscQ|sctQ|hrcQ|ssaQ|spaO",48,52,31,30,71,50,40,38,44,50,39,55,50,41,44,38,30,355,56,66,50,40,58,50
"yscR|sctR|hrcR|ssaR",81,46,57,31,101,71,51,82,50,49,45,58,38,50,52,50,21,337,55,66,75,59,57,60
"yscS|sctS|hrcS|ssaS",10,8,1,10,4,16,6,10,14,6,10,8,14,14,12,12,12,105,12,8,4,8,12,15
"yscT|sctT|hrcT|ssaT",58,36,25,32,64,32,40,50,35,52,34,28,40,44,36,28,30,261,32,38,48,44,42,54
"yscU|sctU|hrcU|ssaU",42,28,38,38,80,36,38,42,48,38,25,42,30,36,37,56,14,398,64,52,48,66,52,56
"yscV|sctV|hrcV|ssaV|invA|rhcV",145,160,100,111,230,187,203,185,129,181,138,108,131,167,169,133,115,719,178,119,174,149,149,187
"yteR|yesR",6,4,6,2,14,12,8,8,4,4,6,2,14,10,10,4,4,8,4,6,8,7,12,18
"ytfQ",242,178,170,202,243,231,198,251,222,241,205,175,204,204,214,215,194,203,246,187,271,230,277,278
"ytfR",358,384,318,324,541,401,351,457,385,405,350,353,374,399,377,412,359,328,402,410,439,418,448,460
"ytfT|yjfF",265,249,209,220,317,234,252,296,227,273,270,214,278,197,253,232,195,198,331,280,288,279,283,292
"yugH",44,38,32,32,38,34,21,54,65,64,43,56,41,52,36,28,12,13,63,34,28,34,42,20
"yugS",0,6,2,0,6,1,0,0,0,0,4,4,0,7,0,7,2,8,2,2,0,2,0,0
"yusV|ABC_FEV_A|feuD",370,324,231,226,464,430,410,423,288,340,300,257,335,280,260,269,298,297,427,342,405,343,420,384
"yutF|nagD",28,39,23,28,52,55,39,54,23,47,40,22,30,36,31,30,27,35,51,40,58,65,44,40
"yvgN",0,8,10,8,19,22,8,6,6,8,0,9,12,12,18,21,8,8,6,6,10,7,6,4
"ywaC|yjbM",81,93,65,75,142,92,105,114,90,85,88,74,84,82,87,85,85,65,85,78,108,121,84,115
"ywaD",0,2,0,2,10,4,6,2,0,2,4,0,0,2,4,0,2,0,0,0,0,0,0,2
"yxaB",0,2,0,0,4,6,6,12,6,2,4,6,6,6,7,8,0,12,4,4,8,2,10,2
"yxeM",2,2,2,2,10,4,4,2,2,2,6,0,2,6,4,4,0,4,0,2,2,4,2,2
"yxeN",0,6,0,0,24,4,6,4,6,4,4,2,10,4,2,2,2,2,2,6,4,4,6,4
"yxeO",11,4,8,12,20,18,10,12,4,10,4,16,23,12,21,8,6,10,6,12,6,16,4,10
"zntA|cadA",58,69,31,74,71,70,74,76,68,68,52,59,50,64,55,76,89,59,73,74,76,67,59,97
"zntB",62,48,33,28,70,56,46,48,29,74,64,46,42,63,47,47,46,46,69,64,73,78,66,78
"znuA",4,8,4,2,9,12,9,12,6,6,4,4,6,4,8,6,6,2,2,4,2,8,4,6
"znuB",46,60,39,27,55,40,56,61,30,64,33,42,46,45,28,40,36,32,53,55,42,72,48,43
"zraR|hydG",9,5,2,0,4,4,2,2,9,9,11,0,4,5,10,2,2,2,6,2,2,2,2,4
"zur",76,63,58,47,74,84,62,64,62,55,62,67,60,58,54,66,49,200,80,88,88,79,80,95
"zwf",495,421,431,374,692,572,577,597,450,521,476,431,480,439,458,411,434,1377,537,539,509,552,568,563
