"Subject","Factor","baseMean","log2FoldChange","lfcSE","stat","pvalue","padj","reference","tax","description","KO","percent","length","mismatch","gapopen","qstart","qend","sstart","send","evalue","bitscore","counts_25_CT_Ext_C1_2020","counts_26_CT_Ext_C2_2020","counts_27_CT_Ext_C3_2020","counts_28_CT_Ext_C4_2020","counts_41_CT_Ext_I1_2020","counts_42_CT_Ext_I2_2020","counts_43_CT_Ext_I3_2020","counts_44_CT_Ext_I4_2020","counts_M09_CT_Ext_C1_2021","counts_M10_CT_Ext_C2_2021","counts_M11_CT_Ext_C3_2021","counts_M12_CT_Ext_C4_2021","counts_M25_CT_Ext_I1_2021","counts_M26_CT_Ext_I2_2021","counts_M27_CT_Ext_I3_2021","counts_M28_CT_Ext_I4_2021","counts_M33_CT_Ext_C1_2022","counts_M34_CT_Ext_C2_2022","counts_M35_CT_Ext_C3_2022","counts_M36_CT_Ext_C4_2022","counts_M37_CT_Ext_I1_2022","counts_M38_CT_Ext_I2_2022","counts_M39_CT_Ext_I3_2022","counts_M40_CT_Ext_I4_2022"
"PGPT0000645","glnA",2973.2366977377,0.170933262771941,0.0326952174354454,5.22808154157219,1.71277973504989e-07,0.000388458443909315,"k87_98488_1","COG0174@1|root,COG0174@2|Bacteria,1NZU7@1224|Proteobacteria,2TS0B@28211|Alphaproteobacteria,43HFK@69277|Phyllobacteriaceae","glutamine synthetase","ko:K01915",91.9,346,28,0,1,1038,1,346,6e-198,694.9,20,24,20,16,19,18,14,22,22,22,16,14,12,16,18,18,18,23,22,18,24,12,27,26
"PGPT0000645","glnA",2973.2366977377,0.170933262771941,0.0326952174354454,5.22808154157219,1.71277973504989e-07,0.000388458443909315,"k87_5866775_1","COG0174@1|root,COG0174@2|Bacteria,1MU6V@1224|Proteobacteria,2TRCP@28211|Alphaproteobacteria,43H1R@69277|Phyllobacteriaceae","glutamine synthetase","ko:K01915",97.5,118,1,1,1,348,1,118,2.2e-59,233,12,10,9,4,10,14,5,12,1,10,11,2,12,12,5,9,10,6,8,23,20,9,18,17
"PGPT0000645","glnA",2973.2366977377,0.170933262771941,0.0326952174354454,5.22808154157219,1.71277973504989e-07,0.000388458443909315,"k87_4470293_2","COG0174@1|root,COG0174@2|Bacteria,2GMN1@201174|Actinobacteria,4FW9S@85025|Nocardiaceae","glutamine synthetase","ko:K01915",95,202,10,0,1,606,1,202,1.5e-108,397.1,36,29,28,29,36,18,44,27,21,39,29,39,31,25,25,30,30,48,24,47,36,38,29,43
"PGPT0000645","glnA",2973.2366977377,0.170933262771941,0.0326952174354454,5.22808154157219,1.71277973504989e-07,0.000388458443909315,"k87_635903_3","COG0174@1|root,COG0174@2|Bacteria,1NZU7@1224|Proteobacteria,2TS0B@28211|Alphaproteobacteria,4B9NF@82115|Rhizobiaceae","glutamine synthetase","ko:K01915",94.8,154,8,0,1,462,1,154,1.2e-84,317.4,30,27,13,30,26,30,28,27,36,37,37,16,14,12,26,34,30,37,30,44,41,48,43,44
"PGPT0000645","glnA",2973.2366977377,0.170933262771941,0.0326952174354454,5.22808154157219,1.71277973504989e-07,0.000388458443909315,"k87_5895768_1","COG0174@1|root,COG0174@2|Bacteria,1MUGQ@1224|Proteobacteria,2VHYE@28216|Betaproteobacteria,4AAV7@80864|Comamonadaceae","TIGRFAM glutamine synthetase, type I","ko:K01915,ko:K20712",95.7,141,6,0,1,423,1,141,8.4e-74,281.2,31,15,14,23,38,20,26,27,46,35,35,38,33,28,29,20,26,15,32,21,26,24,24,43
"PGPT0000645","glnA",2973.2366977377,0.170933262771941,0.0326952174354454,5.22808154157219,1.71277973504989e-07,0.000388458443909315,"k87_3478856_5","COG0174@1|root,COG0174@2|Bacteria,2GM3K@201174|Actinobacteria,233C3@1762|Mycobacteriaceae","glutamine synthetase","ko:K01915",90.9,449,41,0,1,1347,4,452,3.6e-243,845.5,51,47,44,53,66,67,35,78,65,64,56,37,62,43,49,50,63,42,60,69,61,50,65,82
"PGPT0000645","glnA",2973.2366977377,0.170933262771941,0.0326952174354454,5.22808154157219,1.71277973504989e-07,0.000388458443909315,"k87_3855261_4","COG0174@1|root,COG0174@2|Bacteria,1MUGQ@1224|Proteobacteria,2WFJM@28216|Betaproteobacteria,4AD19@80864|Comamonadaceae","Glutamine synthetase, catalytic domain","ko:K01915",90.8,163,15,0,1,489,295,457,7.9e-84,314.7,35,14,23,29,21,35,31,30,47,32,40,27,27,21,28,19,22,32,22,20,28,28,32,22
"PGPT0000645","glnA",2973.2366977377,0.170933262771941,0.0326952174354454,5.22808154157219,1.71277973504989e-07,0.000388458443909315,"k87_6883567_3","COG0174@1|root,COG0174@2|Bacteria,1MUGQ@1224|Proteobacteria,2VHYE@28216|Betaproteobacteria,1KJNG@119065|unclassified Burkholderiales","glutamine synthetase","ko:K01915,ko:K20712",93.3,75,5,0,1,225,398,472,4.9e-36,154.8,21,16,21,10,28,24,20,14,40,34,23,21,26,21,34,26,26,20,39,18,20,23,29,30
"PGPT0000645","glnA",2973.2366977377,0.170933262771941,0.0326952174354454,5.22808154157219,1.71277973504989e-07,0.000388458443909315,"k87_5174670_1","COG0174@1|root,COG0174@2|Bacteria,1MUGQ@1224|Proteobacteria,2VHYE@28216|Betaproteobacteria,4AAV7@80864|Comamonadaceae","TIGRFAM glutamine synthetase, type I","ko:K01915,ko:K20712",99.7,290,1,0,1,870,1,290,6.1e-172,608.2,84,83,29,53,88,71,60,55,112,144,121,95,73,81,85,87,77,65,106,88,77,100,93,97
"PGPT0000645","glnA",2973.2366977377,0.170933262771941,0.0326952174354454,5.22808154157219,1.71277973504989e-07,0.000388458443909315,"k87_6368024_1","COG0174@1|root,COG0174@2|Bacteria,1NZU7@1224|Proteobacteria,2TS0B@28211|Alphaproteobacteria,4B9NF@82115|Rhizobiaceae","glutamine synthetase","ko:K01915",93.6,172,11,0,1,516,175,346,5.2e-94,348.6,61,54,41,40,49,54,46,38,45,37,39,30,54,50,48,39,59,39,55,54,68,45,40,59
"PGPT0000645","glnA",2973.2366977377,0.170933262771941,0.0326952174354454,5.22808154157219,1.71277973504989e-07,0.000388458443909315,"k87_4146749_1","COG0174@1|root,COG0174@2|Bacteria,2GJ2I@201174|Actinobacteria,4DNNP@85009|Propionibacteriales","glutamine synthetase","ko:K01915",90.5,274,26,0,1,822,172,445,8.2e-142,508.1,18,22,9,27,39,23,26,18,16,33,20,16,14,20,21,24,12,18,22,12,14,25,16,18
"PGPT0000645","glnA",2973.2366977377,0.170933262771941,0.0326952174354454,5.22808154157219,1.71277973504989e-07,0.000388458443909315,"k87_2922099_4","COG0174@1|root,COG0174@2|Bacteria,1MUGQ@1224|Proteobacteria,2TSCR@28211|Alphaproteobacteria,1JR2Q@119045|Methylobacteriaceae","TIGRFAM glutamine synthetase, type I","ko:K01915",91.3,207,18,0,1,621,262,468,5.2e-112,408.7,56,36,33,26,52,33,26,41,22,40,14,58,38,35,38,35,33,24,34,57,32,18,34,56
"PGPT0000645","glnA",2973.2366977377,0.170933262771941,0.0326952174354454,5.22808154157219,1.71277973504989e-07,0.000388458443909315,"k87_1319684_2","COG0174@1|root,COG0174@2|Bacteria,1MUGQ@1224|Proteobacteria,2TTWE@28211|Alphaproteobacteria,4BABG@82115|Rhizobiaceae","glutamine synthetase","ko:K01915,ko:K01949",91.5,318,27,0,1,954,118,435,5e-175,618.6,38,36,45,30,68,51,46,38,47,75,53,48,73,40,42,35,56,65,38,58,66,50,42,56
"PGPT0000645","glnA",2973.2366977377,0.170933262771941,0.0326952174354454,5.22808154157219,1.71277973504989e-07,0.000388458443909315,"k87_4822626_1","COG0174@1|root,COG0174@2|Bacteria,1MUGQ@1224|Proteobacteria,2TSCR@28211|Alphaproteobacteria,1JR2Q@119045|Methylobacteriaceae","TIGRFAM glutamine synthetase, type I","ko:K01915",94,468,28,0,1,1404,1,468,1.5e-268,929.9,137,89,100,60,158,114,86,102,96,110,102,86,106,87,121,97,84,97,135,95,117,105,101,119
"PGPT0000645","glnA",2973.2366977377,0.170933262771941,0.0326952174354454,5.22808154157219,1.71277973504989e-07,0.000388458443909315,"k87_3807771_2","COG0174@1|root,COG0174@2|Bacteria,1MUGQ@1224|Proteobacteria,2TSCR@28211|Alphaproteobacteria,3JTH1@41294|Bradyrhizobiaceae","glutamine synthetase","ko:K01915",94.6,257,14,0,1,771,1,257,3.4e-142,509.2,91,75,60,68,86,85,70,56,57,93,73,72,39,64,59,43,67,62,64,72,86,76,81,80
"PGPT0000645","glnA",2973.2366977377,0.170933262771941,0.0326952174354454,5.22808154157219,1.71277973504989e-07,0.000388458443909315,"k87_3509933_2","COG0174@1|root,COG0174@2|Bacteria,2GK8A@201174|Actinobacteria,1W8DP@1268|Micrococcaceae","Glutamine synthetase, catalytic domain","ko:K01915",92.2,308,24,0,1,924,150,457,1.3e-164,583.9,12,16,25,25,24,33,32,39,18,14,34,10,26,12,20,28,24,7,34,32,27,29,23,46
"PGPT0000645","glnA",2973.2366977377,0.170933262771941,0.0326952174354454,5.22808154157219,1.71277973504989e-07,0.000388458443909315,"k87_6055750_1","COG0174@1|root,COG0174@2|Bacteria,2GMN1@201174|Actinobacteria,4DNAS@85009|Propionibacteriales","glutamine synthetase","ko:K01915",91,233,21,0,1,699,240,472,4.9e-127,458.8,69,57,44,46,87,55,62,58,27,58,32,49,52,51,52,50,38,23,74,39,46,54,52,56
"PGPT0000645","glnA",2973.2366977377,0.170933262771941,0.0326952174354454,5.22808154157219,1.71277973504989e-07,0.000388458443909315,"k87_4906314_4","COG0174@1|root,COG0174@2|Bacteria,1MUGQ@1224|Proteobacteria,2TSCR@28211|Alphaproteobacteria,2K06N@204457|Sphingomonadales","highly regulated protein controlled by the addition removal of adenylyl groups by adenylyltransferase from specific tyrosine residues","ko:K01915",90.6,64,6,0,70,261,1,64,7.3e-28,127.9,12,10,13,4,12,6,8,13,10,15,5,15,8,10,16,1,1,5,8,25,16,8,13,13
"PGPT0000645","glnA",2973.2366977377,0.170933262771941,0.0326952174354454,5.22808154157219,1.71277973504989e-07,0.000388458443909315,"k87_1765479_1","COG0174@1|root,COG0174@2|Bacteria,1MUGQ@1224|Proteobacteria,2TSCR@28211|Alphaproteobacteria,2K06N@204457|Sphingomonadales","highly regulated protein controlled by the addition removal of adenylyl groups by adenylyltransferase from specific tyrosine residues","ko:K01915",91.2,342,30,0,1,1026,129,470,2.8e-187,659.4,124,70,65,74,139,67,75,114,107,87,92,67,90,83,67,70,83,73,89,86,109,64,96,98
"PGPT0000645","glnA",2973.2366977377,0.170933262771941,0.0326952174354454,5.22808154157219,1.71277973504989e-07,0.000388458443909315,"k87_4291188_2","COG0174@1|root,COG0174@2|Bacteria,1MUGQ@1224|Proteobacteria,2TSCR@28211|Alphaproteobacteria,2K06N@204457|Sphingomonadales","highly regulated protein controlled by the addition removal of adenylyl groups by adenylyltransferase from specific tyrosine residues","ko:K01915",94.4,72,4,0,76,291,5,76,1.3e-33,147.1,14,24,29,21,29,27,30,21,25,22,20,25,16,23,28,21,21,17,22,28,23,42,20,17
"PGPT0000645","glnA",2973.2366977377,0.170933262771941,0.0326952174354454,5.22808154157219,1.71277973504989e-07,0.000388458443909315,"k87_2034102_1","COG0174@1|root,COG0174@2|Bacteria,1MU6V@1224|Proteobacteria,2TTPD@28211|Alphaproteobacteria,43I7N@69277|Phyllobacteriaceae","glutamine synthetase","ko:K01915",95.6,206,9,0,1,618,1,206,1.1e-109,401,39,31,14,28,31,35,34,48,14,31,30,15,36,31,24,26,31,24,32,38,29,30,55,50
"PGPT0000645","glnA",2973.2366977377,0.170933262771941,0.0326952174354454,5.22808154157219,1.71277973504989e-07,0.000388458443909315,"k87_2912308_2","COG0174@1|root,COG0174@2|Bacteria,3J0AS@40117|Nitrospirae","Glutamine synthetase, catalytic domain","ko:K01915",92.4,198,15,0,1,594,1,198,2.1e-107,393.3,6,16,9,6,6,20,16,6,12,16,7,10,23,10,14,2,6,8,18,8,14,8,14,20
"PGPT0000645","glnA",2973.2366977377,0.170933262771941,0.0326952174354454,5.22808154157219,1.71277973504989e-07,0.000388458443909315,"k87_1757171_2","COG0174@1|root,COG0174@2|Bacteria,2GMN1@201174|Actinobacteria,4DNAS@85009|Propionibacteriales","glutamine synthetase","ko:K01915",95.9,73,3,0,1,219,1,73,9.8e-34,147.1,19,14,17,14,14,13,17,8,9,20,15,9,24,20,18,18,17,14,9,20,26,20,24,28
"PGPT0000645","glnA",2973.2366977377,0.170933262771941,0.0326952174354454,5.22808154157219,1.71277973504989e-07,0.000388458443909315,"k87_5894526_1","COG3968@1|root,COG3968@2|Bacteria,2GMA9@201174|Actinobacteria,23305@1762|Mycobacteriaceae","glutamine synthetase","ko:K01915",91.9,359,29,0,1,1077,366,724,8.1e-182,641.3,54,48,43,45,74,47,61,63,53,54,50,53,46,56,55,47,57,37,53,56,52,47,62,58
"PGPT0000645","glnA",2973.2366977377,0.170933262771941,0.0326952174354454,5.22808154157219,1.71277973504989e-07,0.000388458443909315,"k87_2890855_1","COG0174@1|root,COG0174@2|Bacteria,1MUGQ@1224|Proteobacteria,1RMD1@1236|Gammaproteobacteria,1X3GI@135614|Xanthomonadales","highly regulated protein controlled by the addition removal of adenylyl groups by adenylyltransferase from specific tyrosine residues","ko:K01915",100,265,0,0,1,795,1,265,7.6e-153,544.7,66,72,56,40,109,82,78,61,67,107,75,42,63,52,56,38,98,328,67,85,85,104,103,96
"PGPT0000645","glnA",2973.2366977377,0.170933262771941,0.0326952174354454,5.22808154157219,1.71277973504989e-07,0.000388458443909315,"k87_5515787_1","COG0174@1|root,COG0174@2|Bacteria,2GMN1@201174|Actinobacteria,4DNAS@85009|Propionibacteriales","glutamine synthetase","ko:K01915",97.1,348,10,0,1,1044,1,348,3.4e-201,705.7,126,148,124,137,141,143,115,126,107,93,117,110,113,130,125,85,142,84,153,137,152,150,140,147
"PGPT0000645","glnA",2973.2366977377,0.170933262771941,0.0326952174354454,5.22808154157219,1.71277973504989e-07,0.000388458443909315,"k87_3229888_5","COG0174@1|root,COG0174@2|Bacteria,1MUGQ@1224|Proteobacteria,1RMD1@1236|Gammaproteobacteria,1X3GI@135614|Xanthomonadales","highly regulated protein controlled by the addition removal of adenylyl groups by adenylyltransferase from specific tyrosine residues","ko:K01915",100,224,0,0,1,672,246,469,1.9e-128,463.4,45,39,24,43,67,55,46,55,40,43,47,38,44,46,35,25,53,243,46,36,46,42,64,54
"PGPT0000645","glnA",2973.2366977377,0.170933262771941,0.0326952174354454,5.22808154157219,1.71277973504989e-07,0.000388458443909315,"k87_2742123_1","COG0174@1|root,COG0174@2|Bacteria,2GM3K@201174|Actinobacteria,4CPBS@84995|Rubrobacteria","PFAM glutamine synthetase catalytic region","ko:K01915",90.6,85,8,0,10,264,3,87,1e-37,160.6,10,6,6,7,9,11,9,8,6,12,4,9,14,8,8,6,3,4,12,8,12,8,11,10
"PGPT0000645","glnA",2973.2366977377,0.170933262771941,0.0326952174354454,5.22808154157219,1.71277973504989e-07,0.000388458443909315,"k87_4051293_1","COG0174@1|root,COG0174@2|Bacteria,2GJ2I@201174|Actinobacteria,4CP7E@84995|Rubrobacteria","glutamine synthetase, type I","ko:K01915",93.8,113,7,0,1,339,328,440,4.9e-56,221.9,16,31,11,17,22,30,23,14,14,24,16,26,18,14,17,7,12,7,19,14,21,20,18,24
"PGPT0000645","glnA",2973.2366977377,0.170933262771941,0.0326952174354454,5.22808154157219,1.71277973504989e-07,0.000388458443909315,"k87_3636926_2","COG0174@1|root,COG0174@2|Bacteria,1MUGQ@1224|Proteobacteria,2TSCR@28211|Alphaproteobacteria,3FCI2@34008|Rhodovulum","Glutamine synthetase, catalytic domain","ko:K01915",90.3,175,17,0,1,525,295,469,5.5e-91,338.6,70,71,53,47,85,75,48,58,64,67,55,62,48,39,60,57,76,48,69,66,100,60,76,78
"PGPT0000645","glnA",2973.2366977377,0.170933262771941,0.0326952174354454,5.22808154157219,1.71277973504989e-07,0.000388458443909315,"k87_975851_2","COG0174@1|root,COG0174@2|Bacteria,2GMN1@201174|Actinobacteria","glutamine synthetase","ko:K01915",98.5,203,3,0,1,609,1,203,1.6e-113,413.7,28,43,28,31,45,61,57,38,29,46,24,18,45,33,24,43,39,22,43,55,49,48,50,61
"PGPT0000645","glnA",2973.2366977377,0.170933262771941,0.0326952174354454,5.22808154157219,1.71277973504989e-07,0.000388458443909315,"k87_677428_1","COG0174@1|root,COG0174@2|Bacteria,1MUGQ@1224|Proteobacteria,2TSCR@28211|Alphaproteobacteria,3JTH1@41294|Bradyrhizobiaceae","glutamine synthetase","ko:K01915",93.6,299,19,0,1,897,171,469,1.7e-169,600.1,63,69,38,63,62,65,56,63,33,69,68,58,63,47,52,76,66,48,64,65,59,32,78,58
"PGPT0000645","glnA",2973.2366977377,0.170933262771941,0.0326952174354454,5.22808154157219,1.71277973504989e-07,0.000388458443909315,"k87_5586941_1","COG0174@1|root,COG0174@2|Bacteria,1MUGQ@1224|Proteobacteria,2TSCR@28211|Alphaproteobacteria,3JTH1@41294|Bradyrhizobiaceae","glutamine synthetase","ko:K01915",90.2,409,40,0,1,1227,34,442,1.7e-223,780,75,76,51,58,91,97,67,63,64,85,76,83,50,75,90,91,83,73,78,80,94,76,88,87
"PGPT0000645","glnA",2973.2366977377,0.170933262771941,0.0326952174354454,5.22808154157219,1.71277973504989e-07,0.000388458443909315,"k87_1463224_2","COG0174@1|root,COG0174@2|Bacteria,2GJ83@201174|Actinobacteria","glutamine synthetase","ko:K01915",91.4,327,28,0,1,981,1,327,6.1e-168,595.1,34,28,24,34,70,52,40,32,28,31,44,24,40,38,28,32,30,26,58,48,42,54,46,46
"PGPT0000645","glnA",2973.2366977377,0.170933262771941,0.0326952174354454,5.22808154157219,1.71277973504989e-07,0.000388458443909315,"k87_2173179_1","COG0174@1|root,COG0174@2|Bacteria,2GMN1@201174|Actinobacteria,4ES5H@85013|Frankiales","TIGRFAM glutamine synthetase, type I","ko:K01915",97.6,374,9,0,1,1122,28,401,2.5e-218,762.7,173,114,137,133,175,162,147,160,123,139,116,122,110,136,114,140,113,87,135,130,123,94,100,129
"PGPT0000645","glnA",2973.2366977377,0.170933262771941,0.0326952174354454,5.22808154157219,1.71277973504989e-07,0.000388458443909315,"k87_3524859_1","COG0174@1|root,COG0174@2|Bacteria,2GJ2I@201174|Actinobacteria,4CP7E@84995|Rubrobacteria","glutamine synthetase, type I","ko:K01915",90.9,88,8,0,1,264,358,445,1.6e-41,173.3,51,53,31,39,74,31,50,56,44,46,38,39,32,29,40,38,39,38,42,30,38,34,42,20
"PGPT0000645","glnA",2973.2366977377,0.170933262771941,0.0326952174354454,5.22808154157219,1.71277973504989e-07,0.000388458443909315,"k87_6609136_1","COG0174@1|root,COG0174@2|Bacteria,2GJ2I@201174|Actinobacteria,4FM01@85023|Microbacteriaceae","Glutamine synthetase, catalytic domain","ko:K01915",95.8,120,5,0,1,360,326,445,2.2e-59,233,38,34,23,28,38,20,44,20,22,25,36,2,36,25,20,28,22,14,24,28,56,29,24,30
"PGPT0000645","glnA",2973.2366977377,0.170933262771941,0.0326952174354454,5.22808154157219,1.71277973504989e-07,0.000388458443909315,"k87_3073696_2","COG0174@1|root,COG0174@2|Bacteria,1MUGQ@1224|Proteobacteria,2TSCR@28211|Alphaproteobacteria,43H5B@69277|Phyllobacteriaceae","glutamine synthetase","ko:K01915",98.1,105,2,0,1,315,365,469,1.9e-54,216.5,48,25,36,36,57,35,31,26,36,39,27,27,42,28,44,32,43,52,30,52,40,46,55,46
"PGPT0000645","glnA",2973.2366977377,0.170933262771941,0.0326952174354454,5.22808154157219,1.71277973504989e-07,0.000388458443909315,"k87_6636135_1","COG3968@1|root,COG3968@2|Bacteria,2GMA9@201174|Actinobacteria,23305@1762|Mycobacteriaceae","glutamine synthetase","ko:K01915",99.3,138,1,0,1,414,1,138,5.9e-72,275,28,25,21,14,32,34,31,25,14,27,25,24,35,23,14,18,24,20,32,30,24,29,23,15
"PGPT0000645","glnA",2973.2366977377,0.170933262771941,0.0326952174354454,5.22808154157219,1.71277973504989e-07,0.000388458443909315,"k87_2626482_1","COG0174@1|root,COG0174@2|Bacteria,1MUGQ@1224|Proteobacteria,1RMD1@1236|Gammaproteobacteria,1X3GI@135614|Xanthomonadales","highly regulated protein controlled by the addition removal of adenylyl groups by adenylyltransferase from specific tyrosine residues","ko:K01915",93.5,231,15,0,1,693,239,469,1.1e-126,457.6,58,53,55,36,97,54,68,62,71,74,53,47,56,53,43,53,58,59,59,48,86,48,95,76
"PGPT0000645","glnA",2973.2366977377,0.170933262771941,0.0326952174354454,5.22808154157219,1.71277973504989e-07,0.000388458443909315,"k87_3254441_5","COG0174@1|root,COG0174@2|Bacteria,2GKU9@201174|Actinobacteria","glutamine synthetase","ko:K01915",100,103,0,0,1,309,240,342,6.9e-57,224.6,8,22,28,19,14,25,26,24,20,32,31,15,27,19,11,32,27,16,24,24,24,28,22,36
"PGPT0000645","glnA",2973.2366977377,0.170933262771941,0.0326952174354454,5.22808154157219,1.71277973504989e-07,0.000388458443909315,"k87_3343267_2","COG0174@1|root,COG0174@2|Bacteria,1MUGQ@1224|Proteobacteria,2TXJ5@28211|Alphaproteobacteria,3JW0D@41294|Bradyrhizobiaceae","Glutamine synthetase, catalytic domain","ko:K01915",95.1,309,15,0,1,927,1,309,4.5e-172,609,21,25,16,17,24,36,28,32,24,23,34,10,14,24,28,18,13,8,28,18,28,40,22,34
"PGPT0000645","glnA",2973.2366977377,0.170933262771941,0.0326952174354454,5.22808154157219,1.71277973504989e-07,0.000388458443909315,"k87_1593956_1","COG0174@1|root,COG0174@2|Bacteria,46S5C@74201|Verrucomicrobia,2ITKG@203494|Verrucomicrobiae","Glutamine synthetase, catalytic domain","-",91.6,344,29,0,502,1533,1,344,6.5e-193,678.7,112,54,67,63,71,53,61,48,138,158,132,88,74,70,76,67,63,67,86,76,62,74,88,50
"PGPT0000645","glnA",2973.2366977377,0.170933262771941,0.0326952174354454,5.22808154157219,1.71277973504989e-07,0.000388458443909315,"k87_6084693_2","COG0174@1|root,COG0174@2|Bacteria,1MU6V@1224|Proteobacteria,2TRCP@28211|Alphaproteobacteria,43H1R@69277|Phyllobacteriaceae","glutamine synthetase","ko:K01915",97.4,418,11,0,1,1254,60,477,3.9e-236,822,46,58,25,33,44,36,36,38,53,43,35,51,50,43,47,31,43,35,42,42,67,44,49,69
"PGPT0000645","glnA",2973.2366977377,0.170933262771941,0.0326952174354454,5.22808154157219,1.71277973504989e-07,0.000388458443909315,"k87_3636435_1","COG0174@1|root,COG0174@2|Bacteria,2GKU9@201174|Actinobacteria","glutamine synthetase","ko:K01915",91.9,185,15,0,10,564,1,185,6.5e-98,361.7,47,57,46,31,60,67,31,46,18,47,41,55,49,37,54,45,51,52,52,53,61,60,51,76
"PGPT0000645","glnA",2973.2366977377,0.170933262771941,0.0326952174354454,5.22808154157219,1.71277973504989e-07,0.000388458443909315,"k87_4347003_1","COG0174@1|root,COG0174@2|Bacteria,2GMN1@201174|Actinobacteria,4DNAS@85009|Propionibacteriales","glutamine synthetase","ko:K01915",90,281,28,0,1,843,1,281,1.1e-152,544.3,95,133,93,127,152,112,125,144,126,85,98,81,80,104,96,118,98,75,108,132,112,124,118,110
"PGPT0000645","glnA",2973.2366977377,0.170933262771941,0.0326952174354454,5.22808154157219,1.71277973504989e-07,0.000388458443909315,"k87_165988_3","COG0174@1|root,COG0174@2|Bacteria,2GMN1@201174|Actinobacteria","glutamine synthetase","ko:K01915",97.3,262,7,0,1,786,1,262,2.3e-149,533.1,47,48,55,44,80,31,42,63,35,37,45,49,39,41,40,40,68,47,60,58,54,58,59,79
"PGPT0000645","glnA",2973.2366977377,0.170933262771941,0.0326952174354454,5.22808154157219,1.71277973504989e-07,0.000388458443909315,"k87_3268925_1","COG0174@1|root,COG0174@2|Bacteria,2GJ2I@201174|Actinobacteria,4DNNP@85009|Propionibacteriales","glutamine synthetase","ko:K01915",98.2,57,1,0,1,171,1,57,4.2e-24,114.8,19,13,15,25,17,18,25,18,13,18,28,19,16,17,25,27,17,14,19,15,19,21,14,25
"PGPT0000645","glnA",2973.2366977377,0.170933262771941,0.0326952174354454,5.22808154157219,1.71277973504989e-07,0.000388458443909315,"k87_4120368_1","COG0174@1|root,COG0174@2|Bacteria,2GJ2I@201174|Actinobacteria,4DNNP@85009|Propionibacteriales","glutamine synthetase","ko:K01915",90.5,137,13,0,1,411,1,137,5.1e-68,261.9,24,13,14,11,36,32,10,23,28,23,23,13,16,20,25,18,16,12,18,26,32,9,26,25
"PGPT0000645","glnA",2973.2366977377,0.170933262771941,0.0326952174354454,5.22808154157219,1.71277973504989e-07,0.000388458443909315,"k87_422988_1","COG0174@1|root,COG0174@2|Bacteria,1MU6V@1224|Proteobacteria,2TRCP@28211|Alphaproteobacteria,43H1R@69277|Phyllobacteriaceae","glutamine synthetase","ko:K01915",95.2,352,17,0,1,1056,115,466,2.4e-194,682.9,14,30,21,34,24,18,16,28,32,32,24,14,15,29,13,14,23,19,26,22,30,30,28,29
"PGPT0000645","glnA",2973.2366977377,0.170933262771941,0.0326952174354454,5.22808154157219,1.71277973504989e-07,0.000388458443909315,"k87_1837160_1","COG0174@1|root,COG0174@2|Bacteria,1MUGQ@1224|Proteobacteria,2TTWE@28211|Alphaproteobacteria,4BABG@82115|Rhizobiaceae","glutamine synthetase","ko:K01915,ko:K01949",95,121,6,0,37,399,1,121,1e-60,237.7,4,23,4,2,12,20,8,4,15,23,6,8,10,9,14,8,14,11,16,9,10,16,22,8
"PGPT0000645","glnA",2973.2366977377,0.170933262771941,0.0326952174354454,5.22808154157219,1.71277973504989e-07,0.000388458443909315,"k87_4338501_1","COG0174@1|root,COG0174@2|Bacteria,1MUGQ@1224|Proteobacteria,2TU6U@28211|Alphaproteobacteria,43I8V@69277|Phyllobacteriaceae","glutamine synthetase","ko:K01915",95.1,61,3,0,1,183,331,391,3.7e-27,125.6,15,13,9,10,19,10,9,10,13,24,12,26,6,4,15,10,14,13,10,24,18,9,18,16
"PGPT0000645","glnA",2973.2366977377,0.170933262771941,0.0326952174354454,5.22808154157219,1.71277973504989e-07,0.000388458443909315,"k87_982342_5","COG0174@1|root,COG0174@2|Bacteria,1MUGQ@1224|Proteobacteria,2TU6U@28211|Alphaproteobacteria,4B7QK@82115|Rhizobiaceae","glutamine synthetase","ko:K01915",91.9,234,19,0,10,711,2,235,1e-124,451.1,15,20,8,16,27,16,11,25,14,20,18,26,24,19,14,21,12,13,26,24,22,33,16,16
"PGPT0000645","glnA",2973.2366977377,0.170933262771941,0.0326952174354454,5.22808154157219,1.71277973504989e-07,0.000388458443909315,"k87_2547832_1","COG0174@1|root,COG0174@2|Bacteria,1MUGQ@1224|Proteobacteria,2TSCR@28211|Alphaproteobacteria,43H5B@69277|Phyllobacteriaceae","glutamine synthetase","ko:K01915",99.2,237,2,0,1,711,1,237,1.4e-134,483.8,25,22,14,10,26,20,24,18,32,33,28,17,9,12,22,15,30,37,16,32,45,28,32,32
"PGPT0000645","glnA",2973.2366977377,0.170933262771941,0.0326952174354454,5.22808154157219,1.71277973504989e-07,0.000388458443909315,"k87_4296839_4","COG0174@1|root,COG0174@2|Bacteria,2GMN1@201174|Actinobacteria,4FMA2@85023|Microbacteriaceae","Glutamine synthetase, catalytic domain","ko:K01915",95.5,425,19,0,1,1275,1,425,1.8e-241,839.7,136,143,107,96,205,151,145,157,106,146,145,125,99,140,148,104,119,111,173,169,158,141,189,167
"PGPT0000645","glnA",2973.2366977377,0.170933262771941,0.0326952174354454,5.22808154157219,1.71277973504989e-07,0.000388458443909315,"k87_4121542_1","COG0174@1|root,COG0174@2|Bacteria,2GJ2I@201174|Actinobacteria,4DNNP@85009|Propionibacteriales","glutamine synthetase","ko:K01915",93.9,264,16,0,1,792,1,264,3.4e-145,519.2,105,96,90,97,129,110,118,92,103,108,107,94,102,77,80,85,104,84,137,109,141,124,100,135
"PGPT0000645","glnA",2973.2366977377,0.170933262771941,0.0326952174354454,5.22808154157219,1.71277973504989e-07,0.000388458443909315,"k87_2014476_2","COG0174@1|root,COG0174@2|Bacteria,1MUGQ@1224|Proteobacteria,2TSCR@28211|Alphaproteobacteria,1JR2Q@119045|Methylobacteriaceae","TIGRFAM glutamine synthetase, type I","ko:K01915",95.2,105,5,0,1,315,364,468,4e-52,208.8,11,16,6,16,30,10,19,17,14,10,10,17,20,17,10,6,11,6,10,16,16,14,10,14
"PGPT0000645","glnA",2973.2366977377,0.170933262771941,0.0326952174354454,5.22808154157219,1.71277973504989e-07,0.000388458443909315,"k87_234787_2","COG0174@1|root,COG0174@2|Bacteria,1MUGQ@1224|Proteobacteria,2TU6U@28211|Alphaproteobacteria,43I8V@69277|Phyllobacteriaceae","glutamine synthetase","ko:K01915",96.7,456,15,0,1,1368,1,456,3.5e-270,935.3,70,44,20,19,38,31,38,54,24,42,30,32,32,36,39,32,52,63,48,78,37,26,35,69
"PGPT0000645","glnA",2973.2366977377,0.170933262771941,0.0326952174354454,5.22808154157219,1.71277973504989e-07,0.000388458443909315,"k87_6049257_2","COG0174@1|root,COG0174@2|Bacteria,2GJ2I@201174|Actinobacteria,4CP7E@84995|Rubrobacteria","glutamine synthetase, type I","ko:K01915",90.9,154,14,0,16,477,3,156,1.4e-80,303.9,31,33,27,17,48,42,30,42,26,43,15,38,26,22,17,24,7,22,35,32,24,20,24,30
"PGPT0000645","glnA",2973.2366977377,0.170933262771941,0.0326952174354454,5.22808154157219,1.71277973504989e-07,0.000388458443909315,"k87_2187725_1","COG0174@1|root,COG0174@2|Bacteria,2GJ2I@201174|Actinobacteria,4ERGV@85013|Frankiales","PFAM Glutamine synthetase, catalytic","ko:K01915",97.1,205,6,0,10,624,1,205,4.6e-113,412.1,30,82,44,43,83,98,51,66,47,68,44,35,62,39,64,53,29,28,50,46,66,47,50,69
"PGPT0000645","glnA",2973.2366977377,0.170933262771941,0.0326952174354454,5.22808154157219,1.71277973504989e-07,0.000388458443909315,"k87_4894971_2","COG0174@1|root,COG0174@2|Bacteria,1MUGQ@1224|Proteobacteria,2TSCR@28211|Alphaproteobacteria,2K06N@204457|Sphingomonadales","highly regulated protein controlled by the addition removal of adenylyl groups by adenylyltransferase from specific tyrosine residues","ko:K01915",98.5,199,3,0,1,597,269,467,9e-114,414.5,38,47,34,38,51,39,33,21,32,41,55,29,38,33,39,32,29,20,34,27,28,52,31,35
"PGPT0000645","glnA",2973.2366977377,0.170933262771941,0.0326952174354454,5.22808154157219,1.71277973504989e-07,0.000388458443909315,"k87_5753474_1","COG0174@1|root,COG0174@2|Bacteria,2GM3K@201174|Actinobacteria","glutamine synthetase","ko:K01915",94.9,216,11,0,1,648,239,454,3.2e-117,426,20,18,24,16,55,22,40,41,36,24,21,32,21,20,34,24,25,35,28,41,60,41,56,53
"PGPT0000645","glnA",2973.2366977377,0.170933262771941,0.0326952174354454,5.22808154157219,1.71277973504989e-07,0.000388458443909315,"k87_6489273_1","COG0174@1|root,COG0174@2|Bacteria,2GJ2I@201174|Actinobacteria,4DNNP@85009|Propionibacteriales","glutamine synthetase","ko:K01915",93.8,288,18,0,1,864,158,445,3.9e-158,562.4,93,66,66,79,93,114,71,78,56,54,63,46,56,65,47,90,48,62,99,82,76,75,77,83
"PGPT0000645","glnA",2973.2366977377,0.170933262771941,0.0326952174354454,5.22808154157219,1.71277973504989e-07,0.000388458443909315,"k87_2553033_3","COG0174@1|root,COG0174@2|Bacteria,2GJ2I@201174|Actinobacteria,4DNNP@85009|Propionibacteriales","glutamine synthetase","ko:K01915",90.1,445,44,0,28,1362,1,445,1.8e-239,833.2,46,37,44,44,56,43,53,53,35,30,60,50,39,53,36,64,26,20,56,39,46,31,43,22
"PGPT0000645","glnA",2973.2366977377,0.170933262771941,0.0326952174354454,5.22808154157219,1.71277973504989e-07,0.000388458443909315,"k87_1742868_2","COG0174@1|root,COG0174@2|Bacteria,2H0T5@201174|Actinobacteria","glutamine synthetase","ko:K01915",92.5,134,10,0,1,402,318,451,5e-68,261.9,6,8,4,8,18,25,10,8,8,12,6,14,20,12,22,16,6,20,13,14,16,18,8,20
"PGPT0000645","glnA",2973.2366977377,0.170933262771941,0.0326952174354454,5.22808154157219,1.71277973504989e-07,0.000388458443909315,"k87_1852259_1","COG0174@1|root,COG0174@2|Bacteria,2GMN1@201174|Actinobacteria,234G8@1762|Mycobacteriaceae","glutamine synthetase","ko:K01915",95.9,145,6,0,1,435,1,145,6.6e-74,281.6,34,38,24,23,40,41,36,38,30,33,24,27,38,31,48,24,21,17,46,46,20,46,32,44
"PGPT0000645","glnA",2973.2366977377,0.170933262771941,0.0326952174354454,5.22808154157219,1.71277973504989e-07,0.000388458443909315,"k87_1294230_8","COG0174@1|root,COG0174@2|Bacteria,3J0AS@40117|Nitrospirae","Glutamine synthetase, catalytic domain","ko:K01915",93,469,33,0,1,1407,1,469,3.4e-265,918.7,50,52,36,38,51,36,51,42,47,74,62,29,44,58,44,41,22,35,37,35,47,52,38,46
"PGPT0000925","urtA",563.718425402565,0.307432159925593,0.068720482620349,4.47366124629862,7.68915246604043e-06,0.0040417139588112,"k87_4523274_2","COG0683@1|root,COG0683@2|Bacteria,1MU8V@1224|Proteobacteria,2TS3I@28211|Alphaproteobacteria,3JR4H@41294|Bradyrhizobiaceae","Periplasmic binding protein domain","ko:K11959",91,400,36,0,1,1200,38,437,1.1e-216,757.3,90,101,69,77,75,80,80,76,68,112,88,82,86,92,88,82,75,88,65,72,94,79,76,96
"PGPT0000925","urtA",563.718425402565,0.307432159925593,0.068720482620349,4.47366124629862,7.68915246604043e-06,0.0040417139588112,"k87_2979054_1","COG0683@1|root,COG0683@2|Bacteria,1MU8V@1224|Proteobacteria,2TS3I@28211|Alphaproteobacteria,3JR4H@41294|Bradyrhizobiaceae","Periplasmic binding protein domain","ko:K11959",93.2,292,18,1,1,876,149,438,2.7e-159,566.2,88,71,67,53,68,66,89,51,40,74,75,53,68,48,78,55,66,84,81,95,82,58,77,77
"PGPT0000925","urtA",563.718425402565,0.307432159925593,0.068720482620349,4.47366124629862,7.68915246604043e-06,0.0040417139588112,"k87_267483_3","COG0683@1|root,COG0683@2|Bacteria,1MU8V@1224|Proteobacteria,2TS3I@28211|Alphaproteobacteria,1JR7U@119045|Methylobacteriaceae","TIGRFAM urea ABC transporter, urea binding protein","ko:K11959",95.6,135,6,0,1,405,295,429,1.5e-72,276.9,26,16,17,8,18,11,22,15,10,28,20,16,22,24,16,12,18,10,24,7,22,9,14,14
"PGPT0000925","urtA",563.718425402565,0.307432159925593,0.068720482620349,4.47366124629862,7.68915246604043e-06,0.0040417139588112,"k87_1490404_3","COG0683@1|root,COG0683@2|Bacteria,1MU8V@1224|Proteobacteria,2TS3I@28211|Alphaproteobacteria","COG0683 ABC-type branched-chain amino acid transport systems, periplasmic component","ko:K11959",90.6,223,20,1,10,675,6,228,2.6e-109,399.8,78,37,40,41,46,49,50,70,65,67,44,45,31,45,45,58,41,34,68,40,69,62,62,69
"PGPT0000925","urtA",563.718425402565,0.307432159925593,0.068720482620349,4.47366124629862,7.68915246604043e-06,0.0040417139588112,"k87_3654449_2","COG0683@1|root,COG0683@2|Bacteria,1MU8V@1224|Proteobacteria,2TS3I@28211|Alphaproteobacteria,1JR7U@119045|Methylobacteriaceae","TIGRFAM urea ABC transporter, urea binding protein","ko:K11959",100,156,0,0,1,468,1,156,1.4e-77,293.9,24,30,17,16,26,13,22,28,22,22,20,16,27,17,21,18,21,26,34,31,5,18,20,29
"PGPT0000925","urtA",563.718425402565,0.307432159925593,0.068720482620349,4.47366124629862,7.68915246604043e-06,0.0040417139588112,"k87_821877_1","COG0683@1|root,COG0683@2|Bacteria,1MU8V@1224|Proteobacteria,2TS3I@28211|Alphaproteobacteria,3JR4H@41294|Bradyrhizobiaceae","Periplasmic binding protein domain","ko:K11959",90.5,169,16,0,25,531,15,183,1e-81,307.8,71,64,48,53,46,67,47,59,43,66,40,33,63,51,57,53,39,57,58,63,60,54,75,90
"PGPT0000925","urtA",563.718425402565,0.307432159925593,0.068720482620349,4.47366124629862,7.68915246604043e-06,0.0040417139588112,"k87_6451237_3","COG0683@1|root,COG0683@2|Bacteria,1MU8V@1224|Proteobacteria,2TS3I@28211|Alphaproteobacteria,43HH4@69277|Phyllobacteriaceae","ABC transporter","ko:K11959",91.5,247,20,1,10,750,3,248,2.3e-122,443.4,24,28,5,12,14,14,19,16,17,30,17,5,19,11,18,22,24,21,7,24,24,22,20,25
"PGPT0000925","urtA",563.718425402565,0.307432159925593,0.068720482620349,4.47366124629862,7.68915246604043e-06,0.0040417139588112,"k87_6943205_2","COG0683@1|root,COG0683@2|Bacteria,1MU8V@1224|Proteobacteria,2TS3I@28211|Alphaproteobacteria","COG0683 ABC-type branched-chain amino acid transport systems, periplasmic component","ko:K11959",90,210,21,0,4,633,220,429,1.5e-111,407.1,67,37,47,59,52,38,50,59,51,42,56,47,47,61,62,55,36,36,46,58,56,46,55,54
"PGPT0000925","urtA",563.718425402565,0.307432159925593,0.068720482620349,4.47366124629862,7.68915246604043e-06,0.0040417139588112,"k87_3142131_1","COG0683@1|root,COG0683@2|Bacteria,1MU8V@1224|Proteobacteria,2TS3I@28211|Alphaproteobacteria,3JRX8@41294|Bradyrhizobiaceae","Function proposed based on presence of conserved amino acid motif, structural feature or limited homology","ko:K11959",92.9,337,24,0,1,1011,54,390,3.1e-183,646,52,56,44,46,72,82,66,60,66,38,23,32,44,44,36,50,66,75,92,68,82,64,67,66
"PGPT0000925","urtA",563.718425402565,0.307432159925593,0.068720482620349,4.47366124629862,7.68915246604043e-06,0.0040417139588112,"k87_1039520_1","COG0683@1|root,COG0683@2|Bacteria,1MU8V@1224|Proteobacteria,2TS3I@28211|Alphaproteobacteria,4BADF@82115|Rhizobiaceae","ABC transporter substrate-binding protein","ko:K11959",91.8,182,15,0,1,546,249,430,1.7e-95,353.6,21,19,25,23,43,27,28,19,29,20,33,23,23,28,22,22,21,28,47,43,39,38,36,46
"PGPT0000925","urtA",563.718425402565,0.307432159925593,0.068720482620349,4.47366124629862,7.68915246604043e-06,0.0040417139588112,"k87_5526059_2","COG0683@1|root,COG0683@2|Bacteria,1MU8V@1224|Proteobacteria,2VI6J@28216|Betaproteobacteria,1KKDM@119065|unclassified Burkholderiales","Urea ABC transporter, urea binding protein","ko:K11959",91.6,249,21,0,1,747,173,421,1.6e-131,473.8,100,99,75,60,88,90,105,62,85,155,108,77,96,84,87,62,69,51,96,46,68,77,93,81
"PGPT0000925","urtA",563.718425402565,0.307432159925593,0.068720482620349,4.47366124629862,7.68915246604043e-06,0.0040417139588112,"k87_4107975_3","COG0683@1|root,COG0683@2|Bacteria,1MU8V@1224|Proteobacteria,2TS3I@28211|Alphaproteobacteria,3JR4H@41294|Bradyrhizobiaceae","Periplasmic binding protein domain","ko:K11959",91.5,189,16,0,43,609,16,204,2.6e-92,343.2,23,28,15,23,50,31,45,42,21,29,36,21,27,24,36,34,15,10,46,27,45,36,34,16
"PGPT0001170","icd",1244.08687665635,0.183733797332892,0.0413623253215809,4.44205677278565,8.91030414200001e-06,0.0040417139588112,"k87_5644525_1","COG0538@1|root,COG0538@2|Bacteria,1MUIB@1224|Proteobacteria,2TQWD@28211|Alphaproteobacteria,4B99K@82115|Rhizobiaceae","Belongs to the isocitrate and isopropylmalate dehydrogenases family","ko:K00031",91,290,26,0,1,870,115,404,6.9e-155,551.6,131,142,104,98,155,151,123,131,137,109,115,140,98,111,114,111,125,131,137,173,123,121,146,144
"PGPT0001170","icd",1244.08687665635,0.183733797332892,0.0413623253215809,4.44205677278565,8.91030414200001e-06,0.0040417139588112,"k87_1181071_1","COG0538@1|root,COG0538@2|Bacteria,1MW3J@1224|Proteobacteria,2VHVD@28216|Betaproteobacteria,4ABW5@80864|Comamonadaceae","TIGRFAM isocitrate dehydrogenase, NADP-dependent","ko:K00031",96,224,9,0,4,675,4,227,2.7e-122,443,67,40,37,60,76,58,52,47,71,70,79,50,54,58,68,63,71,41,56,55,49,60,78,58
"PGPT0001170","icd",1244.08687665635,0.183733797332892,0.0413623253215809,4.44205677278565,8.91030414200001e-06,0.0040417139588112,"k87_6421090_1","COG0538@1|root,COG0538@2|Bacteria,1MUIB@1224|Proteobacteria,2TQWD@28211|Alphaproteobacteria,2K05F@204457|Sphingomonadales","Belongs to the isocitrate and isopropylmalate dehydrogenases family","ko:K00031",95.2,335,16,0,1,1005,57,391,8.6e-194,681,67,66,41,57,97,59,80,55,81,71,76,77,76,58,86,57,57,44,71,75,93,75,65,92
"PGPT0001170","icd",1244.08687665635,0.183733797332892,0.0413623253215809,4.44205677278565,8.91030414200001e-06,0.0040417139588112,"k87_1135087_1","COG0538@1|root,COG0538@2|Bacteria,1MUIB@1224|Proteobacteria,2TQWD@28211|Alphaproteobacteria,4B99K@82115|Rhizobiaceae","Belongs to the isocitrate and isopropylmalate dehydrogenases family","ko:K00031",92.5,120,9,0,1,360,284,403,3.6e-57,225.7,49,46,23,41,72,36,39,44,46,52,49,40,38,36,34,37,38,18,40,29,45,40,44,46
"PGPT0001170","icd",1244.08687665635,0.183733797332892,0.0413623253215809,4.44205677278565,8.91030414200001e-06,0.0040417139588112,"k87_5480121_3","COG0538@1|root,COG0538@2|Bacteria,1MUIB@1224|Proteobacteria,2TQWD@28211|Alphaproteobacteria,4B99K@82115|Rhizobiaceae","Belongs to the isocitrate and isopropylmalate dehydrogenases family","ko:K00031",91.9,74,6,0,1,222,329,402,4.3e-32,141.7,18,10,23,17,12,9,9,14,33,21,21,19,17,22,8,14,12,9,18,15,18,30,11,34
"PGPT0001170","icd",1244.08687665635,0.183733797332892,0.0413623253215809,4.44205677278565,8.91030414200001e-06,0.0040417139588112,"k87_6735424_1","COG0538@1|root,COG0538@2|Bacteria,1MUIB@1224|Proteobacteria,2TQWD@28211|Alphaproteobacteria,2K05F@204457|Sphingomonadales","Belongs to the isocitrate and isopropylmalate dehydrogenases family","ko:K00031",96.9,32,1,0,1,96,1,32,3.3e-10,67.8,11,7,9,4,21,13,12,6,11,12,7,8,8,8,8,4,7,8,12,8,4,2,13,4
"PGPT0001170","icd",1244.08687665635,0.183733797332892,0.0413623253215809,4.44205677278565,8.91030414200001e-06,0.0040417139588112,"k87_5078541_1","COG2838@1|root,COG2838@2|Bacteria,2GJ1C@201174|Actinobacteria","Isocitrate dehydrogenase","ko:K00031",91.5,482,41,0,1,1446,258,739,6.1e-257,891.3,256,257,207,196,299,298,243,270,223,217,227,210,223,226,220,168,230,224,295,279,234,260,240,314
"PGPT0001170","icd",1244.08687665635,0.183733797332892,0.0413623253215809,4.44205677278565,8.91030414200001e-06,0.0040417139588112,"k87_1347726_1","COG0538@1|root,COG0538@2|Bacteria,1MW3J@1224|Proteobacteria,2VHVD@28216|Betaproteobacteria,1KJAK@119065|unclassified Burkholderiales","Isocitrate dehydrogenase","ko:K00031",90.2,164,16,0,1,492,1,164,9.4e-85,317.8,52,33,36,43,60,33,34,67,67,56,78,54,42,32,43,31,47,43,53,38,41,60,48,46
"PGPT0001170","icd",1244.08687665635,0.183733797332892,0.0413623253215809,4.44205677278565,8.91030414200001e-06,0.0040417139588112,"k87_962125_1","COG2838@1|root,COG2838@2|Bacteria,46TNM@74201|Verrucomicrobia,3K755@414999|Opitutae","Isocitrate dehydrogenase","ko:K00031",90.9,164,15,0,1,492,1,164,4.8e-73,278.9,21,22,24,31,18,18,14,28,59,63,40,28,30,19,12,19,19,8,28,16,24,18,22,28
"PGPT0001170","icd",1244.08687665635,0.183733797332892,0.0413623253215809,4.44205677278565,8.91030414200001e-06,0.0040417139588112,"k87_6147752_2","COG2838@1|root,COG2838@2|Bacteria,2GJ1C@201174|Actinobacteria,4DPVX@85009|Propionibacteriales","Isocitrate dehydrogenase","ko:K00031",90.7,269,25,0,22,828,5,273,8.3e-134,481.5,108,83,66,107,140,133,117,117,93,114,98,95,84,100,66,94,72,78,83,140,74,103,85,112
"PGPT0001170","icd",1244.08687665635,0.183733797332892,0.0413623253215809,4.44205677278565,8.91030414200001e-06,0.0040417139588112,"k87_2972399_1","COG0538@1|root,COG0538@2|Bacteria,1MW3J@1224|Proteobacteria,1RNMD@1236|Gammaproteobacteria,1X3IR@135614|Xanthomonadales","Isocitrate/isopropylmalate dehydrogenase","ko:K00031",99.8,442,1,0,1,1326,1,442,2.4e-260,902.5,172,137,98,99,148,143,129,158,162,164,189,136,118,168,159,125,145,549,161,135,147,155,162,166
"PGPT0001170","icd",1244.08687665635,0.183733797332892,0.0413623253215809,4.44205677278565,8.91030414200001e-06,0.0040417139588112,"k87_1656634_4","COG0538@1|root,COG0538@2|Bacteria,1MUIB@1224|Proteobacteria,2TQWD@28211|Alphaproteobacteria,3N9KE@45404|Beijerinckiaceae","Belongs to the isocitrate and isopropylmalate dehydrogenases family","ko:K00031",93.3,75,5,0,1,225,330,404,6e-34,147.9,34,20,12,7,25,37,36,21,18,22,19,29,19,22,22,26,24,8,24,22,35,33,33,39
"PGPT0001170","icd",1244.08687665635,0.183733797332892,0.0413623253215809,4.44205677278565,8.91030414200001e-06,0.0040417139588112,"k87_4103938_2","COG0538@1|root,COG0538@2|Bacteria,1MUIB@1224|Proteobacteria,2TQWD@28211|Alphaproteobacteria","Belongs to the isocitrate and isopropylmalate dehydrogenases family","ko:K00031",91.7,121,10,0,1,363,1,121,2.7e-60,236.1,89,107,73,73,93,63,77,75,71,99,80,76,69,43,59,52,47,56,58,85,64,56,76,68
"PGPT0001170","icd",1244.08687665635,0.183733797332892,0.0413623253215809,4.44205677278565,8.91030414200001e-06,0.0040417139588112,"k87_5579539_1","COG2838@1|root,COG2838@2|Bacteria","Isocitrate dehydrogenase","ko:K00031",92.4,144,11,0,1,432,600,743,7.5e-70,268.1,13,10,19,14,19,20,28,18,17,24,25,13,10,30,20,13,15,22,22,16,14,18,10,14
"PGPT0001170","icd",1244.08687665635,0.183733797332892,0.0413623253215809,4.44205677278565,8.91030414200001e-06,0.0040417139588112,"k87_2799514_2","COG0538@1|root,COG0538@2|Bacteria,1MUIB@1224|Proteobacteria,2TQWD@28211|Alphaproteobacteria,43HA6@69277|Phyllobacteriaceae","Belongs to the isocitrate and isopropylmalate dehydrogenases family","ko:K00031",96.9,161,5,0,1,483,244,404,2.4e-88,329.7,22,16,11,24,20,29,19,16,19,24,18,21,18,19,23,24,30,22,12,33,38,18,16,22
"PGPT0001170","icd",1244.08687665635,0.183733797332892,0.0413623253215809,4.44205677278565,8.91030414200001e-06,0.0040417139588112,"k87_6699413_2","COG0538@1|root,COG0538@2|Bacteria,1MUIB@1224|Proteobacteria,2TQWD@28211|Alphaproteobacteria,1FBJ0@1060|Rhodobacter","Belongs to the isocitrate and isopropylmalate dehydrogenases family","ko:K00031",91.2,217,19,0,1,651,1,217,1.7e-113,413.7,99,95,66,58,103,89,81,94,47,106,70,62,66,82,74,62,91,49,54,86,94,84,72,86
"PGPT0001170","icd",1244.08687665635,0.183733797332892,0.0413623253215809,4.44205677278565,8.91030414200001e-06,0.0040417139588112,"k87_3109857_1","COG0538@1|root,COG0538@2|Bacteria,2GM3D@201174|Actinobacteria,4FM0H@85023|Microbacteriaceae","Belongs to the isocitrate and isopropylmalate dehydrogenases family","ko:K00031",93.9,98,6,0,1,294,308,405,6.8e-46,188,18,19,10,23,22,38,38,34,19,21,25,20,19,24,14,33,15,23,28,42,36,26,23,32
"PGPT0001170","icd",1244.08687665635,0.183733797332892,0.0413623253215809,4.44205677278565,8.91030414200001e-06,0.0040417139588112,"k87_4273850_7","COG2838@1|root,COG2838@2|Bacteria","Isocitrate dehydrogenase","ko:K00031",94.2,502,29,0,7,1512,4,505,2.7e-276,955.7,54,48,56,52,80,61,58,53,49,50,67,46,38,51,66,47,27,29,47,48,44,60,63,68
"PGPT0001170","icd",1244.08687665635,0.183733797332892,0.0413623253215809,4.44205677278565,8.91030414200001e-06,0.0040417139588112,"k87_5009472_3","COG0538@1|root,COG0538@2|Bacteria,1MUIB@1224|Proteobacteria,2TQWD@28211|Alphaproteobacteria,43HA6@69277|Phyllobacteriaceae","Belongs to the isocitrate and isopropylmalate dehydrogenases family","ko:K00031",97.2,213,6,0,1,639,1,213,4e-120,435.6,44,30,29,21,26,26,17,25,15,27,30,31,19,22,25,32,35,47,20,25,49,53,29,27
"PGPT0001170","icd",1244.08687665635,0.183733797332892,0.0413623253215809,4.44205677278565,8.91030414200001e-06,0.0040417139588112,"k87_2143459_2","COG0538@1|root,COG0538@2|Bacteria,1MW3J@1224|Proteobacteria,1RNMD@1236|Gammaproteobacteria,1X3IR@135614|Xanthomonadales","Isocitrate/isopropylmalate dehydrogenase","ko:K00031",90.2,123,12,0,1,369,310,432,8.8e-59,231.1,52,58,25,29,49,41,39,42,44,60,48,41,27,38,44,36,35,25,31,13,21,30,44,68
"PGPT0004535","dppC1",8.65497108906629,-2.36578506601476,0.655058053375686,-3.61156549991752,0.000304354190079044,0.0415060229382044,"k87_3310238_1","COG1173@1|root,COG1173@2|Bacteria,1TP4R@1239|Firmicutes,4H9PZ@91061|Bacilli,1ZC9B@1386|Bacillus","COG1173 ABC-type dipeptide oligopeptide nickel transport systems, permease components","ko:K15582,ko:K16201",99.4,320,2,0,1,960,1,320,3.5e-176,622.5,0,8,0,2,20,14,20,14,2,6,10,4,10,11,10,6,2,2,2,8,6,4,2,14
"PGPT0005630","glnA",2973.2366977377,0.170933262771941,0.0326952174354454,5.22808154157219,1.71277973504989e-07,0.000388458443909315,NA,NA,NA,NA,NA,NA,NA,NA,NA,NA,NA,NA,NA,NA,NA,NA,NA,NA,NA,NA,NA,NA,NA,NA,NA,NA,NA,NA,NA,NA,NA,NA,NA,NA,NA,NA,NA,NA
"PGPT0007585","ispC|dxr",140.666956536736,-0.448439782239333,0.127457168798428,-3.51835668771629,0.000434228284243865,0.0489114029334524,"k87_5611805_1","COG0743@1|root,COG0743@2|Bacteria,2GIRV@201174|Actinobacteria,2332G@1762|Mycobacteriaceae","Catalyzes the NADP-dependent rearrangement and reduction of 1-deoxy-D-xylulose-5-phosphate (DXP) to 2-C-methyl-D-erythritol 4-phosphate (MEP)","ko:K00099",90.3,62,6,0,1,186,342,403,8.7e-23,110.5,0,0,2,2,6,3,3,4,3,3,3,4,8,0,4,0,12,4,0,8,2,0,1,8
"PGPT0007585","ispC|dxr",140.666956536736,-0.448439782239333,0.127457168798428,-3.51835668771629,0.000434228284243865,0.0489114029334524,"k87_1267358_1","COG0743@1|root,COG0743@2|Bacteria,2GIRV@201174|Actinobacteria,2332G@1762|Mycobacteriaceae","Catalyzes the NADP-dependent rearrangement and reduction of 1-deoxy-D-xylulose-5-phosphate (DXP) to 2-C-methyl-D-erythritol 4-phosphate (MEP)","ko:K00099",92.8,291,21,0,1,873,24,314,9e-147,524.6,51,38,29,33,59,65,61,57,53,55,48,42,66,46,64,45,40,55,55,53,44,39,62,66
"PGPT0007585","ispC|dxr",140.666956536736,-0.448439782239333,0.127457168798428,-3.51835668771629,0.000434228284243865,0.0489114029334524,"k87_2851617_1","COG0743@1|root,COG0743@2|Bacteria,1TP1C@1239|Firmicutes,4HBAV@91061|Bacilli,1ZC3I@1386|Bacillus","Catalyzes the NADP-dependent rearrangement and reduction of 1-deoxy-D-xylulose-5-phosphate (DXP) to 2-C-methyl-D-erythritol 4-phosphate (MEP)","ko:K00099",99.2,257,2,0,1,771,127,383,1.2e-142,510.8,4,4,0,4,24,6,6,8,4,6,2,4,4,2,6,13,2,4,8,6,4,10,10,6
"PGPT0007585","ispC|dxr",140.666956536736,-0.448439782239333,0.127457168798428,-3.51835668771629,0.000434228284243865,0.0489114029334524,"k87_126906_10","COG0743@1|root,COG0743@2|Bacteria,1MU4G@1224|Proteobacteria,1RNNW@1236|Gammaproteobacteria,1X4I6@135614|Xanthomonadales","Catalyzes the NADP-dependent rearrangement and reduction of 1-deoxy-D-xylulose-5-phosphate (DXP) to 2-C-methyl-D-erythritol 4-phosphate (MEP)","ko:K00099",99,403,4,0,1,1209,1,403,6.1e-218,761.5,64,56,32,47,92,98,97,68,64,76,48,55,85,46,54,70,46,451,72,76,92,72,44,93
"PGPT0007585","ispC|dxr",140.666956536736,-0.448439782239333,0.127457168798428,-3.51835668771629,0.000434228284243865,0.0489114029334524,"k87_485182_2","COG0743@1|root,COG0743@2|Bacteria,2GIRV@201174|Actinobacteria,4FK72@85023|Microbacteriaceae","Catalyzes the NADP-dependent rearrangement and reduction of 1-deoxy-D-xylulose-5-phosphate (DXP) to 2-C-methyl-D-erythritol 4-phosphate (MEP)","ko:K00099",90.9,88,8,0,1,264,271,358,1.7e-33,146.7,12,7,19,14,20,22,34,24,18,16,6,35,6,24,15,21,9,8,18,23,24,10,30,12
"PGPT0007855","ABC_SP_S|ydcS",229.794195080598,0.398721730299763,0.0956445294430728,4.16878762038429,3.06224159472694e-05,0.00812055533206245,"k87_5015046_2","COG4134@1|root,COG4134@2|Bacteria,1N6GY@1224|Proteobacteria,2U0KB@28211|Alphaproteobacteria,3K21E@41294|Bradyrhizobiaceae","Bacterial extracellular solute-binding protein","ko:K02055",98.9,175,2,0,49,573,1,175,5.1e-93,345.5,14,2,10,16,22,12,18,18,16,12,6,6,16,6,14,8,8,14,6,22,10,14,20,12
"PGPT0007855","ABC_SP_S|ydcS",229.794195080598,0.398721730299763,0.0956445294430728,4.16878762038429,3.06224159472694e-05,0.00812055533206245,"k87_4533375_2","COG4134@1|root,COG4134@2|Bacteria,1N1JZ@1224|Proteobacteria,2U05Q@28211|Alphaproteobacteria,43NHU@69277|Phyllobacteriaceae","Bacterial extracellular solute-binding protein","-",95.4,304,14,0,1,912,75,378,3.5e-170,602.4,8,2,4,6,6,10,9,12,12,4,4,2,4,6,14,14,10,16,14,24,12,8,8,8
"PGPT0007855","ABC_SP_S|ydcS",229.794195080598,0.398721730299763,0.0956445294430728,4.16878762038429,3.06224159472694e-05,0.00812055533206245,"k87_5015046_1","COG4134@1|root,COG4134@2|Bacteria,1N6GY@1224|Proteobacteria,2U0KB@28211|Alphaproteobacteria,3K21E@41294|Bradyrhizobiaceae","Bacterial extracellular solute-binding protein","ko:K02055",100,136,0,0,1,408,182,317,2.7e-77,292.7,6,6,8,3,8,12,6,0,6,8,8,4,8,8,4,2,8,4,6,16,6,0,0,4
"PGPT0007855","ABC_SP_S|ydcS",229.794195080598,0.398721730299763,0.0956445294430728,4.16878762038429,3.06224159472694e-05,0.00812055533206245,"k87_5349488_1","COG0687@1|root,COG0687@2|Bacteria,1MW93@1224|Proteobacteria,2TRJQ@28211|Alphaproteobacteria,4B7JA@82115|Rhizobiaceae","ABC transporter substrate-binding protein","ko:K02055",90.9,220,20,0,1,660,1,220,9.3e-112,407.9,35,38,26,28,34,36,30,22,36,28,41,22,34,31,35,24,42,34,26,43,70,36,50,58
"PGPT0007855","ABC_SP_S|ydcS",229.794195080598,0.398721730299763,0.0956445294430728,4.16878762038429,3.06224159472694e-05,0.00812055533206245,"k87_1463459_2","COG0687@1|root,COG0687@2|Bacteria,1PUQ5@1224|Proteobacteria,2VEXT@28211|Alphaproteobacteria,43IIY@69277|Phyllobacteriaceae","Extracellular solute-binding protein","ko:K02055",94.4,177,10,0,1,531,195,371,1.9e-94,350.1,15,13,12,10,8,12,6,4,13,5,0,4,12,8,4,6,22,22,9,11,18,4,10,16
"PGPT0007855","ABC_SP_S|ydcS",229.794195080598,0.398721730299763,0.0956445294430728,4.16878762038429,3.06224159472694e-05,0.00812055533206245,"k87_2825105_2","COG0687@1|root,COG0687@2|Bacteria,1PUQ5@1224|Proteobacteria,2VEXT@28211|Alphaproteobacteria,43IIY@69277|Phyllobacteriaceae","Extracellular solute-binding protein","ko:K02055",97.3,188,5,0,1,564,1,188,5.1e-103,378.6,14,14,14,10,8,6,12,10,12,16,6,8,6,10,18,17,21,9,8,23,12,14,18,21
"PGPT0007855","ABC_SP_S|ydcS",229.794195080598,0.398721730299763,0.0956445294430728,4.16878762038429,3.06224159472694e-05,0.00812055533206245,"k87_4898553_2","COG4134@1|root,COG4134@2|Bacteria,1N1JZ@1224|Proteobacteria,2U05Q@28211|Alphaproteobacteria,43NHU@69277|Phyllobacteriaceae","Bacterial extracellular solute-binding protein","-",95.5,309,14,0,1,927,1,309,4.2e-171,605.5,30,19,18,25,28,18,12,9,11,12,22,22,18,10,26,18,12,27,30,23,30,26,34,14
"PGPT0007855","ABC_SP_S|ydcS",229.794195080598,0.398721730299763,0.0956445294430728,4.16878762038429,3.06224159472694e-05,0.00812055533206245,"k87_6313400_2","COG0687@1|root,COG0687@2|Bacteria,1NKD7@1224|Proteobacteria,2TYST@28211|Alphaproteobacteria,43J92@69277|Phyllobacteriaceae","Extracellular solute-binding protein","ko:K02055",94.8,386,20,0,1,1158,1,386,4.9e-225,785,34,20,23,2,31,22,24,26,16,22,22,9,16,20,24,32,28,21,32,36,42,33,32,44
"PGPT0007855","ABC_SP_S|ydcS",229.794195080598,0.398721730299763,0.0956445294430728,4.16878762038429,3.06224159472694e-05,0.00812055533206245,"k87_4867927_3","COG0687@1|root,COG0687@2|Bacteria,1R75E@1224|Proteobacteria,2U07N@28211|Alphaproteobacteria,4B8UB@82115|Rhizobiaceae","Bacterial extracellular solute-binding protein","ko:K02055",93,345,24,0,1,1035,2,346,4e-178,629,14,16,24,11,12,16,14,11,20,17,9,7,16,10,16,12,25,18,6,14,18,25,10,12
"PGPT0007855","ABC_SP_S|ydcS",229.794195080598,0.398721730299763,0.0956445294430728,4.16878762038429,3.06224159472694e-05,0.00812055533206245,"k87_5446286_3","COG0687@1|root,COG0687@2|Bacteria,1MU0I@1224|Proteobacteria,2TRJ3@28211|Alphaproteobacteria,43QW3@69277|Phyllobacteriaceae","Bacterial extracellular solute-binding protein","ko:K02055",90.2,92,8,1,1,273,259,350,1.5e-42,176.8,0,4,0,2,2,2,0,0,3,5,2,2,8,4,4,0,0,2,4,0,0,2,4,4
"PGPT0007855","ABC_SP_S|ydcS",229.794195080598,0.398721730299763,0.0956445294430728,4.16878762038429,3.06224159472694e-05,0.00812055533206245,"k87_2192177_2","COG0687@1|root,COG0687@2|Bacteria,1MWG5@1224|Proteobacteria,2TTP2@28211|Alphaproteobacteria,3JV3Z@41294|Bradyrhizobiaceae","Bacterial extracellular solute-binding protein","-",98.7,303,4,0,1,909,1,303,1.6e-168,597,40,22,19,16,20,16,32,24,12,30,16,18,16,16,29,24,40,42,48,23,30,38,31,20
"PGPT0007855","ABC_SP_S|ydcS",229.794195080598,0.398721730299763,0.0956445294430728,4.16878762038429,3.06224159472694e-05,0.00812055533206245,"k87_1888848_1","COG4134@1|root,COG4134@2|Bacteria,1N6GY@1224|Proteobacteria,2U0KB@28211|Alphaproteobacteria","Bacterial extracellular solute-binding protein","ko:K02055",95.2,392,19,0,4,1179,1,392,6.3e-220,768.1,14,25,14,10,17,6,11,18,10,18,23,10,10,8,14,14,6,19,27,24,21,26,18,15
"PGPT0007855","ABC_SP_S|ydcS",229.794195080598,0.398721730299763,0.0956445294430728,4.16878762038429,3.06224159472694e-05,0.00812055533206245,"k87_6396483_1","COG0687@1|root,COG0687@2|Bacteria,1MU0I@1224|Proteobacteria,2VICQ@28216|Betaproteobacteria,4AAM0@80864|Comamonadaceae","PFAM extracellular solute-binding protein family 1","ko:K02055",97.6,293,7,0,1,879,50,342,1.6e-167,593.6,55,40,20,28,50,51,39,54,47,52,55,42,58,33,46,40,21,40,44,40,51,32,44,66
"PGPT0007855","ABC_SP_S|ydcS",229.794195080598,0.398721730299763,0.0956445294430728,4.16878762038429,3.06224159472694e-05,0.00812055533206245,"k87_3688237_1","COG0687@1|root,COG0687@2|Bacteria,1MU0I@1224|Proteobacteria,2TRJ3@28211|Alphaproteobacteria,4BBV9@82115|Rhizobiaceae","Bacterial extracellular solute-binding protein","ko:K02055",96.6,207,7,0,1,621,1,207,2.7e-113,412.9,20,19,9,15,12,8,14,8,11,8,20,23,14,20,18,16,17,16,6,16,20,26,18,10
"PGPT0009845","srfAA|lchAA",49.4711434914874,-1.2173468830046,0.247180727231867,-4.92492637527794,8.43921230105371e-07,0.00095700667493949,"k87_6697892_1","COG1020@1|root,COG1020@2|Bacteria,1TPTH@1239|Firmicutes,4HAHU@91061|Bacilli,1ZB3S@1386|Bacillus","Catalyzes the first step in the D-alanylation of lipoteichoic acid (LTA), the activation of D-alanine and its transfer onto the D-alanyl carrier protein (Dcp) DltC. In an ATP- dependent two-step reaction, forms a high energy D-alanyl-AMP intermediate, followed by transfer of the D-alanyl residue as a thiol ester to the phosphopantheinyl prosthetic group of the Dcp. D-alanylation of LTA plays an important role in modulating the properties of the cell wall in Gram-positive bacteria, influencing the net charge of the cell wall","-",98.3,349,6,0,1,1047,1809,2157,1.3e-200,703.7,0,2,2,6,8,8,12,8,6,8,2,14,10,7,11,4,6,5,8,4,8,10,8,6
"PGPT0009845","srfAA|lchAA",49.4711434914874,-1.2173468830046,0.247180727231867,-4.92492637527794,8.43921230105371e-07,0.00095700667493949,"k87_3507628_1","COG1020@1|root,COG1020@2|Bacteria,1TPTH@1239|Firmicutes,4HAHU@91061|Bacilli,1ZB3S@1386|Bacillus","Catalyzes the first step in the D-alanylation of lipoteichoic acid (LTA), the activation of D-alanine and its transfer onto the D-alanyl carrier protein (Dcp) DltC. In an ATP- dependent two-step reaction, forms a high energy D-alanyl-AMP intermediate, followed by transfer of the D-alanyl residue as a thiol ester to the phosphopantheinyl prosthetic group of the Dcp. D-alanylation of LTA plays an important role in modulating the properties of the cell wall in Gram-positive bacteria, influencing the net charge of the cell wall","ko:K15654,ko:K15655,ko:K16119",99.2,513,4,0,1,1539,2534,3046,1.6e-295,1019.6,30,26,11,8,82,70,36,33,12,21,17,38,57,34,28,48,7,16,22,20,28,36,28,36
"PGPT0009845","srfAA|lchAA",49.4711434914874,-1.2173468830046,0.247180727231867,-4.92492637527794,8.43921230105371e-07,0.00095700667493949,"k87_344805_1","COG1020@1|root,COG1020@2|Bacteria,1TPTH@1239|Firmicutes,4HAHU@91061|Bacilli,1ZB3S@1386|Bacillus","Catalyzes the first step in the D-alanylation of lipoteichoic acid (LTA), the activation of D-alanine and its transfer onto the D-alanyl carrier protein (Dcp) DltC. In an ATP- dependent two-step reaction, forms a high energy D-alanyl-AMP intermediate, followed by transfer of the D-alanyl residue as a thiol ester to the phosphopantheinyl prosthetic group of the Dcp. D-alanylation of LTA plays an important role in modulating the properties of the cell wall in Gram-positive bacteria, influencing the net charge of the cell wall","ko:K15654,ko:K15655,ko:K16119",99.2,367,3,0,1,1101,3019,3385,3e-208,729.2,10,4,4,4,26,23,12,12,8,12,4,10,16,10,18,22,8,10,4,2,8,8,8,6
"PGPT0011375","acpP",481.378992075325,0.305941539608342,0.0685832282316742,4.46087983165317,8.16238521440126e-06,0.0040417139588112,"k87_4629434_2","COG0236@1|root,COG0236@2|Bacteria,2IQ43@201174|Actinobacteria,4DRYW@85009|Propionibacteriales","Carrier of the growing fatty acid chain in fatty acid biosynthesis","ko:K02078",96.3,81,3,0,1,243,1,81,1.7e-34,149.8,18,8,15,6,23,21,17,15,8,9,19,8,3,12,8,12,9,2,11,4,14,10,12,12
"PGPT0011375","acpP",481.378992075325,0.305941539608342,0.0685832282316742,4.46087983165317,8.16238521440126e-06,0.0040417139588112,"k87_1313544_1","COG0236@1|root,COG0236@2|Bacteria,2HNF1@201174|Actinobacteria,4CQR2@84995|Rubrobacteria","Carrier of the growing fatty acid chain in fatty acid biosynthesis","ko:K02078",93.2,73,5,0,1,219,9,81,2.8e-28,129,11,2,2,10,5,9,10,15,3,10,7,4,10,6,9,2,3,7,0,4,12,2,4,6
"PGPT0011375","acpP",481.378992075325,0.305941539608342,0.0685832282316742,4.46087983165317,8.16238521440126e-06,0.0040417139588112,"k87_6329530_2","COG0236@1|root,COG0236@2|Bacteria,1MZ4P@1224|Proteobacteria,2UBWW@28211|Alphaproteobacteria,43KPN@69277|Phyllobacteriaceae","Carrier of the growing fatty acid chain in fatty acid biosynthesis","ko:K02078",100,78,0,0,1,234,1,78,1.6e-34,149.8,10,5,14,8,12,14,0,2,5,4,2,9,4,6,9,0,7,10,8,12,16,1,10,6
"PGPT0011375","acpP",481.378992075325,0.305941539608342,0.0685832282316742,4.46087983165317,8.16238521440126e-06,0.0040417139588112,"k87_2043700_1","COG0236@1|root,COG0236@2|Bacteria,1MZ4P@1224|Proteobacteria,2UBWW@28211|Alphaproteobacteria,3K039@41294|Bradyrhizobiaceae","Carrier of the growing fatty acid chain in fatty acid biosynthesis","ko:K02078",93.8,80,4,1,1,240,1,79,3.5e-32,142.1,17,18,15,16,22,14,17,8,19,18,22,26,12,10,18,25,18,24,10,14,21,9,10,20
"PGPT0011375","acpP",481.378992075325,0.305941539608342,0.0685832282316742,4.46087983165317,8.16238521440126e-06,0.0040417139588112,"k87_416678_2","COG0236@1|root,COG0236@2|Bacteria,1MZ4P@1224|Proteobacteria,2VTZH@28216|Betaproteobacteria,4AF2T@80864|Comamonadaceae","Carrier of the growing fatty acid chain in fatty acid biosynthesis","ko:K02078",98.7,79,1,0,1,237,1,79,8.2e-34,147.5,28,8,25,24,20,20,13,13,41,39,44,40,47,28,25,44,14,19,30,34,19,24,20,22
"PGPT0011375","acpP",481.378992075325,0.305941539608342,0.0685832282316742,4.46087983165317,8.16238521440126e-06,0.0040417139588112,"k87_5057118_2","COG0236@1|root,COG0236@2|Bacteria,3J0RX@40117|Nitrospirae","Carrier of the growing fatty acid chain in fatty acid biosynthesis","ko:K02078",97.4,77,2,0,25,255,1,77,1.1e-31,140.6,4,6,2,0,0,2,4,6,6,5,0,6,4,2,8,10,5,4,0,6,2,8,8,4
"PGPT0011375","acpP",481.378992075325,0.305941539608342,0.0685832282316742,4.46087983165317,8.16238521440126e-06,0.0040417139588112,"k87_6579229_2","COG0236@1|root,COG0236@2|Bacteria,2HNF1@201174|Actinobacteria,4CQR2@84995|Rubrobacteria","Carrier of the growing fatty acid chain in fatty acid biosynthesis","ko:K02078",91.4,81,7,0,1,243,1,81,3.9e-31,138.7,6,19,5,6,10,2,6,3,7,5,14,2,6,4,15,12,0,7,14,4,12,8,3,8
"PGPT0011375","acpP",481.378992075325,0.305941539608342,0.0685832282316742,4.46087983165317,8.16238521440126e-06,0.0040417139588112,"k87_3097597_2","COG0236@1|root,COG0236@2|Bacteria,1MZ4P@1224|Proteobacteria,2UBWW@28211|Alphaproteobacteria,2K5X6@204457|Sphingomonadales","Carrier of the growing fatty acid chain in fatty acid biosynthesis","ko:K02078",94.9,78,4,0,1,234,1,78,2e-32,142.9,10,2,7,6,9,16,4,14,6,3,16,4,10,11,11,4,15,8,10,13,12,13,2,9
"PGPT0011375","acpP",481.378992075325,0.305941539608342,0.0685832282316742,4.46087983165317,8.16238521440126e-06,0.0040417139588112,"k87_3954654_1","COG0236@1|root,COG0236@2|Bacteria,2IQ43@201174|Actinobacteria,4DRYW@85009|Propionibacteriales","Carrier of the growing fatty acid chain in fatty acid biosynthesis","ko:K02078",98.6,72,1,0,1,216,10,81,2.3e-30,136,34,40,25,21,33,23,32,36,19,19,16,30,31,23,31,10,31,30,29,33,35,22,19,44
"PGPT0011375","acpP",481.378992075325,0.305941539608342,0.0685832282316742,4.46087983165317,8.16238521440126e-06,0.0040417139588112,"k87_2608744_1","COG0236@1|root,COG0236@2|Bacteria,1MZ4P@1224|Proteobacteria,2UBWW@28211|Alphaproteobacteria","Carrier of the growing fatty acid chain in fatty acid biosynthesis","ko:K02078",93.6,78,5,0,1,234,1,78,6.9e-33,144.4,22,18,11,16,28,10,18,20,19,14,12,18,9,11,16,23,14,14,26,14,14,16,18,19
"PGPT0011375","acpP",481.378992075325,0.305941539608342,0.0685832282316742,4.46087983165317,8.16238521440126e-06,0.0040417139588112,"k87_1030526_2","COG0236@1|root,COG0236@2|Bacteria,1MZ4P@1224|Proteobacteria,2VTZH@28216|Betaproteobacteria,2KWX1@206389|Rhodocyclales","Carrier of the growing fatty acid chain in fatty acid biosynthesis","ko:K02078",93.7,79,5,0,1,237,1,79,4.1e-33,145.2,13,12,10,6,6,8,20,14,10,20,8,14,19,17,13,21,14,6,8,22,8,10,14,26
"PGPT0011375","acpP",481.378992075325,0.305941539608342,0.0685832282316742,4.46087983165317,8.16238521440126e-06,0.0040417139588112,"k87_351892_1","COG0236@1|root,COG0236@2|Bacteria,1MZ4P@1224|Proteobacteria,2UBWW@28211|Alphaproteobacteria,3N7AA@45401|Hyphomicrobiaceae","Carrier of the growing fatty acid chain in fatty acid biosynthesis","ko:K02078",97.4,78,2,0,1,234,1,78,2.2e-34,149.4,15,18,24,12,8,12,13,10,2,13,14,11,4,8,8,16,8,2,8,5,6,7,10,21
"PGPT0011375","acpP",481.378992075325,0.305941539608342,0.0685832282316742,4.46087983165317,8.16238521440126e-06,0.0040417139588112,"k87_4207416_2","COG0236@1|root,COG0236@2|Bacteria,1MZ4P@1224|Proteobacteria,2UBWW@28211|Alphaproteobacteria","Carrier of the growing fatty acid chain in fatty acid biosynthesis","ko:K02078",98.1,52,1,0,1,156,27,78,3.4e-20,101.7,16,4,3,5,14,5,12,7,8,10,10,8,8,10,12,8,5,9,2,8,8,12,14,8
"PGPT0011375","acpP",481.378992075325,0.305941539608342,0.0685832282316742,4.46087983165317,8.16238521440126e-06,0.0040417139588112,"k87_5033473_2","COG0236@1|root,COG0236@2|Bacteria,3J0RX@40117|Nitrospirae","Carrier of the growing fatty acid chain in fatty acid biosynthesis","ko:K02078",98.7,77,1,0,1,231,1,77,2.6e-32,142.5,11,4,11,6,10,4,2,9,17,5,7,11,6,7,3,2,2,4,4,8,10,12,9,12
"PGPT0011375","acpP",481.378992075325,0.305941539608342,0.0685832282316742,4.46087983165317,8.16238521440126e-06,0.0040417139588112,"k87_2673009_2","COG0236@1|root,COG0236@2|Bacteria,4NS6C@976|Bacteroidetes,1ITA3@117747|Sphingobacteriia","Carrier of the growing fatty acid chain in fatty acid biosynthesis","ko:K02078",97.4,78,2,0,1,234,1,78,4.7e-34,148.3,8,2,8,8,2,4,8,11,6,25,15,10,12,4,15,12,6,16,10,6,6,6,6,9
"PGPT0011375","acpP",481.378992075325,0.305941539608342,0.0685832282316742,4.46087983165317,8.16238521440126e-06,0.0040417139588112,"k87_739484_2","COG0236@1|root,COG0236@2|Bacteria,2IQ43@201174|Actinobacteria,239ZG@1762|Mycobacteriaceae","Carrier of the growing fatty acid chain in fatty acid biosynthesis","ko:K02078",92,100,8,0,1,300,1,100,3.5e-42,175.6,21,7,25,9,13,14,16,17,19,18,21,15,17,16,18,16,17,7,25,13,33,13,26,17
"PGPT0011375","acpP",481.378992075325,0.305941539608342,0.0685832282316742,4.46087983165317,8.16238521440126e-06,0.0040417139588112,"k87_4165366_3","COG0236@1|root,COG0236@2|Bacteria,1MZ4P@1224|Proteobacteria,2UBWW@28211|Alphaproteobacteria","Carrier of the growing fatty acid chain in fatty acid biosynthesis","ko:K02078",93.6,78,5,0,1,234,1,78,4e-33,145.2,13,15,10,13,16,9,8,18,9,10,6,9,5,10,11,16,9,9,16,12,18,5,10,20
"PGPT0011375","acpP",481.378992075325,0.305941539608342,0.0685832282316742,4.46087983165317,8.16238521440126e-06,0.0040417139588112,"k87_6237532_2","COG0236@1|root,COG0236@2|Bacteria,1MZ4P@1224|Proteobacteria,2UBWW@28211|Alphaproteobacteria,1JVNF@119045|Methylobacteriaceae","Carrier of the growing fatty acid chain in fatty acid biosynthesis","ko:K02078",100,78,0,0,1,234,1,78,7.3e-35,151,8,14,9,4,22,14,10,12,22,10,10,14,12,4,6,9,17,9,18,16,4,6,13,12
"PGPT0011375","acpP",481.378992075325,0.305941539608342,0.0685832282316742,4.46087983165317,8.16238521440126e-06,0.0040417139588112,"k87_5692453_3","COG0236@1|root,COG0236@2|Bacteria","Carrier of the growing fatty acid chain in fatty acid biosynthesis","ko:K02078",93.5,92,5,1,1,273,1,92,5.3e-37,158.3,4,2,4,4,2,4,4,8,12,8,6,2,6,2,14,7,10,3,10,9,8,8,13,16
"PGPT0011375","acpP",481.378992075325,0.305941539608342,0.0685832282316742,4.46087983165317,8.16238521440126e-06,0.0040417139588112,"k87_734527_2","COG0236@1|root,COG0236@2|Bacteria,1MZ4P@1224|Proteobacteria,2UBWW@28211|Alphaproteobacteria,3N7AA@45401|Hyphomicrobiaceae","Carrier of the growing fatty acid chain in fatty acid biosynthesis","ko:K02078",92.3,78,6,0,1,234,1,78,5.8e-32,141.4,13,6,4,6,15,4,10,8,4,7,8,4,12,6,10,7,7,7,6,10,8,8,26,18
"PGPT0011375","acpP",481.378992075325,0.305941539608342,0.0685832282316742,4.46087983165317,8.16238521440126e-06,0.0040417139588112,"k87_3441145_3","COG0236@1|root,COG0236@2|Bacteria,1MZ4P@1224|Proteobacteria,2UBWW@28211|Alphaproteobacteria,3N7AA@45401|Hyphomicrobiaceae","Carrier of the growing fatty acid chain in fatty acid biosynthesis","ko:K02078",93.8,80,5,0,1,240,1,80,1.4e-33,146.7,22,16,15,20,25,15,13,33,15,14,24,25,8,24,14,20,12,8,25,11,13,10,20,16
"PGPT0011375","acpP",481.378992075325,0.305941539608342,0.0685832282316742,4.46087983165317,8.16238521440126e-06,0.0040417139588112,"k87_234796_4","COG0236@1|root,COG0236@2|Bacteria,1MZ4P@1224|Proteobacteria,2UBWW@28211|Alphaproteobacteria,36YM6@31993|Methylocystaceae","Phosphopantetheine attachment site","ko:K02078",97.4,78,2,0,1,234,1,78,1.7e-34,149.8,18,10,10,14,20,21,4,20,12,16,8,8,9,13,20,12,15,9,22,15,7,16,12,16
"PGPT0011375","acpP",481.378992075325,0.305941539608342,0.0685832282316742,4.46087983165317,8.16238521440126e-06,0.0040417139588112,"k87_210174_2","COG0236@1|root,COG0236@2|Bacteria,2HNF1@201174|Actinobacteria,4CQR2@84995|Rubrobacteria","Carrier of the growing fatty acid chain in fatty acid biosynthesis","ko:K02078",90.1,81,8,0,1,243,1,81,3e-31,139,17,13,5,7,10,4,11,6,8,10,17,9,6,6,12,2,9,9,6,6,8,10,6,8
"PGPT0011375","acpP",481.378992075325,0.305941539608342,0.0685832282316742,4.46087983165317,8.16238521440126e-06,0.0040417139588112,"k87_2094748_3","COG0236@1|root,COG0236@2|Bacteria,2IQ43@201174|Actinobacteria","Carrier of the growing fatty acid chain in fatty acid biosynthesis","ko:K02078",96.3,82,3,0,1,246,1,82,7e-36,154.5,24,14,8,23,27,20,18,12,5,14,11,18,14,8,8,19,18,20,25,31,14,21,22,28
"PGPT0011375","acpP",481.378992075325,0.305941539608342,0.0685832282316742,4.46087983165317,8.16238521440126e-06,0.0040417139588112,"k87_1057598_2","COG0236@1|root,COG0236@2|Bacteria,1MZ4P@1224|Proteobacteria,1S8X4@1236|Gammaproteobacteria","Carrier of the growing fatty acid chain in fatty acid biosynthesis","ko:K02078",93.8,80,5,0,1,240,1,80,3.9e-31,138.7,21,11,19,16,18,14,16,9,16,10,11,12,16,16,18,12,15,13,3,6,20,8,17,4
"PGPT0011375","acpP",481.378992075325,0.305941539608342,0.0685832282316742,4.46087983165317,8.16238521440126e-06,0.0040417139588112,"k87_6070740_11","COG0236@1|root,COG0236@2|Bacteria,1N6RU@1224|Proteobacteria,1SCW1@1236|Gammaproteobacteria,1X7FB@135614|Xanthomonadales","acyl carrier protein","ko:K02078",100,88,0,0,1,264,1,88,2.5e-39,166,7,10,8,10,8,6,12,6,8,14,6,7,6,21,8,4,13,121,14,14,14,20,23,19
"PGPT0011375","acpP",481.378992075325,0.305941539608342,0.0685832282316742,4.46087983165317,8.16238521440126e-06,0.0040417139588112,"k87_1933485_6","COG0236@1|root,COG0236@2|Bacteria,1MZ4P@1224|Proteobacteria,1S8X4@1236|Gammaproteobacteria,1X7EF@135614|Xanthomonadales","Carrier of the growing fatty acid chain in fatty acid biosynthesis","ko:K02078",100,79,0,0,1,237,1,79,8.2e-34,147.5,24,28,21,26,33,26,24,20,19,29,26,24,32,17,22,18,23,141,41,17,24,47,34,35
"PGPT0011375","acpP",481.378992075325,0.305941539608342,0.0685832282316742,4.46087983165317,8.16238521440126e-06,0.0040417139588112,"k87_2098093_2","COG0236@1|root,COG0236@2|Bacteria,46VWP@74201|Verrucomicrobia,3K882@414999|Opitutae","Carrier of the growing fatty acid chain in fatty acid biosynthesis","ko:K02078",94.1,85,5,0,1,255,2,86,1.2e-35,153.7,16,13,4,6,14,8,8,8,21,18,13,9,14,15,14,11,8,14,16,4,4,10,5,2
"PGPT0011375","acpP",481.378992075325,0.305941539608342,0.0685832282316742,4.46087983165317,8.16238521440126e-06,0.0040417139588112,"k87_695875_2","COG0236@1|root,COG0236@2|Bacteria,1MZ4P@1224|Proteobacteria,2UBWW@28211|Alphaproteobacteria,3K039@41294|Bradyrhizobiaceae","Carrier of the growing fatty acid chain in fatty acid biosynthesis","ko:K02078",94.9,79,4,0,1,237,1,79,4.8e-34,148.3,11,5,5,12,12,8,5,12,7,8,8,4,6,9,4,6,8,2,4,8,10,9,14,9
"PGPT0011375","acpP",481.378992075325,0.305941539608342,0.0685832282316742,4.46087983165317,8.16238521440126e-06,0.0040417139588112,"k87_2575389_2","COG0236@1|root,COG0236@2|Bacteria,1MZ4P@1224|Proteobacteria,1S8X4@1236|Gammaproteobacteria,1YGPR@136841|Pseudomonas aeruginosa group","Carrier of the growing fatty acid chain in fatty acid biosynthesis","ko:K02078",90.4,73,7,0,1,219,1,73,9.8e-27,124,13,20,10,8,14,13,22,22,10,16,5,17,17,11,26,26,10,13,12,10,10,12,12,18
"PGPT0011375","acpP",481.378992075325,0.305941539608342,0.0685832282316742,4.46087983165317,8.16238521440126e-06,0.0040417139588112,"k87_2065357_2","COG0236@1|root,COG0236@2|Bacteria,1MZ4P@1224|Proteobacteria,2UBWW@28211|Alphaproteobacteria,3N7AA@45401|Hyphomicrobiaceae","Carrier of the growing fatty acid chain in fatty acid biosynthesis","ko:K02078",100,78,0,0,1,234,1,78,8.1e-34,147.5,2,12,11,2,4,0,6,2,7,9,6,4,12,4,3,6,3,2,4,13,16,4,0,6
"PGPT0011375","acpP",481.378992075325,0.305941539608342,0.0685832282316742,4.46087983165317,8.16238521440126e-06,0.0040417139588112,"k87_1244934_2","COG0236@1|root,COG0236@2|Bacteria,1NGVI@1224|Proteobacteria,2VXRY@28216|Betaproteobacteria,4AIM8@80864|Comamonadaceae","Phosphopantetheine attachment site","ko:K02078",95,80,4,0,1,240,1,80,7.5e-35,151,12,18,3,3,8,12,16,8,4,8,6,2,12,15,6,10,14,6,12,21,10,16,13,4
"PGPT0011375","acpP",481.378992075325,0.305941539608342,0.0685832282316742,4.46087983165317,8.16238521440126e-06,0.0040417139588112,"k87_3284530_2","COG0236@1|root,COG0236@2|Bacteria,2IQ43@201174|Actinobacteria,4FPIS@85023|Microbacteriaceae","Carrier of the growing fatty acid chain in fatty acid biosynthesis","ko:K02078",100,81,0,0,1,243,1,81,4.5e-35,151.8,12,16,15,15,12,16,20,13,17,24,19,6,33,27,12,20,16,22,27,28,24,24,18,14
"PGPT0011375","acpP",481.378992075325,0.305941539608342,0.0685832282316742,4.46087983165317,8.16238521440126e-06,0.0040417139588112,"k87_3814018_5","COG0236@1|root,COG0236@2|Bacteria,1MZ4P@1224|Proteobacteria,2UBWW@28211|Alphaproteobacteria,1JVNF@119045|Methylobacteriaceae","Carrier of the growing fatty acid chain in fatty acid biosynthesis","ko:K02078",96,75,3,0,13,237,4,78,4.5e-32,141.7,15,25,10,18,24,13,16,26,12,15,7,23,15,14,8,6,12,18,12,17,19,8,18,15
"PGPT0011375","acpP",481.378992075325,0.305941539608342,0.0685832282316742,4.46087983165317,8.16238521440126e-06,0.0040417139588112,"k87_2814536_2","COG0236@1|root,COG0236@2|Bacteria,1N6RU@1224|Proteobacteria,1SCW1@1236|Gammaproteobacteria,1X7FB@135614|Xanthomonadales","acyl carrier protein","ko:K02078",90.8,87,8,0,1,261,44,130,1.7e-35,153.3,22,6,8,2,19,14,10,6,3,12,6,6,12,13,18,8,16,15,16,15,17,21,20,10
"PGPT0011375","acpP",481.378992075325,0.305941539608342,0.0685832282316742,4.46087983165317,8.16238521440126e-06,0.0040417139588112,"k87_1897033_2","COG0236@1|root,COG0236@2|Bacteria,2IQ43@201174|Actinobacteria,4DRYW@85009|Propionibacteriales","Carrier of the growing fatty acid chain in fatty acid biosynthesis","ko:K02078",97.5,81,2,0,1,243,1,81,2.2e-34,149.4,34,42,45,27,54,42,43,51,37,43,36,37,25,46,31,42,43,25,62,29,60,44,27,65
"PGPT0011375","acpP",481.378992075325,0.305941539608342,0.0685832282316742,4.46087983165317,8.16238521440126e-06,0.0040417139588112,"k87_2082730_4","COG0236@1|root,COG0236@2|Bacteria,1MZ4P@1224|Proteobacteria,2UBWW@28211|Alphaproteobacteria,4BG0N@82115|Rhizobiaceae","Carrier of the growing fatty acid chain in fatty acid biosynthesis","ko:K02078",100,78,0,0,1,234,1,78,2.8e-34,149.1,5,5,4,8,10,8,9,5,13,10,6,2,12,4,4,0,11,13,6,12,8,8,8,6
"PGPT0012230","pdaD|aaxB",12.1700252098985,1.83011204737536,0.514648787032926,3.55604072813695,0.000376485738544495,0.0449405081588903,"k87_565747_2","COG1945@1|root,COG1945@2|Bacteria","arginine decarboxylase activity","ko:K02626",97.9,189,4,0,1,567,1,189,5.2e-103,378.6,10,18,23,13,8,13,2,2,4,16,12,12,28,12,12,8,2,2,4,10,12,6,8,16
"PGPT0012290","ituB|mycB|bmyB",8.42204706048445,-2.32371194884757,0.635014378141085,-3.6593060391009,0.000252899174247017,0.0382383551461489,"k87_5683942_1","COG1020@1|root,COG1020@2|Bacteria,1TPTH@1239|Firmicutes,4HAHU@91061|Bacilli,1ZB3S@1386|Bacillus","Catalyzes the first step in the D-alanylation of lipoteichoic acid (LTA), the activation of D-alanine and its transfer onto the D-alanyl carrier protein (Dcp) DltC. In an ATP- dependent two-step reaction, forms a high energy D-alanyl-AMP intermediate, followed by transfer of the D-alanyl residue as a thiol ester to the phosphopantheinyl prosthetic group of the Dcp. D-alanylation of LTA plays an important role in modulating the properties of the cell wall in Gram-positive bacteria, influencing the net charge of the cell wall","ko:K15662,ko:K15663",97.7,488,11,0,1,1464,2755,3242,1.8e-277,959.5,4,2,2,2,32,12,12,12,2,4,6,4,18,6,14,8,2,2,2,2,6,8,2,14
"PGPT0012300","ppsA|fenC",17.6843354148577,-1.60977708313972,0.41997575466381,-3.83302384783699,0.00012657767725081,0.0239231810004031,"k87_2826105_1","COG1020@1|root,COG1020@2|Bacteria,1TPTH@1239|Firmicutes,4HAHU@91061|Bacilli,1ZB3S@1386|Bacillus","Catalyzes the first step in the D-alanylation of lipoteichoic acid (LTA), the activation of D-alanine and its transfer onto the D-alanyl carrier protein (Dcp) DltC. In an ATP- dependent two-step reaction, forms a high energy D-alanyl-AMP intermediate, followed by transfer of the D-alanyl residue as a thiol ester to the phosphopantheinyl prosthetic group of the Dcp. D-alanylation of LTA plays an important role in modulating the properties of the cell wall in Gram-positive bacteria, influencing the net charge of the cell wall","ko:K15664,ko:K15666,ko:K15667",97.3,409,11,0,1,1227,545,953,5e-231,805.1,12,14,2,4,53,36,22,18,16,6,12,8,20,17,29,22,7,12,4,6,10,10,14,14
"PGPT0014296","atpD",1537.52573198131,0.162993233640296,0.0392079392655145,4.15714869727053,3.22244259208827e-05,0.00812055533206245,"k87_1129774_1","COG0055@1|root,COG0055@2|Bacteria,2GIY6@201174|Actinobacteria,233KQ@1762|Mycobacteriaceae","Produces ATP from ADP in the presence of a proton gradient across the membrane. The catalytic sites are hosted primarily by the beta subunits","ko:K02112",91.9,198,16,0,1,594,295,492,4.1e-95,352.8,76,58,41,55,64,53,59,73,47,71,63,54,58,53,46,51,41,34,74,46,56,46,55,59
"PGPT0014296","atpD",1537.52573198131,0.162993233640296,0.0392079392655145,4.15714869727053,3.22244259208827e-05,0.00812055533206245,"k87_62224_1","COG0055@1|root,COG0055@2|Bacteria,1MUFU@1224|Proteobacteria,2TRGP@28211|Alphaproteobacteria,4BPC7@82117|unclassified Alphaproteobacteria","Produces ATP from ADP in the presence of a proton gradient across the membrane. The catalytic sites are hosted primarily by the beta subunits","ko:K02112",91.4,70,6,0,1,210,414,483,4.9e-30,134.8,22,20,22,14,15,25,14,6,17,14,8,20,13,15,16,8,15,17,5,6,11,13,8,8
"PGPT0014296","atpD",1537.52573198131,0.162993233640296,0.0392079392655145,4.15714869727053,3.22244259208827e-05,0.00812055533206245,"k87_1931844_2","COG0055@1|root,COG0055@2|Bacteria,1MUFU@1224|Proteobacteria,2TRGP@28211|Alphaproteobacteria,3JTVC@41294|Bradyrhizobiaceae","Produces ATP from ADP in the presence of a proton gradient across the membrane. The catalytic sites are hosted primarily by the beta subunits","ko:K02112",94.4,142,8,0,1,426,338,479,9.8e-70,267.7,63,44,53,28,80,45,51,61,64,69,44,47,78,43,52,38,53,36,66,55,72,73,50,65
"PGPT0014296","atpD",1537.52573198131,0.162993233640296,0.0392079392655145,4.15714869727053,3.22244259208827e-05,0.00812055533206245,"k87_2182089_1","COG0055@1|root,COG0055@2|Bacteria,1MUFU@1224|Proteobacteria,2TRGP@28211|Alphaproteobacteria,2K03H@204457|Sphingomonadales","Produces ATP from ADP in the presence of a proton gradient across the membrane. The catalytic sites are hosted primarily by the beta subunits","ko:K02112",92.9,350,25,0,1,1050,131,480,4.6e-182,642.1,191,169,164,146,225,194,175,212,231,251,188,195,191,152,205,190,206,203,201,204,203,188,201,194
"PGPT0014296","atpD",1537.52573198131,0.162993233640296,0.0392079392655145,4.15714869727053,3.22244259208827e-05,0.00812055533206245,"k87_2485561_3","COG0055@1|root,COG0055@2|Bacteria,2GIY6@201174|Actinobacteria,4CP9Y@84995|Rubrobacteria","Produces ATP from ADP in the presence of a proton gradient across the membrane. The catalytic sites are hosted primarily by the beta subunits","ko:K02112",91.9,37,3,0,1,111,187,223,1.2e-11,72.8,9,6,1,3,6,9,6,5,3,3,4,14,7,6,2,7,2,0,4,2,2,2,2,6
"PGPT0014296","atpD",1537.52573198131,0.162993233640296,0.0392079392655145,4.15714869727053,3.22244259208827e-05,0.00812055533206245,"k87_3880440_1","COG0055@1|root,COG0055@2|Bacteria,1MUFU@1224|Proteobacteria,2TRGP@28211|Alphaproteobacteria,3NA5N@45404|Beijerinckiaceae","Produces ATP from ADP in the presence of a proton gradient across the membrane. The catalytic sites are hosted primarily by the beta subunits","ko:K02112",95,60,3,0,10,189,9,68,1.8e-23,112.8,16,22,15,21,37,16,28,20,16,15,20,17,20,11,29,11,15,10,22,20,8,16,19,25
"PGPT0014296","atpD",1537.52573198131,0.162993233640296,0.0392079392655145,4.15714869727053,3.22244259208827e-05,0.00812055533206245,"k87_7019275_1","COG0055@1|root,COG0055@2|Bacteria,4NF1Q@976|Bacteroidetes,1IPG7@117747|Sphingobacteriia","Produces ATP from ADP in the presence of a proton gradient across the membrane. The catalytic sites are hosted primarily by the beta subunits","ko:K02112",92.4,291,22,0,1,873,1,291,2.6e-154,549.7,26,32,29,18,50,35,14,26,38,52,37,41,21,35,25,32,29,62,25,38,28,26,36,22
"PGPT0014296","atpD",1537.52573198131,0.162993233640296,0.0392079392655145,4.15714869727053,3.22244259208827e-05,0.00812055533206245,"k87_3229660_2","COG0055@1|root,COG0055@2|Bacteria,1MUFU@1224|Proteobacteria,1RN6U@1236|Gammaproteobacteria,1YS3R@136843|Pseudomonas fluorescens group","Produces ATP from ADP in the presence of a proton gradient across the membrane. The catalytic sites are hosted primarily by the beta subunits","ko:K02112",97.9,48,1,0,1,144,1,48,4.2e-17,91.3,4,2,0,2,0,1,0,0,4,2,4,2,4,0,2,0,0,0,2,6,0,4,0,3
"PGPT0014296","atpD",1537.52573198131,0.162993233640296,0.0392079392655145,4.15714869727053,3.22244259208827e-05,0.00812055533206245,"k87_1256454_1","COG0055@1|root,COG0055@2|Bacteria,1MUFU@1224|Proteobacteria,2TRGP@28211|Alphaproteobacteria,4B788@82115|Rhizobiaceae","Produces ATP from ADP in the presence of a proton gradient across the membrane. The catalytic sites are hosted primarily by the beta subunits","ko:K02112",98.2,382,7,0,1,1146,153,534,4.9e-209,731.9,178,165,110,116,188,123,140,143,170,168,155,130,98,151,140,148,138,139,190,152,176,160,149,192
"PGPT0014296","atpD",1537.52573198131,0.162993233640296,0.0392079392655145,4.15714869727053,3.22244259208827e-05,0.00812055533206245,"k87_4933093_4","COG0055@1|root,COG0055@2|Bacteria,2GIY6@201174|Actinobacteria,4DMY1@85009|Propionibacteriales","Produces ATP from ADP in the presence of a proton gradient across the membrane. The catalytic sites are hosted primarily by the beta subunits","ko:K02112",94.1,102,6,0,1,306,384,485,1.7e-47,193.4,66,56,34,77,95,72,66,95,59,43,61,51,40,42,28,58,43,35,76,76,40,76,80,78
"PGPT0014296","atpD",1537.52573198131,0.162993233640296,0.0392079392655145,4.15714869727053,3.22244259208827e-05,0.00812055533206245,"k87_5542392_6","COG0055@1|root,COG0055@2|Bacteria,1MUFU@1224|Proteobacteria,1RN6U@1236|Gammaproteobacteria,1X3WS@135614|Xanthomonadales","Produces ATP from ADP in the presence of a proton gradient across the membrane. The catalytic sites are hosted primarily by the beta subunits","ko:K02112",100,63,0,0,1,189,414,476,1.3e-29,133.3,51,40,41,37,29,65,42,33,38,38,42,43,48,37,50,23,38,112,36,39,51,41,47,43
"PGPT0014296","atpD",1537.52573198131,0.162993233640296,0.0392079392655145,4.15714869727053,3.22244259208827e-05,0.00812055533206245,"k87_5456753_1","COG0055@1|root,COG0055@2|Bacteria,1MUFU@1224|Proteobacteria,2TRGP@28211|Alphaproteobacteria,3JTVC@41294|Bradyrhizobiaceae","Produces ATP from ADP in the presence of a proton gradient across the membrane. The catalytic sites are hosted primarily by the beta subunits","ko:K02112",91.3,127,11,0,1,381,365,491,1.5e-58,230.3,59,80,34,44,62,78,57,51,42,71,52,53,79,52,53,42,40,44,45,48,65,56,63,49
"PGPT0014296","atpD",1537.52573198131,0.162993233640296,0.0392079392655145,4.15714869727053,3.22244259208827e-05,0.00812055533206245,"k87_1794505_2","COG0055@1|root,COG0055@2|Bacteria,2GIY6@201174|Actinobacteria,233KQ@1762|Mycobacteriaceae","Produces ATP from ADP in the presence of a proton gradient across the membrane. The catalytic sites are hosted primarily by the beta subunits","ko:K02112",95.3,321,12,1,1,954,1,321,2.3e-172,609.8,74,71,61,78,98,91,90,96,57,70,65,89,72,110,89,86,76,93,104,64,86,80,93,93
"PGPT0014296","atpD",1537.52573198131,0.162993233640296,0.0392079392655145,4.15714869727053,3.22244259208827e-05,0.00812055533206245,"k87_5653060_1","COG0055@1|root,COG0055@2|Bacteria,1MUFU@1224|Proteobacteria,1RN6U@1236|Gammaproteobacteria,1X3WS@135614|Xanthomonadales","Produces ATP from ADP in the presence of a proton gradient across the membrane. The catalytic sites are hosted primarily by the beta subunits","ko:K02112",100,178,0,0,1,534,1,178,9.2e-94,347.8,45,30,22,30,54,51,28,47,40,60,44,29,38,21,45,49,30,223,40,39,46,47,53,40
"PGPT0014296","atpD",1537.52573198131,0.162993233640296,0.0392079392655145,4.15714869727053,3.22244259208827e-05,0.00812055533206245,"k87_2424942_3","COG0055@1|root,COG0055@2|Bacteria,2GIY6@201174|Actinobacteria,4CP9Y@84995|Rubrobacteria","Produces ATP from ADP in the presence of a proton gradient across the membrane. The catalytic sites are hosted primarily by the beta subunits","ko:K02112",92.7,164,12,0,1,492,347,510,3.7e-81,306.2,44,40,24,37,69,38,40,45,26,31,28,37,26,31,22,25,18,18,31,35,30,32,24,15
"PGPT0014296","atpD",1537.52573198131,0.162993233640296,0.0392079392655145,4.15714869727053,3.22244259208827e-05,0.00812055533206245,"k87_1440996_2","COG0055@1|root,COG0055@2|Bacteria,2GIY6@201174|Actinobacteria","Produces ATP from ADP in the presence of a proton gradient across the membrane. The catalytic sites are hosted primarily by the beta subunits","ko:K02112",94,265,16,0,1,795,1,265,5.9e-137,491.9,139,121,85,94,121,113,102,109,118,95,104,100,97,104,69,125,127,119,146,111,100,129,110,137
"PGPT0014296","atpD",1537.52573198131,0.162993233640296,0.0392079392655145,4.15714869727053,3.22244259208827e-05,0.00812055533206245,"k87_2263644_2","COG0055@1|root,COG0055@2|Bacteria,1MUFU@1224|Proteobacteria,2VHDZ@28216|Betaproteobacteria,1KJX9@119065|unclassified Burkholderiales","Produces ATP from ADP in the presence of a proton gradient across the membrane. The catalytic sites are hosted primarily by the beta subunits","ko:K02112",100,35,0,0,16,120,432,466,7e-13,77,8,11,3,14,11,5,8,7,21,26,13,11,7,6,20,20,8,14,30,10,5,9,7,13
"PGPT0014296","atpD",1537.52573198131,0.162993233640296,0.0392079392655145,4.15714869727053,3.22244259208827e-05,0.00812055533206245,"k87_2608323_1","COG0055@1|root,COG0055@2|Bacteria,1MUFU@1224|Proteobacteria,2TRGP@28211|Alphaproteobacteria,3JTVC@41294|Bradyrhizobiaceae","Produces ATP from ADP in the presence of a proton gradient across the membrane. The catalytic sites are hosted primarily by the beta subunits","ko:K02112",92.8,390,28,0,1,1170,11,400,2.9e-201,706.1,76,75,67,79,119,79,84,75,85,68,108,73,86,71,94,75,91,100,102,114,102,76,83,90
"PGPT0014296","atpD",1537.52573198131,0.162993233640296,0.0392079392655145,4.15714869727053,3.22244259208827e-05,0.00812055533206245,"k87_6702258_3","COG0055@1|root,COG0055@2|Bacteria,1MUFU@1224|Proteobacteria,2TRGP@28211|Alphaproteobacteria,3JTVC@41294|Bradyrhizobiaceae","Produces ATP from ADP in the presence of a proton gradient across the membrane. The catalytic sites are hosted primarily by the beta subunits","ko:K02112",92.4,119,9,0,1,357,362,480,1.1e-53,214.2,45,29,21,26,52,30,41,42,21,37,42,33,39,28,35,26,26,20,31,39,41,42,34,34
"PGPT0014296","atpD",1537.52573198131,0.162993233640296,0.0392079392655145,4.15714869727053,3.22244259208827e-05,0.00812055533206245,"k87_88175_2","COG0055@1|root,COG0055@2|Bacteria,3J0BN@40117|Nitrospirae","Produces ATP from ADP in the presence of a proton gradient across the membrane. The catalytic sites are hosted primarily by the beta subunits","ko:K02112",96.2,480,18,0,22,1461,1,480,1.9e-266,922.9,54,51,29,53,54,50,37,71,63,45,52,76,58,59,43,39,39,38,36,39,48,49,55,57
"PGPT0014296","atpD",1537.52573198131,0.162993233640296,0.0392079392655145,4.15714869727053,3.22244259208827e-05,0.00812055533206245,"k87_2069603_1","COG0055@1|root,COG0055@2|Bacteria,2GIY6@201174|Actinobacteria,4DMY1@85009|Propionibacteriales","Produces ATP from ADP in the presence of a proton gradient across the membrane. The catalytic sites are hosted primarily by the beta subunits","ko:K02112",90.3,318,31,0,1,954,1,318,2.8e-162,576.2,84,75,74,49,90,86,98,97,74,89,79,63,71,71,71,95,51,49,88,76,79,88,73,62
"PGPT0014296","atpD",1537.52573198131,0.162993233640296,0.0392079392655145,4.15714869727053,3.22244259208827e-05,0.00812055533206245,"k87_1486585_2","COG0055@1|root,COG0055@2|Bacteria,1TPGF@1239|Firmicutes,4HAT6@91061|Bacilli,1ZB62@1386|Bacillus","Produces ATP from ADP in the presence of a proton gradient across the membrane. The catalytic sites are hosted primarily by the beta subunits","ko:K02112",99,290,3,0,1,870,1,290,3.5e-159,565.8,12,11,6,12,18,18,10,8,7,28,11,7,12,12,12,10,12,7,14,8,10,10,10,8
"PGPT0014296","atpD",1537.52573198131,0.162993233640296,0.0392079392655145,4.15714869727053,3.22244259208827e-05,0.00812055533206245,"k87_4584246_1","COG0055@1|root,COG0055@2|Bacteria,1MUFU@1224|Proteobacteria,2TRGP@28211|Alphaproteobacteria,2K03H@204457|Sphingomonadales","Produces ATP from ADP in the presence of a proton gradient across the membrane. The catalytic sites are hosted primarily by the beta subunits","ko:K02112",92.7,150,11,0,112,561,7,156,6.7e-71,271.9,33,10,22,14,36,23,20,23,16,34,24,33,25,24,26,23,25,28,39,44,30,32,21,21
"PGPT0014296","atpD",1537.52573198131,0.162993233640296,0.0392079392655145,4.15714869727053,3.22244259208827e-05,0.00812055533206245,"k87_7001050_1","COG0055@1|root,COG0055@2|Bacteria,1MUFU@1224|Proteobacteria,1RN6U@1236|Gammaproteobacteria,1X3WS@135614|Xanthomonadales","Produces ATP from ADP in the presence of a proton gradient across the membrane. The catalytic sites are hosted primarily by the beta subunits","ko:K02112",91.7,230,19,0,1,690,1,230,3.4e-117,426,88,63,47,90,105,91,81,74,97,116,80,69,99,91,101,74,81,156,100,99,135,109,114,109
"PGPT0014296","atpD",1537.52573198131,0.162993233640296,0.0392079392655145,4.15714869727053,3.22244259208827e-05,0.00812055533206245,"k87_2073115_1","COG0055@1|root,COG0055@2|Bacteria,2GIY6@201174|Actinobacteria,4CP9Y@84995|Rubrobacteria","Produces ATP from ADP in the presence of a proton gradient across the membrane. The catalytic sites are hosted primarily by the beta subunits","ko:K02112",93.6,204,13,0,1,612,314,517,1.8e-102,377.1,41,20,16,20,35,13,35,22,22,36,25,34,28,36,25,29,15,9,22,27,21,16,16,18
"PGPT0014296","atpD",1537.52573198131,0.162993233640296,0.0392079392655145,4.15714869727053,3.22244259208827e-05,0.00812055533206245,"k87_5245491_3","COG0055@1|root,COG0055@2|Bacteria,1MUFU@1224|Proteobacteria,2VHDZ@28216|Betaproteobacteria,4AAUZ@80864|Comamonadaceae","Produces ATP from ADP in the presence of a proton gradient across the membrane. The catalytic sites are hosted primarily by the beta subunits","ko:K02112",99.4,156,1,0,1,468,321,476,1.7e-83,313.5,88,59,52,65,100,88,75,96,111,100,82,72,78,71,96,73,69,27,85,77,60,43,67,87
"PGPT0014296","atpD",1537.52573198131,0.162993233640296,0.0392079392655145,4.15714869727053,3.22244259208827e-05,0.00812055533206245,"k87_779937_1","COG0055@1|root,COG0055@2|Bacteria,1MUFU@1224|Proteobacteria,2TRGP@28211|Alphaproteobacteria,3JTVC@41294|Bradyrhizobiaceae","Produces ATP from ADP in the presence of a proton gradient across the membrane. The catalytic sites are hosted primarily by the beta subunits","ko:K02112",94.4,107,6,0,1,321,1,107,1.5e-51,206.8,46,38,35,31,44,49,52,56,39,41,28,47,37,46,50,44,37,38,47,51,47,34,62,51
"PGPT0014296","atpD",1537.52573198131,0.162993233640296,0.0392079392655145,4.15714869727053,3.22244259208827e-05,0.00812055533206245,"k87_4695804_4","COG0055@1|root,COG0055@2|Bacteria,2GIY6@201174|Actinobacteria,4DMY1@85009|Propionibacteriales","Produces ATP from ADP in the presence of a proton gradient across the membrane. The catalytic sites are hosted primarily by the beta subunits","ko:K02112",97,99,3,0,1,297,387,485,9.5e-48,194.1,58,59,59,53,65,67,72,56,44,48,54,53,59,41,60,37,61,40,63,65,45,54,50,70
"PGPT0014296","atpD",1537.52573198131,0.162993233640296,0.0392079392655145,4.15714869727053,3.22244259208827e-05,0.00812055533206245,"k87_4942851_3","COG0055@1|root,COG0055@2|Bacteria,1MUFU@1224|Proteobacteria,2TRGP@28211|Alphaproteobacteria,43H5H@69277|Phyllobacteriaceae","Produces ATP from ADP in the presence of a proton gradient across the membrane. The catalytic sites are hosted primarily by the beta subunits","ko:K02112",94.9,99,5,0,1,297,381,479,1.1e-46,190.7,23,25,19,10,24,21,11,31,20,14,16,14,22,19,26,30,20,17,18,26,35,42,23,20
"PGPT0014455","chvI",478.616495204907,0.241487512436361,0.0675099617221415,3.57706486977846,0.000347473965533026,0.0437817196571612,"k87_565421_5","COG0745@1|root,COG0745@2|Bacteria,1MVCB@1224|Proteobacteria,2TR43@28211|Alphaproteobacteria,4B8E8@82115|Rhizobiaceae","Response regulators consisting of a CheY-like receiver domain and a winged-helix DNA-binding domain","ko:K14981",98.7,77,1,0,1,231,165,241,5e-36,154.8,14,14,3,7,12,6,6,4,4,7,9,14,4,3,9,10,14,15,4,13,2,8,0,20
"PGPT0014455","chvI",478.616495204907,0.241487512436361,0.0675099617221415,3.57706486977846,0.000347473965533026,0.0437817196571612,"k87_6989708_2","COG0745@1|root,COG0745@2|Bacteria,1MVCB@1224|Proteobacteria,2TR43@28211|Alphaproteobacteria,3N68C@45401|Hyphomicrobiaceae","Transcriptional regulatory protein, C terminal","ko:K14981",91.9,99,8,0,1,297,133,231,1.1e-46,190.7,8,20,11,14,6,15,13,14,11,6,17,6,12,13,12,14,24,18,10,18,10,12,12,15
"PGPT0014455","chvI",478.616495204907,0.241487512436361,0.0675099617221415,3.57706486977846,0.000347473965533026,0.0437817196571612,"k87_351050_1","COG0745@1|root,COG0745@2|Bacteria,1MVCB@1224|Proteobacteria,2TR43@28211|Alphaproteobacteria,4B8E8@82115|Rhizobiaceae","Response regulators consisting of a CheY-like receiver domain and a winged-helix DNA-binding domain","ko:K14981",96.1,76,3,0,1,228,1,76,3.3e-32,142.1,4,3,8,4,8,2,2,2,4,6,4,3,4,6,2,4,9,5,2,12,8,14,4,2
"PGPT0014455","chvI",478.616495204907,0.241487512436361,0.0675099617221415,3.57706486977846,0.000347473965533026,0.0437817196571612,"k87_2921301_2","COG0745@1|root,COG0745@2|Bacteria,1MVCB@1224|Proteobacteria,2TR43@28211|Alphaproteobacteria,3JR30@41294|Bradyrhizobiaceae","Two component transcriptional regulator, winged helix family","ko:K14981",93.1,231,16,0,1,693,1,231,1.1e-118,431,35,26,26,26,47,27,29,30,24,43,34,11,25,32,21,32,33,22,36,35,52,33,49,28
"PGPT0014455","chvI",478.616495204907,0.241487512436361,0.0675099617221415,3.57706486977846,0.000347473965533026,0.0437817196571612,"k87_1802540_1","COG0745@1|root,COG0745@2|Bacteria,1MVCB@1224|Proteobacteria,2TR43@28211|Alphaproteobacteria,3N68C@45401|Hyphomicrobiaceae","Transcriptional regulatory protein, C terminal","ko:K14981",91.6,238,20,0,1,714,1,238,2.5e-118,429.9,55,41,37,52,57,37,32,44,49,36,54,41,34,45,42,38,53,38,45,55,67,70,67,72
"PGPT0014455","chvI",478.616495204907,0.241487512436361,0.0675099617221415,3.57706486977846,0.000347473965533026,0.0437817196571612,"k87_1141356_2","COG0745@1|root,COG0745@2|Bacteria,1MVCB@1224|Proteobacteria,2TR43@28211|Alphaproteobacteria,3FCHD@34008|Rhodovulum","Transcriptional regulatory protein, C terminal","ko:K14981",94.8,232,12,0,1,696,1,232,5.2e-121,438.7,33,38,23,28,50,42,43,30,44,26,27,46,31,23,25,23,43,28,14,46,49,29,29,53
"PGPT0014455","chvI",478.616495204907,0.241487512436361,0.0675099617221415,3.57706486977846,0.000347473965533026,0.0437817196571612,"k87_4433028_1","COG0745@1|root,COG0745@2|Bacteria,1MVCB@1224|Proteobacteria,2TR43@28211|Alphaproteobacteria,3N68C@45401|Hyphomicrobiaceae","Transcriptional regulatory protein, C terminal","ko:K14981",90.2,153,15,0,1,459,82,234,2.1e-73,280,37,16,15,25,55,35,23,38,25,31,23,37,28,29,38,24,25,18,42,23,36,24,28,28
"PGPT0014455","chvI",478.616495204907,0.241487512436361,0.0675099617221415,3.57706486977846,0.000347473965533026,0.0437817196571612,"k87_4530717_1","COG0745@1|root,COG0745@2|Bacteria,1MVCB@1224|Proteobacteria,2TR43@28211|Alphaproteobacteria","COG0745 Response regulators consisting of a CheY-like receiver domain and a winged-helix DNA-binding domain","ko:K14981",93.3,210,14,0,1,630,23,232,2.7e-108,396.4,48,40,31,32,46,41,55,41,30,56,38,54,42,23,45,36,27,37,52,55,29,43,43,30
"PGPT0014455","chvI",478.616495204907,0.241487512436361,0.0675099617221415,3.57706486977846,0.000347473965533026,0.0437817196571612,"k87_1174423_1","COG0745@1|root,COG0745@2|Bacteria,1MVCB@1224|Proteobacteria,2TR43@28211|Alphaproteobacteria,43HB4@69277|Phyllobacteriaceae","Consisting of a CheY-like receiver domain and a winged-helix DNA-binding domain","ko:K14981",99.1,233,2,0,1,699,7,239,9.1e-126,454.5,6,12,8,8,8,13,10,10,12,14,6,7,10,11,10,6,19,10,6,26,29,10,24,20
"PGPT0014455","chvI",478.616495204907,0.241487512436361,0.0675099617221415,3.57706486977846,0.000347473965533026,0.0437817196571612,"k87_3102528_2","COG0745@1|root,COG0745@2|Bacteria,1MVCB@1224|Proteobacteria,2TR43@28211|Alphaproteobacteria,1JT4S@119045|Methylobacteriaceae","PFAM response regulator receiver","ko:K14981",91.8,159,12,1,1,474,75,233,7.7e-76,288.1,27,24,15,18,28,28,25,28,29,32,27,15,22,17,27,31,23,29,20,22,38,27,23,27
"PGPT0014455","chvI",478.616495204907,0.241487512436361,0.0675099617221415,3.57706486977846,0.000347473965533026,0.0437817196571612,"k87_4084450_1","COG0745@1|root,COG0745@2|Bacteria,1MVCB@1224|Proteobacteria,2TR43@28211|Alphaproteobacteria,3JR30@41294|Bradyrhizobiaceae","Two component transcriptional regulator, winged helix family","ko:K14981",90.4,228,21,1,1,684,6,232,1.1e-112,411,31,30,22,26,46,36,12,32,23,29,22,16,20,14,31,16,13,29,38,24,28,20,25,32
"PGPT0014455","chvI",478.616495204907,0.241487512436361,0.0675099617221415,3.57706486977846,0.000347473965533026,0.0437817196571612,"k87_5332175_2","COG0745@1|root,COG0745@2|Bacteria,1MVCB@1224|Proteobacteria,2TR43@28211|Alphaproteobacteria,3JR30@41294|Bradyrhizobiaceae","Two component transcriptional regulator, winged helix family","ko:K14981",97.8,45,1,0,1,135,189,233,4.7e-18,94.4,0,2,0,0,6,2,5,5,3,2,4,2,6,2,0,6,0,0,2,0,4,4,4,4
"PGPT0014455","chvI",478.616495204907,0.241487512436361,0.0675099617221415,3.57706486977846,0.000347473965533026,0.0437817196571612,"k87_2353881_1","COG0745@1|root,COG0745@2|Bacteria,1MVCB@1224|Proteobacteria,2TR43@28211|Alphaproteobacteria,1JT4S@119045|Methylobacteriaceae","PFAM response regulator receiver","ko:K14981",100,72,0,0,1,216,1,72,8.2e-33,144.1,8,9,18,2,14,7,25,2,17,8,4,7,4,10,12,8,6,4,10,20,4,6,18,2
"PGPT0014455","chvI",478.616495204907,0.241487512436361,0.0675099617221415,3.57706486977846,0.000347473965533026,0.0437817196571612,"k87_6959800_1","COG0745@1|root,COG0745@2|Bacteria,1MVCB@1224|Proteobacteria,2TR43@28211|Alphaproteobacteria,3JR30@41294|Bradyrhizobiaceae","Two component transcriptional regulator, winged helix family","ko:K14981",92.9,210,15,0,1,630,1,210,7.5e-103,378.3,42,45,25,24,46,30,36,22,39,34,53,44,35,32,41,44,27,21,24,31,47,29,27,42
"PGPT0014455","chvI",478.616495204907,0.241487512436361,0.0675099617221415,3.57706486977846,0.000347473965533026,0.0437817196571612,"k87_1919399_1","COG0745@1|root,COG0745@2|Bacteria,1MVCB@1224|Proteobacteria,2TR43@28211|Alphaproteobacteria,43HB4@69277|Phyllobacteriaceae","Consisting of a CheY-like receiver domain and a winged-helix DNA-binding domain","ko:K14981",98.6,215,3,0,1,645,25,239,2.1e-116,423.3,3,8,6,12,18,6,4,14,8,16,18,10,2,4,8,8,18,9,10,8,6,10,10,10
"PGPT0014455","chvI",478.616495204907,0.241487512436361,0.0675099617221415,3.57706486977846,0.000347473965533026,0.0437817196571612,"k87_2592104_4","COG0745@1|root,COG0745@2|Bacteria,1MVCB@1224|Proteobacteria,2TR43@28211|Alphaproteobacteria,1JT4S@119045|Methylobacteriaceae","PFAM response regulator receiver","ko:K14981",94.8,155,8,0,1,465,78,232,2.1e-78,296.6,33,23,10,13,20,17,18,20,11,19,33,17,18,14,26,11,22,10,24,36,18,16,16,20
"PGPT0014455","chvI",478.616495204907,0.241487512436361,0.0675099617221415,3.57706486977846,0.000347473965533026,0.0437817196571612,"k87_4663033_1","COG0745@1|root,COG0745@2|Bacteria,1MVCB@1224|Proteobacteria,2TR43@28211|Alphaproteobacteria,1JT4S@119045|Methylobacteriaceae","PFAM response regulator receiver","ko:K14981",96.9,225,7,0,1,675,1,225,3.6e-119,432.6,26,23,17,20,36,17,12,14,24,13,20,16,16,12,29,21,27,5,23,31,36,21,38,17
"PGPT0014455","chvI",478.616495204907,0.241487512436361,0.0675099617221415,3.57706486977846,0.000347473965533026,0.0437817196571612,"k87_912951_4","COG0745@1|root,COG0745@2|Bacteria,1MVCB@1224|Proteobacteria,2TR43@28211|Alphaproteobacteria,3N68C@45401|Hyphomicrobiaceae","Transcriptional regulatory protein, C terminal","ko:K14981",93.1,231,16,0,1,693,1,231,4.1e-118,429.1,36,40,26,25,40,30,33,30,27,33,29,41,44,23,39,27,32,31,34,30,44,41,23,35
"PGPT0014455","chvI",478.616495204907,0.241487512436361,0.0675099617221415,3.57706486977846,0.000347473965533026,0.0437817196571612,"k87_6935952_1","COG0745@1|root,COG0745@2|Bacteria,1MVCB@1224|Proteobacteria,2TR43@28211|Alphaproteobacteria,1JT4S@119045|Methylobacteriaceae","PFAM response regulator receiver","ko:K14981",100,91,0,0,1,273,1,91,7.6e-44,181,14,12,4,13,16,6,12,17,8,14,7,16,8,17,10,6,11,9,4,10,10,18,23,10
"PGPT0014455","chvI",478.616495204907,0.241487512436361,0.0675099617221415,3.57706486977846,0.000347473965533026,0.0437817196571612,"k87_5920309_3","COG0745@1|root,COG0745@2|Bacteria,1MVCB@1224|Proteobacteria,2TR43@28211|Alphaproteobacteria,3N68C@45401|Hyphomicrobiaceae","Transcriptional regulatory protein, C terminal","ko:K14981",95,180,9,0,1,540,1,180,2.5e-91,339.7,29,28,10,22,23,19,28,25,25,8,37,14,20,22,19,20,20,17,30,14,20,19,16,27
"PGPT0014455","chvI",478.616495204907,0.241487512436361,0.0675099617221415,3.57706486977846,0.000347473965533026,0.0437817196571612,"k87_6106523_3","COG0745@1|root,COG0745@2|Bacteria,1MVCB@1224|Proteobacteria,2TR43@28211|Alphaproteobacteria","COG0745 Response regulators consisting of a CheY-like receiver domain and a winged-helix DNA-binding domain","ko:K14981",94.8,231,12,0,1,693,1,231,4.4e-120,435.6,29,34,35,30,39,34,38,36,40,56,28,33,32,27,36,32,20,32,34,47,50,55,38,31
"PGPT0014455","chvI",478.616495204907,0.241487512436361,0.0675099617221415,3.57706486977846,0.000347473965533026,0.0437817196571612,"k87_1955660_1","COG0745@1|root,COG0745@2|Bacteria,1MVCB@1224|Proteobacteria,2TR43@28211|Alphaproteobacteria,43HB4@69277|Phyllobacteriaceae","Consisting of a CheY-like receiver domain and a winged-helix DNA-binding domain","ko:K14981",100,99,0,0,1,297,7,105,2.7e-47,192.6,15,25,14,14,15,21,10,24,14,11,13,13,16,10,11,16,20,20,18,16,16,12,16,23
"PGPT0014570","groEL|mopA",2687.72791228404,0.130328669353286,0.0332880507426555,3.91517876372021,9.03372498049706e-05,0.0188864891541735,"k87_804878_1","COG0459@1|root,COG0459@2|Bacteria,2GKC9@201174|Actinobacteria,232B0@1762|Mycobacteriaceae","Prevents misfolding and promotes the refolding and proper assembly of unfolded polypeptides generated under stress conditions","ko:K04077",97.2,253,7,0,1,759,1,253,3.8e-125,452.6,44,46,35,22,45,59,59,42,32,43,37,38,21,34,45,30,38,34,39,72,37,44,39,47
"PGPT0014570","groEL|mopA",2687.72791228404,0.130328669353286,0.0332880507426555,3.91517876372021,9.03372498049706e-05,0.0188864891541735,"k87_2865325_2","COG0459@1|root,COG0459@2|Bacteria,2GKC9@201174|Actinobacteria,4FW1U@85025|Nocardiaceae","Prevents misfolding and promotes the refolding and proper assembly of unfolded polypeptides generated under stress conditions","ko:K04077",100,85,0,0,1,255,50,134,4.8e-40,168.3,36,48,39,39,81,59,43,43,48,31,30,40,41,32,51,41,49,42,67,64,37,53,31,62
"PGPT0014570","groEL|mopA",2687.72791228404,0.130328669353286,0.0332880507426555,3.91517876372021,9.03372498049706e-05,0.0188864891541735,"k87_6862025_2","COG0459@1|root,COG0459@2|Bacteria,2GKC9@201174|Actinobacteria,232B0@1762|Mycobacteriaceae","Prevents misfolding and promotes the refolding and proper assembly of unfolded polypeptides generated under stress conditions","ko:K04077",93.6,295,19,0,1,885,1,295,1.5e-144,517.3,57,88,35,48,78,72,99,78,57,60,60,70,49,43,83,84,50,68,81,59,71,62,57,99
"PGPT0014570","groEL|mopA",2687.72791228404,0.130328669353286,0.0332880507426555,3.91517876372021,9.03372498049706e-05,0.0188864891541735,"k87_860687_1","COG0459@1|root,COG0459@2|Bacteria,1MURR@1224|Proteobacteria,2VIW1@28216|Betaproteobacteria,4A9QT@80864|Comamonadaceae","Prevents misfolding and promotes the refolding and proper assembly of unfolded polypeptides generated under stress conditions","ko:K04077",98.3,360,6,0,1,1080,160,519,9.3e-186,654.4,235,209,180,193,332,254,265,248,314,330,309,244,232,241,241,242,212,222,288,213,273,240,286,226
"PGPT0014570","groEL|mopA",2687.72791228404,0.130328669353286,0.0332880507426555,3.91517876372021,9.03372498049706e-05,0.0188864891541735,"k87_3578779_3","COG0459@1|root,COG0459@2|Bacteria,2G65N@200795|Chloroflexi,27Y1U@189775|Thermomicrobia","Prevents misfolding and promotes the refolding and proper assembly of unfolded polypeptides generated under stress conditions","ko:K04077",91.3,46,4,0,1,138,1,46,1.3e-15,86.3,20,24,17,15,27,25,23,34,18,27,8,21,26,9,17,19,24,9,20,21,29,24,13,34
"PGPT0014570","groEL|mopA",2687.72791228404,0.130328669353286,0.0332880507426555,3.91517876372021,9.03372498049706e-05,0.0188864891541735,"k87_669571_2","COG0459@1|root,COG0459@2|Bacteria,2GKC9@201174|Actinobacteria,4EFHE@85012|Streptosporangiales","Prevents misfolding and promotes the refolding and proper assembly of unfolded polypeptides generated under stress conditions","ko:K04077",90.4,52,5,0,10,165,3,54,1e-19,100.1,18,14,5,6,18,7,16,11,2,14,9,16,17,8,10,11,4,6,15,14,12,7,13,17
"PGPT0014570","groEL|mopA",2687.72791228404,0.130328669353286,0.0332880507426555,3.91517876372021,9.03372498049706e-05,0.0188864891541735,"k87_6391652_3","COG0459@1|root,COG0459@2|Bacteria,2GKC9@201174|Actinobacteria,232B0@1762|Mycobacteriaceae","Prevents misfolding and promotes the refolding and proper assembly of unfolded polypeptides generated under stress conditions","ko:K04077",90.2,41,4,0,1,123,486,526,1.1e-11,73.6,2,5,0,6,14,7,8,14,2,2,6,0,8,2,6,2,2,3,2,10,12,2,6,4
"PGPT0014570","groEL|mopA",2687.72791228404,0.130328669353286,0.0332880507426555,3.91517876372021,9.03372498049706e-05,0.0188864891541735,"k87_7069698_2","COG0459@1|root,COG0459@2|Bacteria,2GKC9@201174|Actinobacteria,4FKRV@85023|Microbacteriaceae","Prevents misfolding and promotes the refolding and proper assembly of unfolded polypeptides generated under stress conditions","ko:K04077",98.7,76,1,0,1,228,1,76,2e-34,149.4,50,49,48,57,57,57,75,59,36,53,46,58,44,21,44,63,51,46,62,57,42,50,42,62
"PGPT0014570","groEL|mopA",2687.72791228404,0.130328669353286,0.0332880507426555,3.91517876372021,9.03372498049706e-05,0.0188864891541735,"k87_2345607_2","COG0459@1|root,COG0459@2|Bacteria,2GKC9@201174|Actinobacteria,4FKRV@85023|Microbacteriaceae","Prevents misfolding and promotes the refolding and proper assembly of unfolded polypeptides generated under stress conditions","ko:K04077",90.8,142,13,0,1,426,398,539,2.3e-63,246.5,78,130,86,93,141,106,112,119,96,100,96,93,84,104,113,117,92,84,134,113,102,102,114,121
"PGPT0014570","groEL|mopA",2687.72791228404,0.130328669353286,0.0332880507426555,3.91517876372021,9.03372498049706e-05,0.0188864891541735,"k87_305808_4","COG0459@1|root,COG0459@2|Bacteria,3Y37I@57723|Acidobacteria","Prevents misfolding and promotes the refolding and proper assembly of unfolded polypeptides generated under stress conditions","ko:K04077",90.3,62,6,0,1,186,1,62,4.6e-24,114.8,50,41,33,33,59,38,49,51,33,58,40,54,38,46,30,29,48,33,38,35,46,43,45,55
"PGPT0014570","groEL|mopA",2687.72791228404,0.130328669353286,0.0332880507426555,3.91517876372021,9.03372498049706e-05,0.0188864891541735,"k87_2998422_6","COG0459@1|root,COG0459@2|Bacteria,2GKC9@201174|Actinobacteria,4EFHE@85012|Streptosporangiales","Prevents misfolding and promotes the refolding and proper assembly of unfolded polypeptides generated under stress conditions","ko:K04077",90.2,61,6,0,7,189,2,62,6.1e-24,114.4,11,7,12,13,19,15,11,8,9,12,11,10,9,13,14,8,8,6,18,11,11,13,10,28
"PGPT0014570","groEL|mopA",2687.72791228404,0.130328669353286,0.0332880507426555,3.91517876372021,9.03372498049706e-05,0.0188864891541735,"k87_4023276_1","COG0459@1|root,COG0459@2|Bacteria,2GKC9@201174|Actinobacteria,4CP8M@84995|Rubrobacteria","Prevents misfolding and promotes the refolding and proper assembly of unfolded polypeptides generated under stress conditions","ko:K04077",93.5,62,4,0,1,186,1,62,7e-25,117.5,22,41,21,20,38,26,24,22,32,23,26,24,16,24,22,14,18,9,20,16,36,12,22,27
"PGPT0014570","groEL|mopA",2687.72791228404,0.130328669353286,0.0332880507426555,3.91517876372021,9.03372498049706e-05,0.0188864891541735,"k87_4853734_2","COG0459@1|root,COG0459@2|Bacteria,2GKC9@201174|Actinobacteria","Prevents misfolding and promotes the refolding and proper assembly of unfolded polypeptides generated under stress conditions","ko:K04077",94.2,173,10,0,91,609,356,528,1.2e-82,311.2,83,54,50,72,96,57,85,83,68,80,49,59,70,55,66,51,55,54,60,88,89,72,73,77
"PGPT0014570","groEL|mopA",2687.72791228404,0.130328669353286,0.0332880507426555,3.91517876372021,9.03372498049706e-05,0.0188864891541735,"k87_1014075_1","COG0459@1|root,COG0459@2|Bacteria,1MURR@1224|Proteobacteria,2TS07@28211|Alphaproteobacteria,3JTI3@41294|Bradyrhizobiaceae","Prevents misfolding and promotes the refolding and proper assembly of unfolded polypeptides generated under stress conditions","ko:K04077",92.8,278,20,0,1,834,1,278,2.2e-134,483.4,187,142,130,129,172,157,131,150,170,235,152,147,129,178,198,155,131,131,136,118,147,145,175,169
"PGPT0014570","groEL|mopA",2687.72791228404,0.130328669353286,0.0332880507426555,3.91517876372021,9.03372498049706e-05,0.0188864891541735,"k87_2141802_25","COG0459@1|root,COG0459@2|Bacteria,1MURR@1224|Proteobacteria,1RMTB@1236|Gammaproteobacteria,1X3SN@135614|Xanthomonadales","Prevents misfolding and promotes the refolding and proper assembly of unfolded polypeptides generated under stress conditions","ko:K04077",100,346,0,0,1,1038,187,532,4.6e-185,652.1,285,259,238,204,349,280,290,294,296,356,279,223,242,223,291,219,254,587,304,288,342,315,310,361
"PGPT0014570","groEL|mopA",2687.72791228404,0.130328669353286,0.0332880507426555,3.91517876372021,9.03372498049706e-05,0.0188864891541735,"k87_1296849_2","COG0459@1|root,COG0459@2|Bacteria,1MURR@1224|Proteobacteria,2TS07@28211|Alphaproteobacteria,4BA8Y@82115|Rhizobiaceae","Prevents misfolding and promotes the refolding and proper assembly of unfolded polypeptides generated under stress conditions","ko:K04077",95.2,312,15,0,1,936,1,312,3.8e-159,565.8,26,26,13,6,8,17,35,14,18,17,23,18,4,12,25,20,24,22,27,28,16,12,21,22
"PGPT0014570","groEL|mopA",2687.72791228404,0.130328669353286,0.0332880507426555,3.91517876372021,9.03372498049706e-05,0.0188864891541735,"k87_2546347_7","COG0459@1|root,COG0459@2|Bacteria,1MURR@1224|Proteobacteria,2TS07@28211|Alphaproteobacteria,2K0H3@204457|Sphingomonadales","Prevents misfolding and promotes the refolding and proper assembly of unfolded polypeptides generated under stress conditions","ko:K04077",99.2,121,1,0,1,363,1,121,1.1e-58,230.7,190,158,138,134,239,142,157,138,136,153,155,143,167,152,173,155,159,210,113,174,154,145,161,143
"PGPT0014570","groEL|mopA",2687.72791228404,0.130328669353286,0.0332880507426555,3.91517876372021,9.03372498049706e-05,0.0188864891541735,"k87_1942117_1","COG0459@1|root,COG0459@2|Bacteria,2GKC9@201174|Actinobacteria,4CP8M@84995|Rubrobacteria","Prevents misfolding and promotes the refolding and proper assembly of unfolded polypeptides generated under stress conditions","ko:K04077",94.7,76,4,0,1,228,1,76,3.3e-32,142.1,41,42,29,26,47,35,54,52,32,39,22,43,30,35,38,35,44,19,37,27,32,27,31,35
"PGPT0014570","groEL|mopA",2687.72791228404,0.130328669353286,0.0332880507426555,3.91517876372021,9.03372498049706e-05,0.0188864891541735,"k87_1308093_2","COG0459@1|root,COG0459@2|Bacteria,2GKC9@201174|Actinobacteria,1W8B0@1268|Micrococcaceae","Prevents misfolding and promotes the refolding and proper assembly of unfolded polypeptides generated under stress conditions","ko:K04077",98.3,173,3,0,1,519,1,173,1.1e-83,314.3,63,71,50,40,58,68,79,68,37,61,74,35,39,58,52,55,37,42,81,59,64,76,51,40
"PGPT0014570","groEL|mopA",2687.72791228404,0.130328669353286,0.0332880507426555,3.91517876372021,9.03372498049706e-05,0.0188864891541735,"k87_1843973_3","COG0459@1|root,COG0459@2|Bacteria,3J0DA@40117|Nitrospirae","Prevents misfolding and promotes the refolding and proper assembly of unfolded polypeptides generated under stress conditions","ko:K04077",92.8,276,19,1,1,828,272,546,8.9e-136,488,93,60,74,42,70,64,77,60,55,94,46,62,49,57,54,58,52,22,65,50,68,59,47,64
"PGPT0014570","groEL|mopA",2687.72791228404,0.130328669353286,0.0332880507426555,3.91517876372021,9.03372498049706e-05,0.0188864891541735,"k87_3066296_1","COG0459@1|root,COG0459@2|Bacteria,2GKC9@201174|Actinobacteria,4CMU0@84992|Acidimicrobiia","Prevents misfolding and promotes the refolding and proper assembly of unfolded polypeptides generated under stress conditions","ko:K04077",90.7,86,8,0,1,258,1,86,6.5e-37,157.9,69,80,49,45,83,70,69,76,80,50,52,65,69,58,59,76,54,37,55,78,54,43,54,77
"PGPT0014570","groEL|mopA",2687.72791228404,0.130328669353286,0.0332880507426555,3.91517876372021,9.03372498049706e-05,0.0188864891541735,"k87_5151540_1","COG0459@1|root,COG0459@2|Bacteria,1MURR@1224|Proteobacteria,2TS07@28211|Alphaproteobacteria,3N9WC@45404|Beijerinckiaceae","Prevents misfolding and promotes the refolding and proper assembly of unfolded polypeptides generated under stress conditions","ko:K04077",93.8,65,4,0,1,195,1,65,6.7e-26,120.9,24,6,10,12,9,11,11,13,12,19,9,12,7,17,12,10,11,12,8,21,7,6,6,22
"PGPT0014570","groEL|mopA",2687.72791228404,0.130328669353286,0.0332880507426555,3.91517876372021,9.03372498049706e-05,0.0188864891541735,"k87_19271_1","COG0459@1|root,COG0459@2|Bacteria,1MURR@1224|Proteobacteria,2TS07@28211|Alphaproteobacteria,2K0H3@204457|Sphingomonadales","Prevents misfolding and promotes the refolding and proper assembly of unfolded polypeptides generated under stress conditions","ko:K04077",93.6,295,19,0,1,885,237,531,1.7e-146,523.9,192,127,116,130,189,159,139,202,124,162,150,147,121,147,146,159,120,107,145,172,153,167,158,189
"PGPT0014570","groEL|mopA",2687.72791228404,0.130328669353286,0.0332880507426555,3.91517876372021,9.03372498049706e-05,0.0188864891541735,"k87_2724840_1","COG0459@1|root,COG0459@2|Bacteria,2GKC9@201174|Actinobacteria,4DNCJ@85009|Propionibacteriales","Prevents misfolding and promotes the refolding and proper assembly of unfolded polypeptides generated under stress conditions","ko:K04077",93.2,294,20,0,1,882,1,294,1.7e-148,530.4,100,108,90,109,167,113,137,136,79,118,99,87,77,84,107,85,98,79,106,102,114,107,68,109
"PGPT0014570","groEL|mopA",2687.72791228404,0.130328669353286,0.0332880507426555,3.91517876372021,9.03372498049706e-05,0.0188864891541735,"k87_2514765_1","COG0459@1|root,COG0459@2|Bacteria,2GKC9@201174|Actinobacteria,2331Z@1762|Mycobacteriaceae","Prevents misfolding and promotes the refolding and proper assembly of unfolded polypeptides generated under stress conditions","ko:K04077",96.7,151,5,0,1,453,391,541,3.8e-72,275.8,58,70,46,43,106,79,65,71,47,69,68,66,64,66,56,78,67,61,77,74,70,45,75,110
"PGPT0014570","groEL|mopA",2687.72791228404,0.130328669353286,0.0332880507426555,3.91517876372021,9.03372498049706e-05,0.0188864891541735,"k87_161084_3","COG0459@1|root,COG0459@2|Bacteria,2GKC9@201174|Actinobacteria,4CP8M@84995|Rubrobacteria","Prevents misfolding and promotes the refolding and proper assembly of unfolded polypeptides generated under stress conditions","ko:K04077",90.5,42,4,0,1,126,1,42,1.9e-13,79,12,7,14,11,13,7,6,4,7,5,10,6,4,7,8,7,6,5,9,8,6,10,2,13
"PGPT0014570","groEL|mopA",2687.72791228404,0.130328669353286,0.0332880507426555,3.91517876372021,9.03372498049706e-05,0.0188864891541735,"k87_1564318_1","COG0459@1|root,COG0459@2|Bacteria,2GKC9@201174|Actinobacteria,4DNCJ@85009|Propionibacteriales","Prevents misfolding and promotes the refolding and proper assembly of unfolded polypeptides generated under stress conditions","ko:K04077",97.6,85,2,0,1,255,439,523,3.7e-39,165.6,63,70,71,60,74,101,72,77,53,57,48,73,64,65,52,61,53,45,55,76,58,76,62,90
"PGPT0014570","groEL|mopA",2687.72791228404,0.130328669353286,0.0332880507426555,3.91517876372021,9.03372498049706e-05,0.0188864891541735,"k87_1434652_1","COG0459@1|root,COG0459@2|Bacteria,1MURR@1224|Proteobacteria,2VIW1@28216|Betaproteobacteria,1KJQF@119065|unclassified Burkholderiales","Prevents misfolding and promotes the refolding and proper assembly of unfolded polypeptides generated under stress conditions","ko:K04077",94.7,265,14,0,1,795,271,535,6.6e-131,471.9,123,112,81,102,148,102,94,104,121,170,164,114,69,136,158,116,83,78,128,77,97,127,113,112
"PGPT0014570","groEL|mopA",2687.72791228404,0.130328669353286,0.0332880507426555,3.91517876372021,9.03372498049706e-05,0.0188864891541735,"k87_3230586_1","COG0459@1|root,COG0459@2|Bacteria,2GKC9@201174|Actinobacteria,4DNCJ@85009|Propionibacteriales","Prevents misfolding and promotes the refolding and proper assembly of unfolded polypeptides generated under stress conditions","ko:K04077",96.4,84,3,0,1,252,1,84,2.8e-40,169.1,42,38,26,33,49,52,34,46,31,22,30,30,32,34,30,33,43,25,32,28,36,29,39,52
"PGPT0014570","groEL|mopA",2687.72791228404,0.130328669353286,0.0332880507426555,3.91517876372021,9.03372498049706e-05,0.0188864891541735,"k87_6835919_1","COG0459@1|root,COG0459@2|Bacteria,1MURR@1224|Proteobacteria,2TS07@28211|Alphaproteobacteria,43HV8@69277|Phyllobacteriaceae","Prevents misfolding and promotes the refolding and proper assembly of unfolded polypeptides generated under stress conditions","ko:K04077",98,407,8,0,1,1221,131,537,1.4e-217,760.4,39,40,30,24,50,58,38,44,37,40,21,41,29,33,35,32,40,38,35,44,55,54,40,36
"PGPT0014570","groEL|mopA",2687.72791228404,0.130328669353286,0.0332880507426555,3.91517876372021,9.03372498049706e-05,0.0188864891541735,"k87_334135_1","COG0459@1|root,COG0459@2|Bacteria,1MURR@1224|Proteobacteria,1RMTB@1236|Gammaproteobacteria,1X3SN@135614|Xanthomonadales","Prevents misfolding and promotes the refolding and proper assembly of unfolded polypeptides generated under stress conditions","ko:K04077",98.9,91,1,0,1,273,1,91,2.7e-41,172.6,96,78,75,64,102,87,120,86,81,134,87,89,95,88,100,79,92,227,88,79,73,93,75,84
"PGPT0014570","groEL|mopA",2687.72791228404,0.130328669353286,0.0332880507426555,3.91517876372021,9.03372498049706e-05,0.0188864891541735,"k87_5464087_1","COG0459@1|root,COG0459@2|Bacteria,46S9U@74201|Verrucomicrobia,2ITQ1@203494|Verrucomicrobiae","Prevents misfolding and promotes the refolding and proper assembly of unfolded polypeptides generated under stress conditions","ko:K04077",93.2,399,27,0,1,1197,2,400,2e-197,693.3,211,161,103,131,219,170,168,157,244,179,248,170,164,139,156,183,137,97,147,140,163,129,167,145
"PGPT0014570","groEL|mopA",2687.72791228404,0.130328669353286,0.0332880507426555,3.91517876372021,9.03372498049706e-05,0.0188864891541735,"k87_1224665_1","COG0459@1|root,COG0459@2|Bacteria,46S9U@74201|Verrucomicrobia,3K7T7@414999|Opitutae","Prevents misfolding and promotes the refolding and proper assembly of unfolded polypeptides generated under stress conditions","ko:K04077",93.2,545,36,1,1,1632,1,545,1.2e-269,933.7,186,238,132,174,242,207,192,206,263,279,251,241,202,216,197,188,162,124,184,139,224,157,181,182
"PGPT0014570","groEL|mopA",2687.72791228404,0.130328669353286,0.0332880507426555,3.91517876372021,9.03372498049706e-05,0.0188864891541735,"k87_4542495_1","COG0459@1|root,COG0459@2|Bacteria,1TP1T@1239|Firmicutes,4HA38@91061|Bacilli,1ZBKJ@1386|Bacillus","Prevents misfolding and promotes the refolding and proper assembly of unfolded polypeptides generated under stress conditions","ko:K04077",98.3,357,6,0,1,1071,171,527,7.4e-186,654.8,18,26,12,18,34,27,18,4,20,30,32,23,24,29,24,18,23,24,8,19,18,18,20,23
"PGPT0014570","groEL|mopA",2687.72791228404,0.130328669353286,0.0332880507426555,3.91517876372021,9.03372498049706e-05,0.0188864891541735,"k87_369304_13","COG0459@1|root,COG0459@2|Bacteria,2GKC9@201174|Actinobacteria,4CP8M@84995|Rubrobacteria","Prevents misfolding and promotes the refolding and proper assembly of unfolded polypeptides generated under stress conditions","ko:K04077",94.1,68,4,0,1,204,1,68,8.8e-29,130.6,5,12,11,10,8,2,7,10,12,6,13,8,10,6,6,2,3,14,10,6,4,8,4,14
"PGPT0014570","groEL|mopA",2687.72791228404,0.130328669353286,0.0332880507426555,3.91517876372021,9.03372498049706e-05,0.0188864891541735,"k87_206208_1","COG0459@1|root,COG0459@2|Bacteria,3Y37I@57723|Acidobacteria","Prevents misfolding and promotes the refolding and proper assembly of unfolded polypeptides generated under stress conditions","ko:K04077",91.2,57,5,0,1,171,1,57,8.7e-22,107.1,31,23,10,14,20,24,34,13,17,23,24,17,18,35,28,20,28,22,27,16,28,31,27,51
"PGPT0014600","clpX",1940.03511367195,0.162495036229176,0.0369095562641426,4.40251936561584,1.07001035570558e-05,0.00404463914456708,"k87_388189_1","COG1219@1|root,COG1219@2|Bacteria,1TQ00@1239|Firmicutes,4H9U4@91061|Bacilli,1ZANE@1386|Bacillus","ATP-dependent specificity component of the Clp protease. It directs the protease to specific substrates. Can perform chaperone functions in the absence of ClpP","ko:K03544",99.7,355,0,1,1,1065,67,420,2.5e-191,672.9,12,8,6,6,14,26,14,16,11,10,10,10,16,13,18,11,10,2,8,12,18,2,14,10
"PGPT0014600","clpX",1940.03511367195,0.162495036229176,0.0369095562641426,4.40251936561584,1.07001035570558e-05,0.00404463914456708,"k87_3958877_2","COG1219@1|root,COG1219@2|Bacteria,1MVQK@1224|Proteobacteria,2TS3R@28211|Alphaproteobacteria,3FCNH@34008|Rhodovulum","ATP-dependent specificity component of the Clp protease. It directs the protease to specific substrates. Can perform chaperone functions in the absence of ClpP","ko:K03544",93.2,74,5,0,1,222,349,422,8.8e-30,134,44,31,21,17,34,28,35,39,38,28,28,31,19,36,24,26,42,20,26,36,28,25,44,45
"PGPT0014600","clpX",1940.03511367195,0.162495036229176,0.0369095562641426,4.40251936561584,1.07001035570558e-05,0.00404463914456708,"k87_4127159_3","COG1219@1|root,COG1219@2|Bacteria,2GJXQ@201174|Actinobacteria,4CPB5@84995|Rubrobacteria","ATP-dependent specificity component of the Clp protease. It directs the protease to specific substrates. Can perform chaperone functions in the absence of ClpP","ko:K03544",90.8,163,14,1,1,489,1,162,6.5e-78,295,137,131,102,138,184,158,117,140,74,119,95,99,82,103,137,123,99,93,104,122,104,106,98,104
"PGPT0014600","clpX",1940.03511367195,0.162495036229176,0.0369095562641426,4.40251936561584,1.07001035570558e-05,0.00404463914456708,"k87_5195755_1","COG1219@1|root,COG1219@2|Bacteria,1MVQK@1224|Proteobacteria,2TS3R@28211|Alphaproteobacteria","ATP-dependent specificity component of the Clp protease. It directs the protease to specific substrates. Can perform chaperone functions in the absence of ClpP","ko:K03544",98,153,3,0,1,459,1,153,3.2e-79,299.3,60,59,52,50,76,67,67,77,61,64,73,42,55,50,50,56,53,54,75,54,78,59,60,52
"PGPT0014600","clpX",1940.03511367195,0.162495036229176,0.0369095562641426,4.40251936561584,1.07001035570558e-05,0.00404463914456708,"k87_5454576_1","COG1219@1|root,COG1219@2|Bacteria,1MVQK@1224|Proteobacteria,2TS3R@28211|Alphaproteobacteria,3JQY9@41294|Bradyrhizobiaceae","ATP-dependent specificity component of the Clp protease. It directs the protease to specific substrates. Can perform chaperone functions in the absence of ClpP","ko:K03544",100,98,0,0,1,294,327,424,4.4e-45,185.3,41,16,16,18,19,31,19,43,18,34,14,9,20,28,18,24,34,31,44,31,30,34,45,20
"PGPT0014600","clpX",1940.03511367195,0.162495036229176,0.0369095562641426,4.40251936561584,1.07001035570558e-05,0.00404463914456708,"k87_752171_3","COG1219@1|root,COG1219@2|Bacteria,2GJXQ@201174|Actinobacteria,4CPB5@84995|Rubrobacteria","ATP-dependent specificity component of the Clp protease. It directs the protease to specific substrates. Can perform chaperone functions in the absence of ClpP","ko:K03544",95.5,177,8,0,1,531,1,177,1.3e-92,344,50,45,30,34,41,58,40,66,37,40,29,35,27,44,35,35,25,27,56,28,44,45,40,46
"PGPT0014600","clpX",1940.03511367195,0.162495036229176,0.0369095562641426,4.40251936561584,1.07001035570558e-05,0.00404463914456708,"k87_4214246_1","COG1219@1|root,COG1219@2|Bacteria,1MVQK@1224|Proteobacteria,2TS3R@28211|Alphaproteobacteria,1JT5D@119045|Methylobacteriaceae","ATP-dependent specificity component of the Clp protease. It directs the protease to specific substrates. Can perform chaperone functions in the absence of ClpP","ko:K03544",100,42,0,0,1,126,1,42,5.6e-18,94,4,6,6,6,2,6,8,8,5,15,19,12,16,13,8,8,10,6,4,7,4,8,6,15
"PGPT0014600","clpX",1940.03511367195,0.162495036229176,0.0369095562641426,4.40251936561584,1.07001035570558e-05,0.00404463914456708,"k87_4644017_4","COG1219@1|root,COG1219@2|Bacteria,2GJXQ@201174|Actinobacteria,4FKD2@85023|Microbacteriaceae","ATP-dependent specificity component of the Clp protease. It directs the protease to specific substrates. Can perform chaperone functions in the absence of ClpP","ko:K03544",93.7,126,7,1,1,375,300,425,2.7e-55,219.5,20,18,16,8,30,14,26,10,14,14,12,24,6,13,16,16,22,20,14,18,20,22,18,23
"PGPT0014600","clpX",1940.03511367195,0.162495036229176,0.0369095562641426,4.40251936561584,1.07001035570558e-05,0.00404463914456708,"k87_1329293_1","COG1219@1|root,COG1219@2|Bacteria,1MVQK@1224|Proteobacteria,2TS3R@28211|Alphaproteobacteria,3FCNH@34008|Rhodovulum","ATP-dependent specificity component of the Clp protease. It directs the protease to specific substrates. Can perform chaperone functions in the absence of ClpP","ko:K03544",92,87,4,1,1,261,336,419,1.8e-34,149.8,8,10,11,6,4,10,16,12,3,13,16,11,11,10,13,8,4,7,6,22,2,18,18,4
"PGPT0014600","clpX",1940.03511367195,0.162495036229176,0.0369095562641426,4.40251936561584,1.07001035570558e-05,0.00404463914456708,"k87_3294969_1","COG1219@1|root,COG1219@2|Bacteria,3J0AM@40117|Nitrospirae","ATP-dependent specificity component of the Clp protease. It directs the protease to specific substrates. Can perform chaperone functions in the absence of ClpP","ko:K03544",95.6,160,7,0,1,480,1,160,5.9e-84,315.1,8,9,8,10,4,0,8,16,12,8,6,10,6,4,0,2,1,4,2,8,4,4,8,6
"PGPT0014600","clpX",1940.03511367195,0.162495036229176,0.0369095562641426,4.40251936561584,1.07001035570558e-05,0.00404463914456708,"k87_1616044_6","COG1219@1|root,COG1219@2|Bacteria,2GJXQ@201174|Actinobacteria,4CPB5@84995|Rubrobacteria","ATP-dependent specificity component of the Clp protease. It directs the protease to specific substrates. Can perform chaperone functions in the absence of ClpP","ko:K03544",95.9,49,2,0,1,147,1,49,6.4e-21,104,25,18,27,22,22,30,18,18,12,22,28,16,23,30,13,12,9,12,27,25,33,33,15,23
"PGPT0014600","clpX",1940.03511367195,0.162495036229176,0.0369095562641426,4.40251936561584,1.07001035570558e-05,0.00404463914456708,"k87_1536138_1","COG1219@1|root,COG1219@2|Bacteria,1MVQK@1224|Proteobacteria,2TS3R@28211|Alphaproteobacteria,3JQY9@41294|Bradyrhizobiaceae","ATP-dependent specificity component of the Clp protease. It directs the protease to specific substrates. Can perform chaperone functions in the absence of ClpP","ko:K03544",93.5,199,13,0,1,597,219,417,5.8e-100,368.6,41,44,40,26,54,46,40,49,43,52,40,42,44,31,35,57,27,23,40,44,37,42,38,32
"PGPT0014600","clpX",1940.03511367195,0.162495036229176,0.0369095562641426,4.40251936561584,1.07001035570558e-05,0.00404463914456708,"k87_896603_6","COG1219@1|root,COG1219@2|Bacteria,1MVQK@1224|Proteobacteria,2TS3R@28211|Alphaproteobacteria,36X54@31993|Methylocystaceae","ClpX C4-type zinc finger","ko:K03544",98.9,87,1,0,1,261,1,87,7.3e-44,181,16,20,14,12,34,9,18,19,29,17,14,9,18,5,31,21,18,15,30,27,23,26,17,24
"PGPT0014600","clpX",1940.03511367195,0.162495036229176,0.0369095562641426,4.40251936561584,1.07001035570558e-05,0.00404463914456708,"k87_4963533_1","COG1219@1|root,COG1219@2|Bacteria,1MVQK@1224|Proteobacteria,1RN9N@1236|Gammaproteobacteria,1X4TT@135614|Xanthomonadales","ATP-dependent specificity component of the Clp protease. It directs the protease to specific substrates. Can perform chaperone functions in the absence of ClpP","ko:K03544",94.4,321,18,0,34,996,109,429,1.7e-165,587,111,87,82,64,149,86,65,108,97,103,122,69,95,84,105,74,93,81,77,120,67,67,119,109
"PGPT0014600","clpX",1940.03511367195,0.162495036229176,0.0369095562641426,4.40251936561584,1.07001035570558e-05,0.00404463914456708,"k87_238945_2","COG1219@1|root,COG1219@2|Bacteria,2GJXQ@201174|Actinobacteria,4CPB5@84995|Rubrobacteria","ATP-dependent specificity component of the Clp protease. It directs the protease to specific substrates. Can perform chaperone functions in the absence of ClpP","ko:K03544",91.1,135,12,0,10,414,285,419,4.5e-64,248.8,13,6,8,7,23,10,14,20,15,8,12,9,14,7,16,8,4,4,10,8,8,4,6,14
"PGPT0014600","clpX",1940.03511367195,0.162495036229176,0.0369095562641426,4.40251936561584,1.07001035570558e-05,0.00404463914456708,"k87_2114427_1","COG1219@1|root,COG1219@2|Bacteria,2GJXQ@201174|Actinobacteria,4FKD2@85023|Microbacteriaceae","ATP-dependent specificity component of the Clp protease. It directs the protease to specific substrates. Can perform chaperone functions in the absence of ClpP","ko:K03544",96.4,220,7,1,1,657,206,425,1.2e-111,407.5,78,86,60,60,76,35,79,68,48,50,59,40,48,52,58,55,66,47,66,73,57,52,65,72
"PGPT0014600","clpX",1940.03511367195,0.162495036229176,0.0369095562641426,4.40251936561584,1.07001035570558e-05,0.00404463914456708,"k87_1617801_2","COG1219@1|root,COG1219@2|Bacteria,1MVQK@1224|Proteobacteria,2TS3R@28211|Alphaproteobacteria,3FCNH@34008|Rhodovulum","ATP-dependent specificity component of the Clp protease. It directs the protease to specific substrates. Can perform chaperone functions in the absence of ClpP","ko:K03544",99.3,141,1,0,1,423,1,141,5.8e-75,285,105,103,64,61,102,102,75,72,49,109,74,63,58,58,75,74,63,51,79,91,85,74,83,108
"PGPT0014600","clpX",1940.03511367195,0.162495036229176,0.0369095562641426,4.40251936561584,1.07001035570558e-05,0.00404463914456708,"k87_236569_2","COG1219@1|root,COG1219@2|Bacteria,1MVQK@1224|Proteobacteria,1RN9N@1236|Gammaproteobacteria,1X4TT@135614|Xanthomonadales","ATP-dependent specificity component of the Clp protease. It directs the protease to specific substrates. Can perform chaperone functions in the absence of ClpP","ko:K03544",98.3,119,2,0,1,357,1,119,3.1e-59,232.6,25,10,20,21,37,19,14,18,23,20,20,26,17,15,28,17,23,21,35,37,28,35,38,41
"PGPT0014600","clpX",1940.03511367195,0.162495036229176,0.0369095562641426,4.40251936561584,1.07001035570558e-05,0.00404463914456708,"k87_972870_3","COG1219@1|root,COG1219@2|Bacteria,1MVQK@1224|Proteobacteria,2TS3R@28211|Alphaproteobacteria","ATP-dependent specificity component of the Clp protease. It directs the protease to specific substrates. Can perform chaperone functions in the absence of ClpP","ko:K03544",99.4,166,1,0,1,498,1,166,1.6e-87,327,130,141,78,80,138,94,93,101,124,130,101,94,79,85,108,121,83,84,108,114,108,117,111,110
"PGPT0014600","clpX",1940.03511367195,0.162495036229176,0.0369095562641426,4.40251936561584,1.07001035570558e-05,0.00404463914456708,"k87_1344325_2","COG1219@1|root,COG1219@2|Bacteria,2GJXQ@201174|Actinobacteria,4CPB5@84995|Rubrobacteria","ATP-dependent specificity component of the Clp protease. It directs the protease to specific substrates. Can perform chaperone functions in the absence of ClpP","ko:K03544",90.9,263,23,1,1,789,158,419,1.5e-132,477.2,98,75,45,44,85,78,60,86,32,53,57,51,49,47,42,61,44,45,70,68,92,63,34,61
"PGPT0014600","clpX",1940.03511367195,0.162495036229176,0.0369095562641426,4.40251936561584,1.07001035570558e-05,0.00404463914456708,"k87_1107539_1","COG1219@1|root,COG1219@2|Bacteria,1MVQK@1224|Proteobacteria,2TS3R@28211|Alphaproteobacteria,3JQY9@41294|Bradyrhizobiaceae","ATP-dependent specificity component of the Clp protease. It directs the protease to specific substrates. Can perform chaperone functions in the absence of ClpP","ko:K03544",92.3,195,15,0,1,585,222,416,6.6e-96,355.1,21,21,25,18,37,28,12,31,18,17,23,26,29,14,22,7,23,25,18,27,25,30,41,36
"PGPT0014600","clpX",1940.03511367195,0.162495036229176,0.0369095562641426,4.40251936561584,1.07001035570558e-05,0.00404463914456708,"k87_2119981_1","COG1219@1|root,COG1219@2|Bacteria,3J0AM@40117|Nitrospirae","ATP-dependent specificity component of the Clp protease. It directs the protease to specific substrates. Can perform chaperone functions in the absence of ClpP","ko:K03544",97.1,307,9,0,1,921,1,307,1e-169,600.9,46,30,28,22,40,22,34,26,23,29,16,38,32,16,34,30,14,17,26,26,32,22,28,25
"PGPT0014600","clpX",1940.03511367195,0.162495036229176,0.0369095562641426,4.40251936561584,1.07001035570558e-05,0.00404463914456708,"k87_2990144_1","COG1219@1|root,COG1219@2|Bacteria,2GJXQ@201174|Actinobacteria,4CPB5@84995|Rubrobacteria","ATP-dependent specificity component of the Clp protease. It directs the protease to specific substrates. Can perform chaperone functions in the absence of ClpP","ko:K03544",93.3,419,28,0,4,1260,1,419,3.1e-225,785.8,102,111,75,109,138,118,120,129,97,114,96,100,90,98,113,102,98,106,101,95,108,80,73,104
"PGPT0014600","clpX",1940.03511367195,0.162495036229176,0.0369095562641426,4.40251936561584,1.07001035570558e-05,0.00404463914456708,"k87_235693_1","COG1219@1|root,COG1219@2|Bacteria,1MVQK@1224|Proteobacteria,2TS3R@28211|Alphaproteobacteria,43HVH@69277|Phyllobacteriaceae","ATP-dependent specificity component of the Clp protease. It directs the protease to specific substrates. Can perform chaperone functions in the absence of ClpP","ko:K03544",99.3,301,2,0,1,903,124,424,1.7e-164,583.6,17,20,18,8,24,19,19,26,15,22,12,11,14,16,20,11,22,33,18,33,42,27,17,20
"PGPT0014600","clpX",1940.03511367195,0.162495036229176,0.0369095562641426,4.40251936561584,1.07001035570558e-05,0.00404463914456708,"k87_209195_4","COG1219@1|root,COG1219@2|Bacteria,3J0AM@40117|Nitrospirae","ATP-dependent specificity component of the Clp protease. It directs the protease to specific substrates. Can perform chaperone functions in the absence of ClpP","ko:K03544",92.3,169,13,0,1,507,250,418,2.7e-82,309.7,17,12,20,13,12,4,12,18,16,14,5,12,16,16,10,10,10,17,10,8,4,18,7,24
"PGPT0014600","clpX",1940.03511367195,0.162495036229176,0.0369095562641426,4.40251936561584,1.07001035570558e-05,0.00404463914456708,"k87_6343089_4","COG1219@1|root,COG1219@2|Bacteria,2GJXQ@201174|Actinobacteria,4DP0T@85009|Propionibacteriales","ATP-dependent specificity component of the Clp protease. It directs the protease to specific substrates. Can perform chaperone functions in the absence of ClpP","ko:K03544",94.2,207,12,0,1,621,221,427,3.6e-105,386,102,118,78,77,125,125,108,106,89,111,77,101,78,84,112,120,104,88,120,108,90,95,106,136
"PGPT0014600","clpX",1940.03511367195,0.162495036229176,0.0369095562641426,4.40251936561584,1.07001035570558e-05,0.00404463914456708,"k87_4269384_2","COG1219@1|root,COG1219@2|Bacteria,1MVQK@1224|Proteobacteria,2TS3R@28211|Alphaproteobacteria,1JNA9@119043|Rhodobiaceae","ATP-dependent specificity component of the Clp protease. It directs the protease to specific substrates. Can perform chaperone functions in the absence of ClpP","ko:K03544",90.6,127,12,0,1,381,1,127,1.9e-61,240,55,56,37,63,97,68,65,63,54,70,45,53,43,55,65,70,58,51,44,56,70,62,62,66
"PGPT0014600","clpX",1940.03511367195,0.162495036229176,0.0369095562641426,4.40251936561584,1.07001035570558e-05,0.00404463914456708,"k87_2081476_3","COG1219@1|root,COG1219@2|Bacteria,2GJXQ@201174|Actinobacteria,4CPB5@84995|Rubrobacteria","ATP-dependent specificity component of the Clp protease. It directs the protease to specific substrates. Can perform chaperone functions in the absence of ClpP","ko:K03544",94.8,58,3,0,1,174,1,58,1e-25,120.2,38,20,30,25,53,36,26,33,28,35,38,24,28,30,28,25,28,20,34,27,29,39,35,43
"PGPT0014600","clpX",1940.03511367195,0.162495036229176,0.0369095562641426,4.40251936561584,1.07001035570558e-05,0.00404463914456708,"k87_5536798_1","COG1219@1|root,COG1219@2|Bacteria,1MVQK@1224|Proteobacteria,2TS3R@28211|Alphaproteobacteria,3JQY9@41294|Bradyrhizobiaceae","ATP-dependent specificity component of the Clp protease. It directs the protease to specific substrates. Can perform chaperone functions in the absence of ClpP","ko:K03544",98.3,58,1,0,1,174,1,58,1.2e-26,123.2,21,6,16,12,22,11,16,10,18,10,7,8,17,13,12,15,12,9,10,14,17,13,18,12
"PGPT0014600","clpX",1940.03511367195,0.162495036229176,0.0369095562641426,4.40251936561584,1.07001035570558e-05,0.00404463914456708,"k87_1089280_2","COG1219@1|root,COG1219@2|Bacteria,2GJXQ@201174|Actinobacteria,2341X@1762|Mycobacteriaceae","ATP-dependent specificity component of the Clp protease. It directs the protease to specific substrates. Can perform chaperone functions in the absence of ClpP","ko:K03544",98.4,193,3,0,1,579,1,193,1.4e-103,380.6,144,150,117,130,201,146,145,178,107,148,156,113,117,112,144,112,133,99,172,164,155,137,154,163
"PGPT0014600","clpX",1940.03511367195,0.162495036229176,0.0369095562641426,4.40251936561584,1.07001035570558e-05,0.00404463914456708,"k87_2081475_4","COG1219@1|root,COG1219@2|Bacteria,2GJXQ@201174|Actinobacteria,4CPB5@84995|Rubrobacteria","ATP-dependent specificity component of the Clp protease. It directs the protease to specific substrates. Can perform chaperone functions in the absence of ClpP","ko:K03544",91.4,58,5,0,1,174,1,58,4.3e-24,114.8,18,12,9,2,14,10,18,11,11,5,9,16,6,12,13,9,2,6,8,2,12,20,10,4
"PGPT0014600","clpX",1940.03511367195,0.162495036229176,0.0369095562641426,4.40251936561584,1.07001035570558e-05,0.00404463914456708,"k87_1881486_3","COG1219@1|root,COG1219@2|Bacteria,1MVQK@1224|Proteobacteria,2TS3R@28211|Alphaproteobacteria,1JNA9@119043|Rhodobiaceae","ATP-dependent specificity component of the Clp protease. It directs the protease to specific substrates. Can perform chaperone functions in the absence of ClpP","ko:K03544",97.6,288,7,0,1,864,1,288,8.6e-158,561.2,249,243,174,148,292,261,192,206,214,225,175,215,180,218,185,195,189,173,216,209,266,231,218,215
"PGPT0014600","clpX",1940.03511367195,0.162495036229176,0.0369095562641426,4.40251936561584,1.07001035570558e-05,0.00404463914456708,"k87_6115796_11","COG1219@1|root,COG1219@2|Bacteria,1MVQK@1224|Proteobacteria,1RN9N@1236|Gammaproteobacteria,1X4TT@135614|Xanthomonadales","ATP-dependent specificity component of the Clp protease. It directs the protease to specific substrates. Can perform chaperone functions in the absence of ClpP","ko:K03544",99.8,429,1,0,1,1287,1,429,2.8e-237,825.9,128,129,92,81,167,116,135,138,157,151,131,125,124,116,124,142,143,553,178,162,197,123,164,178
"PGPT0014600","clpX",1940.03511367195,0.162495036229176,0.0369095562641426,4.40251936561584,1.07001035570558e-05,0.00404463914456708,"k87_1195468_1","COG1219@1|root,COG1219@2|Bacteria,2GJXQ@201174|Actinobacteria,4CPB5@84995|Rubrobacteria","ATP-dependent specificity component of the Clp protease. It directs the protease to specific substrates. Can perform chaperone functions in the absence of ClpP","ko:K03544",92.1,266,21,0,1,798,154,419,5e-136,488.8,49,35,22,50,65,67,39,50,33,54,32,30,36,36,52,26,36,33,41,24,49,53,29,57
"PGPT0014600","clpX",1940.03511367195,0.162495036229176,0.0369095562641426,4.40251936561584,1.07001035570558e-05,0.00404463914456708,"k87_229065_3","COG1219@1|root,COG1219@2|Bacteria,2GJXQ@201174|Actinobacteria,4CPB5@84995|Rubrobacteria","ATP-dependent specificity component of the Clp protease. It directs the protease to specific substrates. Can perform chaperone functions in the absence of ClpP","ko:K03544",97.1,140,4,0,1,420,1,140,4.1e-73,278.9,27,37,23,36,37,28,32,34,20,41,40,24,34,29,25,32,23,22,23,16,35,27,14,37
"PGPT0014600","clpX",1940.03511367195,0.162495036229176,0.0369095562641426,4.40251936561584,1.07001035570558e-05,0.00404463914456708,"k87_5697577_3","COG1219@1|root,COG1219@2|Bacteria,1MVQK@1224|Proteobacteria,2TS3R@28211|Alphaproteobacteria,2JZWY@204457|Sphingomonadales","ATP-dependent specificity component of the Clp protease. It directs the protease to specific substrates. Can perform chaperone functions in the absence of ClpP","ko:K03544",97.6,82,2,0,1,246,1,82,4.9e-42,174.9,6,8,7,9,11,2,2,10,4,11,14,6,8,4,17,4,8,9,8,10,6,8,10,6
"PGPT0014600","clpX",1940.03511367195,0.162495036229176,0.0369095562641426,4.40251936561584,1.07001035570558e-05,0.00404463914456708,"k87_1117547_3","COG1219@1|root,COG1219@2|Bacteria,2GJXQ@201174|Actinobacteria,4CPB5@84995|Rubrobacteria","ATP-dependent specificity component of the Clp protease. It directs the protease to specific substrates. Can perform chaperone functions in the absence of ClpP","ko:K03544",90.6,53,5,0,1,159,1,53,8.4e-22,107.1,9,13,7,9,13,28,10,13,8,16,9,8,8,14,18,12,22,14,17,5,14,18,13,6
"PGPT0014600","clpX",1940.03511367195,0.162495036229176,0.0369095562641426,4.40251936561584,1.07001035570558e-05,0.00404463914456708,"k87_6166798_2","COG1219@1|root,COG1219@2|Bacteria,1MVQK@1224|Proteobacteria,2VIEU@28216|Betaproteobacteria,4A9Q7@80864|Comamonadaceae","ATP-dependent specificity component of the Clp protease. It directs the protease to specific substrates. Can perform chaperone functions in the absence of ClpP","ko:K03544",98.8,241,3,0,1,723,181,421,1.9e-118,430.3,66,54,36,49,68,57,46,68,83,114,112,42,71,45,62,63,69,59,80,43,63,60,93,69
"PGPT0015245","elf18|tuf|tufA",2776.61903902387,0.156659664919894,0.0361625881365174,4.33209217018671,1.47699081866579e-05,0.00478545025247717,"k87_4039710_1","COG0050@1|root,COG0050@2|Bacteria,2GK4T@201174|Actinobacteria,4CMSE@84992|Acidimicrobiia","This protein promotes the GTP-dependent binding of aminoacyl-tRNA to the A-site of ribosomes during protein biosynthesis","ko:K02358",92.5,186,14,0,1,558,209,394,2.5e-97,359.8,77,89,59,60,119,76,74,83,56,56,83,92,62,56,58,43,68,43,89,60,76,88,75,80
"PGPT0015245","elf18|tuf|tufA",2776.61903902387,0.156659664919894,0.0361625881365174,4.33209217018671,1.47699081866579e-05,0.00478545025247717,"k87_2565348_1","COG0050@1|root,COG0050@2|Bacteria,1MVC0@1224|Proteobacteria,2TQP8@28211|Alphaproteobacteria,3FCNI@34008|Rhodovulum","GTP-dependent binding of aminoacyl-tRNA to the A-site of ribosomes during protein biosynthesis","ko:K02358",96.9,131,4,0,1,393,266,396,1.9e-67,260,43,33,28,51,65,44,57,38,46,47,43,46,44,41,28,40,40,48,57,60,57,51,51,67
"PGPT0015245","elf18|tuf|tufA",2776.61903902387,0.156659664919894,0.0361625881365174,4.33209217018671,1.47699081866579e-05,0.00478545025247717,"k87_3287587_1","COG0050@1|root,COG0050@2|Bacteria,1MVC0@1224|Proteobacteria,2TQP8@28211|Alphaproteobacteria,3JRYZ@41294|Bradyrhizobiaceae","This protein promotes the GTP-dependent binding of aminoacyl-tRNA to the A-site of ribosomes during protein biosynthesis","ko:K02358",100,45,0,0,1,135,352,396,1.5e-16,89.4,29,19,12,15,31,21,15,8,20,16,10,15,20,20,16,9,37,20,31,20,23,22,15,23
"PGPT0015245","elf18|tuf|tufA",2776.61903902387,0.156659664919894,0.0361625881365174,4.33209217018671,1.47699081866579e-05,0.00478545025247717,"k87_6500766_1","COG0050@1|root,COG0050@2|Bacteria,4NEWS@976|Bacteroidetes,1IPDP@117747|Sphingobacteriia","This protein promotes the GTP-dependent binding of aminoacyl-tRNA to the A-site of ribosomes during protein biosynthesis","ko:K02358",95.5,247,11,0,1,741,1,247,7.7e-131,471.5,37,29,19,40,20,18,24,36,42,62,42,41,26,32,42,41,32,39,52,40,28,28,26,27
"PGPT0015245","elf18|tuf|tufA",2776.61903902387,0.156659664919894,0.0361625881365174,4.33209217018671,1.47699081866579e-05,0.00478545025247717,"k87_1557757_1","COG0050@1|root,COG0050@2|Bacteria,2GK4T@201174|Actinobacteria,4CPE9@84995|Rubrobacteria","This protein promotes the GTP-dependent binding of aminoacyl-tRNA to the A-site of ribosomes during protein biosynthesis","ko:K02358",91.5,400,34,0,16,1215,1,400,1.6e-213,746.9,66,65,34,27,84,64,46,72,44,66,26,56,48,49,77,42,36,31,36,50,32,42,27,45
"PGPT0015245","elf18|tuf|tufA",2776.61903902387,0.156659664919894,0.0361625881365174,4.33209217018671,1.47699081866579e-05,0.00478545025247717,"k87_1162281_1","COG0050@1|root,COG0050@2|Bacteria,2GK4T@201174|Actinobacteria,4CPE9@84995|Rubrobacteria","This protein promotes the GTP-dependent binding of aminoacyl-tRNA to the A-site of ribosomes during protein biosynthesis","ko:K02358",92.7,343,25,0,1,1029,58,400,2.7e-182,642.9,35,38,24,37,72,33,34,40,40,19,21,32,17,32,25,24,23,20,24,36,48,16,19,19
"PGPT0015245","elf18|tuf|tufA",2776.61903902387,0.156659664919894,0.0361625881365174,4.33209217018671,1.47699081866579e-05,0.00478545025247717,"k87_726960_2","COG0050@1|root,COG0050@2|Bacteria,1MVC0@1224|Proteobacteria,2TQP8@28211|Alphaproteobacteria,1JQRM@119045|Methylobacteriaceae","GTP-dependent binding of aminoacyl-tRNA to the A-site of ribosomes during protein biosynthesis","ko:K02358",90.6,180,17,0,1,540,1,180,1.8e-92,343.6,165,145,145,135,216,162,194,174,162,202,146,159,119,143,134,150,142,201,150,130,168,161,162,167
"PGPT0015245","elf18|tuf|tufA",2776.61903902387,0.156659664919894,0.0361625881365174,4.33209217018671,1.47699081866579e-05,0.00478545025247717,"k87_5420166_1","COG0050@1|root,COG0050@2|Bacteria,1MVC0@1224|Proteobacteria,2TQP8@28211|Alphaproteobacteria,3NA4P@45404|Beijerinckiaceae","Elongation factor Tu C-terminal domain","ko:K02358",92.8,375,27,0,1,1125,1,375,1.5e-199,700.3,251,250,212,229,292,299,252,257,195,276,259,185,227,223,234,241,230,176,218,185,269,218,202,215
"PGPT0015245","elf18|tuf|tufA",2776.61903902387,0.156659664919894,0.0361625881365174,4.33209217018671,1.47699081866579e-05,0.00478545025247717,"k87_4966075_1","COG0050@1|root,COG0050@2|Bacteria,1MVC0@1224|Proteobacteria,2TQP8@28211|Alphaproteobacteria,43H46@69277|Phyllobacteriaceae","GTP-dependent binding of aminoacyl-tRNA to the A-site of ribosomes during protein biosynthesis","ko:K02358",97.2,391,11,0,1,1173,1,391,7.2e-216,754.6,82,83,73,42,60,68,61,69,85,84,84,50,62,87,74,62,92,183,94,133,134,107,110,99
"PGPT0015245","elf18|tuf|tufA",2776.61903902387,0.156659664919894,0.0361625881365174,4.33209217018671,1.47699081866579e-05,0.00478545025247717,"k87_4511257_1","COG0050@1|root,COG0050@2|Bacteria,1MVC0@1224|Proteobacteria,2TQP8@28211|Alphaproteobacteria,43H46@69277|Phyllobacteriaceae","GTP-dependent binding of aminoacyl-tRNA to the A-site of ribosomes during protein biosynthesis","ko:K02358",100,37,0,0,1,111,355,391,1.6e-11,72.4,2,5,4,4,8,2,2,0,1,4,8,5,0,2,3,2,1,3,6,8,6,5,2,4
"PGPT0015245","elf18|tuf|tufA",2776.61903902387,0.156659664919894,0.0361625881365174,4.33209217018671,1.47699081866579e-05,0.00478545025247717,"k87_1590529_1","COG0050@1|root,COG0050@2|Bacteria,2GK4T@201174|Actinobacteria,4CPE9@84995|Rubrobacteria","This protein promotes the GTP-dependent binding of aminoacyl-tRNA to the A-site of ribosomes during protein biosynthesis","ko:K02358",92.4,397,30,0,1,1191,1,397,1.9e-211,740,46,44,28,24,45,42,34,70,33,44,27,37,28,29,34,29,27,19,19,38,16,30,24,26
"PGPT0015245","elf18|tuf|tufA",2776.61903902387,0.156659664919894,0.0361625881365174,4.33209217018671,1.47699081866579e-05,0.00478545025247717,"k87_3643705_3","COG0050@1|root,COG0050@2|Bacteria,1MVC0@1224|Proteobacteria,2VH5D@28216|Betaproteobacteria,2KVV4@206389|Rhodocyclales","This protein promotes the GTP-dependent binding of aminoacyl-tRNA to the A-site of ribosomes during protein biosynthesis","ko:K02358",97.4,114,3,0,1,342,1,114,1.4e-58,230.3,28,25,10,30,48,24,26,37,64,22,47,20,32,36,35,47,36,29,30,44,25,29,41,43
"PGPT0015245","elf18|tuf|tufA",2776.61903902387,0.156659664919894,0.0361625881365174,4.33209217018671,1.47699081866579e-05,0.00478545025247717,"k87_2455051_1","COG0050@1|root,COG0050@2|Bacteria,1MVC0@1224|Proteobacteria,2TQP8@28211|Alphaproteobacteria","This protein promotes the GTP-dependent binding of aminoacyl-tRNA to the A-site of ribosomes during protein biosynthesis","ko:K02358",90.6,139,13,0,1,417,1,139,5.2e-68,261.9,56,70,42,70,97,57,65,47,51,51,61,55,48,41,49,69,40,20,45,53,63,86,73,66
"PGPT0015245","elf18|tuf|tufA",2776.61903902387,0.156659664919894,0.0361625881365174,4.33209217018671,1.47699081866579e-05,0.00478545025247717,"k87_744361_1","COG0050@1|root,COG0050@2|Bacteria,2GK4T@201174|Actinobacteria","This protein promotes the GTP-dependent binding of aminoacyl-tRNA to the A-site of ribosomes during protein biosynthesis","ko:K02358",94.6,388,21,0,1,1164,1,388,4.2e-208,728.8,50,63,38,63,80,69,73,100,56,72,34,49,53,64,69,44,54,60,94,60,87,107,71,80
"PGPT0015245","elf18|tuf|tufA",2776.61903902387,0.156659664919894,0.0361625881365174,4.33209217018671,1.47699081866579e-05,0.00478545025247717,"k87_2639623_2","COG0050@1|root,COG0050@2|Bacteria,1MVC0@1224|Proteobacteria,2VH5D@28216|Betaproteobacteria,3T1VV@506|Alcaligenaceae","This protein promotes the GTP-dependent binding of aminoacyl-tRNA to the A-site of ribosomes during protein biosynthesis","ko:K02358",96.2,133,5,0,1,399,262,394,1e-68,264.2,8,6,7,4,12,1,10,11,16,4,10,10,10,10,8,8,13,32,19,18,12,31,21,4
"PGPT0015245","elf18|tuf|tufA",2776.61903902387,0.156659664919894,0.0361625881365174,4.33209217018671,1.47699081866579e-05,0.00478545025247717,"k87_6789060_2","COG0050@1|root,COG0050@2|Bacteria,2G5KI@200795|Chloroflexi,37531@32061|Chloroflexia","This protein promotes the GTP-dependent binding of aminoacyl-tRNA to the A-site of ribosomes during protein biosynthesis","ko:K02358",92.2,103,8,0,1,309,1,103,2.3e-49,199.5,21,20,18,9,25,26,11,24,17,26,22,10,18,7,17,18,13,19,12,12,22,20,20,18
"PGPT0015245","elf18|tuf|tufA",2776.61903902387,0.156659664919894,0.0361625881365174,4.33209217018671,1.47699081866579e-05,0.00478545025247717,"k87_312194_1","COG0050@1|root,COG0050@2|Bacteria,2GK4T@201174|Actinobacteria","This protein promotes the GTP-dependent binding of aminoacyl-tRNA to the A-site of ribosomes during protein biosynthesis","ko:K02358",95.8,48,2,0,1,144,350,397,3.9e-18,94.7,21,24,18,14,23,28,16,23,20,24,13,21,23,18,39,13,12,27,55,19,22,21,44,23
"PGPT0015245","elf18|tuf|tufA",2776.61903902387,0.156659664919894,0.0361625881365174,4.33209217018671,1.47699081866579e-05,0.00478545025247717,"k87_5707579_1","COG0050@1|root,COG0050@2|Bacteria,2GK4T@201174|Actinobacteria,4CPE9@84995|Rubrobacteria","This protein promotes the GTP-dependent binding of aminoacyl-tRNA to the A-site of ribosomes during protein biosynthesis","ko:K02358",93.8,291,18,0,1,873,104,394,4e-155,552.4,324,429,322,342,414,382,392,430,341,438,326,343,300,274,313,345,326,273,311,246,349,268,332,387
"PGPT0015245","elf18|tuf|tufA",2776.61903902387,0.156659664919894,0.0361625881365174,4.33209217018671,1.47699081866579e-05,0.00478545025247717,"k87_5490220_3","COG0050@1|root,COG0050@2|Bacteria,2GK4T@201174|Actinobacteria,4CPE9@84995|Rubrobacteria","This protein promotes the GTP-dependent binding of aminoacyl-tRNA to the A-site of ribosomes during protein biosynthesis","ko:K02358",94,400,24,0,19,1218,1,400,1.5e-216,756.9,62,52,16,26,51,29,43,39,42,50,47,18,53,33,21,35,19,15,23,30,36,36,25,39
"PGPT0015245","elf18|tuf|tufA",2776.61903902387,0.156659664919894,0.0361625881365174,4.33209217018671,1.47699081866579e-05,0.00478545025247717,"k87_2703441_2","COG0050@1|root,COG0050@2|Bacteria,2GK4T@201174|Actinobacteria,4CMSE@84992|Acidimicrobiia","This protein promotes the GTP-dependent binding of aminoacyl-tRNA to the A-site of ribosomes during protein biosynthesis","ko:K02358",90.6,351,33,0,1,1053,44,394,2.5e-183,646.4,175,115,129,138,185,162,153,197,116,160,142,104,137,115,124,105,117,99,118,133,149,127,140,180
"PGPT0015245","elf18|tuf|tufA",2776.61903902387,0.156659664919894,0.0361625881365174,4.33209217018671,1.47699081866579e-05,0.00478545025247717,"k87_1933035_1","COG0050@1|root,COG0050@2|Bacteria,1MVC0@1224|Proteobacteria,2VH5D@28216|Betaproteobacteria,4AC3H@80864|Comamonadaceae","This protein promotes the GTP-dependent binding of aminoacyl-tRNA to the A-site of ribosomes during protein biosynthesis","ko:K02358",95.1,102,5,0,1,306,1,102,4.2e-51,205.3,40,63,54,44,63,45,54,39,74,76,60,35,72,50,67,59,32,38,59,47,54,54,59,57
"PGPT0015245","elf18|tuf|tufA",2776.61903902387,0.156659664919894,0.0361625881365174,4.33209217018671,1.47699081866579e-05,0.00478545025247717,"k87_1413388_2","COG0050@1|root,COG0050@2|Bacteria,1MVC0@1224|Proteobacteria,2VH5D@28216|Betaproteobacteria,372HU@32003|Nitrosomonadales","This protein promotes the GTP-dependent binding of aminoacyl-tRNA to the A-site of ribosomes during protein biosynthesis","ko:K02358",91,199,18,0,1,597,1,199,1.1e-100,370.9,120,139,88,112,162,125,126,124,147,146,130,124,79,106,131,88,99,65,119,89,122,107,119,109
"PGPT0015245","elf18|tuf|tufA",2776.61903902387,0.156659664919894,0.0361625881365174,4.33209217018671,1.47699081866579e-05,0.00478545025247717,"k87_3898942_2","COG0050@1|root,COG0050@2|Bacteria,1MVC0@1224|Proteobacteria,2TQP8@28211|Alphaproteobacteria,2JPKS@204441|Rhodospirillales","This protein promotes the GTP-dependent binding of aminoacyl-tRNA to the A-site of ribosomes during protein biosynthesis","ko:K02358",93.1,72,5,0,1,216,1,72,1.5e-31,139.8,19,22,14,13,27,24,18,29,25,17,17,28,20,17,22,30,14,11,22,14,25,22,21,17
"PGPT0015245","elf18|tuf|tufA",2776.61903902387,0.156659664919894,0.0361625881365174,4.33209217018671,1.47699081866579e-05,0.00478545025247717,"k87_2075566_3","COG0050@1|root,COG0050@2|Bacteria,1TPKC@1239|Firmicutes,2485I@186801|Clostridia,21XMI@1506553|Lachnoclostridium","This protein promotes the GTP-dependent binding of aminoacyl-tRNA to the A-site of ribosomes during protein biosynthesis","ko:K02358",90,50,5,0,1,150,132,181,4.4e-17,91.3,0,3,2,4,2,2,6,8,4,3,2,0,2,2,8,2,2,2,4,2,6,2,4,4
"PGPT0015245","elf18|tuf|tufA",2776.61903902387,0.156659664919894,0.0361625881365174,4.33209217018671,1.47699081866579e-05,0.00478545025247717,"k87_1826353_1","COG0050@1|root,COG0050@2|Bacteria,1MVC0@1224|Proteobacteria,2TQP8@28211|Alphaproteobacteria,43H46@69277|Phyllobacteriaceae","GTP-dependent binding of aminoacyl-tRNA to the A-site of ribosomes during protein biosynthesis","ko:K02358",96.7,121,4,0,1,363,1,121,1.3e-62,243.8,70,52,45,61,60,61,47,67,64,68,45,46,39,48,41,27,44,38,29,58,46,40,62,60
"PGPT0015245","elf18|tuf|tufA",2776.61903902387,0.156659664919894,0.0361625881365174,4.33209217018671,1.47699081866579e-05,0.00478545025247717,"k87_4121722_4","COG0050@1|root,COG0050@2|Bacteria,1MVC0@1224|Proteobacteria,2TQP8@28211|Alphaproteobacteria,43H46@69277|Phyllobacteriaceae","GTP-dependent binding of aminoacyl-tRNA to the A-site of ribosomes during protein biosynthesis","ko:K02358",100,37,0,0,1,111,355,391,1.6e-11,72.4,7,1,3,0,2,2,0,4,11,2,15,8,2,7,2,3,10,9,5,12,5,10,4,1
"PGPT0015245","elf18|tuf|tufA",2776.61903902387,0.156659664919894,0.0361625881365174,4.33209217018671,1.47699081866579e-05,0.00478545025247717,"k87_5993955_4","COG0050@1|root,COG0050@2|Bacteria,1MVC0@1224|Proteobacteria,1RMYX@1236|Gammaproteobacteria,1X48A@135614|Xanthomonadales","GTP-dependent binding of aminoacyl-tRNA to the A-site of ribosomes during protein biosynthesis","ko:K02358",100,124,0,0,1,372,273,396,3.9e-67,258.8,107,81,74,67,111,83,90,95,110,132,88,61,89,86,98,74,123,361,103,112,119,111,127,99
"PGPT0015245","elf18|tuf|tufA",2776.61903902387,0.156659664919894,0.0361625881365174,4.33209217018671,1.47699081866579e-05,0.00478545025247717,"k87_287584_7","COG0050@1|root,COG0050@2|Bacteria,46SFG@74201|Verrucomicrobia,3K7E9@414999|Opitutae","This protein promotes the GTP-dependent binding of aminoacyl-tRNA to the A-site of ribosomes during protein biosynthesis","ko:K02358",91.4,396,34,0,1,1188,1,396,1.7e-204,716.8,122,119,104,115,169,140,130,127,174,175,150,117,104,149,119,120,91,60,99,107,99,122,136,135
"PGPT0015245","elf18|tuf|tufA",2776.61903902387,0.156659664919894,0.0361625881365174,4.33209217018671,1.47699081866579e-05,0.00478545025247717,"k87_205631_1","COG0050@1|root,COG0050@2|Bacteria,2GK4T@201174|Actinobacteria,4CPE9@84995|Rubrobacteria","This protein promotes the GTP-dependent binding of aminoacyl-tRNA to the A-site of ribosomes during protein biosynthesis","ko:K02358",90.7,335,31,0,4,1008,31,365,1e-173,614.4,37,25,6,15,20,16,19,18,15,18,11,9,7,30,12,12,17,7,28,10,18,20,9,8
"PGPT0015245","elf18|tuf|tufA",2776.61903902387,0.156659664919894,0.0361625881365174,4.33209217018671,1.47699081866579e-05,0.00478545025247717,"k87_4627802_2","COG0050@1|root,COG0050@2|Bacteria,1MVC0@1224|Proteobacteria,2TQP8@28211|Alphaproteobacteria,3EY1N@335928|Xanthobacteraceae","This protein promotes the GTP-dependent binding of aminoacyl-tRNA to the A-site of ribosomes during protein biosynthesis","ko:K02358",98.3,58,1,0,1,174,1,58,2.3e-25,119,29,21,21,19,35,22,29,40,13,25,24,28,22,24,26,15,23,18,8,23,35,11,44,17
"PGPT0015245","elf18|tuf|tufA",2776.61903902387,0.156659664919894,0.0361625881365174,4.33209217018671,1.47699081866579e-05,0.00478545025247717,"k87_4922054_1","COG0050@1|root,COG0050@2|Bacteria,2GK4T@201174|Actinobacteria,4CPE9@84995|Rubrobacteria","This protein promotes the GTP-dependent binding of aminoacyl-tRNA to the A-site of ribosomes during protein biosynthesis","ko:K02358",91.6,391,33,0,1,1173,1,391,1.1e-208,730.7,51,36,32,35,51,36,41,37,49,49,51,39,37,44,36,44,34,25,27,29,31,34,38,31
"PGPT0015245","elf18|tuf|tufA",2776.61903902387,0.156659664919894,0.0361625881365174,4.33209217018671,1.47699081866579e-05,0.00478545025247717,"k87_3063190_2","COG0050@1|root,COG0050@2|Bacteria,2GK4T@201174|Actinobacteria,4CPE9@84995|Rubrobacteria","This protein promotes the GTP-dependent binding of aminoacyl-tRNA to the A-site of ribosomes during protein biosynthesis","ko:K02358",91,400,36,0,1,1200,1,400,1.3e-209,733.8,24,27,25,20,28,26,16,30,39,31,16,30,28,21,22,21,23,8,24,24,38,30,22,20
"PGPT0015245","elf18|tuf|tufA",2776.61903902387,0.156659664919894,0.0361625881365174,4.33209217018671,1.47699081866579e-05,0.00478545025247717,"k87_3436491_3","COG0050@1|root,COG0050@2|Bacteria,1MVC0@1224|Proteobacteria,2TQP8@28211|Alphaproteobacteria,36XUJ@31993|Methylocystaceae","Elongation factor Tu C-terminal domain","ko:K02358",96.2,78,3,0,1,234,319,396,1.3e-36,156.8,67,74,62,53,74,88,75,82,59,74,51,51,69,58,78,71,46,59,69,73,59,49,73,58
"PGPT0015245","elf18|tuf|tufA",2776.61903902387,0.156659664919894,0.0361625881365174,4.33209217018671,1.47699081866579e-05,0.00478545025247717,"k87_6136234_1","COG0050@1|root,COG0050@2|Bacteria,1MVC0@1224|Proteobacteria,2TQP8@28211|Alphaproteobacteria,3JRYZ@41294|Bradyrhizobiaceae","This protein promotes the GTP-dependent binding of aminoacyl-tRNA to the A-site of ribosomes during protein biosynthesis","ko:K02358",95.1,224,11,0,1,672,1,224,2.1e-119,433.3,123,105,116,95,154,145,113,126,133,160,96,80,118,106,123,103,96,116,133,124,142,136,167,149
"PGPT0015245","elf18|tuf|tufA",2776.61903902387,0.156659664919894,0.0361625881365174,4.33209217018671,1.47699081866579e-05,0.00478545025247717,"k87_3344110_3","COG0050@1|root,COG0050@2|Bacteria,1MVC0@1224|Proteobacteria,2TQP8@28211|Alphaproteobacteria,2KFA9@204458|Caulobacterales","This protein promotes the GTP-dependent binding of aminoacyl-tRNA to the A-site of ribosomes during protein biosynthesis","ko:K02358",100,29,0,0,1,87,1,29,3.9e-10,67.4,7,14,2,2,8,11,6,4,11,15,6,8,7,10,6,5,12,2,3,6,14,8,8,4
"PGPT0015245","elf18|tuf|tufA",2776.61903902387,0.156659664919894,0.0361625881365174,4.33209217018671,1.47699081866579e-05,0.00478545025247717,"k87_6611221_1","COG0050@1|root,COG0050@2|Bacteria,2GK4T@201174|Actinobacteria,4DP42@85009|Propionibacteriales","This protein promotes the GTP-dependent binding of aminoacyl-tRNA to the A-site of ribosomes during protein biosynthesis","ko:K02358",93.2,311,21,0,1,933,87,397,7.1e-166,588.2,143,100,95,128,170,150,117,154,111,128,108,98,111,108,105,130,111,113,131,145,114,120,133,147
"PGPT0015245","elf18|tuf|tufA",2776.61903902387,0.156659664919894,0.0361625881365174,4.33209217018671,1.47699081866579e-05,0.00478545025247717,"k87_667527_1","COG0050@1|root,COG0050@2|Bacteria,1MVC0@1224|Proteobacteria,2TQP8@28211|Alphaproteobacteria,2K177@204457|Sphingomonadales","This protein promotes the GTP-dependent binding of aminoacyl-tRNA to the A-site of ribosomes during protein biosynthesis","ko:K02358",97.8,91,2,0,1,273,1,91,1.1e-45,187.2,43,50,32,35,78,56,63,64,50,49,52,51,49,37,32,31,41,32,53,38,55,30,41,30
"PGPT0015245","elf18|tuf|tufA",2776.61903902387,0.156659664919894,0.0361625881365174,4.33209217018671,1.47699081866579e-05,0.00478545025247717,"k87_2709470_2","COG0050@1|root,COG0050@2|Bacteria,2GK4T@201174|Actinobacteria,4CPE9@84995|Rubrobacteria","This protein promotes the GTP-dependent binding of aminoacyl-tRNA to the A-site of ribosomes during protein biosynthesis","ko:K02358",93.5,77,5,0,1,231,1,77,6e-34,147.9,18,19,23,18,16,25,33,21,8,16,18,18,21,5,29,17,9,11,10,23,16,8,5,14
"PGPT0015245","elf18|tuf|tufA",2776.61903902387,0.156659664919894,0.0361625881365174,4.33209217018671,1.47699081866579e-05,0.00478545025247717,"k87_1602014_1","COG0050@1|root,COG0050@2|Bacteria,3J0DG@40117|Nitrospirae","This protein promotes the GTP-dependent binding of aminoacyl-tRNA to the A-site of ribosomes during protein biosynthesis","ko:K02358",95.6,249,11,0,1,747,1,249,2.6e-134,483,48,49,39,61,68,73,69,62,53,65,66,37,53,37,38,53,42,29,44,40,49,51,63,63
"PGPT0015245","elf18|tuf|tufA",2776.61903902387,0.156659664919894,0.0361625881365174,4.33209217018671,1.47699081866579e-05,0.00478545025247717,"k87_3799868_1","COG0050@1|root,COG0050@2|Bacteria,1MVC0@1224|Proteobacteria,2TQP8@28211|Alphaproteobacteria,3JRYZ@41294|Bradyrhizobiaceae","This protein promotes the GTP-dependent binding of aminoacyl-tRNA to the A-site of ribosomes during protein biosynthesis","ko:K02358",91.3,46,4,0,1,138,351,396,7.7e-16,87,17,6,2,6,15,6,12,13,6,20,9,6,8,8,19,10,10,13,12,17,12,13,18,15
"PGPT0015245","elf18|tuf|tufA",2776.61903902387,0.156659664919894,0.0361625881365174,4.33209217018671,1.47699081866579e-05,0.00478545025247717,"k87_5524892_3","COG0050@1|root,COG0050@2|Bacteria,1MVC0@1224|Proteobacteria,2TQP8@28211|Alphaproteobacteria,43NCA@69277|Phyllobacteriaceae","Elongation factor Tu C-terminal domain","ko:K02358",92.7,150,11,0,1,450,242,391,1.6e-75,287,183,178,140,113,190,189,189,157,151,183,188,143,155,170,175,169,155,121,149,143,184,154,189,171
"PGPT0015600","ctrA",487.245214170757,0.239572929217895,0.0664397530326716,3.60586724487199,0.000311112164880721,0.0415060229382044,"k87_6633401_2","COG0745@1|root,COG0745@2|Bacteria,1MWVI@1224|Proteobacteria,2TRSP@28211|Alphaproteobacteria,1JTME@119045|Methylobacteriaceae","PFAM response regulator receiver","ko:K02483,ko:K13584",97.3,188,5,0,1,564,46,233,9.1e-100,367.9,81,106,72,84,112,88,56,89,87,78,88,67,64,65,67,117,76,76,87,74,105,63,90,96
"PGPT0015600","ctrA",487.245214170757,0.239572929217895,0.0664397530326716,3.60586724487199,0.000311112164880721,0.0415060229382044,"k87_6226106_1","COG0745@1|root,COG0745@2|Bacteria,1MWVI@1224|Proteobacteria,2TRSP@28211|Alphaproteobacteria,43HMV@69277|Phyllobacteriaceae","Consisting of a CheY-like receiver domain and a winged-helix DNA-binding domain","ko:K02483,ko:K13584",98.3,231,4,0,1,693,19,249,2.4e-126,456.4,71,49,42,34,52,64,40,56,30,65,52,44,45,44,64,52,35,61,58,83,67,28,61,73
"PGPT0015600","ctrA",487.245214170757,0.239572929217895,0.0664397530326716,3.60586724487199,0.000311112164880721,0.0415060229382044,"k87_747824_3","COG0745@1|root,COG0745@2|Bacteria,1MWVI@1224|Proteobacteria,2TRSP@28211|Alphaproteobacteria,3N69F@45401|Hyphomicrobiaceae","two component transcriptional regulator","ko:K02483,ko:K13584",97.8,229,5,0,1,687,1,229,7.7e-125,451.4,77,86,56,69,86,60,72,82,86,83,68,63,69,62,94,87,61,73,65,61,83,81,96,98
"PGPT0015600","ctrA",487.245214170757,0.239572929217895,0.0664397530326716,3.60586724487199,0.000311112164880721,0.0415060229382044,"k87_2500640_3","COG0745@1|root,COG0745@2|Bacteria,1MWVI@1224|Proteobacteria,2TRSP@28211|Alphaproteobacteria,3N69F@45401|Hyphomicrobiaceae","two component transcriptional regulator","ko:K02483,ko:K13584",98.2,110,2,0,1,330,1,110,3.4e-54,215.7,19,11,17,11,24,18,17,13,14,20,7,24,22,25,8,20,12,14,14,14,19,12,8,25
"PGPT0015600","ctrA",487.245214170757,0.239572929217895,0.0664397530326716,3.60586724487199,0.000311112164880721,0.0415060229382044,"k87_1325500_1","COG0745@1|root,COG0745@2|Bacteria,1MWVI@1224|Proteobacteria,2TRSP@28211|Alphaproteobacteria,4B8I6@82115|Rhizobiaceae","Response regulators consisting of a CheY-like receiver domain and a winged-helix DNA-binding domain","ko:K02483,ko:K13584",100,54,0,0,1,162,1,54,1.8e-21,105.9,25,12,6,13,14,28,17,14,4,6,6,15,10,11,10,8,9,9,15,10,9,20,14,18
"PGPT0015600","ctrA",487.245214170757,0.239572929217895,0.0664397530326716,3.60586724487199,0.000311112164880721,0.0415060229382044,"k87_3109307_1","COG0745@1|root,COG0745@2|Bacteria,1MWVI@1224|Proteobacteria,2TRSP@28211|Alphaproteobacteria,3N69F@45401|Hyphomicrobiaceae","two component transcriptional regulator","ko:K02483,ko:K13584",96.2,133,5,0,1,399,1,133,6.1e-66,255,18,16,24,17,18,17,19,26,14,21,21,19,12,18,22,21,14,12,24,34,37,18,36,20
"PGPT0015600","ctrA",487.245214170757,0.239572929217895,0.0664397530326716,3.60586724487199,0.000311112164880721,0.0415060229382044,"k87_6278001_2","COG0745@1|root,COG0745@2|Bacteria,1MWVI@1224|Proteobacteria,2TRSP@28211|Alphaproteobacteria,3JQKV@41294|Bradyrhizobiaceae","Transcriptional regulatory protein, C terminal","ko:K02483,ko:K13584",96.5,198,7,0,1,594,1,198,2.4e-103,379.8,113,95,66,63,81,98,113,94,90,74,72,73,81,83,91,65,57,68,71,97,105,93,74,84
"PGPT0015600","ctrA",487.245214170757,0.239572929217895,0.0664397530326716,3.60586724487199,0.000311112164880721,0.0415060229382044,"k87_1790346_3","COG0745@1|root,COG0745@2|Bacteria,1MWVI@1224|Proteobacteria,2TRSP@28211|Alphaproteobacteria,2K0S8@204457|Sphingomonadales","COG0745 Response regulators consisting of a CheY-like receiver domain and a winged-helix DNA-binding domain","ko:K13584",96.9,229,7,0,1,687,1,229,9.3e-126,454.5,97,68,49,44,130,77,52,69,49,84,44,73,52,62,72,64,69,55,74,80,84,61,59,71
"PGPT0015600","ctrA",487.245214170757,0.239572929217895,0.0664397530326716,3.60586724487199,0.000311112164880721,0.0415060229382044,"k87_498446_1","COG0745@1|root,COG0745@2|Bacteria,1MWVI@1224|Proteobacteria,2TRSP@28211|Alphaproteobacteria,3FCPR@34008|Rhodovulum","Transcriptional regulatory protein, C terminal","ko:K02483,ko:K13584",100,67,0,0,1,201,1,67,5.1e-29,131.3,22,35,21,15,30,27,29,26,22,20,18,31,26,23,30,16,12,16,25,22,26,22,21,36
"PGPT0015600","ctrA",487.245214170757,0.239572929217895,0.0664397530326716,3.60586724487199,0.000311112164880721,0.0415060229382044,"k87_6496473_1","COG0745@1|root,COG0745@2|Bacteria,1MWVI@1224|Proteobacteria,2TRSP@28211|Alphaproteobacteria,43HMV@69277|Phyllobacteriaceae","Consisting of a CheY-like receiver domain and a winged-helix DNA-binding domain","ko:K02483,ko:K13584",99.4,158,1,0,1,474,1,158,9.4e-82,307.8,10,4,0,10,8,6,6,2,4,5,6,14,8,6,8,6,10,7,10,17,10,6,11,11
"PGPT0015600","ctrA",487.245214170757,0.239572929217895,0.0664397530326716,3.60586724487199,0.000311112164880721,0.0415060229382044,"k87_5309723_2","COG0745@1|root,COG0745@2|Bacteria,1MWVI@1224|Proteobacteria,2TRSP@28211|Alphaproteobacteria,43HMV@69277|Phyllobacteriaceae","Consisting of a CheY-like receiver domain and a winged-helix DNA-binding domain","ko:K02483,ko:K13584",97.1,204,6,0,1,612,30,233,4.7e-110,402.1,45,14,18,13,34,20,24,28,18,29,7,15,25,18,24,19,23,20,20,19,33,21,35,24
"PGPT0015600","ctrA",487.245214170757,0.239572929217895,0.0664397530326716,3.60586724487199,0.000311112164880721,0.0415060229382044,"k87_3768578_1","COG0745@1|root,COG0745@2|Bacteria,1MWVI@1224|Proteobacteria,2TRSP@28211|Alphaproteobacteria,4B8I6@82115|Rhizobiaceae","Response regulators consisting of a CheY-like receiver domain and a winged-helix DNA-binding domain","ko:K02483,ko:K13584",100,50,0,0,1,150,1,50,2.1e-19,99,18,11,9,9,16,16,6,24,8,12,7,24,8,10,10,21,16,12,13,12,14,10,15,18
"PGPT0019780","gyaR",355.383320310999,0.307589848533157,0.0786307718339979,3.91182537521734,9.16011378729754e-05,0.0188864891541735,"k87_2516679_3","COG1052@1|root,COG1052@2|Bacteria,1MU2D@1224|Proteobacteria,2TSM8@28211|Alphaproteobacteria,43HJE@69277|Phyllobacteriaceae","D-isomer specific 2-hydroxyacid dehydrogenase","ko:K00015",94.2,328,19,0,1,984,3,330,1e-175,620.9,26,32,16,43,27,36,13,26,34,23,32,20,42,25,33,43,23,36,34,39,39,28,58,28
"PGPT0019780","gyaR",355.383320310999,0.307589848533157,0.0786307718339979,3.91182537521734,9.16011378729754e-05,0.0188864891541735,"k87_4687805_1","COG1052@1|root,COG1052@2|Bacteria,1MU2D@1224|Proteobacteria,2TSM8@28211|Alphaproteobacteria,3JQKZ@41294|Bradyrhizobiaceae","D-isomer specific 2-hydroxyacid dehydrogenase","ko:K00015",93.7,319,20,0,1,957,13,331,3.3e-169,599.4,125,140,76,94,117,92,76,106,74,105,76,100,92,65,84,83,89,81,96,78,137,91,131,127
"PGPT0019780","gyaR",355.383320310999,0.307589848533157,0.0786307718339979,3.91182537521734,9.16011378729754e-05,0.0188864891541735,"k87_4717566_1","COG1052@1|root,COG1052@2|Bacteria,1MU2D@1224|Proteobacteria,2TSM8@28211|Alphaproteobacteria,1JQTB@119045|Methylobacteriaceae","PFAM D-isomer specific 2-hydroxyacid dehydrogenase catalytic region","ko:K00015",97.6,126,3,0,1,378,205,330,2.7e-63,246.1,30,10,12,6,24,21,30,23,12,20,31,23,14,24,19,20,15,15,16,14,22,21,28,24
"PGPT0019780","gyaR",355.383320310999,0.307589848533157,0.0786307718339979,3.91182537521734,9.16011378729754e-05,0.0188864891541735,"k87_2098826_3","COG1052@1|root,COG1052@2|Bacteria,1MU2D@1224|Proteobacteria,2TSM8@28211|Alphaproteobacteria,4B7GQ@82115|Rhizobiaceae","Belongs to the D-isomer specific 2-hydroxyacid dehydrogenase family","ko:K00015",92.5,107,8,0,1,321,1,107,6e-48,194.9,12,13,6,0,10,18,4,10,4,15,14,2,12,17,2,8,10,2,4,16,10,12,12,12
"PGPT0019780","gyaR",355.383320310999,0.307589848533157,0.0786307718339979,3.91182537521734,9.16011378729754e-05,0.0188864891541735,"k87_1459646_3","COG1052@1|root,COG1052@2|Bacteria,1MU2D@1224|Proteobacteria,2TSM8@28211|Alphaproteobacteria,3JQKZ@41294|Bradyrhizobiaceae","D-isomer specific 2-hydroxyacid dehydrogenase","ko:K00015",94.7,57,3,0,1,171,275,331,8.6e-25,117.1,6,6,8,6,21,9,6,6,6,10,12,8,6,6,12,4,12,6,16,8,7,9,4,14
"PGPT0019780","gyaR",355.383320310999,0.307589848533157,0.0786307718339979,3.91182537521734,9.16011378729754e-05,0.0188864891541735,"k87_659769_2","COG1052@1|root,COG1052@2|Bacteria,1MU2D@1224|Proteobacteria,2TSM8@28211|Alphaproteobacteria,1JQTB@119045|Methylobacteriaceae","PFAM D-isomer specific 2-hydroxyacid dehydrogenase catalytic region","ko:K00015",97.8,180,4,0,1,540,1,180,6.7e-92,341.7,31,33,24,29,32,26,22,32,43,41,35,31,24,27,40,27,29,19,32,30,47,36,34,36
"PGPT0019780","gyaR",355.383320310999,0.307589848533157,0.0786307718339979,3.91182537521734,9.16011378729754e-05,0.0188864891541735,"k87_1460453_1","COG1052@1|root,COG1052@2|Bacteria,1MU2D@1224|Proteobacteria,2TSM8@28211|Alphaproteobacteria,3N6JG@45401|Hyphomicrobiaceae","D-isomer specific 2-hydroxyacid dehydrogenase","ko:K00015",91.1,327,28,1,7,984,4,330,3.5e-171,605.9,97,109,83,76,104,130,102,74,99,96,114,92,89,77,99,86,78,68,62,81,103,92,97,108
"PGPT0019780","gyaR",355.383320310999,0.307589848533157,0.0786307718339979,3.91182537521734,9.16011378729754e-05,0.0188864891541735,"k87_4496097_1","COG1052@1|root,COG1052@2|Bacteria,1MU2D@1224|Proteobacteria,2TSM8@28211|Alphaproteobacteria,4NBPP@97050|Ruegeria","Belongs to the D-isomer specific 2-hydroxyacid dehydrogenase family","ko:K00015",96.7,30,1,0,1,90,299,328,7.1e-10,66.6,8,7,3,6,7,5,15,10,10,3,5,9,12,4,6,12,0,2,6,2,16,6,7,14
"PGPT0019780","gyaR",355.383320310999,0.307589848533157,0.0786307718339979,3.91182537521734,9.16011378729754e-05,0.0188864891541735,"k87_3478816_2","COG1052@1|root,COG1052@2|Bacteria,2I2RK@201174|Actinobacteria,238HE@1762|Mycobacteriaceae","D-isomer specific 2-hydroxyacid dehydrogenase, catalytic domain","ko:K00015",93.5,214,14,0,94,735,106,319,1.3e-106,391,72,53,39,49,86,60,56,54,38,48,67,70,58,42,49,42,44,36,71,62,58,66,48,63
"PGPT0020130","argG",1101.02798230286,0.190031833375815,0.051559848514345,3.68565538595297,0.000228114851198174,0.0369546058941041,"k87_4532804_2","COG0137@1|root,COG0137@2|Bacteria,2GK96@201174|Actinobacteria,2330Y@1762|Mycobacteriaceae","Belongs to the argininosuccinate synthase family. Type 1 subfamily","ko:K01940",93,114,8,0,1,342,283,396,7.7e-57,224.6,18,21,13,7,17,25,20,20,13,24,12,16,8,6,10,18,18,17,27,30,18,12,18,15
"PGPT0020130","argG",1101.02798230286,0.190031833375815,0.051559848514345,3.68565538595297,0.000228114851198174,0.0369546058941041,"k87_731556_1","COG0137@1|root,COG0137@2|Bacteria,1MV0Y@1224|Proteobacteria,2TTGS@28211|Alphaproteobacteria,4B8CB@82115|Rhizobiaceae","Belongs to the argininosuccinate synthase family. Type 1 subfamily","ko:K01940",95.6,385,17,0,1,1155,21,405,8.1e-212,741.1,87,61,64,61,69,70,66,57,66,64,78,52,59,71,62,92,63,75,97,78,81,93,76,78
"PGPT0020130","argG",1101.02798230286,0.190031833375815,0.051559848514345,3.68565538595297,0.000228114851198174,0.0369546058941041,"k87_466560_1","COG0137@1|root,COG0137@2|Bacteria,1MV0Y@1224|Proteobacteria,2TTGS@28211|Alphaproteobacteria,2K0AN@204457|Sphingomonadales","Belongs to the argininosuccinate synthase family. Type 1 subfamily","ko:K01940",96.7,273,9,0,1,819,132,404,1.9e-154,550.1,37,25,14,20,55,37,37,26,30,31,34,21,32,24,38,37,23,35,42,44,42,44,28,50
"PGPT0020130","argG",1101.02798230286,0.190031833375815,0.051559848514345,3.68565538595297,0.000228114851198174,0.0369546058941041,"k87_721445_2","COG0137@1|root,COG0137@2|Bacteria,3J0BU@40117|Nitrospirae","Belongs to the argininosuccinate synthase family. Type 1 subfamily","ko:K01940",90.5,402,38,0,4,1209,3,404,4.8e-215,751.9,27,26,28,24,47,34,26,32,18,38,44,24,28,27,26,21,31,18,26,32,23,22,26,20
"PGPT0020130","argG",1101.02798230286,0.190031833375815,0.051559848514345,3.68565538595297,0.000228114851198174,0.0369546058941041,"k87_4812065_21","COG0137@1|root,COG0137@2|Bacteria,1MV0Y@1224|Proteobacteria,1RMEC@1236|Gammaproteobacteria,1X4MV@135614|Xanthomonadales","Belongs to the argininosuccinate synthase family. Type 1 subfamily","ko:K01940",93.8,81,5,0,1,243,1,81,2.9e-39,165.6,9,15,14,19,16,13,7,10,11,20,9,9,8,4,13,4,20,50,24,28,33,12,21,15
"PGPT0020130","argG",1101.02798230286,0.190031833375815,0.051559848514345,3.68565538595297,0.000228114851198174,0.0369546058941041,"k87_3162015_1","COG0137@1|root,COG0137@2|Bacteria,2GK96@201174|Actinobacteria,4CPRP@84995|Rubrobacteria","Belongs to the argininosuccinate synthase family. Type 1 subfamily","ko:K01940",95.2,124,6,0,1,372,1,124,3.2e-61,239.2,10,5,10,8,14,6,4,12,8,16,6,8,2,2,8,18,0,12,16,12,12,6,4,12
"PGPT0020130","argG",1101.02798230286,0.190031833375815,0.051559848514345,3.68565538595297,0.000228114851198174,0.0369546058941041,"k87_768653_3","COG0137@1|root,COG0137@2|Bacteria,2GK96@201174|Actinobacteria,4DNHA@85009|Propionibacteriales","Belongs to the argininosuccinate synthase family. Type 2 subfamily","ko:K01940",90.2,102,10,0,1,306,1,102,2.2e-47,193,44,55,42,49,72,43,42,45,34,48,26,58,24,48,39,27,30,21,44,75,33,43,46,44
"PGPT0020130","argG",1101.02798230286,0.190031833375815,0.051559848514345,3.68565538595297,0.000228114851198174,0.0369546058941041,"k87_168626_2","COG0137@1|root,COG0137@2|Bacteria,1MV0Y@1224|Proteobacteria,2TTGS@28211|Alphaproteobacteria,2K0AN@204457|Sphingomonadales","Belongs to the argininosuccinate synthase family. Type 1 subfamily","ko:K01940",92.6,405,30,0,1,1215,1,405,1.2e-218,763.8,88,66,52,73,110,73,75,78,69,82,89,53,79,83,74,74,66,56,79,120,80,69,114,82
"PGPT0020130","argG",1101.02798230286,0.190031833375815,0.051559848514345,3.68565538595297,0.000228114851198174,0.0369546058941041,"k87_540082_4","COG0137@1|root,COG0137@2|Bacteria,1MV0Y@1224|Proteobacteria,2TTGS@28211|Alphaproteobacteria,3N68V@45401|Hyphomicrobiaceae","Belongs to the argininosuccinate synthase family. Type 1 subfamily","ko:K01940",93.4,411,26,1,136,1368,1,410,3.2e-223,779.2,112,118,94,88,134,124,127,108,118,120,147,104,108,103,98,103,78,58,121,109,132,105,117,98
"PGPT0020130","argG",1101.02798230286,0.190031833375815,0.051559848514345,3.68565538595297,0.000228114851198174,0.0369546058941041,"k87_6002783_1","COG0137@1|root,COG0137@2|Bacteria,2GK96@201174|Actinobacteria,1W8DZ@1268|Micrococcaceae","Belongs to the argininosuccinate synthase family. Type 1 subfamily","ko:K01940",98.5,66,1,0,1,198,1,66,2.1e-27,125.9,4,12,7,6,10,9,10,12,8,3,0,8,0,0,2,8,1,11,4,2,6,6,10,10
"PGPT0020130","argG",1101.02798230286,0.190031833375815,0.051559848514345,3.68565538595297,0.000228114851198174,0.0369546058941041,"k87_4481530_1","COG0137@1|root,COG0137@2|Bacteria,2GK96@201174|Actinobacteria,4FMMU@85023|Microbacteriaceae","Belongs to the argininosuccinate synthase family. Type","ko:K01940",93.9,294,18,0,1,882,1,294,1.2e-162,577.4,117,107,63,93,136,119,103,128,63,76,103,74,100,103,76,118,89,86,97,110,106,97,119,139
"PGPT0020130","argG",1101.02798230286,0.190031833375815,0.051559848514345,3.68565538595297,0.000228114851198174,0.0369546058941041,"k87_3904785_1","COG0137@1|root,COG0137@2|Bacteria,2GK96@201174|Actinobacteria","Belongs to the argininosuccinate synthase family. Type","ko:K01940",96.7,90,3,0,1,270,16,105,1.6e-41,173.3,28,24,23,12,56,50,42,50,15,27,20,17,18,20,23,29,22,34,45,38,45,32,47,25
"PGPT0020130","argG",1101.02798230286,0.190031833375815,0.051559848514345,3.68565538595297,0.000228114851198174,0.0369546058941041,"k87_1059005_1","COG0137@1|root,COG0137@2|Bacteria,1MV0Y@1224|Proteobacteria,2TTGS@28211|Alphaproteobacteria,2K0AN@204457|Sphingomonadales","Belongs to the argininosuccinate synthase family. Type 1 subfamily","ko:K01940",96.8,158,5,0,1,474,1,158,1.7e-83,313.5,35,21,24,25,25,18,31,26,26,28,24,29,10,31,33,20,14,21,12,20,27,24,26,25
"PGPT0020130","argG",1101.02798230286,0.190031833375815,0.051559848514345,3.68565538595297,0.000228114851198174,0.0369546058941041,"k87_4173842_1","COG0137@1|root,COG0137@2|Bacteria,2GK96@201174|Actinobacteria,4CPRP@84995|Rubrobacteria","Belongs to the argininosuccinate synthase family. Type 1 subfamily","ko:K01940",91.5,130,11,0,1,390,1,130,2e-62,243.4,20,13,4,15,8,6,14,6,10,9,12,8,4,16,16,7,7,14,6,8,10,9,7,10
"PGPT0020130","argG",1101.02798230286,0.190031833375815,0.051559848514345,3.68565538595297,0.000228114851198174,0.0369546058941041,"k87_1354444_4","COG0137@1|root,COG0137@2|Bacteria,2IX1G@203682|Planctomycetes","Belongs to the argininosuccinate synthase family. Type 1 subfamily","ko:K01940",97.7,43,1,0,10,138,7,49,1.2e-16,89.7,4,4,8,6,4,5,2,0,2,0,10,6,5,6,4,2,0,0,6,12,6,10,0,4
"PGPT0020130","argG",1101.02798230286,0.190031833375815,0.051559848514345,3.68565538595297,0.000228114851198174,0.0369546058941041,"k87_347138_3","COG0137@1|root,COG0137@2|Bacteria,1MV0Y@1224|Proteobacteria,2TTGS@28211|Alphaproteobacteria,3ZVK6@60136|Sulfitobacter","Catalyzes the formation of 2-N(omega)-(L-arginino)succinate from L-citrulline and L-aspartate in arginine biosynthesis, AMP-forming","ko:K01940",96.2,52,2,0,1,156,1,52,4e-21,104.8,24,20,10,17,28,17,16,23,14,17,21,16,16,32,31,26,15,17,28,15,21,11,20,22
"PGPT0020130","argG",1101.02798230286,0.190031833375815,0.051559848514345,3.68565538595297,0.000228114851198174,0.0369546058941041,"k87_6130180_2","COG0137@1|root,COG0137@2|Bacteria,46SCU@74201|Verrucomicrobia","Belongs to the argininosuccinate synthase family. Type 1 subfamily","ko:K01940",90.7,107,10,0,1,321,298,404,3.8e-48,195.7,17,17,6,7,34,18,24,18,25,19,20,23,22,8,18,19,15,13,22,17,21,8,8,22
"PGPT0020130","argG",1101.02798230286,0.190031833375815,0.051559848514345,3.68565538595297,0.000228114851198174,0.0369546058941041,"k87_6757138_1","COG0137@1|root,COG0137@2|Bacteria,1MV0Y@1224|Proteobacteria,2VJ7Z@28216|Betaproteobacteria,4AA0K@80864|Comamonadaceae","Belongs to the argininosuccinate synthase family. Type 2 subfamily","ko:K01940",91,145,13,0,1,435,286,430,1.1e-71,274.2,76,59,35,39,68,43,56,62,66,91,65,61,58,64,74,53,57,62,70,61,41,49,52,84
"PGPT0020130","argG",1101.02798230286,0.190031833375815,0.051559848514345,3.68565538595297,0.000228114851198174,0.0369546058941041,"k87_5251724_1","COG0137@1|root,COG0137@2|Bacteria,1MV0Y@1224|Proteobacteria,2TTGS@28211|Alphaproteobacteria,2K0AN@204457|Sphingomonadales","Belongs to the argininosuccinate synthase family. Type 1 subfamily","ko:K01940",91.4,187,16,0,4,564,223,409,1.2e-96,357.5,28,30,10,16,37,13,26,26,12,29,14,22,24,19,26,22,13,11,20,18,9,22,16,12
"PGPT0020130","argG",1101.02798230286,0.190031833375815,0.051559848514345,3.68565538595297,0.000228114851198174,0.0369546058941041,"k87_6549299_2","COG0137@1|root,COG0137@2|Bacteria,2GK96@201174|Actinobacteria","Belongs to the argininosuccinate synthase family. Type","ko:K01940",96.7,152,5,0,1,456,259,410,1e-77,294.3,54,30,23,35,69,39,36,38,25,33,27,27,32,42,47,25,34,35,59,44,38,47,54,32
"PGPT0020130","argG",1101.02798230286,0.190031833375815,0.051559848514345,3.68565538595297,0.000228114851198174,0.0369546058941041,"k87_1507506_2","COG0137@1|root,COG0137@2|Bacteria,46SCU@74201|Verrucomicrobia,3K7AT@414999|Opitutae","Belongs to the argininosuccinate synthase family. Type 1 subfamily","ko:K01940",92.2,408,32,0,1,1224,1,408,3.5e-221,772.3,69,49,12,40,56,43,52,47,84,80,61,47,57,58,32,47,15,29,56,40,33,44,32,24
"PGPT0020130","argG",1101.02798230286,0.190031833375815,0.051559848514345,3.68565538595297,0.000228114851198174,0.0369546058941041,"k87_4295731_2","COG0137@1|root,COG0137@2|Bacteria,1MV0Y@1224|Proteobacteria,2TTGS@28211|Alphaproteobacteria","Belongs to the argininosuccinate synthase family. Type 1 subfamily","ko:K01940",90.2,408,40,0,34,1257,5,412,5.5e-214,748.4,217,225,118,127,221,155,143,185,130,188,163,171,155,162,178,136,143,104,126,153,176,182,168,175
"PGPT0020130","argG",1101.02798230286,0.190031833375815,0.051559848514345,3.68565538595297,0.000228114851198174,0.0369546058941041,"k87_5916645_8","COG0137@1|root,COG0137@2|Bacteria,1MV0Y@1224|Proteobacteria,1RMEC@1236|Gammaproteobacteria,1X4MV@135614|Xanthomonadales","Belongs to the argininosuccinate synthase family. Type 1 subfamily","ko:K01940",98.5,393,6,0,1,1179,23,415,1.5e-224,783.5,78,63,42,48,94,51,52,73,49,83,74,63,46,77,54,44,75,370,85,62,73,107,66,78
"PGPT0020130","argG",1101.02798230286,0.190031833375815,0.051559848514345,3.68565538595297,0.000228114851198174,0.0369546058941041,"k87_3628793_1","COG0137@1|root,COG0137@2|Bacteria,1MV0Y@1224|Proteobacteria,2TTGS@28211|Alphaproteobacteria,43HC3@69277|Phyllobacteriaceae","Belongs to the argininosuccinate synthase family. Type 1 subfamily","ko:K01940",93.9,246,15,0,1,738,162,407,1.8e-127,460.3,12,22,15,8,16,10,12,8,4,12,15,22,12,12,30,12,10,25,5,11,26,4,13,22
"PGPT0020130","argG",1101.02798230286,0.190031833375815,0.051559848514345,3.68565538595297,0.000228114851198174,0.0369546058941041,"k87_7011400_3","COG0137@1|root,COG0137@2|Bacteria,1MV0Y@1224|Proteobacteria,2TTGS@28211|Alphaproteobacteria,4B8CB@82115|Rhizobiaceae","Belongs to the argininosuccinate synthase family. Type 1 subfamily","ko:K01940",93.5,46,3,0,1,138,42,87,9.9e-16,86.7,6,4,4,7,4,11,4,2,9,3,4,6,12,10,6,2,6,6,14,18,14,4,14,12
"PGPT0020130","argG",1101.02798230286,0.190031833375815,0.051559848514345,3.68565538595297,0.000228114851198174,0.0369546058941041,"k87_5134522_2","COG0137@1|root,COG0137@2|Bacteria,1MV0Y@1224|Proteobacteria,2TTGS@28211|Alphaproteobacteria,43HC3@69277|Phyllobacteriaceae","Belongs to the argininosuccinate synthase family. Type 1 subfamily","ko:K01940",97.5,356,9,0,1,1068,1,356,7.2e-199,698,42,50,21,26,36,45,35,32,27,33,28,33,45,28,20,24,39,28,42,22,38,22,40,42
"PGPT0020130","argG",1101.02798230286,0.190031833375815,0.051559848514345,3.68565538595297,0.000228114851198174,0.0369546058941041,"k87_3990054_3","COG0137@1|root,COG0137@2|Bacteria,2GK96@201174|Actinobacteria,1ZVNF@145357|Dermacoccaceae","Belongs to the argininosuccinate synthase family. Type 2 subfamily","ko:K01940",90.4,94,9,0,1,282,1,94,5.6e-42,174.9,25,30,13,27,30,25,27,28,30,25,20,17,8,27,23,22,12,11,31,15,22,32,27,26
"PGPT0020130","argG",1101.02798230286,0.190031833375815,0.051559848514345,3.68565538595297,0.000228114851198174,0.0369546058941041,"k87_2097797_2","COG0137@1|root,COG0137@2|Bacteria,1MV0Y@1224|Proteobacteria,2TTGS@28211|Alphaproteobacteria,1JSID@119045|Methylobacteriaceae","Belongs to the argininosuccinate synthase family. Type 1 subfamily","ko:K01940",94.4,36,2,0,1,108,375,410,2.2e-10,68.6,6,4,3,8,8,4,9,6,2,8,5,4,6,2,6,9,7,0,4,10,2,4,2,5
"PGPT0021225","dcd",438.231483501884,0.279990998740284,0.0798336641298058,3.50717960640052,0.00045288336049493,0.0489114029334524,"k87_2816938_1","COG0717@1|root,COG0717@2|Bacteria,4NFRS@976|Bacteroidetes","Deoxycytidine triphosphate deaminase","ko:K01494",93,143,10,0,1,429,1,143,6.9e-76,288.1,2,4,2,8,4,2,6,1,11,2,7,5,2,4,6,2,2,4,2,6,8,0,6,6
"PGPT0021225","dcd",438.231483501884,0.279990998740284,0.0798336641298058,3.50717960640052,0.00045288336049493,0.0489114029334524,"k87_4659324_2","COG0717@1|root,COG0717@2|Bacteria,1MVDH@1224|Proteobacteria,2TR5U@28211|Alphaproteobacteria,4B72H@82115|Rhizobiaceae","2-deoxycytidine 5-triphosphate deaminase","ko:K01494",91.2,365,32,0,1,1095,1,365,7.3e-194,681.4,60,56,37,23,42,43,30,37,23,46,32,42,35,37,30,46,44,53,32,55,66,63,52,63
"PGPT0021225","dcd",438.231483501884,0.279990998740284,0.0798336641298058,3.50717960640052,0.00045288336049493,0.0489114029334524,"k87_6832195_1","COG0717@1|root,COG0717@2|Bacteria,1MVDH@1224|Proteobacteria,2TR5U@28211|Alphaproteobacteria,3JRYW@41294|Bradyrhizobiaceae","2'-deoxycytidine 5'-triphosphate deaminase (DCD)","ko:K01494",96.5,86,3,0,1,258,1,86,3.1e-39,165.6,14,12,15,8,14,10,4,9,2,10,9,4,8,4,11,9,6,9,6,12,16,10,9,12
"PGPT0021225","dcd",438.231483501884,0.279990998740284,0.0798336641298058,3.50717960640052,0.00045288336049493,0.0489114029334524,"k87_653428_1","COG0717@1|root,COG0717@2|Bacteria,4NFRS@976|Bacteroidetes","Deoxycytidine triphosphate deaminase","ko:K01494",93.3,178,12,0,1,534,1,178,2.2e-95,353.2,11,12,8,6,4,6,4,4,3,18,10,0,6,14,12,12,4,16,13,0,6,6,11,6
"PGPT0021225","dcd",438.231483501884,0.279990998740284,0.0798336641298058,3.50717960640052,0.00045288336049493,0.0489114029334524,"k87_2632443_1","COG0717@1|root,COG0717@2|Bacteria,2GKQQ@201174|Actinobacteria,1W7RC@1268|Micrococcaceae","Belongs to the dCTP deaminase family","ko:K01494",92.6,54,4,0,1,162,138,191,1.6e-23,112.8,3,9,4,2,9,4,4,14,1,0,3,6,2,2,6,4,5,4,6,4,4,0,6,10
"PGPT0021225","dcd",438.231483501884,0.279990998740284,0.0798336641298058,3.50717960640052,0.00045288336049493,0.0489114029334524,"k87_3037159_2","COG0717@1|root,COG0717@2|Bacteria,2GKQQ@201174|Actinobacteria","Belongs to the dCTP deaminase family","ko:K01494",96.3,191,7,0,1,573,1,191,1.2e-104,384,32,35,32,23,48,43,29,35,24,37,29,43,27,11,29,34,47,38,57,42,46,31,52,54
"PGPT0021225","dcd",438.231483501884,0.279990998740284,0.0798336641298058,3.50717960640052,0.00045288336049493,0.0489114029334524,"k87_3519410_1","COG0717@1|root,COG0717@2|Bacteria,1MVDH@1224|Proteobacteria,2TR5U@28211|Alphaproteobacteria,3JRYW@41294|Bradyrhizobiaceae","2'-deoxycytidine 5'-triphosphate deaminase (DCD)","ko:K01494",90.3,196,19,0,1,588,167,362,5.2e-98,362.1,29,26,16,8,20,16,21,30,22,29,30,16,18,15,15,6,11,10,12,20,40,22,24,38
"PGPT0021225","dcd",438.231483501884,0.279990998740284,0.0798336641298058,3.50717960640052,0.00045288336049493,0.0489114029334524,"k87_4355321_1","COG0717@1|root,COG0717@2|Bacteria,2GKQQ@201174|Actinobacteria,4FKGB@85023|Microbacteriaceae","dCTP deaminase activity","ko:K01494",92.5,53,4,0,1,159,1,53,1.1e-21,106.7,6,5,10,6,10,4,5,10,2,6,3,5,4,8,4,6,8,4,4,6,11,2,6,8
"PGPT0021225","dcd",438.231483501884,0.279990998740284,0.0798336641298058,3.50717960640052,0.00045288336049493,0.0489114029334524,"k87_6271969_1","COG0717@1|root,COG0717@2|Bacteria,2GKQQ@201174|Actinobacteria,4FF90@85021|Intrasporangiaceae","Belongs to the dCTP deaminase family","ko:K01494",93.7,191,12,0,1,573,1,191,8.4e-101,371.3,42,35,41,34,59,42,33,73,30,33,56,34,35,40,44,33,31,52,37,48,40,43,35,51
"PGPT0021225","dcd",438.231483501884,0.279990998740284,0.0798336641298058,3.50717960640052,0.00045288336049493,0.0489114029334524,"k87_414824_1","COG0717@1|root,COG0717@2|Bacteria,1MVDH@1224|Proteobacteria,2TR5U@28211|Alphaproteobacteria,43HEH@69277|Phyllobacteriaceae","2-deoxycytidine 5-triphosphate deaminase","ko:K01494",99.1,228,2,0,1,684,137,364,8.7e-129,464.5,30,33,36,33,33,33,36,45,48,38,38,25,35,36,26,25,31,30,24,49,50,44,55,45
"PGPT0021225","dcd",438.231483501884,0.279990998740284,0.0798336641298058,3.50717960640052,0.00045288336049493,0.0489114029334524,"k87_1204431_1","COG0717@1|root,COG0717@2|Bacteria,2GKQQ@201174|Actinobacteria,4FKGB@85023|Microbacteriaceae","dCTP deaminase activity","ko:K01494",92.4,66,5,0,1,198,136,201,1.3e-29,133.3,6,13,7,8,15,22,18,11,24,10,16,9,17,6,9,2,8,17,17,26,18,13,8,11
"PGPT0021225","dcd",438.231483501884,0.279990998740284,0.0798336641298058,3.50717960640052,0.00045288336049493,0.0489114029334524,"k87_2781996_7","COG0717@1|root,COG0717@2|Bacteria,1MV2J@1224|Proteobacteria,2TSDM@28211|Alphaproteobacteria,2JZVF@204457|Sphingomonadales","Belongs to the dCTP deaminase family","ko:K01494",92.8,180,13,0,4,543,5,184,2.6e-99,366.3,39,29,43,39,52,6,30,28,37,21,28,45,24,25,20,20,23,32,12,41,36,28,26,25
"PGPT0021225","dcd",438.231483501884,0.279990998740284,0.0798336641298058,3.50717960640052,0.00045288336049493,0.0489114029334524,"k87_1879231_15","COG0717@1|root,COG0717@2|Bacteria,1MV2J@1224|Proteobacteria,1RMCD@1236|Gammaproteobacteria,1X34N@135614|Xanthomonadales","Catalyzes the formation of dUTP from dCTP in thymidylate biosynthesis","ko:K01494",100,189,0,0,1,567,1,189,4.8e-109,398.7,80,66,76,95,107,111,68,88,90,107,99,70,72,97,73,79,107,221,93,75,96,91,87,93
"PGPT0021225","dcd",438.231483501884,0.279990998740284,0.0798336641298058,3.50717960640052,0.00045288336049493,0.0489114029334524,"k87_3801220_1","COG0717@1|root,COG0717@2|Bacteria,1MV2J@1224|Proteobacteria,2VIJ0@28216|Betaproteobacteria,2KU9E@206389|Rhodocyclales","Belongs to the dCTP deaminase family","ko:K01494",90.5,137,13,0,4,414,52,188,1.1e-70,270.8,48,61,40,58,56,69,41,47,67,85,63,60,50,34,64,46,36,46,42,43,47,23,59,58
"PGPT0021225","dcd",438.231483501884,0.279990998740284,0.0798336641298058,3.50717960640052,0.00045288336049493,0.0489114029334524,"k87_5566406_1","COG0717@1|root,COG0717@2|Bacteria,1MVDH@1224|Proteobacteria,2TR5U@28211|Alphaproteobacteria,43HEH@69277|Phyllobacteriaceae","2-deoxycytidine 5-triphosphate deaminase","ko:K01494",95,300,15,0,1,900,1,300,4.9e-164,582,19,14,20,10,20,18,18,10,12,26,8,12,20,10,5,14,8,19,10,12,26,15,12,10
"PGPT0021225","dcd",438.231483501884,0.279990998740284,0.0798336641298058,3.50717960640052,0.00045288336049493,0.0489114029334524,"k87_654889_1","COG0717@1|root,COG0717@2|Bacteria,1MVDH@1224|Proteobacteria,2TR5U@28211|Alphaproteobacteria,3N6C9@45401|Hyphomicrobiaceae","2-deoxycytidine 5-triphosphate deaminase","ko:K01494",92.9,295,21,0,124,1008,1,295,1.5e-158,563.9,32,31,14,18,48,32,16,46,26,38,34,32,30,18,28,24,20,20,24,46,34,28,51,42
"PGPT0021345","nrdB|nrdF",531.098576459605,0.248088223342949,0.0656002138690066,3.78182034342667,0.000155685708822271,0.0271611682776086,"k87_343686_1","COG0208@1|root,COG0208@2|Bacteria,1MWUS@1224|Proteobacteria,2VI7U@28216|Betaproteobacteria,2KUGC@206389|Rhodocyclales","Provides the precursors necessary for DNA synthesis. Catalyzes the biosynthesis of deoxyribonucleotides from the corresponding ribonucleotides","ko:K00526",90,130,13,0,1,390,288,417,1.6e-66,256.9,26,22,15,25,26,26,22,23,28,43,27,28,36,33,30,35,18,10,29,28,27,30,29,20
"PGPT0021345","nrdB|nrdF",531.098576459605,0.248088223342949,0.0656002138690066,3.78182034342667,0.000155685708822271,0.0271611682776086,"k87_1566310_2","COG0208@1|root,COG0208@2|Bacteria,46SMW@74201|Verrucomicrobia,3K7VI@414999|Opitutae","Provides the precursors necessary for DNA synthesis. Catalyzes the biosynthesis of deoxyribonucleotides from the corresponding ribonucleotides","ko:K00526",91.1,361,32,0,1,1083,1,361,3.2e-194,682.6,59,39,30,41,46,32,30,57,65,58,66,69,44,50,53,68,38,37,46,29,38,28,33,34
"PGPT0021345","nrdB|nrdF",531.098576459605,0.248088223342949,0.0656002138690066,3.78182034342667,0.000155685708822271,0.0271611682776086,"k87_2559600_1","COG0208@1|root,COG0208@2|Bacteria,2GK46@201174|Actinobacteria,4FKI8@85023|Microbacteriaceae","Provides the precursors necessary for DNA synthesis. Catalyzes the biosynthesis of deoxyribonucleotides from the corresponding ribonucleotides","ko:K00526",98.9,93,1,0,1,279,1,93,2.8e-49,199.1,0,2,2,0,0,2,0,2,0,4,0,0,0,0,6,2,7,10,3,4,8,12,6,8
"PGPT0021345","nrdB|nrdF",531.098576459605,0.248088223342949,0.0656002138690066,3.78182034342667,0.000155685708822271,0.0271611682776086,"k87_2592116_2","COG0208@1|root,COG0208@2|Bacteria,1MWUS@1224|Proteobacteria,2TS3X@28211|Alphaproteobacteria,2K1H7@204457|Sphingomonadales","Provides the precursors necessary for DNA synthesis. Catalyzes the biosynthesis of deoxyribonucleotides from the corresponding ribonucleotides","ko:K00526",94.6,297,16,0,1,891,1,297,7.7e-170,601.3,168,152,116,103,222,111,102,126,110,118,98,94,93,124,110,112,63,93,73,176,116,140,116,102
"PGPT0021345","nrdB|nrdF",531.098576459605,0.248088223342949,0.0656002138690066,3.78182034342667,0.000155685708822271,0.0271611682776086,"k87_5652412_1","COG0208@1|root,COG0208@2|Bacteria,1MWUS@1224|Proteobacteria,2VI7U@28216|Betaproteobacteria,4AAQ5@80864|Comamonadaceae","Provides the precursors necessary for DNA synthesis. Catalyzes the biosynthesis of deoxyribonucleotides from the corresponding ribonucleotides","ko:K00526",99.4,160,1,0,1,480,233,392,4.3e-90,335.5,66,24,14,23,39,32,30,22,72,58,47,35,28,47,66,56,41,32,43,42,51,42,46,40
"PGPT0021345","nrdB|nrdF",531.098576459605,0.248088223342949,0.0656002138690066,3.78182034342667,0.000155685708822271,0.0271611682776086,"k87_726624_11","COG0208@1|root,COG0208@2|Bacteria,1MWUS@1224|Proteobacteria,1RMJC@1236|Gammaproteobacteria,1X3WQ@135614|Xanthomonadales","Provides the precursors necessary for DNA synthesis. Catalyzes the biosynthesis of deoxyribonucleotides from the corresponding ribonucleotides","ko:K00526",94.6,350,19,0,1,1050,1,350,1.2e-190,670.6,72,53,44,54,87,64,49,63,52,63,51,61,45,63,42,55,64,391,106,92,87,83,96,68
"PGPT0021345","nrdB|nrdF",531.098576459605,0.248088223342949,0.0656002138690066,3.78182034342667,0.000155685708822271,0.0271611682776086,"k87_2193089_2","COG0208@1|root,COG0208@2|Bacteria,1MWUS@1224|Proteobacteria,2TS3X@28211|Alphaproteobacteria","Provides the precursors necessary for DNA synthesis. Catalyzes the biosynthesis of deoxyribonucleotides from the corresponding ribonucleotides","ko:K00526",95.5,111,5,0,1,333,1,111,3.9e-58,228.8,8,12,6,4,6,6,2,14,3,6,14,11,7,11,4,6,9,19,8,4,10,7,14,18
"PGPT0021345","nrdB|nrdF",531.098576459605,0.248088223342949,0.0656002138690066,3.78182034342667,0.000155685708822271,0.0271611682776086,"k87_309024_1","COG0208@1|root,COG0208@2|Bacteria,46SMW@74201|Verrucomicrobia,2ITZI@203494|Verrucomicrobiae","Ribonucleotide reductase, small chain","-",92.3,362,28,0,1,1086,1,362,1.1e-197,694.1,54,30,36,26,38,40,50,44,92,53,107,64,62,28,77,61,41,28,56,60,40,54,40,60
"PGPT0021345","nrdB|nrdF",531.098576459605,0.248088223342949,0.0656002138690066,3.78182034342667,0.000155685708822271,0.0271611682776086,"k87_999621_1","COG0208@1|root,COG0208@2|Bacteria,1MWUS@1224|Proteobacteria,2TS3X@28211|Alphaproteobacteria,4BCW6@82115|Rhizobiaceae","Provides the precursors necessary for DNA synthesis. Catalyzes the biosynthesis of deoxyribonucleotides from the corresponding ribonucleotides","ko:K00526",91.2,307,27,0,1,921,1,307,3e-161,572.8,29,33,12,29,34,22,27,16,35,29,12,19,26,27,21,12,22,42,26,47,30,32,40,46
"PGPT0021345","nrdB|nrdF",531.098576459605,0.248088223342949,0.0656002138690066,3.78182034342667,0.000155685708822271,0.0271611682776086,"k87_533698_4","COG0208@1|root,COG0208@2|Bacteria,2GK46@201174|Actinobacteria,4FKI8@85023|Microbacteriaceae","Provides the precursors necessary for DNA synthesis. Catalyzes the biosynthesis of deoxyribonucleotides from the corresponding ribonucleotides","ko:K00526",94.5,272,13,1,64,879,58,327,4.2e-144,515.8,10,8,6,4,4,0,12,6,8,15,4,12,6,6,12,0,24,16,21,10,0,22,16,18
"PGPT0021345","nrdB|nrdF",531.098576459605,0.248088223342949,0.0656002138690066,3.78182034342667,0.000155685708822271,0.0271611682776086,"k87_6143051_1","COG0208@1|root,COG0208@2|Bacteria,2GK46@201174|Actinobacteria,4FUFS@85025|Nocardiaceae","Provides the precursors necessary for DNA synthesis. Catalyzes the biosynthesis of deoxyribonucleotides from the corresponding ribonucleotides","ko:K00526",100,40,0,0,1,120,300,339,6.7e-16,87,13,17,15,5,11,11,18,12,7,14,5,11,9,6,6,21,14,15,19,18,23,16,29,11
"PGPT0021345","nrdB|nrdF",531.098576459605,0.248088223342949,0.0656002138690066,3.78182034342667,0.000155685708822271,0.0271611682776086,"k87_5329393_1","COG0208@1|root,COG0208@2|Bacteria,2GK46@201174|Actinobacteria","Provides the precursors necessary for DNA synthesis. Catalyzes the biosynthesis of deoxyribonucleotides from the corresponding ribonucleotides","ko:K00526",97.4,76,2,0,1,228,1,76,6.4e-36,154.5,6,14,11,9,28,22,18,8,9,6,12,20,20,2,10,10,7,7,11,14,16,2,16,12
"PGPT0021345","nrdB|nrdF",531.098576459605,0.248088223342949,0.0656002138690066,3.78182034342667,0.000155685708822271,0.0271611682776086,"k87_2243362_2","COG0208@1|root,COG0208@2|Bacteria,1MWUS@1224|Proteobacteria,2VI7U@28216|Betaproteobacteria,1K06J@119060|Burkholderiaceae","Provides the precursors necessary for DNA synthesis. Catalyzes the biosynthesis of deoxyribonucleotides from the corresponding ribonucleotides","ko:K00526",91,233,20,1,49,744,48,280,6.1e-120,435.3,69,69,55,47,100,88,88,86,111,100,82,69,78,85,76,75,59,68,103,65,74,72,57,76
"PGPT0021345","nrdB|nrdF",531.098576459605,0.248088223342949,0.0656002138690066,3.78182034342667,0.000155685708822271,0.0271611682776086,"k87_1024100_1","COG0208@1|root,COG0208@2|Bacteria,2GK46@201174|Actinobacteria,4FKI8@85023|Microbacteriaceae","Provides the precursors necessary for DNA synthesis. Catalyzes the biosynthesis of deoxyribonucleotides from the corresponding ribonucleotides","ko:K00526",90.2,112,9,1,1,336,218,327,1.4e-50,203.8,0,0,0,2,8,0,0,0,0,0,0,0,2,0,0,0,4,6,2,2,0,5,0,2
"PGPT0021345","nrdB|nrdF",531.098576459605,0.248088223342949,0.0656002138690066,3.78182034342667,0.000155685708822271,0.0271611682776086,"k87_4748941_1","COG0208@1|root,COG0208@2|Bacteria,1MWUS@1224|Proteobacteria,2VI7U@28216|Betaproteobacteria,4AAQ5@80864|Comamonadaceae","Provides the precursors necessary for DNA synthesis. Catalyzes the biosynthesis of deoxyribonucleotides from the corresponding ribonucleotides","ko:K00526",94.4,126,6,1,1,378,1,125,2.7e-63,246.1,21,13,22,18,17,26,18,14,28,37,39,19,15,22,25,21,24,11,24,23,25,34,33,27
"PGPT0021345","nrdB|nrdF",531.098576459605,0.248088223342949,0.0656002138690066,3.78182034342667,0.000155685708822271,0.0271611682776086,"k87_4924892_3","COG0208@1|root,COG0208@2|Bacteria,1MWUS@1224|Proteobacteria,2VI7U@28216|Betaproteobacteria,2KUGC@206389|Rhodocyclales","Provides the precursors necessary for DNA synthesis. Catalyzes the biosynthesis of deoxyribonucleotides from the corresponding ribonucleotides","ko:K00526",91.1,146,13,0,1,438,272,417,3.5e-75,285.8,46,45,26,34,26,29,35,23,24,38,28,27,11,30,30,12,25,13,26,31,30,29,19,28
"PGPT0021345","nrdB|nrdF",531.098576459605,0.248088223342949,0.0656002138690066,3.78182034342667,0.000155685708822271,0.0271611682776086,"k87_4648696_1","COG0208@1|root,COG0208@2|Bacteria,2GK46@201174|Actinobacteria","Provides the precursors necessary for DNA synthesis. Catalyzes the biosynthesis of deoxyribonucleotides from the corresponding ribonucleotides","ko:K00526",94.7,95,5,0,1,285,1,95,1.9e-45,186.4,2,8,6,7,22,9,18,15,8,8,23,4,16,12,9,5,7,11,12,9,10,10,20,14
